detector_id,time_window,time_step,total_volume,avg_speed
792,2024-02-29 00:00:00,0,,
793,2024-02-29 00:00:00,0,,
794,2024-02-29 00:00:00,0,,
795,2024-02-29 00:00:00,0,,
796,2024-02-29 00:00:00,0,,
797,2024-02-29 00:00:00,0,,
798,2024-02-29 00:00:00,0,,
799,2024-02-29 00:00:00,0,,
800,2024-02-29 00:00:00,0,,
801,2024-02-29 00:00:00,0,,
802,2024-02-29 00:00:00,0,,
803,2024-02-29 00:00:00,0,,
804,2024-02-29 00:00:00,0,,
805,2024-02-29 00:00:00,0,,
806,2024-02-29 00:00:00,0,,
807,2024-02-29 00:00:00,0,,
808,2024-02-29 00:00:00,0,,
809,2024-02-29 00:00:00,0,,
810,2024-02-29 00:00:00,0,,
811,2024-02-29 00:00:00,0,,
812,2024-02-29 00:00:00,0,,
813,2024-02-29 00:00:00,0,,
814,2024-02-29 00:00:00,0,,
815,2024-02-29 00:00:00,0,,
816,2024-02-29 00:00:00,0,,
817,2024-02-29 00:00:00,0,,
818,2024-02-29 00:00:00,0,,
819,2024-02-29 00:00:00,0,,
820,2024-02-29 00:00:00,0,,
821,2024-02-29 00:00:00,0,,
822,2024-02-29 00:00:00,0,,
823,2024-02-29 00:00:00,0,,
824,2024-02-29 00:00:00,0,,
825,2024-02-29 00:00:00,0,,
826,2024-02-29 00:00:00,0,,
827,2024-02-29 00:00:00,0,,
828,2024-02-29 00:00:00,0,,
829,2024-02-29 00:00:00,0,,
830,2024-02-29 00:00:00,0,,
831,2024-02-29 00:00:00,0,,
832,2024-02-29 00:00:00,0,,
833,2024-02-29 00:00:00,0,,
834,2024-02-29 00:00:00,0,,
835,2024-02-29 00:00:00,0,,
836,2024-02-29 00:00:00,0,,
837,2024-02-29 00:00:00,0,,
838,2024-02-29 00:00:00,0,,
839,2024-02-29 00:00:00,0,,
840,2024-02-29 00:00:00,0,,
841,2024-02-29 00:00:00,0,,
842,2024-02-29 00:00:00,0,,
843,2024-02-29 00:00:00,0,,
844,2024-02-29 00:00:00,0,,
845,2024-02-29 00:00:00,0,,
846,2024-02-29 00:00:00,0,,
847,2024-02-29 00:00:00,0,,
848,2024-02-29 00:00:00,0,,
849,2024-02-29 00:00:00,0,,
850,2024-02-29 00:00:00,0,,
851,2024-02-29 00:00:00,0,,
852,2024-02-29 00:00:00,0,,
853,2024-02-29 00:00:00,0,,
854,2024-02-29 00:00:00,0,,
855,2024-02-29 00:00:00,0,,
856,2024-02-29 00:00:00,0,,
857,2024-02-29 00:00:00,0,,
858,2024-02-29 00:00:00,0,,
859,2024-02-29 00:00:00,0,,
860,2024-02-29 00:00:00,0,,
861,2024-02-29 00:00:00,0,,
862,2024-02-29 00:00:00,0,,
863,2024-02-29 00:00:00,0,,
864,2024-02-29 00:00:00,0,,
865,2024-02-29 00:00:00,0,,
866,2024-02-29 00:00:00,0,,
867,2024-02-29 00:00:00,0,,
868,2024-02-29 00:00:00,0,,
869,2024-02-29 00:00:00,0,,
870,2024-02-29 00:00:00,0,,
871,2024-02-29 00:00:00,0,,
872,2024-02-29 00:00:00,0,,
873,2024-02-29 00:00:00,0,,
874,2024-02-29 00:00:00,0,,
875,2024-02-29 00:00:00,0,,
876,2024-02-29 00:00:00,0,,
877,2024-02-29 00:00:00,0,,
878,2024-02-29 00:00:00,0,,
879,2024-02-29 00:00:00,0,,
880,2024-02-29 00:00:00,0,,
881,2024-02-29 00:00:00,0,,
882,2024-02-29 00:00:00,0,,
883,2024-02-29 00:00:00,0,,
884,2024-02-29 00:00:00,0,,
885,2024-02-29 00:00:00,0,,
886,2024-02-29 00:00:00,0,,
887,2024-02-29 00:00:00,0,,
888,2024-02-29 00:00:00,0,,
889,2024-02-29 00:00:00,0,,
890,2024-02-29 00:00:00,0,,
891,2024-02-29 00:00:00,0,,
892,2024-02-29 00:00:00,0,,
893,2024-02-29 00:00:00,0,,
894,2024-02-29 00:00:00,0,,
895,2024-02-29 00:00:00,0,,
896,2024-02-29 00:00:00,0,,
897,2024-02-29 00:00:00,0,,
898,2024-02-29 00:00:00,0,,
899,2024-02-29 00:00:00,0,,
900,2024-02-29 00:00:00,0,,
901,2024-02-29 00:00:00,0,,
902,2024-02-29 00:00:00,0,,
903,2024-02-29 00:00:00,0,,
904,2024-02-29 00:00:00,0,,
905,2024-02-29 00:00:00,0,,
906,2024-02-29 00:00:00,0,,
907,2024-02-29 00:00:00,0,,
908,2024-02-29 00:00:00,0,,
909,2024-02-29 00:00:00,0,,
910,2024-02-29 00:00:00,0,,
911,2024-02-29 00:00:00,0,,
912,2024-02-29 00:00:00,0,,
913,2024-02-29 00:00:00,0,,
914,2024-02-29 00:00:00,0,,
915,2024-02-29 00:00:00,0,,
916,2024-02-29 00:00:00,0,,
917,2024-02-29 00:00:00,0,,
918,2024-02-29 00:00:00,0,,
919,2024-02-29 00:00:00,0,,
920,2024-02-29 00:00:00,0,,
921,2024-02-29 00:00:00,0,,
922,2024-02-29 00:00:00,0,,
923,2024-02-29 00:00:00,0,,
924,2024-02-29 00:00:00,0,,
925,2024-02-29 00:00:00,0,,
926,2024-02-29 00:00:00,0,,
927,2024-02-29 00:00:00,0,,
928,2024-02-29 00:00:00,0,,
929,2024-02-29 00:00:00,0,,
930,2024-02-29 00:00:00,0,,
931,2024-02-29 00:00:00,0,,
932,2024-02-29 00:00:00,0,,
933,2024-02-29 00:00:00,0,,
934,2024-02-29 00:00:00,0,,
935,2024-02-29 00:00:00,0,,
936,2024-02-29 00:00:00,0,,
937,2024-02-29 00:00:00,0,,
938,2024-02-29 00:00:00,0,,
939,2024-02-29 00:00:00,0,,
940,2024-02-29 00:00:00,0,,
941,2024-02-29 00:00:00,0,,
942,2024-02-29 00:00:00,0,,
943,2024-02-29 00:00:00,0,,
944,2024-02-29 00:00:00,0,,
945,2024-02-29 00:00:00,0,,
946,2024-02-29 00:00:00,0,,
947,2024-02-29 00:00:00,0,,
948,2024-02-29 00:00:00,0,,
949,2024-02-29 00:00:00,0,,
950,2024-02-29 00:00:00,0,,
951,2024-02-29 00:00:00,0,,
952,2024-02-29 00:00:00,0,,
953,2024-02-29 00:00:00,0,,
954,2024-02-29 00:00:00,0,,
955,2024-02-29 00:00:00,0,,
956,2024-02-29 00:00:00,0,,
957,2024-02-29 00:00:00,0,,
958,2024-02-29 00:00:00,0,,
959,2024-02-29 00:00:00,0,,
960,2024-02-29 00:00:00,0,,
961,2024-02-29 00:00:00,0,,
962,2024-02-29 00:00:00,0,,
963,2024-02-29 00:00:00,0,,
964,2024-02-29 00:00:00,0,,
965,2024-02-29 00:00:00,0,,
966,2024-02-29 00:00:00,0,,
967,2024-02-29 00:00:00,0,,
968,2024-02-29 00:00:00,0,,
969,2024-02-29 00:00:00,0,,
970,2024-02-29 00:00:00,0,,
971,2024-02-29 00:00:00,0,,
972,2024-02-29 00:00:00,0,,
973,2024-02-29 00:00:00,0,,
974,2024-02-29 00:00:00,0,,
975,2024-02-29 00:00:00,0,,
976,2024-02-29 00:00:00,0,,
977,2024-02-29 00:00:00,0,,
978,2024-02-29 00:00:00,0,,
979,2024-02-29 00:00:00,0,,
980,2024-02-29 00:00:00,0,,
981,2024-02-29 00:00:00,0,,
982,2024-02-29 00:00:00,0,,
983,2024-02-29 00:00:00,0,,
984,2024-02-29 00:00:00,0,,
985,2024-02-29 00:00:00,0,,
986,2024-02-29 00:00:00,0,,
987,2024-02-29 00:00:00,0,,
988,2024-02-29 00:00:00,0,,
989,2024-02-29 00:00:00,0,,
990,2024-02-29 00:00:00,0,,
991,2024-02-29 00:00:00,0,,
992,2024-02-29 00:00:00,0,,
993,2024-02-29 00:00:00,0,,
994,2024-02-29 00:00:00,0,,
995,2024-02-29 00:00:00,0,,
996,2024-02-29 00:00:00,0,,
997,2024-02-29 00:00:00,0,,
998,2024-02-29 00:00:00,0,,
999,2024-02-29 00:00:00,0,,
1000,2024-02-29 00:00:00,0,,
1001,2024-02-29 00:00:00,0,,
1002,2024-02-29 00:00:00,0,,
1003,2024-02-29 00:00:00,0,,
1004,2024-02-29 00:00:00,0,,
1005,2024-02-29 00:00:00,0,,
1006,2024-02-29 00:00:00,0,,
792,2024-02-29 00:10:00,1,,
793,2024-02-29 00:10:00,1,,
794,2024-02-29 00:10:00,1,,
795,2024-02-29 00:10:00,1,,
796,2024-02-29 00:10:00,1,,
797,2024-02-29 00:10:00,1,,
798,2024-02-29 00:10:00,1,,
799,2024-02-29 00:10:00,1,,
800,2024-02-29 00:10:00,1,,
801,2024-02-29 00:10:00,1,,
802,2024-02-29 00:10:00,1,,
803,2024-02-29 00:10:00,1,,
804,2024-02-29 00:10:00,1,,
805,2024-02-29 00:10:00,1,,
806,2024-02-29 00:10:00,1,,
807,2024-02-29 00:10:00,1,,
808,2024-02-29 00:10:00,1,,
809,2024-02-29 00:10:00,1,,
810,2024-02-29 00:10:00,1,,
811,2024-02-29 00:10:00,1,,
812,2024-02-29 00:10:00,1,,
813,2024-02-29 00:10:00,1,,
814,2024-02-29 00:10:00,1,,
815,2024-02-29 00:10:00,1,,
816,2024-02-29 00:10:00,1,,
817,2024-02-29 00:10:00,1,,
818,2024-02-29 00:10:00,1,,
819,2024-02-29 00:10:00,1,,
820,2024-02-29 00:10:00,1,,
821,2024-02-29 00:10:00,1,,
822,2024-02-29 00:10:00,1,,
823,2024-02-29 00:10:00,1,,
824,2024-02-29 00:10:00,1,,
825,2024-02-29 00:10:00,1,,
826,2024-02-29 00:10:00,1,,
827,2024-02-29 00:10:00,1,,
828,2024-02-29 00:10:00,1,,
829,2024-02-29 00:10:00,1,,
830,2024-02-29 00:10:00,1,,
831,2024-02-29 00:10:00,1,,
832,2024-02-29 00:10:00,1,,
833,2024-02-29 00:10:00,1,,
834,2024-02-29 00:10:00,1,,
835,2024-02-29 00:10:00,1,,
836,2024-02-29 00:10:00,1,,
837,2024-02-29 00:10:00,1,,
838,2024-02-29 00:10:00,1,,
839,2024-02-29 00:10:00,1,,
840,2024-02-29 00:10:00,1,,
841,2024-02-29 00:10:00,1,,
842,2024-02-29 00:10:00,1,,
843,2024-02-29 00:10:00,1,,
844,2024-02-29 00:10:00,1,,
845,2024-02-29 00:10:00,1,,
846,2024-02-29 00:10:00,1,,
847,2024-02-29 00:10:00,1,,
848,2024-02-29 00:10:00,1,,
849,2024-02-29 00:10:00,1,,
850,2024-02-29 00:10:00,1,,
851,2024-02-29 00:10:00,1,,
852,2024-02-29 00:10:00,1,,
853,2024-02-29 00:10:00,1,,
854,2024-02-29 00:10:00,1,,
855,2024-02-29 00:10:00,1,,
856,2024-02-29 00:10:00,1,,
857,2024-02-29 00:10:00,1,,
858,2024-02-29 00:10:00,1,,
859,2024-02-29 00:10:00,1,,
860,2024-02-29 00:10:00,1,,
861,2024-02-29 00:10:00,1,,
862,2024-02-29 00:10:00,1,,
863,2024-02-29 00:10:00,1,,
864,2024-02-29 00:10:00,1,,
865,2024-02-29 00:10:00,1,,
866,2024-02-29 00:10:00,1,,
867,2024-02-29 00:10:00,1,,
868,2024-02-29 00:10:00,1,,
869,2024-02-29 00:10:00,1,,
870,2024-02-29 00:10:00,1,,
871,2024-02-29 00:10:00,1,,
872,2024-02-29 00:10:00,1,,
873,2024-02-29 00:10:00,1,,
874,2024-02-29 00:10:00,1,,
875,2024-02-29 00:10:00,1,,
876,2024-02-29 00:10:00,1,,
877,2024-02-29 00:10:00,1,,
878,2024-02-29 00:10:00,1,,
879,2024-02-29 00:10:00,1,,
880,2024-02-29 00:10:00,1,,
881,2024-02-29 00:10:00,1,,
882,2024-02-29 00:10:00,1,,
883,2024-02-29 00:10:00,1,,
884,2024-02-29 00:10:00,1,,
885,2024-02-29 00:10:00,1,,
886,2024-02-29 00:10:00,1,,
887,2024-02-29 00:10:00,1,,
888,2024-02-29 00:10:00,1,,
889,2024-02-29 00:10:00,1,,
890,2024-02-29 00:10:00,1,,
891,2024-02-29 00:10:00,1,,
892,2024-02-29 00:10:00,1,,
893,2024-02-29 00:10:00,1,,
894,2024-02-29 00:10:00,1,,
895,2024-02-29 00:10:00,1,,
896,2024-02-29 00:10:00,1,,
897,2024-02-29 00:10:00,1,,
898,2024-02-29 00:10:00,1,,
899,2024-02-29 00:10:00,1,,
900,2024-02-29 00:10:00,1,,
901,2024-02-29 00:10:00,1,,
902,2024-02-29 00:10:00,1,,
903,2024-02-29 00:10:00,1,,
904,2024-02-29 00:10:00,1,,
905,2024-02-29 00:10:00,1,,
906,2024-02-29 00:10:00,1,,
907,2024-02-29 00:10:00,1,,
908,2024-02-29 00:10:00,1,,
909,2024-02-29 00:10:00,1,,
910,2024-02-29 00:10:00,1,,
911,2024-02-29 00:10:00,1,,
912,2024-02-29 00:10:00,1,,
913,2024-02-29 00:10:00,1,,
914,2024-02-29 00:10:00,1,,
915,2024-02-29 00:10:00,1,,
916,2024-02-29 00:10:00,1,,
917,2024-02-29 00:10:00,1,,
918,2024-02-29 00:10:00,1,,
919,2024-02-29 00:10:00,1,,
920,2024-02-29 00:10:00,1,,
921,2024-02-29 00:10:00,1,,
922,2024-02-29 00:10:00,1,,
923,2024-02-29 00:10:00,1,,
924,2024-02-29 00:10:00,1,,
925,2024-02-29 00:10:00,1,,
926,2024-02-29 00:10:00,1,,
927,2024-02-29 00:10:00,1,,
928,2024-02-29 00:10:00,1,,
929,2024-02-29 00:10:00,1,,
930,2024-02-29 00:10:00,1,,
931,2024-02-29 00:10:00,1,,
932,2024-02-29 00:10:00,1,,
933,2024-02-29 00:10:00,1,,
934,2024-02-29 00:10:00,1,,
935,2024-02-29 00:10:00,1,,
936,2024-02-29 00:10:00,1,,
937,2024-02-29 00:10:00,1,,
938,2024-02-29 00:10:00,1,,
939,2024-02-29 00:10:00,1,,
940,2024-02-29 00:10:00,1,,
941,2024-02-29 00:10:00,1,,
942,2024-02-29 00:10:00,1,,
943,2024-02-29 00:10:00,1,,
944,2024-02-29 00:10:00,1,,
945,2024-02-29 00:10:00,1,,
946,2024-02-29 00:10:00,1,,
947,2024-02-29 00:10:00,1,,
948,2024-02-29 00:10:00,1,,
949,2024-02-29 00:10:00,1,,
950,2024-02-29 00:10:00,1,,
951,2024-02-29 00:10:00,1,,
952,2024-02-29 00:10:00,1,,
953,2024-02-29 00:10:00,1,,
954,2024-02-29 00:10:00,1,,
955,2024-02-29 00:10:00,1,,
956,2024-02-29 00:10:00,1,,
957,2024-02-29 00:10:00,1,,
958,2024-02-29 00:10:00,1,,
959,2024-02-29 00:10:00,1,,
960,2024-02-29 00:10:00,1,,
961,2024-02-29 00:10:00,1,,
962,2024-02-29 00:10:00,1,,
963,2024-02-29 00:10:00,1,,
964,2024-02-29 00:10:00,1,,
965,2024-02-29 00:10:00,1,,
966,2024-02-29 00:10:00,1,,
967,2024-02-29 00:10:00,1,,
968,2024-02-29 00:10:00,1,,
969,2024-02-29 00:10:00,1,,
970,2024-02-29 00:10:00,1,,
971,2024-02-29 00:10:00,1,,
972,2024-02-29 00:10:00,1,,
973,2024-02-29 00:10:00,1,,
974,2024-02-29 00:10:00,1,,
975,2024-02-29 00:10:00,1,,
976,2024-02-29 00:10:00,1,,
977,2024-02-29 00:10:00,1,,
978,2024-02-29 00:10:00,1,,
979,2024-02-29 00:10:00,1,,
980,2024-02-29 00:10:00,1,,
981,2024-02-29 00:10:00,1,,
982,2024-02-29 00:10:00,1,,
983,2024-02-29 00:10:00,1,,
984,2024-02-29 00:10:00,1,,
985,2024-02-29 00:10:00,1,,
986,2024-02-29 00:10:00,1,,
987,2024-02-29 00:10:00,1,,
988,2024-02-29 00:10:00,1,,
989,2024-02-29 00:10:00,1,,
990,2024-02-29 00:10:00,1,,
991,2024-02-29 00:10:00,1,,
992,2024-02-29 00:10:00,1,,
993,2024-02-29 00:10:00,1,,
994,2024-02-29 00:10:00,1,,
995,2024-02-29 00:10:00,1,,
996,2024-02-29 00:10:00,1,,
997,2024-02-29 00:10:00,1,,
998,2024-02-29 00:10:00,1,,
999,2024-02-29 00:10:00,1,,
1000,2024-02-29 00:10:00,1,,
1001,2024-02-29 00:10:00,1,,
1002,2024-02-29 00:10:00,1,,
1003,2024-02-29 00:10:00,1,,
1004,2024-02-29 00:10:00,1,,
1005,2024-02-29 00:10:00,1,,
1006,2024-02-29 00:10:00,1,,
792,2024-02-29 00:20:00,2,,
793,2024-02-29 00:20:00,2,,
794,2024-02-29 00:20:00,2,,
795,2024-02-29 00:20:00,2,,
796,2024-02-29 00:20:00,2,,
797,2024-02-29 00:20:00,2,,
798,2024-02-29 00:20:00,2,,
799,2024-02-29 00:20:00,2,,
800,2024-02-29 00:20:00,2,,
801,2024-02-29 00:20:00,2,,
802,2024-02-29 00:20:00,2,,
803,2024-02-29 00:20:00,2,,
804,2024-02-29 00:20:00,2,,
805,2024-02-29 00:20:00,2,,
806,2024-02-29 00:20:00,2,,
807,2024-02-29 00:20:00,2,,
808,2024-02-29 00:20:00,2,,
809,2024-02-29 00:20:00,2,,
810,2024-02-29 00:20:00,2,,
811,2024-02-29 00:20:00,2,,
812,2024-02-29 00:20:00,2,,
813,2024-02-29 00:20:00,2,,
814,2024-02-29 00:20:00,2,,
815,2024-02-29 00:20:00,2,,
816,2024-02-29 00:20:00,2,,
817,2024-02-29 00:20:00,2,,
818,2024-02-29 00:20:00,2,,
819,2024-02-29 00:20:00,2,,
820,2024-02-29 00:20:00,2,,
821,2024-02-29 00:20:00,2,,
822,2024-02-29 00:20:00,2,,
823,2024-02-29 00:20:00,2,,
824,2024-02-29 00:20:00,2,,
825,2024-02-29 00:20:00,2,,
826,2024-02-29 00:20:00,2,,
827,2024-02-29 00:20:00,2,,
828,2024-02-29 00:20:00,2,,
829,2024-02-29 00:20:00,2,,
830,2024-02-29 00:20:00,2,,
831,2024-02-29 00:20:00,2,,
832,2024-02-29 00:20:00,2,,
833,2024-02-29 00:20:00,2,,
834,2024-02-29 00:20:00,2,,
835,2024-02-29 00:20:00,2,,
836,2024-02-29 00:20:00,2,,
837,2024-02-29 00:20:00,2,,
838,2024-02-29 00:20:00,2,,
839,2024-02-29 00:20:00,2,,
840,2024-02-29 00:20:00,2,,
841,2024-02-29 00:20:00,2,,
842,2024-02-29 00:20:00,2,,
843,2024-02-29 00:20:00,2,,
844,2024-02-29 00:20:00,2,,
845,2024-02-29 00:20:00,2,,
846,2024-02-29 00:20:00,2,,
847,2024-02-29 00:20:00,2,,
848,2024-02-29 00:20:00,2,,
849,2024-02-29 00:20:00,2,,
850,2024-02-29 00:20:00,2,,
851,2024-02-29 00:20:00,2,,
852,2024-02-29 00:20:00,2,,
853,2024-02-29 00:20:00,2,,
854,2024-02-29 00:20:00,2,,
855,2024-02-29 00:20:00,2,,
856,2024-02-29 00:20:00,2,,
857,2024-02-29 00:20:00,2,,
858,2024-02-29 00:20:00,2,,
859,2024-02-29 00:20:00,2,,
860,2024-02-29 00:20:00,2,,
861,2024-02-29 00:20:00,2,,
862,2024-02-29 00:20:00,2,,
863,2024-02-29 00:20:00,2,,
864,2024-02-29 00:20:00,2,,
865,2024-02-29 00:20:00,2,,
866,2024-02-29 00:20:00,2,,
867,2024-02-29 00:20:00,2,,
868,2024-02-29 00:20:00,2,,
869,2024-02-29 00:20:00,2,,
870,2024-02-29 00:20:00,2,,
871,2024-02-29 00:20:00,2,,
872,2024-02-29 00:20:00,2,,
873,2024-02-29 00:20:00,2,,
874,2024-02-29 00:20:00,2,,
875,2024-02-29 00:20:00,2,,
876,2024-02-29 00:20:00,2,,
877,2024-02-29 00:20:00,2,,
878,2024-02-29 00:20:00,2,,
879,2024-02-29 00:20:00,2,,
880,2024-02-29 00:20:00,2,,
881,2024-02-29 00:20:00,2,,
882,2024-02-29 00:20:00,2,,
883,2024-02-29 00:20:00,2,,
884,2024-02-29 00:20:00,2,,
885,2024-02-29 00:20:00,2,,
886,2024-02-29 00:20:00,2,,
887,2024-02-29 00:20:00,2,,
888,2024-02-29 00:20:00,2,,
889,2024-02-29 00:20:00,2,,
890,2024-02-29 00:20:00,2,,
891,2024-02-29 00:20:00,2,,
892,2024-02-29 00:20:00,2,,
893,2024-02-29 00:20:00,2,,
894,2024-02-29 00:20:00,2,,
895,2024-02-29 00:20:00,2,,
896,2024-02-29 00:20:00,2,,
897,2024-02-29 00:20:00,2,,
898,2024-02-29 00:20:00,2,,
899,2024-02-29 00:20:00,2,,
900,2024-02-29 00:20:00,2,,
901,2024-02-29 00:20:00,2,,
902,2024-02-29 00:20:00,2,,
903,2024-02-29 00:20:00,2,,
904,2024-02-29 00:20:00,2,,
905,2024-02-29 00:20:00,2,,
906,2024-02-29 00:20:00,2,,
907,2024-02-29 00:20:00,2,,
908,2024-02-29 00:20:00,2,,
909,2024-02-29 00:20:00,2,,
910,2024-02-29 00:20:00,2,,
911,2024-02-29 00:20:00,2,,
912,2024-02-29 00:20:00,2,,
913,2024-02-29 00:20:00,2,,
914,2024-02-29 00:20:00,2,,
915,2024-02-29 00:20:00,2,,
916,2024-02-29 00:20:00,2,,
917,2024-02-29 00:20:00,2,,
918,2024-02-29 00:20:00,2,,
919,2024-02-29 00:20:00,2,,
920,2024-02-29 00:20:00,2,,
921,2024-02-29 00:20:00,2,,
922,2024-02-29 00:20:00,2,,
923,2024-02-29 00:20:00,2,,
924,2024-02-29 00:20:00,2,,
925,2024-02-29 00:20:00,2,,
926,2024-02-29 00:20:00,2,,
927,2024-02-29 00:20:00,2,,
928,2024-02-29 00:20:00,2,,
929,2024-02-29 00:20:00,2,,
930,2024-02-29 00:20:00,2,,
931,2024-02-29 00:20:00,2,,
932,2024-02-29 00:20:00,2,,
933,2024-02-29 00:20:00,2,,
934,2024-02-29 00:20:00,2,,
935,2024-02-29 00:20:00,2,,
936,2024-02-29 00:20:00,2,,
937,2024-02-29 00:20:00,2,,
938,2024-02-29 00:20:00,2,,
939,2024-02-29 00:20:00,2,,
940,2024-02-29 00:20:00,2,,
941,2024-02-29 00:20:00,2,,
942,2024-02-29 00:20:00,2,,
943,2024-02-29 00:20:00,2,,
944,2024-02-29 00:20:00,2,,
945,2024-02-29 00:20:00,2,,
946,2024-02-29 00:20:00,2,,
947,2024-02-29 00:20:00,2,,
948,2024-02-29 00:20:00,2,,
949,2024-02-29 00:20:00,2,,
950,2024-02-29 00:20:00,2,,
951,2024-02-29 00:20:00,2,,
952,2024-02-29 00:20:00,2,,
953,2024-02-29 00:20:00,2,,
954,2024-02-29 00:20:00,2,,
955,2024-02-29 00:20:00,2,,
956,2024-02-29 00:20:00,2,,
957,2024-02-29 00:20:00,2,,
958,2024-02-29 00:20:00,2,,
959,2024-02-29 00:20:00,2,,
960,2024-02-29 00:20:00,2,,
961,2024-02-29 00:20:00,2,,
962,2024-02-29 00:20:00,2,,
963,2024-02-29 00:20:00,2,,
964,2024-02-29 00:20:00,2,,
965,2024-02-29 00:20:00,2,,
966,2024-02-29 00:20:00,2,,
967,2024-02-29 00:20:00,2,,
968,2024-02-29 00:20:00,2,,
969,2024-02-29 00:20:00,2,,
970,2024-02-29 00:20:00,2,,
971,2024-02-29 00:20:00,2,,
972,2024-02-29 00:20:00,2,,
973,2024-02-29 00:20:00,2,,
974,2024-02-29 00:20:00,2,,
975,2024-02-29 00:20:00,2,,
976,2024-02-29 00:20:00,2,,
977,2024-02-29 00:20:00,2,,
978,2024-02-29 00:20:00,2,,
979,2024-02-29 00:20:00,2,,
980,2024-02-29 00:20:00,2,,
981,2024-02-29 00:20:00,2,,
982,2024-02-29 00:20:00,2,,
983,2024-02-29 00:20:00,2,,
984,2024-02-29 00:20:00,2,,
985,2024-02-29 00:20:00,2,,
986,2024-02-29 00:20:00,2,,
987,2024-02-29 00:20:00,2,,
988,2024-02-29 00:20:00,2,,
989,2024-02-29 00:20:00,2,,
990,2024-02-29 00:20:00,2,,
991,2024-02-29 00:20:00,2,,
992,2024-02-29 00:20:00,2,,
993,2024-02-29 00:20:00,2,,
994,2024-02-29 00:20:00,2,,
995,2024-02-29 00:20:00,2,,
996,2024-02-29 00:20:00,2,,
997,2024-02-29 00:20:00,2,,
998,2024-02-29 00:20:00,2,,
999,2024-02-29 00:20:00,2,,
1000,2024-02-29 00:20:00,2,,
1001,2024-02-29 00:20:00,2,,
1002,2024-02-29 00:20:00,2,,
1003,2024-02-29 00:20:00,2,,
1004,2024-02-29 00:20:00,2,,
1005,2024-02-29 00:20:00,2,,
1006,2024-02-29 00:20:00,2,,
792,2024-02-29 00:30:00,3,,
793,2024-02-29 00:30:00,3,,
794,2024-02-29 00:30:00,3,,
795,2024-02-29 00:30:00,3,,
796,2024-02-29 00:30:00,3,,
797,2024-02-29 00:30:00,3,,
798,2024-02-29 00:30:00,3,,
799,2024-02-29 00:30:00,3,,
800,2024-02-29 00:30:00,3,,
801,2024-02-29 00:30:00,3,,
802,2024-02-29 00:30:00,3,,
803,2024-02-29 00:30:00,3,,
804,2024-02-29 00:30:00,3,,
805,2024-02-29 00:30:00,3,,
806,2024-02-29 00:30:00,3,,
807,2024-02-29 00:30:00,3,,
808,2024-02-29 00:30:00,3,,
809,2024-02-29 00:30:00,3,,
810,2024-02-29 00:30:00,3,,
811,2024-02-29 00:30:00,3,,
812,2024-02-29 00:30:00,3,,
813,2024-02-29 00:30:00,3,,
814,2024-02-29 00:30:00,3,,
815,2024-02-29 00:30:00,3,,
816,2024-02-29 00:30:00,3,,
817,2024-02-29 00:30:00,3,,
818,2024-02-29 00:30:00,3,,
819,2024-02-29 00:30:00,3,,
820,2024-02-29 00:30:00,3,,
821,2024-02-29 00:30:00,3,,
822,2024-02-29 00:30:00,3,,
823,2024-02-29 00:30:00,3,,
824,2024-02-29 00:30:00,3,,
825,2024-02-29 00:30:00,3,,
826,2024-02-29 00:30:00,3,,
827,2024-02-29 00:30:00,3,,
828,2024-02-29 00:30:00,3,,
829,2024-02-29 00:30:00,3,,
830,2024-02-29 00:30:00,3,,
831,2024-02-29 00:30:00,3,,
832,2024-02-29 00:30:00,3,,
833,2024-02-29 00:30:00,3,,
834,2024-02-29 00:30:00,3,,
835,2024-02-29 00:30:00,3,,
836,2024-02-29 00:30:00,3,,
837,2024-02-29 00:30:00,3,,
838,2024-02-29 00:30:00,3,,
839,2024-02-29 00:30:00,3,,
840,2024-02-29 00:30:00,3,,
841,2024-02-29 00:30:00,3,,
842,2024-02-29 00:30:00,3,,
843,2024-02-29 00:30:00,3,,
844,2024-02-29 00:30:00,3,,
845,2024-02-29 00:30:00,3,,
846,2024-02-29 00:30:00,3,,
847,2024-02-29 00:30:00,3,,
848,2024-02-29 00:30:00,3,,
849,2024-02-29 00:30:00,3,,
850,2024-02-29 00:30:00,3,,
851,2024-02-29 00:30:00,3,,
852,2024-02-29 00:30:00,3,,
853,2024-02-29 00:30:00,3,,
854,2024-02-29 00:30:00,3,,
855,2024-02-29 00:30:00,3,,
856,2024-02-29 00:30:00,3,,
857,2024-02-29 00:30:00,3,,
858,2024-02-29 00:30:00,3,,
859,2024-02-29 00:30:00,3,,
860,2024-02-29 00:30:00,3,,
861,2024-02-29 00:30:00,3,,
862,2024-02-29 00:30:00,3,,
863,2024-02-29 00:30:00,3,,
864,2024-02-29 00:30:00,3,,
865,2024-02-29 00:30:00,3,,
866,2024-02-29 00:30:00,3,,
867,2024-02-29 00:30:00,3,,
868,2024-02-29 00:30:00,3,,
869,2024-02-29 00:30:00,3,,
870,2024-02-29 00:30:00,3,,
871,2024-02-29 00:30:00,3,,
872,2024-02-29 00:30:00,3,,
873,2024-02-29 00:30:00,3,,
874,2024-02-29 00:30:00,3,,
875,2024-02-29 00:30:00,3,,
876,2024-02-29 00:30:00,3,,
877,2024-02-29 00:30:00,3,,
878,2024-02-29 00:30:00,3,,
879,2024-02-29 00:30:00,3,,
880,2024-02-29 00:30:00,3,,
881,2024-02-29 00:30:00,3,,
882,2024-02-29 00:30:00,3,,
883,2024-02-29 00:30:00,3,,
884,2024-02-29 00:30:00,3,,
885,2024-02-29 00:30:00,3,,
886,2024-02-29 00:30:00,3,,
887,2024-02-29 00:30:00,3,,
888,2024-02-29 00:30:00,3,,
889,2024-02-29 00:30:00,3,,
890,2024-02-29 00:30:00,3,,
891,2024-02-29 00:30:00,3,,
892,2024-02-29 00:30:00,3,,
893,2024-02-29 00:30:00,3,,
894,2024-02-29 00:30:00,3,,
895,2024-02-29 00:30:00,3,,
896,2024-02-29 00:30:00,3,,
897,2024-02-29 00:30:00,3,,
898,2024-02-29 00:30:00,3,,
899,2024-02-29 00:30:00,3,,
900,2024-02-29 00:30:00,3,,
901,2024-02-29 00:30:00,3,,
902,2024-02-29 00:30:00,3,,
903,2024-02-29 00:30:00,3,,
904,2024-02-29 00:30:00,3,,
905,2024-02-29 00:30:00,3,,
906,2024-02-29 00:30:00,3,,
907,2024-02-29 00:30:00,3,,
908,2024-02-29 00:30:00,3,,
909,2024-02-29 00:30:00,3,,
910,2024-02-29 00:30:00,3,,
911,2024-02-29 00:30:00,3,,
912,2024-02-29 00:30:00,3,,
913,2024-02-29 00:30:00,3,,
914,2024-02-29 00:30:00,3,,
915,2024-02-29 00:30:00,3,,
916,2024-02-29 00:30:00,3,,
917,2024-02-29 00:30:00,3,,
918,2024-02-29 00:30:00,3,,
919,2024-02-29 00:30:00,3,,
920,2024-02-29 00:30:00,3,,
921,2024-02-29 00:30:00,3,,
922,2024-02-29 00:30:00,3,,
923,2024-02-29 00:30:00,3,,
924,2024-02-29 00:30:00,3,,
925,2024-02-29 00:30:00,3,,
926,2024-02-29 00:30:00,3,,
927,2024-02-29 00:30:00,3,,
928,2024-02-29 00:30:00,3,,
929,2024-02-29 00:30:00,3,,
930,2024-02-29 00:30:00,3,,
931,2024-02-29 00:30:00,3,,
932,2024-02-29 00:30:00,3,,
933,2024-02-29 00:30:00,3,,
934,2024-02-29 00:30:00,3,,
935,2024-02-29 00:30:00,3,,
936,2024-02-29 00:30:00,3,,
937,2024-02-29 00:30:00,3,,
938,2024-02-29 00:30:00,3,,
939,2024-02-29 00:30:00,3,,
940,2024-02-29 00:30:00,3,,
941,2024-02-29 00:30:00,3,,
942,2024-02-29 00:30:00,3,,
943,2024-02-29 00:30:00,3,,
944,2024-02-29 00:30:00,3,,
945,2024-02-29 00:30:00,3,,
946,2024-02-29 00:30:00,3,,
947,2024-02-29 00:30:00,3,,
948,2024-02-29 00:30:00,3,,
949,2024-02-29 00:30:00,3,,
950,2024-02-29 00:30:00,3,,
951,2024-02-29 00:30:00,3,,
952,2024-02-29 00:30:00,3,,
953,2024-02-29 00:30:00,3,,
954,2024-02-29 00:30:00,3,,
955,2024-02-29 00:30:00,3,,
956,2024-02-29 00:30:00,3,,
957,2024-02-29 00:30:00,3,,
958,2024-02-29 00:30:00,3,,
959,2024-02-29 00:30:00,3,,
960,2024-02-29 00:30:00,3,,
961,2024-02-29 00:30:00,3,,
962,2024-02-29 00:30:00,3,,
963,2024-02-29 00:30:00,3,,
964,2024-02-29 00:30:00,3,,
965,2024-02-29 00:30:00,3,,
966,2024-02-29 00:30:00,3,,
967,2024-02-29 00:30:00,3,,
968,2024-02-29 00:30:00,3,,
969,2024-02-29 00:30:00,3,,
970,2024-02-29 00:30:00,3,,
971,2024-02-29 00:30:00,3,,
972,2024-02-29 00:30:00,3,,
973,2024-02-29 00:30:00,3,,
974,2024-02-29 00:30:00,3,,
975,2024-02-29 00:30:00,3,,
976,2024-02-29 00:30:00,3,,
977,2024-02-29 00:30:00,3,,
978,2024-02-29 00:30:00,3,,
979,2024-02-29 00:30:00,3,,
980,2024-02-29 00:30:00,3,,
981,2024-02-29 00:30:00,3,,
982,2024-02-29 00:30:00,3,,
983,2024-02-29 00:30:00,3,,
984,2024-02-29 00:30:00,3,,
985,2024-02-29 00:30:00,3,,
986,2024-02-29 00:30:00,3,,
987,2024-02-29 00:30:00,3,,
988,2024-02-29 00:30:00,3,,
989,2024-02-29 00:30:00,3,,
990,2024-02-29 00:30:00,3,,
991,2024-02-29 00:30:00,3,,
992,2024-02-29 00:30:00,3,,
993,2024-02-29 00:30:00,3,,
994,2024-02-29 00:30:00,3,,
995,2024-02-29 00:30:00,3,,
996,2024-02-29 00:30:00,3,,
997,2024-02-29 00:30:00,3,,
998,2024-02-29 00:30:00,3,,
999,2024-02-29 00:30:00,3,,
1000,2024-02-29 00:30:00,3,,
1001,2024-02-29 00:30:00,3,,
1002,2024-02-29 00:30:00,3,,
1003,2024-02-29 00:30:00,3,,
1004,2024-02-29 00:30:00,3,,
1005,2024-02-29 00:30:00,3,,
1006,2024-02-29 00:30:00,3,,
792,2024-02-29 00:40:00,4,,
793,2024-02-29 00:40:00,4,,
794,2024-02-29 00:40:00,4,,
795,2024-02-29 00:40:00,4,,
796,2024-02-29 00:40:00,4,,
797,2024-02-29 00:40:00,4,,
798,2024-02-29 00:40:00,4,,
799,2024-02-29 00:40:00,4,,
800,2024-02-29 00:40:00,4,,
801,2024-02-29 00:40:00,4,,
802,2024-02-29 00:40:00,4,,
803,2024-02-29 00:40:00,4,,
804,2024-02-29 00:40:00,4,,
805,2024-02-29 00:40:00,4,,
806,2024-02-29 00:40:00,4,,
807,2024-02-29 00:40:00,4,,
808,2024-02-29 00:40:00,4,,
809,2024-02-29 00:40:00,4,,
810,2024-02-29 00:40:00,4,,
811,2024-02-29 00:40:00,4,,
812,2024-02-29 00:40:00,4,,
813,2024-02-29 00:40:00,4,,
814,2024-02-29 00:40:00,4,,
815,2024-02-29 00:40:00,4,,
816,2024-02-29 00:40:00,4,,
817,2024-02-29 00:40:00,4,,
818,2024-02-29 00:40:00,4,,
819,2024-02-29 00:40:00,4,,
820,2024-02-29 00:40:00,4,,
821,2024-02-29 00:40:00,4,,
822,2024-02-29 00:40:00,4,,
823,2024-02-29 00:40:00,4,,
824,2024-02-29 00:40:00,4,,
825,2024-02-29 00:40:00,4,,
826,2024-02-29 00:40:00,4,,
827,2024-02-29 00:40:00,4,,
828,2024-02-29 00:40:00,4,,
829,2024-02-29 00:40:00,4,,
830,2024-02-29 00:40:00,4,,
831,2024-02-29 00:40:00,4,,
832,2024-02-29 00:40:00,4,,
833,2024-02-29 00:40:00,4,,
834,2024-02-29 00:40:00,4,,
835,2024-02-29 00:40:00,4,,
836,2024-02-29 00:40:00,4,,
837,2024-02-29 00:40:00,4,,
838,2024-02-29 00:40:00,4,,
839,2024-02-29 00:40:00,4,,
840,2024-02-29 00:40:00,4,,
841,2024-02-29 00:40:00,4,,
842,2024-02-29 00:40:00,4,,
843,2024-02-29 00:40:00,4,,
844,2024-02-29 00:40:00,4,,
845,2024-02-29 00:40:00,4,,
846,2024-02-29 00:40:00,4,,
847,2024-02-29 00:40:00,4,,
848,2024-02-29 00:40:00,4,,
849,2024-02-29 00:40:00,4,,
850,2024-02-29 00:40:00,4,,
851,2024-02-29 00:40:00,4,,
852,2024-02-29 00:40:00,4,,
853,2024-02-29 00:40:00,4,,
854,2024-02-29 00:40:00,4,,
855,2024-02-29 00:40:00,4,,
856,2024-02-29 00:40:00,4,,
857,2024-02-29 00:40:00,4,,
858,2024-02-29 00:40:00,4,,
859,2024-02-29 00:40:00,4,,
860,2024-02-29 00:40:00,4,,
861,2024-02-29 00:40:00,4,,
862,2024-02-29 00:40:00,4,,
863,2024-02-29 00:40:00,4,,
864,2024-02-29 00:40:00,4,,
865,2024-02-29 00:40:00,4,,
866,2024-02-29 00:40:00,4,,
867,2024-02-29 00:40:00,4,,
868,2024-02-29 00:40:00,4,,
869,2024-02-29 00:40:00,4,,
870,2024-02-29 00:40:00,4,,
871,2024-02-29 00:40:00,4,,
872,2024-02-29 00:40:00,4,,
873,2024-02-29 00:40:00,4,,
874,2024-02-29 00:40:00,4,,
875,2024-02-29 00:40:00,4,,
876,2024-02-29 00:40:00,4,,
877,2024-02-29 00:40:00,4,,
878,2024-02-29 00:40:00,4,,
879,2024-02-29 00:40:00,4,,
880,2024-02-29 00:40:00,4,,
881,2024-02-29 00:40:00,4,,
882,2024-02-29 00:40:00,4,,
883,2024-02-29 00:40:00,4,,
884,2024-02-29 00:40:00,4,,
885,2024-02-29 00:40:00,4,,
886,2024-02-29 00:40:00,4,,
887,2024-02-29 00:40:00,4,,
888,2024-02-29 00:40:00,4,,
889,2024-02-29 00:40:00,4,,
890,2024-02-29 00:40:00,4,,
891,2024-02-29 00:40:00,4,,
892,2024-02-29 00:40:00,4,,
893,2024-02-29 00:40:00,4,,
894,2024-02-29 00:40:00,4,,
895,2024-02-29 00:40:00,4,,
896,2024-02-29 00:40:00,4,,
897,2024-02-29 00:40:00,4,,
898,2024-02-29 00:40:00,4,,
899,2024-02-29 00:40:00,4,,
900,2024-02-29 00:40:00,4,,
901,2024-02-29 00:40:00,4,,
902,2024-02-29 00:40:00,4,,
903,2024-02-29 00:40:00,4,,
904,2024-02-29 00:40:00,4,,
905,2024-02-29 00:40:00,4,,
906,2024-02-29 00:40:00,4,,
907,2024-02-29 00:40:00,4,,
908,2024-02-29 00:40:00,4,,
909,2024-02-29 00:40:00,4,,
910,2024-02-29 00:40:00,4,,
911,2024-02-29 00:40:00,4,,
912,2024-02-29 00:40:00,4,,
913,2024-02-29 00:40:00,4,,
914,2024-02-29 00:40:00,4,,
915,2024-02-29 00:40:00,4,,
916,2024-02-29 00:40:00,4,,
917,2024-02-29 00:40:00,4,,
918,2024-02-29 00:40:00,4,,
919,2024-02-29 00:40:00,4,,
920,2024-02-29 00:40:00,4,,
921,2024-02-29 00:40:00,4,,
922,2024-02-29 00:40:00,4,,
923,2024-02-29 00:40:00,4,,
924,2024-02-29 00:40:00,4,,
925,2024-02-29 00:40:00,4,,
926,2024-02-29 00:40:00,4,,
927,2024-02-29 00:40:00,4,,
928,2024-02-29 00:40:00,4,,
929,2024-02-29 00:40:00,4,,
930,2024-02-29 00:40:00,4,,
931,2024-02-29 00:40:00,4,,
932,2024-02-29 00:40:00,4,,
933,2024-02-29 00:40:00,4,,
934,2024-02-29 00:40:00,4,,
935,2024-02-29 00:40:00,4,,
936,2024-02-29 00:40:00,4,,
937,2024-02-29 00:40:00,4,,
938,2024-02-29 00:40:00,4,,
939,2024-02-29 00:40:00,4,,
940,2024-02-29 00:40:00,4,,
941,2024-02-29 00:40:00,4,,
942,2024-02-29 00:40:00,4,,
943,2024-02-29 00:40:00,4,,
944,2024-02-29 00:40:00,4,,
945,2024-02-29 00:40:00,4,,
946,2024-02-29 00:40:00,4,,
947,2024-02-29 00:40:00,4,,
948,2024-02-29 00:40:00,4,,
949,2024-02-29 00:40:00,4,,
950,2024-02-29 00:40:00,4,,
951,2024-02-29 00:40:00,4,,
952,2024-02-29 00:40:00,4,,
953,2024-02-29 00:40:00,4,,
954,2024-02-29 00:40:00,4,,
955,2024-02-29 00:40:00,4,,
956,2024-02-29 00:40:00,4,,
957,2024-02-29 00:40:00,4,,
958,2024-02-29 00:40:00,4,,
959,2024-02-29 00:40:00,4,,
960,2024-02-29 00:40:00,4,,
961,2024-02-29 00:40:00,4,,
962,2024-02-29 00:40:00,4,,
963,2024-02-29 00:40:00,4,,
964,2024-02-29 00:40:00,4,,
965,2024-02-29 00:40:00,4,,
966,2024-02-29 00:40:00,4,,
967,2024-02-29 00:40:00,4,,
968,2024-02-29 00:40:00,4,,
969,2024-02-29 00:40:00,4,,
970,2024-02-29 00:40:00,4,,
971,2024-02-29 00:40:00,4,,
972,2024-02-29 00:40:00,4,,
973,2024-02-29 00:40:00,4,,
974,2024-02-29 00:40:00,4,,
975,2024-02-29 00:40:00,4,,
976,2024-02-29 00:40:00,4,,
977,2024-02-29 00:40:00,4,,
978,2024-02-29 00:40:00,4,,
979,2024-02-29 00:40:00,4,,
980,2024-02-29 00:40:00,4,,
981,2024-02-29 00:40:00,4,,
982,2024-02-29 00:40:00,4,,
983,2024-02-29 00:40:00,4,,
984,2024-02-29 00:40:00,4,,
985,2024-02-29 00:40:00,4,,
986,2024-02-29 00:40:00,4,,
987,2024-02-29 00:40:00,4,,
988,2024-02-29 00:40:00,4,,
989,2024-02-29 00:40:00,4,,
990,2024-02-29 00:40:00,4,,
991,2024-02-29 00:40:00,4,,
992,2024-02-29 00:40:00,4,,
993,2024-02-29 00:40:00,4,,
994,2024-02-29 00:40:00,4,,
995,2024-02-29 00:40:00,4,,
996,2024-02-29 00:40:00,4,,
997,2024-02-29 00:40:00,4,,
998,2024-02-29 00:40:00,4,,
999,2024-02-29 00:40:00,4,,
1000,2024-02-29 00:40:00,4,,
1001,2024-02-29 00:40:00,4,,
1002,2024-02-29 00:40:00,4,,
1003,2024-02-29 00:40:00,4,,
1004,2024-02-29 00:40:00,4,,
1005,2024-02-29 00:40:00,4,,
1006,2024-02-29 00:40:00,4,,
792,2024-02-29 00:50:00,5,,
793,2024-02-29 00:50:00,5,,
794,2024-02-29 00:50:00,5,,
795,2024-02-29 00:50:00,5,,
796,2024-02-29 00:50:00,5,,
797,2024-02-29 00:50:00,5,,
798,2024-02-29 00:50:00,5,,
799,2024-02-29 00:50:00,5,,
800,2024-02-29 00:50:00,5,,
801,2024-02-29 00:50:00,5,,
802,2024-02-29 00:50:00,5,,
803,2024-02-29 00:50:00,5,,
804,2024-02-29 00:50:00,5,,
805,2024-02-29 00:50:00,5,,
806,2024-02-29 00:50:00,5,,
807,2024-02-29 00:50:00,5,,
808,2024-02-29 00:50:00,5,,
809,2024-02-29 00:50:00,5,,
810,2024-02-29 00:50:00,5,,
811,2024-02-29 00:50:00,5,,
812,2024-02-29 00:50:00,5,,
813,2024-02-29 00:50:00,5,,
814,2024-02-29 00:50:00,5,,
815,2024-02-29 00:50:00,5,,
816,2024-02-29 00:50:00,5,,
817,2024-02-29 00:50:00,5,,
818,2024-02-29 00:50:00,5,,
819,2024-02-29 00:50:00,5,,
820,2024-02-29 00:50:00,5,,
821,2024-02-29 00:50:00,5,,
822,2024-02-29 00:50:00,5,,
823,2024-02-29 00:50:00,5,,
824,2024-02-29 00:50:00,5,,
825,2024-02-29 00:50:00,5,,
826,2024-02-29 00:50:00,5,,
827,2024-02-29 00:50:00,5,,
828,2024-02-29 00:50:00,5,,
829,2024-02-29 00:50:00,5,,
830,2024-02-29 00:50:00,5,,
831,2024-02-29 00:50:00,5,,
832,2024-02-29 00:50:00,5,,
833,2024-02-29 00:50:00,5,,
834,2024-02-29 00:50:00,5,,
835,2024-02-29 00:50:00,5,,
836,2024-02-29 00:50:00,5,,
837,2024-02-29 00:50:00,5,,
838,2024-02-29 00:50:00,5,,
839,2024-02-29 00:50:00,5,,
840,2024-02-29 00:50:00,5,,
841,2024-02-29 00:50:00,5,,
842,2024-02-29 00:50:00,5,,
843,2024-02-29 00:50:00,5,,
844,2024-02-29 00:50:00,5,,
845,2024-02-29 00:50:00,5,,
846,2024-02-29 00:50:00,5,,
847,2024-02-29 00:50:00,5,,
848,2024-02-29 00:50:00,5,,
849,2024-02-29 00:50:00,5,,
850,2024-02-29 00:50:00,5,,
851,2024-02-29 00:50:00,5,,
852,2024-02-29 00:50:00,5,,
853,2024-02-29 00:50:00,5,,
854,2024-02-29 00:50:00,5,,
855,2024-02-29 00:50:00,5,,
856,2024-02-29 00:50:00,5,,
857,2024-02-29 00:50:00,5,,
858,2024-02-29 00:50:00,5,,
859,2024-02-29 00:50:00,5,,
860,2024-02-29 00:50:00,5,,
861,2024-02-29 00:50:00,5,,
862,2024-02-29 00:50:00,5,,
863,2024-02-29 00:50:00,5,,
864,2024-02-29 00:50:00,5,,
865,2024-02-29 00:50:00,5,,
866,2024-02-29 00:50:00,5,,
867,2024-02-29 00:50:00,5,,
868,2024-02-29 00:50:00,5,,
869,2024-02-29 00:50:00,5,,
870,2024-02-29 00:50:00,5,,
871,2024-02-29 00:50:00,5,,
872,2024-02-29 00:50:00,5,,
873,2024-02-29 00:50:00,5,,
874,2024-02-29 00:50:00,5,,
875,2024-02-29 00:50:00,5,,
876,2024-02-29 00:50:00,5,,
877,2024-02-29 00:50:00,5,,
878,2024-02-29 00:50:00,5,,
879,2024-02-29 00:50:00,5,,
880,2024-02-29 00:50:00,5,,
881,2024-02-29 00:50:00,5,,
882,2024-02-29 00:50:00,5,,
883,2024-02-29 00:50:00,5,,
884,2024-02-29 00:50:00,5,,
885,2024-02-29 00:50:00,5,,
886,2024-02-29 00:50:00,5,,
887,2024-02-29 00:50:00,5,,
888,2024-02-29 00:50:00,5,,
889,2024-02-29 00:50:00,5,,
890,2024-02-29 00:50:00,5,,
891,2024-02-29 00:50:00,5,,
892,2024-02-29 00:50:00,5,,
893,2024-02-29 00:50:00,5,,
894,2024-02-29 00:50:00,5,,
895,2024-02-29 00:50:00,5,,
896,2024-02-29 00:50:00,5,,
897,2024-02-29 00:50:00,5,,
898,2024-02-29 00:50:00,5,,
899,2024-02-29 00:50:00,5,,
900,2024-02-29 00:50:00,5,,
901,2024-02-29 00:50:00,5,,
902,2024-02-29 00:50:00,5,,
903,2024-02-29 00:50:00,5,,
904,2024-02-29 00:50:00,5,,
905,2024-02-29 00:50:00,5,,
906,2024-02-29 00:50:00,5,,
907,2024-02-29 00:50:00,5,,
908,2024-02-29 00:50:00,5,,
909,2024-02-29 00:50:00,5,,
910,2024-02-29 00:50:00,5,,
911,2024-02-29 00:50:00,5,,
912,2024-02-29 00:50:00,5,,
913,2024-02-29 00:50:00,5,,
914,2024-02-29 00:50:00,5,,
915,2024-02-29 00:50:00,5,,
916,2024-02-29 00:50:00,5,,
917,2024-02-29 00:50:00,5,,
918,2024-02-29 00:50:00,5,,
919,2024-02-29 00:50:00,5,,
920,2024-02-29 00:50:00,5,,
921,2024-02-29 00:50:00,5,,
922,2024-02-29 00:50:00,5,,
923,2024-02-29 00:50:00,5,,
924,2024-02-29 00:50:00,5,,
925,2024-02-29 00:50:00,5,,
926,2024-02-29 00:50:00,5,,
927,2024-02-29 00:50:00,5,,
928,2024-02-29 00:50:00,5,,
929,2024-02-29 00:50:00,5,,
930,2024-02-29 00:50:00,5,,
931,2024-02-29 00:50:00,5,,
932,2024-02-29 00:50:00,5,,
933,2024-02-29 00:50:00,5,,
934,2024-02-29 00:50:00,5,,
935,2024-02-29 00:50:00,5,,
936,2024-02-29 00:50:00,5,,
937,2024-02-29 00:50:00,5,,
938,2024-02-29 00:50:00,5,,
939,2024-02-29 00:50:00,5,,
940,2024-02-29 00:50:00,5,,
941,2024-02-29 00:50:00,5,,
942,2024-02-29 00:50:00,5,,
943,2024-02-29 00:50:00,5,,
944,2024-02-29 00:50:00,5,,
945,2024-02-29 00:50:00,5,,
946,2024-02-29 00:50:00,5,,
947,2024-02-29 00:50:00,5,,
948,2024-02-29 00:50:00,5,,
949,2024-02-29 00:50:00,5,,
950,2024-02-29 00:50:00,5,,
951,2024-02-29 00:50:00,5,,
952,2024-02-29 00:50:00,5,,
953,2024-02-29 00:50:00,5,,
954,2024-02-29 00:50:00,5,,
955,2024-02-29 00:50:00,5,,
956,2024-02-29 00:50:00,5,,
957,2024-02-29 00:50:00,5,,
958,2024-02-29 00:50:00,5,,
959,2024-02-29 00:50:00,5,,
960,2024-02-29 00:50:00,5,,
961,2024-02-29 00:50:00,5,,
962,2024-02-29 00:50:00,5,,
963,2024-02-29 00:50:00,5,,
964,2024-02-29 00:50:00,5,,
965,2024-02-29 00:50:00,5,,
966,2024-02-29 00:50:00,5,,
967,2024-02-29 00:50:00,5,,
968,2024-02-29 00:50:00,5,,
969,2024-02-29 00:50:00,5,,
970,2024-02-29 00:50:00,5,,
971,2024-02-29 00:50:00,5,,
972,2024-02-29 00:50:00,5,,
973,2024-02-29 00:50:00,5,,
974,2024-02-29 00:50:00,5,,
975,2024-02-29 00:50:00,5,,
976,2024-02-29 00:50:00,5,,
977,2024-02-29 00:50:00,5,,
978,2024-02-29 00:50:00,5,,
979,2024-02-29 00:50:00,5,,
980,2024-02-29 00:50:00,5,,
981,2024-02-29 00:50:00,5,,
982,2024-02-29 00:50:00,5,,
983,2024-02-29 00:50:00,5,,
984,2024-02-29 00:50:00,5,,
985,2024-02-29 00:50:00,5,,
986,2024-02-29 00:50:00,5,,
987,2024-02-29 00:50:00,5,,
988,2024-02-29 00:50:00,5,,
989,2024-02-29 00:50:00,5,,
990,2024-02-29 00:50:00,5,,
991,2024-02-29 00:50:00,5,,
992,2024-02-29 00:50:00,5,,
993,2024-02-29 00:50:00,5,,
994,2024-02-29 00:50:00,5,,
995,2024-02-29 00:50:00,5,,
996,2024-02-29 00:50:00,5,,
997,2024-02-29 00:50:00,5,,
998,2024-02-29 00:50:00,5,,
999,2024-02-29 00:50:00,5,,
1000,2024-02-29 00:50:00,5,,
1001,2024-02-29 00:50:00,5,,
1002,2024-02-29 00:50:00,5,,
1003,2024-02-29 00:50:00,5,,
1004,2024-02-29 00:50:00,5,,
1005,2024-02-29 00:50:00,5,,
1006,2024-02-29 00:50:00,5,,
792,2024-02-29 01:00:00,6,,
793,2024-02-29 01:00:00,6,,
794,2024-02-29 01:00:00,6,,
795,2024-02-29 01:00:00,6,,
796,2024-02-29 01:00:00,6,,
797,2024-02-29 01:00:00,6,,
798,2024-02-29 01:00:00,6,,
799,2024-02-29 01:00:00,6,,
800,2024-02-29 01:00:00,6,,
801,2024-02-29 01:00:00,6,,
802,2024-02-29 01:00:00,6,,
803,2024-02-29 01:00:00,6,,
804,2024-02-29 01:00:00,6,,
805,2024-02-29 01:00:00,6,,
806,2024-02-29 01:00:00,6,,
807,2024-02-29 01:00:00,6,,
808,2024-02-29 01:00:00,6,,
809,2024-02-29 01:00:00,6,,
810,2024-02-29 01:00:00,6,,
811,2024-02-29 01:00:00,6,,
812,2024-02-29 01:00:00,6,,
813,2024-02-29 01:00:00,6,,
814,2024-02-29 01:00:00,6,,
815,2024-02-29 01:00:00,6,,
816,2024-02-29 01:00:00,6,,
817,2024-02-29 01:00:00,6,,
818,2024-02-29 01:00:00,6,,
819,2024-02-29 01:00:00,6,,
820,2024-02-29 01:00:00,6,,
821,2024-02-29 01:00:00,6,,
822,2024-02-29 01:00:00,6,,
823,2024-02-29 01:00:00,6,,
824,2024-02-29 01:00:00,6,,
825,2024-02-29 01:00:00,6,,
826,2024-02-29 01:00:00,6,,
827,2024-02-29 01:00:00,6,,
828,2024-02-29 01:00:00,6,,
829,2024-02-29 01:00:00,6,,
830,2024-02-29 01:00:00,6,,
831,2024-02-29 01:00:00,6,,
832,2024-02-29 01:00:00,6,,
833,2024-02-29 01:00:00,6,,
834,2024-02-29 01:00:00,6,,
835,2024-02-29 01:00:00,6,,
836,2024-02-29 01:00:00,6,,
837,2024-02-29 01:00:00,6,,
838,2024-02-29 01:00:00,6,,
839,2024-02-29 01:00:00,6,,
840,2024-02-29 01:00:00,6,,
841,2024-02-29 01:00:00,6,,
842,2024-02-29 01:00:00,6,,
843,2024-02-29 01:00:00,6,,
844,2024-02-29 01:00:00,6,,
845,2024-02-29 01:00:00,6,,
846,2024-02-29 01:00:00,6,,
847,2024-02-29 01:00:00,6,,
848,2024-02-29 01:00:00,6,,
849,2024-02-29 01:00:00,6,,
850,2024-02-29 01:00:00,6,,
851,2024-02-29 01:00:00,6,,
852,2024-02-29 01:00:00,6,,
853,2024-02-29 01:00:00,6,,
854,2024-02-29 01:00:00,6,,
855,2024-02-29 01:00:00,6,,
856,2024-02-29 01:00:00,6,,
857,2024-02-29 01:00:00,6,,
858,2024-02-29 01:00:00,6,,
859,2024-02-29 01:00:00,6,,
860,2024-02-29 01:00:00,6,,
861,2024-02-29 01:00:00,6,,
862,2024-02-29 01:00:00,6,,
863,2024-02-29 01:00:00,6,,
864,2024-02-29 01:00:00,6,,
865,2024-02-29 01:00:00,6,,
866,2024-02-29 01:00:00,6,,
867,2024-02-29 01:00:00,6,,
868,2024-02-29 01:00:00,6,,
869,2024-02-29 01:00:00,6,,
870,2024-02-29 01:00:00,6,,
871,2024-02-29 01:00:00,6,,
872,2024-02-29 01:00:00,6,,
873,2024-02-29 01:00:00,6,,
874,2024-02-29 01:00:00,6,,
875,2024-02-29 01:00:00,6,,
876,2024-02-29 01:00:00,6,,
877,2024-02-29 01:00:00,6,,
878,2024-02-29 01:00:00,6,,
879,2024-02-29 01:00:00,6,,
880,2024-02-29 01:00:00,6,,
881,2024-02-29 01:00:00,6,,
882,2024-02-29 01:00:00,6,,
883,2024-02-29 01:00:00,6,,
884,2024-02-29 01:00:00,6,,
885,2024-02-29 01:00:00,6,,
886,2024-02-29 01:00:00,6,,
887,2024-02-29 01:00:00,6,,
888,2024-02-29 01:00:00,6,,
889,2024-02-29 01:00:00,6,,
890,2024-02-29 01:00:00,6,,
891,2024-02-29 01:00:00,6,,
892,2024-02-29 01:00:00,6,,
893,2024-02-29 01:00:00,6,,
894,2024-02-29 01:00:00,6,,
895,2024-02-29 01:00:00,6,,
896,2024-02-29 01:00:00,6,,
897,2024-02-29 01:00:00,6,,
898,2024-02-29 01:00:00,6,,
899,2024-02-29 01:00:00,6,,
900,2024-02-29 01:00:00,6,,
901,2024-02-29 01:00:00,6,,
902,2024-02-29 01:00:00,6,,
903,2024-02-29 01:00:00,6,,
904,2024-02-29 01:00:00,6,,
905,2024-02-29 01:00:00,6,,
906,2024-02-29 01:00:00,6,,
907,2024-02-29 01:00:00,6,,
908,2024-02-29 01:00:00,6,,
909,2024-02-29 01:00:00,6,,
910,2024-02-29 01:00:00,6,,
911,2024-02-29 01:00:00,6,,
912,2024-02-29 01:00:00,6,,
913,2024-02-29 01:00:00,6,,
914,2024-02-29 01:00:00,6,,
915,2024-02-29 01:00:00,6,,
916,2024-02-29 01:00:00,6,,
917,2024-02-29 01:00:00,6,,
918,2024-02-29 01:00:00,6,,
919,2024-02-29 01:00:00,6,,
920,2024-02-29 01:00:00,6,,
921,2024-02-29 01:00:00,6,,
922,2024-02-29 01:00:00,6,,
923,2024-02-29 01:00:00,6,,
924,2024-02-29 01:00:00,6,,
925,2024-02-29 01:00:00,6,,
926,2024-02-29 01:00:00,6,,
927,2024-02-29 01:00:00,6,,
928,2024-02-29 01:00:00,6,,
929,2024-02-29 01:00:00,6,,
930,2024-02-29 01:00:00,6,,
931,2024-02-29 01:00:00,6,,
932,2024-02-29 01:00:00,6,,
933,2024-02-29 01:00:00,6,,
934,2024-02-29 01:00:00,6,,
935,2024-02-29 01:00:00,6,,
936,2024-02-29 01:00:00,6,,
937,2024-02-29 01:00:00,6,,
938,2024-02-29 01:00:00,6,,
939,2024-02-29 01:00:00,6,,
940,2024-02-29 01:00:00,6,,
941,2024-02-29 01:00:00,6,,
942,2024-02-29 01:00:00,6,,
943,2024-02-29 01:00:00,6,,
944,2024-02-29 01:00:00,6,,
945,2024-02-29 01:00:00,6,,
946,2024-02-29 01:00:00,6,,
947,2024-02-29 01:00:00,6,,
948,2024-02-29 01:00:00,6,,
949,2024-02-29 01:00:00,6,,
950,2024-02-29 01:00:00,6,,
951,2024-02-29 01:00:00,6,,
952,2024-02-29 01:00:00,6,,
953,2024-02-29 01:00:00,6,,
954,2024-02-29 01:00:00,6,,
955,2024-02-29 01:00:00,6,,
956,2024-02-29 01:00:00,6,,
957,2024-02-29 01:00:00,6,,
958,2024-02-29 01:00:00,6,,
959,2024-02-29 01:00:00,6,,
960,2024-02-29 01:00:00,6,,
961,2024-02-29 01:00:00,6,,
962,2024-02-29 01:00:00,6,,
963,2024-02-29 01:00:00,6,,
964,2024-02-29 01:00:00,6,,
965,2024-02-29 01:00:00,6,,
966,2024-02-29 01:00:00,6,,
967,2024-02-29 01:00:00,6,,
968,2024-02-29 01:00:00,6,,
969,2024-02-29 01:00:00,6,,
970,2024-02-29 01:00:00,6,,
971,2024-02-29 01:00:00,6,,
972,2024-02-29 01:00:00,6,,
973,2024-02-29 01:00:00,6,,
974,2024-02-29 01:00:00,6,,
975,2024-02-29 01:00:00,6,,
976,2024-02-29 01:00:00,6,,
977,2024-02-29 01:00:00,6,,
978,2024-02-29 01:00:00,6,,
979,2024-02-29 01:00:00,6,,
980,2024-02-29 01:00:00,6,,
981,2024-02-29 01:00:00,6,,
982,2024-02-29 01:00:00,6,,
983,2024-02-29 01:00:00,6,,
984,2024-02-29 01:00:00,6,,
985,2024-02-29 01:00:00,6,,
986,2024-02-29 01:00:00,6,,
987,2024-02-29 01:00:00,6,,
988,2024-02-29 01:00:00,6,,
989,2024-02-29 01:00:00,6,,
990,2024-02-29 01:00:00,6,,
991,2024-02-29 01:00:00,6,,
992,2024-02-29 01:00:00,6,,
993,2024-02-29 01:00:00,6,,
994,2024-02-29 01:00:00,6,,
995,2024-02-29 01:00:00,6,,
996,2024-02-29 01:00:00,6,,
997,2024-02-29 01:00:00,6,,
998,2024-02-29 01:00:00,6,,
999,2024-02-29 01:00:00,6,,
1000,2024-02-29 01:00:00,6,,
1001,2024-02-29 01:00:00,6,,
1002,2024-02-29 01:00:00,6,,
1003,2024-02-29 01:00:00,6,,
1004,2024-02-29 01:00:00,6,,
1005,2024-02-29 01:00:00,6,,
1006,2024-02-29 01:00:00,6,,
792,2024-02-29 01:10:00,7,,
793,2024-02-29 01:10:00,7,,
794,2024-02-29 01:10:00,7,,
795,2024-02-29 01:10:00,7,,
796,2024-02-29 01:10:00,7,,
797,2024-02-29 01:10:00,7,,
798,2024-02-29 01:10:00,7,,
799,2024-02-29 01:10:00,7,,
800,2024-02-29 01:10:00,7,,
801,2024-02-29 01:10:00,7,,
802,2024-02-29 01:10:00,7,,
803,2024-02-29 01:10:00,7,,
804,2024-02-29 01:10:00,7,,
805,2024-02-29 01:10:00,7,,
806,2024-02-29 01:10:00,7,,
807,2024-02-29 01:10:00,7,,
808,2024-02-29 01:10:00,7,,
809,2024-02-29 01:10:00,7,,
810,2024-02-29 01:10:00,7,,
811,2024-02-29 01:10:00,7,,
812,2024-02-29 01:10:00,7,,
813,2024-02-29 01:10:00,7,,
814,2024-02-29 01:10:00,7,,
815,2024-02-29 01:10:00,7,,
816,2024-02-29 01:10:00,7,,
817,2024-02-29 01:10:00,7,,
818,2024-02-29 01:10:00,7,,
819,2024-02-29 01:10:00,7,,
820,2024-02-29 01:10:00,7,,
821,2024-02-29 01:10:00,7,,
822,2024-02-29 01:10:00,7,,
823,2024-02-29 01:10:00,7,,
824,2024-02-29 01:10:00,7,,
825,2024-02-29 01:10:00,7,,
826,2024-02-29 01:10:00,7,,
827,2024-02-29 01:10:00,7,,
828,2024-02-29 01:10:00,7,,
829,2024-02-29 01:10:00,7,,
830,2024-02-29 01:10:00,7,,
831,2024-02-29 01:10:00,7,,
832,2024-02-29 01:10:00,7,,
833,2024-02-29 01:10:00,7,,
834,2024-02-29 01:10:00,7,,
835,2024-02-29 01:10:00,7,,
836,2024-02-29 01:10:00,7,,
837,2024-02-29 01:10:00,7,,
838,2024-02-29 01:10:00,7,,
839,2024-02-29 01:10:00,7,,
840,2024-02-29 01:10:00,7,,
841,2024-02-29 01:10:00,7,,
842,2024-02-29 01:10:00,7,,
843,2024-02-29 01:10:00,7,,
844,2024-02-29 01:10:00,7,,
845,2024-02-29 01:10:00,7,,
846,2024-02-29 01:10:00,7,,
847,2024-02-29 01:10:00,7,,
848,2024-02-29 01:10:00,7,,
849,2024-02-29 01:10:00,7,,
850,2024-02-29 01:10:00,7,,
851,2024-02-29 01:10:00,7,,
852,2024-02-29 01:10:00,7,,
853,2024-02-29 01:10:00,7,,
854,2024-02-29 01:10:00,7,,
855,2024-02-29 01:10:00,7,,
856,2024-02-29 01:10:00,7,,
857,2024-02-29 01:10:00,7,,
858,2024-02-29 01:10:00,7,,
859,2024-02-29 01:10:00,7,,
860,2024-02-29 01:10:00,7,,
861,2024-02-29 01:10:00,7,,
862,2024-02-29 01:10:00,7,,
863,2024-02-29 01:10:00,7,,
864,2024-02-29 01:10:00,7,,
865,2024-02-29 01:10:00,7,,
866,2024-02-29 01:10:00,7,,
867,2024-02-29 01:10:00,7,,
868,2024-02-29 01:10:00,7,,
869,2024-02-29 01:10:00,7,,
870,2024-02-29 01:10:00,7,,
871,2024-02-29 01:10:00,7,,
872,2024-02-29 01:10:00,7,,
873,2024-02-29 01:10:00,7,,
874,2024-02-29 01:10:00,7,,
875,2024-02-29 01:10:00,7,,
876,2024-02-29 01:10:00,7,,
877,2024-02-29 01:10:00,7,,
878,2024-02-29 01:10:00,7,,
879,2024-02-29 01:10:00,7,,
880,2024-02-29 01:10:00,7,,
881,2024-02-29 01:10:00,7,,
882,2024-02-29 01:10:00,7,,
883,2024-02-29 01:10:00,7,,
884,2024-02-29 01:10:00,7,,
885,2024-02-29 01:10:00,7,,
886,2024-02-29 01:10:00,7,,
887,2024-02-29 01:10:00,7,,
888,2024-02-29 01:10:00,7,,
889,2024-02-29 01:10:00,7,,
890,2024-02-29 01:10:00,7,,
891,2024-02-29 01:10:00,7,,
892,2024-02-29 01:10:00,7,,
893,2024-02-29 01:10:00,7,,
894,2024-02-29 01:10:00,7,,
895,2024-02-29 01:10:00,7,,
896,2024-02-29 01:10:00,7,,
897,2024-02-29 01:10:00,7,,
898,2024-02-29 01:10:00,7,,
899,2024-02-29 01:10:00,7,,
900,2024-02-29 01:10:00,7,,
901,2024-02-29 01:10:00,7,,
902,2024-02-29 01:10:00,7,,
903,2024-02-29 01:10:00,7,,
904,2024-02-29 01:10:00,7,,
905,2024-02-29 01:10:00,7,,
906,2024-02-29 01:10:00,7,,
907,2024-02-29 01:10:00,7,,
908,2024-02-29 01:10:00,7,,
909,2024-02-29 01:10:00,7,,
910,2024-02-29 01:10:00,7,,
911,2024-02-29 01:10:00,7,,
912,2024-02-29 01:10:00,7,,
913,2024-02-29 01:10:00,7,,
914,2024-02-29 01:10:00,7,,
915,2024-02-29 01:10:00,7,,
916,2024-02-29 01:10:00,7,,
917,2024-02-29 01:10:00,7,,
918,2024-02-29 01:10:00,7,,
919,2024-02-29 01:10:00,7,,
920,2024-02-29 01:10:00,7,,
921,2024-02-29 01:10:00,7,,
922,2024-02-29 01:10:00,7,,
923,2024-02-29 01:10:00,7,,
924,2024-02-29 01:10:00,7,,
925,2024-02-29 01:10:00,7,,
926,2024-02-29 01:10:00,7,,
927,2024-02-29 01:10:00,7,,
928,2024-02-29 01:10:00,7,,
929,2024-02-29 01:10:00,7,,
930,2024-02-29 01:10:00,7,,
931,2024-02-29 01:10:00,7,,
932,2024-02-29 01:10:00,7,,
933,2024-02-29 01:10:00,7,,
934,2024-02-29 01:10:00,7,,
935,2024-02-29 01:10:00,7,,
936,2024-02-29 01:10:00,7,,
937,2024-02-29 01:10:00,7,,
938,2024-02-29 01:10:00,7,,
939,2024-02-29 01:10:00,7,,
940,2024-02-29 01:10:00,7,,
941,2024-02-29 01:10:00,7,,
942,2024-02-29 01:10:00,7,,
943,2024-02-29 01:10:00,7,,
944,2024-02-29 01:10:00,7,,
945,2024-02-29 01:10:00,7,,
946,2024-02-29 01:10:00,7,,
947,2024-02-29 01:10:00,7,,
948,2024-02-29 01:10:00,7,,
949,2024-02-29 01:10:00,7,,
950,2024-02-29 01:10:00,7,,
951,2024-02-29 01:10:00,7,,
952,2024-02-29 01:10:00,7,,
953,2024-02-29 01:10:00,7,,
954,2024-02-29 01:10:00,7,,
955,2024-02-29 01:10:00,7,,
956,2024-02-29 01:10:00,7,,
957,2024-02-29 01:10:00,7,,
958,2024-02-29 01:10:00,7,,
959,2024-02-29 01:10:00,7,,
960,2024-02-29 01:10:00,7,,
961,2024-02-29 01:10:00,7,,
962,2024-02-29 01:10:00,7,,
963,2024-02-29 01:10:00,7,,
964,2024-02-29 01:10:00,7,,
965,2024-02-29 01:10:00,7,,
966,2024-02-29 01:10:00,7,,
967,2024-02-29 01:10:00,7,,
968,2024-02-29 01:10:00,7,,
969,2024-02-29 01:10:00,7,,
970,2024-02-29 01:10:00,7,,
971,2024-02-29 01:10:00,7,,
972,2024-02-29 01:10:00,7,,
973,2024-02-29 01:10:00,7,,
974,2024-02-29 01:10:00,7,,
975,2024-02-29 01:10:00,7,,
976,2024-02-29 01:10:00,7,,
977,2024-02-29 01:10:00,7,,
978,2024-02-29 01:10:00,7,,
979,2024-02-29 01:10:00,7,,
980,2024-02-29 01:10:00,7,,
981,2024-02-29 01:10:00,7,,
982,2024-02-29 01:10:00,7,,
983,2024-02-29 01:10:00,7,,
984,2024-02-29 01:10:00,7,,
985,2024-02-29 01:10:00,7,,
986,2024-02-29 01:10:00,7,,
987,2024-02-29 01:10:00,7,,
988,2024-02-29 01:10:00,7,,
989,2024-02-29 01:10:00,7,,
990,2024-02-29 01:10:00,7,,
991,2024-02-29 01:10:00,7,,
992,2024-02-29 01:10:00,7,,
993,2024-02-29 01:10:00,7,,
994,2024-02-29 01:10:00,7,,
995,2024-02-29 01:10:00,7,,
996,2024-02-29 01:10:00,7,,
997,2024-02-29 01:10:00,7,,
998,2024-02-29 01:10:00,7,,
999,2024-02-29 01:10:00,7,,
1000,2024-02-29 01:10:00,7,,
1001,2024-02-29 01:10:00,7,,
1002,2024-02-29 01:10:00,7,,
1003,2024-02-29 01:10:00,7,,
1004,2024-02-29 01:10:00,7,,
1005,2024-02-29 01:10:00,7,,
1006,2024-02-29 01:10:00,7,,
792,2024-02-29 01:20:00,8,,
793,2024-02-29 01:20:00,8,,
794,2024-02-29 01:20:00,8,,
795,2024-02-29 01:20:00,8,,
796,2024-02-29 01:20:00,8,,
797,2024-02-29 01:20:00,8,,
798,2024-02-29 01:20:00,8,,
799,2024-02-29 01:20:00,8,,
800,2024-02-29 01:20:00,8,,
801,2024-02-29 01:20:00,8,,
802,2024-02-29 01:20:00,8,,
803,2024-02-29 01:20:00,8,,
804,2024-02-29 01:20:00,8,,
805,2024-02-29 01:20:00,8,,
806,2024-02-29 01:20:00,8,,
807,2024-02-29 01:20:00,8,,
808,2024-02-29 01:20:00,8,,
809,2024-02-29 01:20:00,8,,
810,2024-02-29 01:20:00,8,,
811,2024-02-29 01:20:00,8,,
812,2024-02-29 01:20:00,8,,
813,2024-02-29 01:20:00,8,,
814,2024-02-29 01:20:00,8,,
815,2024-02-29 01:20:00,8,,
816,2024-02-29 01:20:00,8,,
817,2024-02-29 01:20:00,8,,
818,2024-02-29 01:20:00,8,,
819,2024-02-29 01:20:00,8,,
820,2024-02-29 01:20:00,8,,
821,2024-02-29 01:20:00,8,,
822,2024-02-29 01:20:00,8,,
823,2024-02-29 01:20:00,8,,
824,2024-02-29 01:20:00,8,,
825,2024-02-29 01:20:00,8,,
826,2024-02-29 01:20:00,8,,
827,2024-02-29 01:20:00,8,,
828,2024-02-29 01:20:00,8,,
829,2024-02-29 01:20:00,8,,
830,2024-02-29 01:20:00,8,,
831,2024-02-29 01:20:00,8,,
832,2024-02-29 01:20:00,8,,
833,2024-02-29 01:20:00,8,,
834,2024-02-29 01:20:00,8,,
835,2024-02-29 01:20:00,8,,
836,2024-02-29 01:20:00,8,,
837,2024-02-29 01:20:00,8,,
838,2024-02-29 01:20:00,8,,
839,2024-02-29 01:20:00,8,,
840,2024-02-29 01:20:00,8,,
841,2024-02-29 01:20:00,8,,
842,2024-02-29 01:20:00,8,,
843,2024-02-29 01:20:00,8,,
844,2024-02-29 01:20:00,8,,
845,2024-02-29 01:20:00,8,,
846,2024-02-29 01:20:00,8,,
847,2024-02-29 01:20:00,8,,
848,2024-02-29 01:20:00,8,,
849,2024-02-29 01:20:00,8,,
850,2024-02-29 01:20:00,8,,
851,2024-02-29 01:20:00,8,,
852,2024-02-29 01:20:00,8,,
853,2024-02-29 01:20:00,8,,
854,2024-02-29 01:20:00,8,,
855,2024-02-29 01:20:00,8,,
856,2024-02-29 01:20:00,8,,
857,2024-02-29 01:20:00,8,,
858,2024-02-29 01:20:00,8,,
859,2024-02-29 01:20:00,8,,
860,2024-02-29 01:20:00,8,,
861,2024-02-29 01:20:00,8,,
862,2024-02-29 01:20:00,8,,
863,2024-02-29 01:20:00,8,,
864,2024-02-29 01:20:00,8,,
865,2024-02-29 01:20:00,8,,
866,2024-02-29 01:20:00,8,,
867,2024-02-29 01:20:00,8,,
868,2024-02-29 01:20:00,8,,
869,2024-02-29 01:20:00,8,,
870,2024-02-29 01:20:00,8,,
871,2024-02-29 01:20:00,8,,
872,2024-02-29 01:20:00,8,,
873,2024-02-29 01:20:00,8,,
874,2024-02-29 01:20:00,8,,
875,2024-02-29 01:20:00,8,,
876,2024-02-29 01:20:00,8,,
877,2024-02-29 01:20:00,8,,
878,2024-02-29 01:20:00,8,,
879,2024-02-29 01:20:00,8,,
880,2024-02-29 01:20:00,8,,
881,2024-02-29 01:20:00,8,,
882,2024-02-29 01:20:00,8,,
883,2024-02-29 01:20:00,8,,
884,2024-02-29 01:20:00,8,,
885,2024-02-29 01:20:00,8,,
886,2024-02-29 01:20:00,8,,
887,2024-02-29 01:20:00,8,,
888,2024-02-29 01:20:00,8,,
889,2024-02-29 01:20:00,8,,
890,2024-02-29 01:20:00,8,,
891,2024-02-29 01:20:00,8,,
892,2024-02-29 01:20:00,8,,
893,2024-02-29 01:20:00,8,,
894,2024-02-29 01:20:00,8,,
895,2024-02-29 01:20:00,8,,
896,2024-02-29 01:20:00,8,,
897,2024-02-29 01:20:00,8,,
898,2024-02-29 01:20:00,8,,
899,2024-02-29 01:20:00,8,,
900,2024-02-29 01:20:00,8,,
901,2024-02-29 01:20:00,8,,
902,2024-02-29 01:20:00,8,,
903,2024-02-29 01:20:00,8,,
904,2024-02-29 01:20:00,8,,
905,2024-02-29 01:20:00,8,,
906,2024-02-29 01:20:00,8,,
907,2024-02-29 01:20:00,8,,
908,2024-02-29 01:20:00,8,,
909,2024-02-29 01:20:00,8,,
910,2024-02-29 01:20:00,8,,
911,2024-02-29 01:20:00,8,,
912,2024-02-29 01:20:00,8,,
913,2024-02-29 01:20:00,8,,
914,2024-02-29 01:20:00,8,,
915,2024-02-29 01:20:00,8,,
916,2024-02-29 01:20:00,8,,
917,2024-02-29 01:20:00,8,,
918,2024-02-29 01:20:00,8,,
919,2024-02-29 01:20:00,8,,
920,2024-02-29 01:20:00,8,,
921,2024-02-29 01:20:00,8,,
922,2024-02-29 01:20:00,8,,
923,2024-02-29 01:20:00,8,,
924,2024-02-29 01:20:00,8,,
925,2024-02-29 01:20:00,8,,
926,2024-02-29 01:20:00,8,,
927,2024-02-29 01:20:00,8,,
928,2024-02-29 01:20:00,8,,
929,2024-02-29 01:20:00,8,,
930,2024-02-29 01:20:00,8,,
931,2024-02-29 01:20:00,8,,
932,2024-02-29 01:20:00,8,,
933,2024-02-29 01:20:00,8,,
934,2024-02-29 01:20:00,8,,
935,2024-02-29 01:20:00,8,,
936,2024-02-29 01:20:00,8,,
937,2024-02-29 01:20:00,8,,
938,2024-02-29 01:20:00,8,,
939,2024-02-29 01:20:00,8,,
940,2024-02-29 01:20:00,8,,
941,2024-02-29 01:20:00,8,,
942,2024-02-29 01:20:00,8,,
943,2024-02-29 01:20:00,8,,
944,2024-02-29 01:20:00,8,,
945,2024-02-29 01:20:00,8,,
946,2024-02-29 01:20:00,8,,
947,2024-02-29 01:20:00,8,,
948,2024-02-29 01:20:00,8,,
949,2024-02-29 01:20:00,8,,
950,2024-02-29 01:20:00,8,,
951,2024-02-29 01:20:00,8,,
952,2024-02-29 01:20:00,8,,
953,2024-02-29 01:20:00,8,,
954,2024-02-29 01:20:00,8,,
955,2024-02-29 01:20:00,8,,
956,2024-02-29 01:20:00,8,,
957,2024-02-29 01:20:00,8,,
958,2024-02-29 01:20:00,8,,
959,2024-02-29 01:20:00,8,,
960,2024-02-29 01:20:00,8,,
961,2024-02-29 01:20:00,8,,
962,2024-02-29 01:20:00,8,,
963,2024-02-29 01:20:00,8,,
964,2024-02-29 01:20:00,8,,
965,2024-02-29 01:20:00,8,,
966,2024-02-29 01:20:00,8,,
967,2024-02-29 01:20:00,8,,
968,2024-02-29 01:20:00,8,,
969,2024-02-29 01:20:00,8,,
970,2024-02-29 01:20:00,8,,
971,2024-02-29 01:20:00,8,,
972,2024-02-29 01:20:00,8,,
973,2024-02-29 01:20:00,8,,
974,2024-02-29 01:20:00,8,,
975,2024-02-29 01:20:00,8,,
976,2024-02-29 01:20:00,8,,
977,2024-02-29 01:20:00,8,,
978,2024-02-29 01:20:00,8,,
979,2024-02-29 01:20:00,8,,
980,2024-02-29 01:20:00,8,,
981,2024-02-29 01:20:00,8,,
982,2024-02-29 01:20:00,8,,
983,2024-02-29 01:20:00,8,,
984,2024-02-29 01:20:00,8,,
985,2024-02-29 01:20:00,8,,
986,2024-02-29 01:20:00,8,,
987,2024-02-29 01:20:00,8,,
988,2024-02-29 01:20:00,8,,
989,2024-02-29 01:20:00,8,,
990,2024-02-29 01:20:00,8,,
991,2024-02-29 01:20:00,8,,
992,2024-02-29 01:20:00,8,,
993,2024-02-29 01:20:00,8,,
994,2024-02-29 01:20:00,8,,
995,2024-02-29 01:20:00,8,,
996,2024-02-29 01:20:00,8,,
997,2024-02-29 01:20:00,8,,
998,2024-02-29 01:20:00,8,,
999,2024-02-29 01:20:00,8,,
1000,2024-02-29 01:20:00,8,,
1001,2024-02-29 01:20:00,8,,
1002,2024-02-29 01:20:00,8,,
1003,2024-02-29 01:20:00,8,,
1004,2024-02-29 01:20:00,8,,
1005,2024-02-29 01:20:00,8,,
1006,2024-02-29 01:20:00,8,,
792,2024-02-29 01:30:00,9,,
793,2024-02-29 01:30:00,9,,
794,2024-02-29 01:30:00,9,,
795,2024-02-29 01:30:00,9,,
796,2024-02-29 01:30:00,9,,
797,2024-02-29 01:30:00,9,,
798,2024-02-29 01:30:00,9,,
799,2024-02-29 01:30:00,9,,
800,2024-02-29 01:30:00,9,,
801,2024-02-29 01:30:00,9,,
802,2024-02-29 01:30:00,9,,
803,2024-02-29 01:30:00,9,,
804,2024-02-29 01:30:00,9,,
805,2024-02-29 01:30:00,9,,
806,2024-02-29 01:30:00,9,,
807,2024-02-29 01:30:00,9,,
808,2024-02-29 01:30:00,9,,
809,2024-02-29 01:30:00,9,,
810,2024-02-29 01:30:00,9,,
811,2024-02-29 01:30:00,9,,
812,2024-02-29 01:30:00,9,,
813,2024-02-29 01:30:00,9,,
814,2024-02-29 01:30:00,9,,
815,2024-02-29 01:30:00,9,,
816,2024-02-29 01:30:00,9,,
817,2024-02-29 01:30:00,9,,
818,2024-02-29 01:30:00,9,,
819,2024-02-29 01:30:00,9,,
820,2024-02-29 01:30:00,9,,
821,2024-02-29 01:30:00,9,,
822,2024-02-29 01:30:00,9,,
823,2024-02-29 01:30:00,9,,
824,2024-02-29 01:30:00,9,,
825,2024-02-29 01:30:00,9,,
826,2024-02-29 01:30:00,9,,
827,2024-02-29 01:30:00,9,,
828,2024-02-29 01:30:00,9,,
829,2024-02-29 01:30:00,9,,
830,2024-02-29 01:30:00,9,,
831,2024-02-29 01:30:00,9,,
832,2024-02-29 01:30:00,9,,
833,2024-02-29 01:30:00,9,,
834,2024-02-29 01:30:00,9,,
835,2024-02-29 01:30:00,9,,
836,2024-02-29 01:30:00,9,,
837,2024-02-29 01:30:00,9,,
838,2024-02-29 01:30:00,9,,
839,2024-02-29 01:30:00,9,,
840,2024-02-29 01:30:00,9,,
841,2024-02-29 01:30:00,9,,
842,2024-02-29 01:30:00,9,,
843,2024-02-29 01:30:00,9,,
844,2024-02-29 01:30:00,9,,
845,2024-02-29 01:30:00,9,,
846,2024-02-29 01:30:00,9,,
847,2024-02-29 01:30:00,9,,
848,2024-02-29 01:30:00,9,,
849,2024-02-29 01:30:00,9,,
850,2024-02-29 01:30:00,9,,
851,2024-02-29 01:30:00,9,,
852,2024-02-29 01:30:00,9,,
853,2024-02-29 01:30:00,9,,
854,2024-02-29 01:30:00,9,,
855,2024-02-29 01:30:00,9,,
856,2024-02-29 01:30:00,9,,
857,2024-02-29 01:30:00,9,,
858,2024-02-29 01:30:00,9,,
859,2024-02-29 01:30:00,9,,
860,2024-02-29 01:30:00,9,,
861,2024-02-29 01:30:00,9,,
862,2024-02-29 01:30:00,9,,
863,2024-02-29 01:30:00,9,,
864,2024-02-29 01:30:00,9,,
865,2024-02-29 01:30:00,9,,
866,2024-02-29 01:30:00,9,,
867,2024-02-29 01:30:00,9,,
868,2024-02-29 01:30:00,9,,
869,2024-02-29 01:30:00,9,,
870,2024-02-29 01:30:00,9,,
871,2024-02-29 01:30:00,9,,
872,2024-02-29 01:30:00,9,,
873,2024-02-29 01:30:00,9,,
874,2024-02-29 01:30:00,9,,
875,2024-02-29 01:30:00,9,,
876,2024-02-29 01:30:00,9,,
877,2024-02-29 01:30:00,9,,
878,2024-02-29 01:30:00,9,,
879,2024-02-29 01:30:00,9,,
880,2024-02-29 01:30:00,9,,
881,2024-02-29 01:30:00,9,,
882,2024-02-29 01:30:00,9,,
883,2024-02-29 01:30:00,9,,
884,2024-02-29 01:30:00,9,,
885,2024-02-29 01:30:00,9,,
886,2024-02-29 01:30:00,9,,
887,2024-02-29 01:30:00,9,,
888,2024-02-29 01:30:00,9,,
889,2024-02-29 01:30:00,9,,
890,2024-02-29 01:30:00,9,,
891,2024-02-29 01:30:00,9,,
892,2024-02-29 01:30:00,9,,
893,2024-02-29 01:30:00,9,,
894,2024-02-29 01:30:00,9,,
895,2024-02-29 01:30:00,9,,
896,2024-02-29 01:30:00,9,,
897,2024-02-29 01:30:00,9,,
898,2024-02-29 01:30:00,9,,
899,2024-02-29 01:30:00,9,,
900,2024-02-29 01:30:00,9,,
901,2024-02-29 01:30:00,9,,
902,2024-02-29 01:30:00,9,,
903,2024-02-29 01:30:00,9,,
904,2024-02-29 01:30:00,9,,
905,2024-02-29 01:30:00,9,,
906,2024-02-29 01:30:00,9,,
907,2024-02-29 01:30:00,9,,
908,2024-02-29 01:30:00,9,,
909,2024-02-29 01:30:00,9,,
910,2024-02-29 01:30:00,9,,
911,2024-02-29 01:30:00,9,,
912,2024-02-29 01:30:00,9,,
913,2024-02-29 01:30:00,9,,
914,2024-02-29 01:30:00,9,,
915,2024-02-29 01:30:00,9,,
916,2024-02-29 01:30:00,9,,
917,2024-02-29 01:30:00,9,,
918,2024-02-29 01:30:00,9,,
919,2024-02-29 01:30:00,9,,
920,2024-02-29 01:30:00,9,,
921,2024-02-29 01:30:00,9,,
922,2024-02-29 01:30:00,9,,
923,2024-02-29 01:30:00,9,,
924,2024-02-29 01:30:00,9,,
925,2024-02-29 01:30:00,9,,
926,2024-02-29 01:30:00,9,,
927,2024-02-29 01:30:00,9,,
928,2024-02-29 01:30:00,9,,
929,2024-02-29 01:30:00,9,,
930,2024-02-29 01:30:00,9,,
931,2024-02-29 01:30:00,9,,
932,2024-02-29 01:30:00,9,,
933,2024-02-29 01:30:00,9,,
934,2024-02-29 01:30:00,9,,
935,2024-02-29 01:30:00,9,,
936,2024-02-29 01:30:00,9,,
937,2024-02-29 01:30:00,9,,
938,2024-02-29 01:30:00,9,,
939,2024-02-29 01:30:00,9,,
940,2024-02-29 01:30:00,9,,
941,2024-02-29 01:30:00,9,,
942,2024-02-29 01:30:00,9,,
943,2024-02-29 01:30:00,9,,
944,2024-02-29 01:30:00,9,,
945,2024-02-29 01:30:00,9,,
946,2024-02-29 01:30:00,9,,
947,2024-02-29 01:30:00,9,,
948,2024-02-29 01:30:00,9,,
949,2024-02-29 01:30:00,9,,
950,2024-02-29 01:30:00,9,,
951,2024-02-29 01:30:00,9,,
952,2024-02-29 01:30:00,9,,
953,2024-02-29 01:30:00,9,,
954,2024-02-29 01:30:00,9,,
955,2024-02-29 01:30:00,9,,
956,2024-02-29 01:30:00,9,,
957,2024-02-29 01:30:00,9,,
958,2024-02-29 01:30:00,9,,
959,2024-02-29 01:30:00,9,,
960,2024-02-29 01:30:00,9,,
961,2024-02-29 01:30:00,9,,
962,2024-02-29 01:30:00,9,,
963,2024-02-29 01:30:00,9,,
964,2024-02-29 01:30:00,9,,
965,2024-02-29 01:30:00,9,,
966,2024-02-29 01:30:00,9,,
967,2024-02-29 01:30:00,9,,
968,2024-02-29 01:30:00,9,,
969,2024-02-29 01:30:00,9,,
970,2024-02-29 01:30:00,9,,
971,2024-02-29 01:30:00,9,,
972,2024-02-29 01:30:00,9,,
973,2024-02-29 01:30:00,9,,
974,2024-02-29 01:30:00,9,,
975,2024-02-29 01:30:00,9,,
976,2024-02-29 01:30:00,9,,
977,2024-02-29 01:30:00,9,,
978,2024-02-29 01:30:00,9,,
979,2024-02-29 01:30:00,9,,
980,2024-02-29 01:30:00,9,,
981,2024-02-29 01:30:00,9,,
982,2024-02-29 01:30:00,9,,
983,2024-02-29 01:30:00,9,,
984,2024-02-29 01:30:00,9,,
985,2024-02-29 01:30:00,9,,
986,2024-02-29 01:30:00,9,,
987,2024-02-29 01:30:00,9,,
988,2024-02-29 01:30:00,9,,
989,2024-02-29 01:30:00,9,,
990,2024-02-29 01:30:00,9,,
991,2024-02-29 01:30:00,9,,
992,2024-02-29 01:30:00,9,,
993,2024-02-29 01:30:00,9,,
994,2024-02-29 01:30:00,9,,
995,2024-02-29 01:30:00,9,,
996,2024-02-29 01:30:00,9,,
997,2024-02-29 01:30:00,9,,
998,2024-02-29 01:30:00,9,,
999,2024-02-29 01:30:00,9,,
1000,2024-02-29 01:30:00,9,,
1001,2024-02-29 01:30:00,9,,
1002,2024-02-29 01:30:00,9,,
1003,2024-02-29 01:30:00,9,,
1004,2024-02-29 01:30:00,9,,
1005,2024-02-29 01:30:00,9,,
1006,2024-02-29 01:30:00,9,,
792,2024-02-29 01:40:00,10,,
793,2024-02-29 01:40:00,10,,
794,2024-02-29 01:40:00,10,,
795,2024-02-29 01:40:00,10,,
796,2024-02-29 01:40:00,10,,
797,2024-02-29 01:40:00,10,,
798,2024-02-29 01:40:00,10,,
799,2024-02-29 01:40:00,10,,
800,2024-02-29 01:40:00,10,,
801,2024-02-29 01:40:00,10,,
802,2024-02-29 01:40:00,10,,
803,2024-02-29 01:40:00,10,,
804,2024-02-29 01:40:00,10,,
805,2024-02-29 01:40:00,10,,
806,2024-02-29 01:40:00,10,,
807,2024-02-29 01:40:00,10,,
808,2024-02-29 01:40:00,10,,
809,2024-02-29 01:40:00,10,,
810,2024-02-29 01:40:00,10,,
811,2024-02-29 01:40:00,10,,
812,2024-02-29 01:40:00,10,,
813,2024-02-29 01:40:00,10,,
814,2024-02-29 01:40:00,10,,
815,2024-02-29 01:40:00,10,,
816,2024-02-29 01:40:00,10,,
817,2024-02-29 01:40:00,10,,
818,2024-02-29 01:40:00,10,,
819,2024-02-29 01:40:00,10,,
820,2024-02-29 01:40:00,10,,
821,2024-02-29 01:40:00,10,,
822,2024-02-29 01:40:00,10,,
823,2024-02-29 01:40:00,10,,
824,2024-02-29 01:40:00,10,,
825,2024-02-29 01:40:00,10,,
826,2024-02-29 01:40:00,10,,
827,2024-02-29 01:40:00,10,,
828,2024-02-29 01:40:00,10,,
829,2024-02-29 01:40:00,10,,
830,2024-02-29 01:40:00,10,,
831,2024-02-29 01:40:00,10,,
832,2024-02-29 01:40:00,10,,
833,2024-02-29 01:40:00,10,,
834,2024-02-29 01:40:00,10,,
835,2024-02-29 01:40:00,10,,
836,2024-02-29 01:40:00,10,,
837,2024-02-29 01:40:00,10,,
838,2024-02-29 01:40:00,10,,
839,2024-02-29 01:40:00,10,,
840,2024-02-29 01:40:00,10,,
841,2024-02-29 01:40:00,10,,
842,2024-02-29 01:40:00,10,,
843,2024-02-29 01:40:00,10,,
844,2024-02-29 01:40:00,10,,
845,2024-02-29 01:40:00,10,,
846,2024-02-29 01:40:00,10,,
847,2024-02-29 01:40:00,10,,
848,2024-02-29 01:40:00,10,,
849,2024-02-29 01:40:00,10,,
850,2024-02-29 01:40:00,10,,
851,2024-02-29 01:40:00,10,,
852,2024-02-29 01:40:00,10,,
853,2024-02-29 01:40:00,10,,
854,2024-02-29 01:40:00,10,,
855,2024-02-29 01:40:00,10,,
856,2024-02-29 01:40:00,10,,
857,2024-02-29 01:40:00,10,,
858,2024-02-29 01:40:00,10,,
859,2024-02-29 01:40:00,10,,
860,2024-02-29 01:40:00,10,,
861,2024-02-29 01:40:00,10,,
862,2024-02-29 01:40:00,10,,
863,2024-02-29 01:40:00,10,,
864,2024-02-29 01:40:00,10,,
865,2024-02-29 01:40:00,10,,
866,2024-02-29 01:40:00,10,,
867,2024-02-29 01:40:00,10,,
868,2024-02-29 01:40:00,10,,
869,2024-02-29 01:40:00,10,,
870,2024-02-29 01:40:00,10,,
871,2024-02-29 01:40:00,10,,
872,2024-02-29 01:40:00,10,,
873,2024-02-29 01:40:00,10,,
874,2024-02-29 01:40:00,10,,
875,2024-02-29 01:40:00,10,,
876,2024-02-29 01:40:00,10,,
877,2024-02-29 01:40:00,10,,
878,2024-02-29 01:40:00,10,,
879,2024-02-29 01:40:00,10,,
880,2024-02-29 01:40:00,10,,
881,2024-02-29 01:40:00,10,,
882,2024-02-29 01:40:00,10,,
883,2024-02-29 01:40:00,10,,
884,2024-02-29 01:40:00,10,,
885,2024-02-29 01:40:00,10,,
886,2024-02-29 01:40:00,10,,
887,2024-02-29 01:40:00,10,,
888,2024-02-29 01:40:00,10,,
889,2024-02-29 01:40:00,10,,
890,2024-02-29 01:40:00,10,,
891,2024-02-29 01:40:00,10,,
892,2024-02-29 01:40:00,10,,
893,2024-02-29 01:40:00,10,,
894,2024-02-29 01:40:00,10,,
895,2024-02-29 01:40:00,10,,
896,2024-02-29 01:40:00,10,,
897,2024-02-29 01:40:00,10,,
898,2024-02-29 01:40:00,10,,
899,2024-02-29 01:40:00,10,,
900,2024-02-29 01:40:00,10,,
901,2024-02-29 01:40:00,10,,
902,2024-02-29 01:40:00,10,,
903,2024-02-29 01:40:00,10,,
904,2024-02-29 01:40:00,10,,
905,2024-02-29 01:40:00,10,,
906,2024-02-29 01:40:00,10,,
907,2024-02-29 01:40:00,10,,
908,2024-02-29 01:40:00,10,,
909,2024-02-29 01:40:00,10,,
910,2024-02-29 01:40:00,10,,
911,2024-02-29 01:40:00,10,,
912,2024-02-29 01:40:00,10,,
913,2024-02-29 01:40:00,10,,
914,2024-02-29 01:40:00,10,,
915,2024-02-29 01:40:00,10,,
916,2024-02-29 01:40:00,10,,
917,2024-02-29 01:40:00,10,,
918,2024-02-29 01:40:00,10,,
919,2024-02-29 01:40:00,10,,
920,2024-02-29 01:40:00,10,,
921,2024-02-29 01:40:00,10,,
922,2024-02-29 01:40:00,10,,
923,2024-02-29 01:40:00,10,,
924,2024-02-29 01:40:00,10,,
925,2024-02-29 01:40:00,10,,
926,2024-02-29 01:40:00,10,,
927,2024-02-29 01:40:00,10,,
928,2024-02-29 01:40:00,10,,
929,2024-02-29 01:40:00,10,,
930,2024-02-29 01:40:00,10,,
931,2024-02-29 01:40:00,10,,
932,2024-02-29 01:40:00,10,,
933,2024-02-29 01:40:00,10,,
934,2024-02-29 01:40:00,10,,
935,2024-02-29 01:40:00,10,,
936,2024-02-29 01:40:00,10,,
937,2024-02-29 01:40:00,10,,
938,2024-02-29 01:40:00,10,,
939,2024-02-29 01:40:00,10,,
940,2024-02-29 01:40:00,10,,
941,2024-02-29 01:40:00,10,,
942,2024-02-29 01:40:00,10,,
943,2024-02-29 01:40:00,10,,
944,2024-02-29 01:40:00,10,,
945,2024-02-29 01:40:00,10,,
946,2024-02-29 01:40:00,10,,
947,2024-02-29 01:40:00,10,,
948,2024-02-29 01:40:00,10,,
949,2024-02-29 01:40:00,10,,
950,2024-02-29 01:40:00,10,,
951,2024-02-29 01:40:00,10,,
952,2024-02-29 01:40:00,10,,
953,2024-02-29 01:40:00,10,,
954,2024-02-29 01:40:00,10,,
955,2024-02-29 01:40:00,10,,
956,2024-02-29 01:40:00,10,,
957,2024-02-29 01:40:00,10,,
958,2024-02-29 01:40:00,10,,
959,2024-02-29 01:40:00,10,,
960,2024-02-29 01:40:00,10,,
961,2024-02-29 01:40:00,10,,
962,2024-02-29 01:40:00,10,,
963,2024-02-29 01:40:00,10,,
964,2024-02-29 01:40:00,10,,
965,2024-02-29 01:40:00,10,,
966,2024-02-29 01:40:00,10,,
967,2024-02-29 01:40:00,10,,
968,2024-02-29 01:40:00,10,,
969,2024-02-29 01:40:00,10,,
970,2024-02-29 01:40:00,10,,
971,2024-02-29 01:40:00,10,,
972,2024-02-29 01:40:00,10,,
973,2024-02-29 01:40:00,10,,
974,2024-02-29 01:40:00,10,,
975,2024-02-29 01:40:00,10,,
976,2024-02-29 01:40:00,10,,
977,2024-02-29 01:40:00,10,,
978,2024-02-29 01:40:00,10,,
979,2024-02-29 01:40:00,10,,
980,2024-02-29 01:40:00,10,,
981,2024-02-29 01:40:00,10,,
982,2024-02-29 01:40:00,10,,
983,2024-02-29 01:40:00,10,,
984,2024-02-29 01:40:00,10,,
985,2024-02-29 01:40:00,10,,
986,2024-02-29 01:40:00,10,,
987,2024-02-29 01:40:00,10,,
988,2024-02-29 01:40:00,10,,
989,2024-02-29 01:40:00,10,,
990,2024-02-29 01:40:00,10,,
991,2024-02-29 01:40:00,10,,
992,2024-02-29 01:40:00,10,,
993,2024-02-29 01:40:00,10,,
994,2024-02-29 01:40:00,10,,
995,2024-02-29 01:40:00,10,,
996,2024-02-29 01:40:00,10,,
997,2024-02-29 01:40:00,10,,
998,2024-02-29 01:40:00,10,,
999,2024-02-29 01:40:00,10,,
1000,2024-02-29 01:40:00,10,,
1001,2024-02-29 01:40:00,10,,
1002,2024-02-29 01:40:00,10,,
1003,2024-02-29 01:40:00,10,,
1004,2024-02-29 01:40:00,10,,
1005,2024-02-29 01:40:00,10,,
1006,2024-02-29 01:40:00,10,,
792,2024-02-29 01:50:00,11,,
793,2024-02-29 01:50:00,11,,
794,2024-02-29 01:50:00,11,,
795,2024-02-29 01:50:00,11,,
796,2024-02-29 01:50:00,11,,
797,2024-02-29 01:50:00,11,,
798,2024-02-29 01:50:00,11,,
799,2024-02-29 01:50:00,11,,
800,2024-02-29 01:50:00,11,,
801,2024-02-29 01:50:00,11,,
802,2024-02-29 01:50:00,11,,
803,2024-02-29 01:50:00,11,,
804,2024-02-29 01:50:00,11,,
805,2024-02-29 01:50:00,11,,
806,2024-02-29 01:50:00,11,,
807,2024-02-29 01:50:00,11,,
808,2024-02-29 01:50:00,11,,
809,2024-02-29 01:50:00,11,,
810,2024-02-29 01:50:00,11,,
811,2024-02-29 01:50:00,11,,
812,2024-02-29 01:50:00,11,,
813,2024-02-29 01:50:00,11,,
814,2024-02-29 01:50:00,11,,
815,2024-02-29 01:50:00,11,,
816,2024-02-29 01:50:00,11,,
817,2024-02-29 01:50:00,11,,
818,2024-02-29 01:50:00,11,,
819,2024-02-29 01:50:00,11,,
820,2024-02-29 01:50:00,11,,
821,2024-02-29 01:50:00,11,,
822,2024-02-29 01:50:00,11,,
823,2024-02-29 01:50:00,11,,
824,2024-02-29 01:50:00,11,,
825,2024-02-29 01:50:00,11,,
826,2024-02-29 01:50:00,11,,
827,2024-02-29 01:50:00,11,,
828,2024-02-29 01:50:00,11,,
829,2024-02-29 01:50:00,11,,
830,2024-02-29 01:50:00,11,,
831,2024-02-29 01:50:00,11,,
832,2024-02-29 01:50:00,11,,
833,2024-02-29 01:50:00,11,,
834,2024-02-29 01:50:00,11,,
835,2024-02-29 01:50:00,11,,
836,2024-02-29 01:50:00,11,,
837,2024-02-29 01:50:00,11,,
838,2024-02-29 01:50:00,11,,
839,2024-02-29 01:50:00,11,,
840,2024-02-29 01:50:00,11,,
841,2024-02-29 01:50:00,11,,
842,2024-02-29 01:50:00,11,,
843,2024-02-29 01:50:00,11,,
844,2024-02-29 01:50:00,11,,
845,2024-02-29 01:50:00,11,,
846,2024-02-29 01:50:00,11,,
847,2024-02-29 01:50:00,11,,
848,2024-02-29 01:50:00,11,,
849,2024-02-29 01:50:00,11,,
850,2024-02-29 01:50:00,11,,
851,2024-02-29 01:50:00,11,,
852,2024-02-29 01:50:00,11,,
853,2024-02-29 01:50:00,11,,
854,2024-02-29 01:50:00,11,,
855,2024-02-29 01:50:00,11,,
856,2024-02-29 01:50:00,11,,
857,2024-02-29 01:50:00,11,,
858,2024-02-29 01:50:00,11,,
859,2024-02-29 01:50:00,11,,
860,2024-02-29 01:50:00,11,,
861,2024-02-29 01:50:00,11,,
862,2024-02-29 01:50:00,11,,
863,2024-02-29 01:50:00,11,,
864,2024-02-29 01:50:00,11,,
865,2024-02-29 01:50:00,11,,
866,2024-02-29 01:50:00,11,,
867,2024-02-29 01:50:00,11,,
868,2024-02-29 01:50:00,11,,
869,2024-02-29 01:50:00,11,,
870,2024-02-29 01:50:00,11,,
871,2024-02-29 01:50:00,11,,
872,2024-02-29 01:50:00,11,,
873,2024-02-29 01:50:00,11,,
874,2024-02-29 01:50:00,11,,
875,2024-02-29 01:50:00,11,,
876,2024-02-29 01:50:00,11,,
877,2024-02-29 01:50:00,11,,
878,2024-02-29 01:50:00,11,,
879,2024-02-29 01:50:00,11,,
880,2024-02-29 01:50:00,11,,
881,2024-02-29 01:50:00,11,,
882,2024-02-29 01:50:00,11,,
883,2024-02-29 01:50:00,11,,
884,2024-02-29 01:50:00,11,,
885,2024-02-29 01:50:00,11,,
886,2024-02-29 01:50:00,11,,
887,2024-02-29 01:50:00,11,,
888,2024-02-29 01:50:00,11,,
889,2024-02-29 01:50:00,11,,
890,2024-02-29 01:50:00,11,,
891,2024-02-29 01:50:00,11,,
892,2024-02-29 01:50:00,11,,
893,2024-02-29 01:50:00,11,,
894,2024-02-29 01:50:00,11,,
895,2024-02-29 01:50:00,11,,
896,2024-02-29 01:50:00,11,,
897,2024-02-29 01:50:00,11,,
898,2024-02-29 01:50:00,11,,
899,2024-02-29 01:50:00,11,,
900,2024-02-29 01:50:00,11,,
901,2024-02-29 01:50:00,11,,
902,2024-02-29 01:50:00,11,,
903,2024-02-29 01:50:00,11,,
904,2024-02-29 01:50:00,11,,
905,2024-02-29 01:50:00,11,,
906,2024-02-29 01:50:00,11,,
907,2024-02-29 01:50:00,11,,
908,2024-02-29 01:50:00,11,,
909,2024-02-29 01:50:00,11,,
910,2024-02-29 01:50:00,11,,
911,2024-02-29 01:50:00,11,,
912,2024-02-29 01:50:00,11,,
913,2024-02-29 01:50:00,11,,
914,2024-02-29 01:50:00,11,,
915,2024-02-29 01:50:00,11,,
916,2024-02-29 01:50:00,11,,
917,2024-02-29 01:50:00,11,,
918,2024-02-29 01:50:00,11,,
919,2024-02-29 01:50:00,11,,
920,2024-02-29 01:50:00,11,,
921,2024-02-29 01:50:00,11,,
922,2024-02-29 01:50:00,11,,
923,2024-02-29 01:50:00,11,,
924,2024-02-29 01:50:00,11,,
925,2024-02-29 01:50:00,11,,
926,2024-02-29 01:50:00,11,,
927,2024-02-29 01:50:00,11,,
928,2024-02-29 01:50:00,11,,
929,2024-02-29 01:50:00,11,,
930,2024-02-29 01:50:00,11,,
931,2024-02-29 01:50:00,11,,
932,2024-02-29 01:50:00,11,,
933,2024-02-29 01:50:00,11,,
934,2024-02-29 01:50:00,11,,
935,2024-02-29 01:50:00,11,,
936,2024-02-29 01:50:00,11,,
937,2024-02-29 01:50:00,11,,
938,2024-02-29 01:50:00,11,,
939,2024-02-29 01:50:00,11,,
940,2024-02-29 01:50:00,11,,
941,2024-02-29 01:50:00,11,,
942,2024-02-29 01:50:00,11,,
943,2024-02-29 01:50:00,11,,
944,2024-02-29 01:50:00,11,,
945,2024-02-29 01:50:00,11,,
946,2024-02-29 01:50:00,11,,
947,2024-02-29 01:50:00,11,,
948,2024-02-29 01:50:00,11,,
949,2024-02-29 01:50:00,11,,
950,2024-02-29 01:50:00,11,,
951,2024-02-29 01:50:00,11,,
952,2024-02-29 01:50:00,11,,
953,2024-02-29 01:50:00,11,,
954,2024-02-29 01:50:00,11,,
955,2024-02-29 01:50:00,11,,
956,2024-02-29 01:50:00,11,,
957,2024-02-29 01:50:00,11,,
958,2024-02-29 01:50:00,11,,
959,2024-02-29 01:50:00,11,,
960,2024-02-29 01:50:00,11,,
961,2024-02-29 01:50:00,11,,
962,2024-02-29 01:50:00,11,,
963,2024-02-29 01:50:00,11,,
964,2024-02-29 01:50:00,11,,
965,2024-02-29 01:50:00,11,,
966,2024-02-29 01:50:00,11,,
967,2024-02-29 01:50:00,11,,
968,2024-02-29 01:50:00,11,,
969,2024-02-29 01:50:00,11,,
970,2024-02-29 01:50:00,11,,
971,2024-02-29 01:50:00,11,,
972,2024-02-29 01:50:00,11,,
973,2024-02-29 01:50:00,11,,
974,2024-02-29 01:50:00,11,,
975,2024-02-29 01:50:00,11,,
976,2024-02-29 01:50:00,11,,
977,2024-02-29 01:50:00,11,,
978,2024-02-29 01:50:00,11,,
979,2024-02-29 01:50:00,11,,
980,2024-02-29 01:50:00,11,,
981,2024-02-29 01:50:00,11,,
982,2024-02-29 01:50:00,11,,
983,2024-02-29 01:50:00,11,,
984,2024-02-29 01:50:00,11,,
985,2024-02-29 01:50:00,11,,
986,2024-02-29 01:50:00,11,,
987,2024-02-29 01:50:00,11,,
988,2024-02-29 01:50:00,11,,
989,2024-02-29 01:50:00,11,,
990,2024-02-29 01:50:00,11,,
991,2024-02-29 01:50:00,11,,
992,2024-02-29 01:50:00,11,,
993,2024-02-29 01:50:00,11,,
994,2024-02-29 01:50:00,11,,
995,2024-02-29 01:50:00,11,,
996,2024-02-29 01:50:00,11,,
997,2024-02-29 01:50:00,11,,
998,2024-02-29 01:50:00,11,,
999,2024-02-29 01:50:00,11,,
1000,2024-02-29 01:50:00,11,,
1001,2024-02-29 01:50:00,11,,
1002,2024-02-29 01:50:00,11,,
1003,2024-02-29 01:50:00,11,,
1004,2024-02-29 01:50:00,11,,
1005,2024-02-29 01:50:00,11,,
1006,2024-02-29 01:50:00,11,,
792,2024-02-29 02:00:00,12,,
793,2024-02-29 02:00:00,12,,
794,2024-02-29 02:00:00,12,,
795,2024-02-29 02:00:00,12,,
796,2024-02-29 02:00:00,12,,
797,2024-02-29 02:00:00,12,,
798,2024-02-29 02:00:00,12,,
799,2024-02-29 02:00:00,12,,
800,2024-02-29 02:00:00,12,,
801,2024-02-29 02:00:00,12,,
802,2024-02-29 02:00:00,12,,
803,2024-02-29 02:00:00,12,,
804,2024-02-29 02:00:00,12,,
805,2024-02-29 02:00:00,12,,
806,2024-02-29 02:00:00,12,,
807,2024-02-29 02:00:00,12,,
808,2024-02-29 02:00:00,12,,
809,2024-02-29 02:00:00,12,,
810,2024-02-29 02:00:00,12,,
811,2024-02-29 02:00:00,12,,
812,2024-02-29 02:00:00,12,,
813,2024-02-29 02:00:00,12,,
814,2024-02-29 02:00:00,12,,
815,2024-02-29 02:00:00,12,,
816,2024-02-29 02:00:00,12,,
817,2024-02-29 02:00:00,12,,
818,2024-02-29 02:00:00,12,,
819,2024-02-29 02:00:00,12,,
820,2024-02-29 02:00:00,12,,
821,2024-02-29 02:00:00,12,,
822,2024-02-29 02:00:00,12,,
823,2024-02-29 02:00:00,12,,
824,2024-02-29 02:00:00,12,,
825,2024-02-29 02:00:00,12,,
826,2024-02-29 02:00:00,12,,
827,2024-02-29 02:00:00,12,,
828,2024-02-29 02:00:00,12,,
829,2024-02-29 02:00:00,12,,
830,2024-02-29 02:00:00,12,,
831,2024-02-29 02:00:00,12,,
832,2024-02-29 02:00:00,12,,
833,2024-02-29 02:00:00,12,,
834,2024-02-29 02:00:00,12,,
835,2024-02-29 02:00:00,12,,
836,2024-02-29 02:00:00,12,,
837,2024-02-29 02:00:00,12,,
838,2024-02-29 02:00:00,12,,
839,2024-02-29 02:00:00,12,,
840,2024-02-29 02:00:00,12,,
841,2024-02-29 02:00:00,12,,
842,2024-02-29 02:00:00,12,,
843,2024-02-29 02:00:00,12,,
844,2024-02-29 02:00:00,12,,
845,2024-02-29 02:00:00,12,,
846,2024-02-29 02:00:00,12,,
847,2024-02-29 02:00:00,12,,
848,2024-02-29 02:00:00,12,,
849,2024-02-29 02:00:00,12,,
850,2024-02-29 02:00:00,12,,
851,2024-02-29 02:00:00,12,,
852,2024-02-29 02:00:00,12,,
853,2024-02-29 02:00:00,12,,
854,2024-02-29 02:00:00,12,,
855,2024-02-29 02:00:00,12,,
856,2024-02-29 02:00:00,12,,
857,2024-02-29 02:00:00,12,,
858,2024-02-29 02:00:00,12,,
859,2024-02-29 02:00:00,12,,
860,2024-02-29 02:00:00,12,,
861,2024-02-29 02:00:00,12,,
862,2024-02-29 02:00:00,12,,
863,2024-02-29 02:00:00,12,,
864,2024-02-29 02:00:00,12,,
865,2024-02-29 02:00:00,12,,
866,2024-02-29 02:00:00,12,,
867,2024-02-29 02:00:00,12,,
868,2024-02-29 02:00:00,12,,
869,2024-02-29 02:00:00,12,,
870,2024-02-29 02:00:00,12,,
871,2024-02-29 02:00:00,12,,
872,2024-02-29 02:00:00,12,,
873,2024-02-29 02:00:00,12,,
874,2024-02-29 02:00:00,12,,
875,2024-02-29 02:00:00,12,,
876,2024-02-29 02:00:00,12,,
877,2024-02-29 02:00:00,12,,
878,2024-02-29 02:00:00,12,,
879,2024-02-29 02:00:00,12,,
880,2024-02-29 02:00:00,12,,
881,2024-02-29 02:00:00,12,,
882,2024-02-29 02:00:00,12,,
883,2024-02-29 02:00:00,12,,
884,2024-02-29 02:00:00,12,,
885,2024-02-29 02:00:00,12,,
886,2024-02-29 02:00:00,12,,
887,2024-02-29 02:00:00,12,,
888,2024-02-29 02:00:00,12,,
889,2024-02-29 02:00:00,12,,
890,2024-02-29 02:00:00,12,,
891,2024-02-29 02:00:00,12,,
892,2024-02-29 02:00:00,12,,
893,2024-02-29 02:00:00,12,,
894,2024-02-29 02:00:00,12,,
895,2024-02-29 02:00:00,12,,
896,2024-02-29 02:00:00,12,,
897,2024-02-29 02:00:00,12,,
898,2024-02-29 02:00:00,12,,
899,2024-02-29 02:00:00,12,,
900,2024-02-29 02:00:00,12,,
901,2024-02-29 02:00:00,12,,
902,2024-02-29 02:00:00,12,,
903,2024-02-29 02:00:00,12,,
904,2024-02-29 02:00:00,12,,
905,2024-02-29 02:00:00,12,,
906,2024-02-29 02:00:00,12,,
907,2024-02-29 02:00:00,12,,
908,2024-02-29 02:00:00,12,,
909,2024-02-29 02:00:00,12,,
910,2024-02-29 02:00:00,12,,
911,2024-02-29 02:00:00,12,,
912,2024-02-29 02:00:00,12,,
913,2024-02-29 02:00:00,12,,
914,2024-02-29 02:00:00,12,,
915,2024-02-29 02:00:00,12,,
916,2024-02-29 02:00:00,12,,
917,2024-02-29 02:00:00,12,,
918,2024-02-29 02:00:00,12,,
919,2024-02-29 02:00:00,12,,
920,2024-02-29 02:00:00,12,,
921,2024-02-29 02:00:00,12,,
922,2024-02-29 02:00:00,12,,
923,2024-02-29 02:00:00,12,,
924,2024-02-29 02:00:00,12,,
925,2024-02-29 02:00:00,12,,
926,2024-02-29 02:00:00,12,,
927,2024-02-29 02:00:00,12,,
928,2024-02-29 02:00:00,12,,
929,2024-02-29 02:00:00,12,,
930,2024-02-29 02:00:00,12,,
931,2024-02-29 02:00:00,12,,
932,2024-02-29 02:00:00,12,,
933,2024-02-29 02:00:00,12,,
934,2024-02-29 02:00:00,12,,
935,2024-02-29 02:00:00,12,,
936,2024-02-29 02:00:00,12,,
937,2024-02-29 02:00:00,12,,
938,2024-02-29 02:00:00,12,,
939,2024-02-29 02:00:00,12,,
940,2024-02-29 02:00:00,12,,
941,2024-02-29 02:00:00,12,,
942,2024-02-29 02:00:00,12,,
943,2024-02-29 02:00:00,12,,
944,2024-02-29 02:00:00,12,,
945,2024-02-29 02:00:00,12,,
946,2024-02-29 02:00:00,12,,
947,2024-02-29 02:00:00,12,,
948,2024-02-29 02:00:00,12,,
949,2024-02-29 02:00:00,12,,
950,2024-02-29 02:00:00,12,,
951,2024-02-29 02:00:00,12,,
952,2024-02-29 02:00:00,12,,
953,2024-02-29 02:00:00,12,,
954,2024-02-29 02:00:00,12,,
955,2024-02-29 02:00:00,12,,
956,2024-02-29 02:00:00,12,,
957,2024-02-29 02:00:00,12,,
958,2024-02-29 02:00:00,12,,
959,2024-02-29 02:00:00,12,,
960,2024-02-29 02:00:00,12,,
961,2024-02-29 02:00:00,12,,
962,2024-02-29 02:00:00,12,,
963,2024-02-29 02:00:00,12,,
964,2024-02-29 02:00:00,12,,
965,2024-02-29 02:00:00,12,,
966,2024-02-29 02:00:00,12,,
967,2024-02-29 02:00:00,12,,
968,2024-02-29 02:00:00,12,,
969,2024-02-29 02:00:00,12,,
970,2024-02-29 02:00:00,12,,
971,2024-02-29 02:00:00,12,,
972,2024-02-29 02:00:00,12,,
973,2024-02-29 02:00:00,12,,
974,2024-02-29 02:00:00,12,,
975,2024-02-29 02:00:00,12,,
976,2024-02-29 02:00:00,12,,
977,2024-02-29 02:00:00,12,,
978,2024-02-29 02:00:00,12,,
979,2024-02-29 02:00:00,12,,
980,2024-02-29 02:00:00,12,,
981,2024-02-29 02:00:00,12,,
982,2024-02-29 02:00:00,12,,
983,2024-02-29 02:00:00,12,,
984,2024-02-29 02:00:00,12,,
985,2024-02-29 02:00:00,12,,
986,2024-02-29 02:00:00,12,,
987,2024-02-29 02:00:00,12,,
988,2024-02-29 02:00:00,12,,
989,2024-02-29 02:00:00,12,,
990,2024-02-29 02:00:00,12,,
991,2024-02-29 02:00:00,12,,
992,2024-02-29 02:00:00,12,,
993,2024-02-29 02:00:00,12,,
994,2024-02-29 02:00:00,12,,
995,2024-02-29 02:00:00,12,,
996,2024-02-29 02:00:00,12,,
997,2024-02-29 02:00:00,12,,
998,2024-02-29 02:00:00,12,,
999,2024-02-29 02:00:00,12,,
1000,2024-02-29 02:00:00,12,,
1001,2024-02-29 02:00:00,12,,
1002,2024-02-29 02:00:00,12,,
1003,2024-02-29 02:00:00,12,,
1004,2024-02-29 02:00:00,12,,
1005,2024-02-29 02:00:00,12,,
1006,2024-02-29 02:00:00,12,,
792,2024-02-29 02:10:00,13,,
793,2024-02-29 02:10:00,13,,
794,2024-02-29 02:10:00,13,,
795,2024-02-29 02:10:00,13,,
796,2024-02-29 02:10:00,13,,
797,2024-02-29 02:10:00,13,,
798,2024-02-29 02:10:00,13,,
799,2024-02-29 02:10:00,13,,
800,2024-02-29 02:10:00,13,,
801,2024-02-29 02:10:00,13,,
802,2024-02-29 02:10:00,13,,
803,2024-02-29 02:10:00,13,,
804,2024-02-29 02:10:00,13,,
805,2024-02-29 02:10:00,13,,
806,2024-02-29 02:10:00,13,,
807,2024-02-29 02:10:00,13,,
808,2024-02-29 02:10:00,13,,
809,2024-02-29 02:10:00,13,,
810,2024-02-29 02:10:00,13,,
811,2024-02-29 02:10:00,13,,
812,2024-02-29 02:10:00,13,,
813,2024-02-29 02:10:00,13,,
814,2024-02-29 02:10:00,13,,
815,2024-02-29 02:10:00,13,,
816,2024-02-29 02:10:00,13,,
817,2024-02-29 02:10:00,13,,
818,2024-02-29 02:10:00,13,,
819,2024-02-29 02:10:00,13,,
820,2024-02-29 02:10:00,13,,
821,2024-02-29 02:10:00,13,,
822,2024-02-29 02:10:00,13,,
823,2024-02-29 02:10:00,13,,
824,2024-02-29 02:10:00,13,,
825,2024-02-29 02:10:00,13,,
826,2024-02-29 02:10:00,13,,
827,2024-02-29 02:10:00,13,,
828,2024-02-29 02:10:00,13,,
829,2024-02-29 02:10:00,13,,
830,2024-02-29 02:10:00,13,,
831,2024-02-29 02:10:00,13,,
832,2024-02-29 02:10:00,13,,
833,2024-02-29 02:10:00,13,,
834,2024-02-29 02:10:00,13,,
835,2024-02-29 02:10:00,13,,
836,2024-02-29 02:10:00,13,,
837,2024-02-29 02:10:00,13,,
838,2024-02-29 02:10:00,13,,
839,2024-02-29 02:10:00,13,,
840,2024-02-29 02:10:00,13,,
841,2024-02-29 02:10:00,13,,
842,2024-02-29 02:10:00,13,,
843,2024-02-29 02:10:00,13,,
844,2024-02-29 02:10:00,13,,
845,2024-02-29 02:10:00,13,,
846,2024-02-29 02:10:00,13,,
847,2024-02-29 02:10:00,13,,
848,2024-02-29 02:10:00,13,,
849,2024-02-29 02:10:00,13,,
850,2024-02-29 02:10:00,13,,
851,2024-02-29 02:10:00,13,,
852,2024-02-29 02:10:00,13,,
853,2024-02-29 02:10:00,13,,
854,2024-02-29 02:10:00,13,,
855,2024-02-29 02:10:00,13,,
856,2024-02-29 02:10:00,13,,
857,2024-02-29 02:10:00,13,,
858,2024-02-29 02:10:00,13,,
859,2024-02-29 02:10:00,13,,
860,2024-02-29 02:10:00,13,,
861,2024-02-29 02:10:00,13,,
862,2024-02-29 02:10:00,13,,
863,2024-02-29 02:10:00,13,,
864,2024-02-29 02:10:00,13,,
865,2024-02-29 02:10:00,13,,
866,2024-02-29 02:10:00,13,,
867,2024-02-29 02:10:00,13,,
868,2024-02-29 02:10:00,13,,
869,2024-02-29 02:10:00,13,,
870,2024-02-29 02:10:00,13,,
871,2024-02-29 02:10:00,13,,
872,2024-02-29 02:10:00,13,,
873,2024-02-29 02:10:00,13,,
874,2024-02-29 02:10:00,13,,
875,2024-02-29 02:10:00,13,,
876,2024-02-29 02:10:00,13,,
877,2024-02-29 02:10:00,13,,
878,2024-02-29 02:10:00,13,,
879,2024-02-29 02:10:00,13,,
880,2024-02-29 02:10:00,13,,
881,2024-02-29 02:10:00,13,,
882,2024-02-29 02:10:00,13,,
883,2024-02-29 02:10:00,13,,
884,2024-02-29 02:10:00,13,,
885,2024-02-29 02:10:00,13,,
886,2024-02-29 02:10:00,13,,
887,2024-02-29 02:10:00,13,,
888,2024-02-29 02:10:00,13,,
889,2024-02-29 02:10:00,13,,
890,2024-02-29 02:10:00,13,,
891,2024-02-29 02:10:00,13,,
892,2024-02-29 02:10:00,13,,
893,2024-02-29 02:10:00,13,,
894,2024-02-29 02:10:00,13,,
895,2024-02-29 02:10:00,13,,
896,2024-02-29 02:10:00,13,,
897,2024-02-29 02:10:00,13,,
898,2024-02-29 02:10:00,13,,
899,2024-02-29 02:10:00,13,,
900,2024-02-29 02:10:00,13,,
901,2024-02-29 02:10:00,13,,
902,2024-02-29 02:10:00,13,,
903,2024-02-29 02:10:00,13,,
904,2024-02-29 02:10:00,13,,
905,2024-02-29 02:10:00,13,,
906,2024-02-29 02:10:00,13,,
907,2024-02-29 02:10:00,13,,
908,2024-02-29 02:10:00,13,,
909,2024-02-29 02:10:00,13,,
910,2024-02-29 02:10:00,13,,
911,2024-02-29 02:10:00,13,,
912,2024-02-29 02:10:00,13,,
913,2024-02-29 02:10:00,13,,
914,2024-02-29 02:10:00,13,,
915,2024-02-29 02:10:00,13,,
916,2024-02-29 02:10:00,13,,
917,2024-02-29 02:10:00,13,,
918,2024-02-29 02:10:00,13,,
919,2024-02-29 02:10:00,13,,
920,2024-02-29 02:10:00,13,,
921,2024-02-29 02:10:00,13,,
922,2024-02-29 02:10:00,13,,
923,2024-02-29 02:10:00,13,,
924,2024-02-29 02:10:00,13,,
925,2024-02-29 02:10:00,13,,
926,2024-02-29 02:10:00,13,,
927,2024-02-29 02:10:00,13,,
928,2024-02-29 02:10:00,13,,
929,2024-02-29 02:10:00,13,,
930,2024-02-29 02:10:00,13,,
931,2024-02-29 02:10:00,13,,
932,2024-02-29 02:10:00,13,,
933,2024-02-29 02:10:00,13,,
934,2024-02-29 02:10:00,13,,
935,2024-02-29 02:10:00,13,,
936,2024-02-29 02:10:00,13,,
937,2024-02-29 02:10:00,13,,
938,2024-02-29 02:10:00,13,,
939,2024-02-29 02:10:00,13,,
940,2024-02-29 02:10:00,13,,
941,2024-02-29 02:10:00,13,,
942,2024-02-29 02:10:00,13,,
943,2024-02-29 02:10:00,13,,
944,2024-02-29 02:10:00,13,,
945,2024-02-29 02:10:00,13,,
946,2024-02-29 02:10:00,13,,
947,2024-02-29 02:10:00,13,,
948,2024-02-29 02:10:00,13,,
949,2024-02-29 02:10:00,13,,
950,2024-02-29 02:10:00,13,,
951,2024-02-29 02:10:00,13,,
952,2024-02-29 02:10:00,13,,
953,2024-02-29 02:10:00,13,,
954,2024-02-29 02:10:00,13,,
955,2024-02-29 02:10:00,13,,
956,2024-02-29 02:10:00,13,,
957,2024-02-29 02:10:00,13,,
958,2024-02-29 02:10:00,13,,
959,2024-02-29 02:10:00,13,,
960,2024-02-29 02:10:00,13,,
961,2024-02-29 02:10:00,13,,
962,2024-02-29 02:10:00,13,,
963,2024-02-29 02:10:00,13,,
964,2024-02-29 02:10:00,13,,
965,2024-02-29 02:10:00,13,,
966,2024-02-29 02:10:00,13,,
967,2024-02-29 02:10:00,13,,
968,2024-02-29 02:10:00,13,,
969,2024-02-29 02:10:00,13,,
970,2024-02-29 02:10:00,13,,
971,2024-02-29 02:10:00,13,,
972,2024-02-29 02:10:00,13,,
973,2024-02-29 02:10:00,13,,
974,2024-02-29 02:10:00,13,,
975,2024-02-29 02:10:00,13,,
976,2024-02-29 02:10:00,13,,
977,2024-02-29 02:10:00,13,,
978,2024-02-29 02:10:00,13,,
979,2024-02-29 02:10:00,13,,
980,2024-02-29 02:10:00,13,,
981,2024-02-29 02:10:00,13,,
982,2024-02-29 02:10:00,13,,
983,2024-02-29 02:10:00,13,,
984,2024-02-29 02:10:00,13,,
985,2024-02-29 02:10:00,13,,
986,2024-02-29 02:10:00,13,,
987,2024-02-29 02:10:00,13,,
988,2024-02-29 02:10:00,13,,
989,2024-02-29 02:10:00,13,,
990,2024-02-29 02:10:00,13,,
991,2024-02-29 02:10:00,13,,
992,2024-02-29 02:10:00,13,,
993,2024-02-29 02:10:00,13,,
994,2024-02-29 02:10:00,13,,
995,2024-02-29 02:10:00,13,,
996,2024-02-29 02:10:00,13,,
997,2024-02-29 02:10:00,13,,
998,2024-02-29 02:10:00,13,,
999,2024-02-29 02:10:00,13,,
1000,2024-02-29 02:10:00,13,,
1001,2024-02-29 02:10:00,13,,
1002,2024-02-29 02:10:00,13,,
1003,2024-02-29 02:10:00,13,,
1004,2024-02-29 02:10:00,13,,
1005,2024-02-29 02:10:00,13,,
1006,2024-02-29 02:10:00,13,,
792,2024-02-29 02:20:00,14,,
793,2024-02-29 02:20:00,14,,
794,2024-02-29 02:20:00,14,,
795,2024-02-29 02:20:00,14,,
796,2024-02-29 02:20:00,14,,
797,2024-02-29 02:20:00,14,,
798,2024-02-29 02:20:00,14,,
799,2024-02-29 02:20:00,14,,
800,2024-02-29 02:20:00,14,,
801,2024-02-29 02:20:00,14,,
802,2024-02-29 02:20:00,14,,
803,2024-02-29 02:20:00,14,,
804,2024-02-29 02:20:00,14,,
805,2024-02-29 02:20:00,14,,
806,2024-02-29 02:20:00,14,,
807,2024-02-29 02:20:00,14,,
808,2024-02-29 02:20:00,14,,
809,2024-02-29 02:20:00,14,,
810,2024-02-29 02:20:00,14,,
811,2024-02-29 02:20:00,14,,
812,2024-02-29 02:20:00,14,,
813,2024-02-29 02:20:00,14,,
814,2024-02-29 02:20:00,14,,
815,2024-02-29 02:20:00,14,,
816,2024-02-29 02:20:00,14,,
817,2024-02-29 02:20:00,14,,
818,2024-02-29 02:20:00,14,,
819,2024-02-29 02:20:00,14,,
820,2024-02-29 02:20:00,14,,
821,2024-02-29 02:20:00,14,,
822,2024-02-29 02:20:00,14,,
823,2024-02-29 02:20:00,14,,
824,2024-02-29 02:20:00,14,,
825,2024-02-29 02:20:00,14,,
826,2024-02-29 02:20:00,14,,
827,2024-02-29 02:20:00,14,,
828,2024-02-29 02:20:00,14,,
829,2024-02-29 02:20:00,14,,
830,2024-02-29 02:20:00,14,,
831,2024-02-29 02:20:00,14,,
832,2024-02-29 02:20:00,14,,
833,2024-02-29 02:20:00,14,,
834,2024-02-29 02:20:00,14,,
835,2024-02-29 02:20:00,14,,
836,2024-02-29 02:20:00,14,,
837,2024-02-29 02:20:00,14,,
838,2024-02-29 02:20:00,14,,
839,2024-02-29 02:20:00,14,,
840,2024-02-29 02:20:00,14,,
841,2024-02-29 02:20:00,14,,
842,2024-02-29 02:20:00,14,,
843,2024-02-29 02:20:00,14,,
844,2024-02-29 02:20:00,14,,
845,2024-02-29 02:20:00,14,,
846,2024-02-29 02:20:00,14,,
847,2024-02-29 02:20:00,14,,
848,2024-02-29 02:20:00,14,,
849,2024-02-29 02:20:00,14,,
850,2024-02-29 02:20:00,14,,
851,2024-02-29 02:20:00,14,,
852,2024-02-29 02:20:00,14,,
853,2024-02-29 02:20:00,14,,
854,2024-02-29 02:20:00,14,,
855,2024-02-29 02:20:00,14,,
856,2024-02-29 02:20:00,14,,
857,2024-02-29 02:20:00,14,,
858,2024-02-29 02:20:00,14,,
859,2024-02-29 02:20:00,14,,
860,2024-02-29 02:20:00,14,,
861,2024-02-29 02:20:00,14,,
862,2024-02-29 02:20:00,14,,
863,2024-02-29 02:20:00,14,,
864,2024-02-29 02:20:00,14,,
865,2024-02-29 02:20:00,14,,
866,2024-02-29 02:20:00,14,,
867,2024-02-29 02:20:00,14,,
868,2024-02-29 02:20:00,14,,
869,2024-02-29 02:20:00,14,,
870,2024-02-29 02:20:00,14,,
871,2024-02-29 02:20:00,14,,
872,2024-02-29 02:20:00,14,,
873,2024-02-29 02:20:00,14,,
874,2024-02-29 02:20:00,14,,
875,2024-02-29 02:20:00,14,,
876,2024-02-29 02:20:00,14,,
877,2024-02-29 02:20:00,14,,
878,2024-02-29 02:20:00,14,,
879,2024-02-29 02:20:00,14,,
880,2024-02-29 02:20:00,14,,
881,2024-02-29 02:20:00,14,,
882,2024-02-29 02:20:00,14,,
883,2024-02-29 02:20:00,14,,
884,2024-02-29 02:20:00,14,,
885,2024-02-29 02:20:00,14,,
886,2024-02-29 02:20:00,14,,
887,2024-02-29 02:20:00,14,,
888,2024-02-29 02:20:00,14,,
889,2024-02-29 02:20:00,14,,
890,2024-02-29 02:20:00,14,,
891,2024-02-29 02:20:00,14,,
892,2024-02-29 02:20:00,14,,
893,2024-02-29 02:20:00,14,,
894,2024-02-29 02:20:00,14,,
895,2024-02-29 02:20:00,14,,
896,2024-02-29 02:20:00,14,,
897,2024-02-29 02:20:00,14,,
898,2024-02-29 02:20:00,14,,
899,2024-02-29 02:20:00,14,,
900,2024-02-29 02:20:00,14,,
901,2024-02-29 02:20:00,14,,
902,2024-02-29 02:20:00,14,,
903,2024-02-29 02:20:00,14,,
904,2024-02-29 02:20:00,14,,
905,2024-02-29 02:20:00,14,,
906,2024-02-29 02:20:00,14,,
907,2024-02-29 02:20:00,14,,
908,2024-02-29 02:20:00,14,,
909,2024-02-29 02:20:00,14,,
910,2024-02-29 02:20:00,14,,
911,2024-02-29 02:20:00,14,,
912,2024-02-29 02:20:00,14,,
913,2024-02-29 02:20:00,14,,
914,2024-02-29 02:20:00,14,,
915,2024-02-29 02:20:00,14,,
916,2024-02-29 02:20:00,14,,
917,2024-02-29 02:20:00,14,,
918,2024-02-29 02:20:00,14,,
919,2024-02-29 02:20:00,14,,
920,2024-02-29 02:20:00,14,,
921,2024-02-29 02:20:00,14,,
922,2024-02-29 02:20:00,14,,
923,2024-02-29 02:20:00,14,,
924,2024-02-29 02:20:00,14,,
925,2024-02-29 02:20:00,14,,
926,2024-02-29 02:20:00,14,,
927,2024-02-29 02:20:00,14,,
928,2024-02-29 02:20:00,14,,
929,2024-02-29 02:20:00,14,,
930,2024-02-29 02:20:00,14,,
931,2024-02-29 02:20:00,14,,
932,2024-02-29 02:20:00,14,,
933,2024-02-29 02:20:00,14,,
934,2024-02-29 02:20:00,14,,
935,2024-02-29 02:20:00,14,,
936,2024-02-29 02:20:00,14,,
937,2024-02-29 02:20:00,14,,
938,2024-02-29 02:20:00,14,,
939,2024-02-29 02:20:00,14,,
940,2024-02-29 02:20:00,14,,
941,2024-02-29 02:20:00,14,,
942,2024-02-29 02:20:00,14,,
943,2024-02-29 02:20:00,14,,
944,2024-02-29 02:20:00,14,,
945,2024-02-29 02:20:00,14,,
946,2024-02-29 02:20:00,14,,
947,2024-02-29 02:20:00,14,,
948,2024-02-29 02:20:00,14,,
949,2024-02-29 02:20:00,14,,
950,2024-02-29 02:20:00,14,,
951,2024-02-29 02:20:00,14,,
952,2024-02-29 02:20:00,14,,
953,2024-02-29 02:20:00,14,,
954,2024-02-29 02:20:00,14,,
955,2024-02-29 02:20:00,14,,
956,2024-02-29 02:20:00,14,,
957,2024-02-29 02:20:00,14,,
958,2024-02-29 02:20:00,14,,
959,2024-02-29 02:20:00,14,,
960,2024-02-29 02:20:00,14,,
961,2024-02-29 02:20:00,14,,
962,2024-02-29 02:20:00,14,,
963,2024-02-29 02:20:00,14,,
964,2024-02-29 02:20:00,14,,
965,2024-02-29 02:20:00,14,,
966,2024-02-29 02:20:00,14,,
967,2024-02-29 02:20:00,14,,
968,2024-02-29 02:20:00,14,,
969,2024-02-29 02:20:00,14,,
970,2024-02-29 02:20:00,14,,
971,2024-02-29 02:20:00,14,,
972,2024-02-29 02:20:00,14,,
973,2024-02-29 02:20:00,14,,
974,2024-02-29 02:20:00,14,,
975,2024-02-29 02:20:00,14,,
976,2024-02-29 02:20:00,14,,
977,2024-02-29 02:20:00,14,,
978,2024-02-29 02:20:00,14,,
979,2024-02-29 02:20:00,14,,
980,2024-02-29 02:20:00,14,,
981,2024-02-29 02:20:00,14,,
982,2024-02-29 02:20:00,14,,
983,2024-02-29 02:20:00,14,,
984,2024-02-29 02:20:00,14,,
985,2024-02-29 02:20:00,14,,
986,2024-02-29 02:20:00,14,,
987,2024-02-29 02:20:00,14,,
988,2024-02-29 02:20:00,14,,
989,2024-02-29 02:20:00,14,,
990,2024-02-29 02:20:00,14,,
991,2024-02-29 02:20:00,14,,
992,2024-02-29 02:20:00,14,,
993,2024-02-29 02:20:00,14,,
994,2024-02-29 02:20:00,14,,
995,2024-02-29 02:20:00,14,,
996,2024-02-29 02:20:00,14,,
997,2024-02-29 02:20:00,14,,
998,2024-02-29 02:20:00,14,,
999,2024-02-29 02:20:00,14,,
1000,2024-02-29 02:20:00,14,,
1001,2024-02-29 02:20:00,14,,
1002,2024-02-29 02:20:00,14,,
1003,2024-02-29 02:20:00,14,,
1004,2024-02-29 02:20:00,14,,
1005,2024-02-29 02:20:00,14,,
1006,2024-02-29 02:20:00,14,,
792,2024-02-29 02:30:00,15,,
793,2024-02-29 02:30:00,15,,
794,2024-02-29 02:30:00,15,,
795,2024-02-29 02:30:00,15,,
796,2024-02-29 02:30:00,15,,
797,2024-02-29 02:30:00,15,,
798,2024-02-29 02:30:00,15,,
799,2024-02-29 02:30:00,15,,
800,2024-02-29 02:30:00,15,,
801,2024-02-29 02:30:00,15,,
802,2024-02-29 02:30:00,15,,
803,2024-02-29 02:30:00,15,,
804,2024-02-29 02:30:00,15,,
805,2024-02-29 02:30:00,15,,
806,2024-02-29 02:30:00,15,,
807,2024-02-29 02:30:00,15,,
808,2024-02-29 02:30:00,15,,
809,2024-02-29 02:30:00,15,,
810,2024-02-29 02:30:00,15,,
811,2024-02-29 02:30:00,15,,
812,2024-02-29 02:30:00,15,,
813,2024-02-29 02:30:00,15,,
814,2024-02-29 02:30:00,15,,
815,2024-02-29 02:30:00,15,,
816,2024-02-29 02:30:00,15,,
817,2024-02-29 02:30:00,15,,
818,2024-02-29 02:30:00,15,,
819,2024-02-29 02:30:00,15,,
820,2024-02-29 02:30:00,15,,
821,2024-02-29 02:30:00,15,,
822,2024-02-29 02:30:00,15,,
823,2024-02-29 02:30:00,15,,
824,2024-02-29 02:30:00,15,,
825,2024-02-29 02:30:00,15,,
826,2024-02-29 02:30:00,15,,
827,2024-02-29 02:30:00,15,,
828,2024-02-29 02:30:00,15,,
829,2024-02-29 02:30:00,15,,
830,2024-02-29 02:30:00,15,,
831,2024-02-29 02:30:00,15,,
832,2024-02-29 02:30:00,15,,
833,2024-02-29 02:30:00,15,,
834,2024-02-29 02:30:00,15,,
835,2024-02-29 02:30:00,15,,
836,2024-02-29 02:30:00,15,,
837,2024-02-29 02:30:00,15,,
838,2024-02-29 02:30:00,15,,
839,2024-02-29 02:30:00,15,,
840,2024-02-29 02:30:00,15,,
841,2024-02-29 02:30:00,15,,
842,2024-02-29 02:30:00,15,,
843,2024-02-29 02:30:00,15,,
844,2024-02-29 02:30:00,15,,
845,2024-02-29 02:30:00,15,,
846,2024-02-29 02:30:00,15,,
847,2024-02-29 02:30:00,15,,
848,2024-02-29 02:30:00,15,,
849,2024-02-29 02:30:00,15,,
850,2024-02-29 02:30:00,15,,
851,2024-02-29 02:30:00,15,,
852,2024-02-29 02:30:00,15,,
853,2024-02-29 02:30:00,15,,
854,2024-02-29 02:30:00,15,,
855,2024-02-29 02:30:00,15,,
856,2024-02-29 02:30:00,15,,
857,2024-02-29 02:30:00,15,,
858,2024-02-29 02:30:00,15,,
859,2024-02-29 02:30:00,15,,
860,2024-02-29 02:30:00,15,,
861,2024-02-29 02:30:00,15,,
862,2024-02-29 02:30:00,15,,
863,2024-02-29 02:30:00,15,,
864,2024-02-29 02:30:00,15,,
865,2024-02-29 02:30:00,15,,
866,2024-02-29 02:30:00,15,,
867,2024-02-29 02:30:00,15,,
868,2024-02-29 02:30:00,15,,
869,2024-02-29 02:30:00,15,,
870,2024-02-29 02:30:00,15,,
871,2024-02-29 02:30:00,15,,
872,2024-02-29 02:30:00,15,,
873,2024-02-29 02:30:00,15,,
874,2024-02-29 02:30:00,15,,
875,2024-02-29 02:30:00,15,,
876,2024-02-29 02:30:00,15,,
877,2024-02-29 02:30:00,15,,
878,2024-02-29 02:30:00,15,,
879,2024-02-29 02:30:00,15,,
880,2024-02-29 02:30:00,15,,
881,2024-02-29 02:30:00,15,,
882,2024-02-29 02:30:00,15,,
883,2024-02-29 02:30:00,15,,
884,2024-02-29 02:30:00,15,,
885,2024-02-29 02:30:00,15,,
886,2024-02-29 02:30:00,15,,
887,2024-02-29 02:30:00,15,,
888,2024-02-29 02:30:00,15,,
889,2024-02-29 02:30:00,15,,
890,2024-02-29 02:30:00,15,,
891,2024-02-29 02:30:00,15,,
892,2024-02-29 02:30:00,15,,
893,2024-02-29 02:30:00,15,,
894,2024-02-29 02:30:00,15,,
895,2024-02-29 02:30:00,15,,
896,2024-02-29 02:30:00,15,,
897,2024-02-29 02:30:00,15,,
898,2024-02-29 02:30:00,15,,
899,2024-02-29 02:30:00,15,,
900,2024-02-29 02:30:00,15,,
901,2024-02-29 02:30:00,15,,
902,2024-02-29 02:30:00,15,,
903,2024-02-29 02:30:00,15,,
904,2024-02-29 02:30:00,15,,
905,2024-02-29 02:30:00,15,,
906,2024-02-29 02:30:00,15,,
907,2024-02-29 02:30:00,15,,
908,2024-02-29 02:30:00,15,,
909,2024-02-29 02:30:00,15,,
910,2024-02-29 02:30:00,15,,
911,2024-02-29 02:30:00,15,,
912,2024-02-29 02:30:00,15,,
913,2024-02-29 02:30:00,15,,
914,2024-02-29 02:30:00,15,,
915,2024-02-29 02:30:00,15,,
916,2024-02-29 02:30:00,15,,
917,2024-02-29 02:30:00,15,,
918,2024-02-29 02:30:00,15,,
919,2024-02-29 02:30:00,15,,
920,2024-02-29 02:30:00,15,,
921,2024-02-29 02:30:00,15,,
922,2024-02-29 02:30:00,15,,
923,2024-02-29 02:30:00,15,,
924,2024-02-29 02:30:00,15,,
925,2024-02-29 02:30:00,15,,
926,2024-02-29 02:30:00,15,,
927,2024-02-29 02:30:00,15,,
928,2024-02-29 02:30:00,15,,
929,2024-02-29 02:30:00,15,,
930,2024-02-29 02:30:00,15,,
931,2024-02-29 02:30:00,15,,
932,2024-02-29 02:30:00,15,,
933,2024-02-29 02:30:00,15,,
934,2024-02-29 02:30:00,15,,
935,2024-02-29 02:30:00,15,,
936,2024-02-29 02:30:00,15,,
937,2024-02-29 02:30:00,15,,
938,2024-02-29 02:30:00,15,,
939,2024-02-29 02:30:00,15,,
940,2024-02-29 02:30:00,15,,
941,2024-02-29 02:30:00,15,,
942,2024-02-29 02:30:00,15,,
943,2024-02-29 02:30:00,15,,
944,2024-02-29 02:30:00,15,,
945,2024-02-29 02:30:00,15,,
946,2024-02-29 02:30:00,15,,
947,2024-02-29 02:30:00,15,,
948,2024-02-29 02:30:00,15,,
949,2024-02-29 02:30:00,15,,
950,2024-02-29 02:30:00,15,,
951,2024-02-29 02:30:00,15,,
952,2024-02-29 02:30:00,15,,
953,2024-02-29 02:30:00,15,,
954,2024-02-29 02:30:00,15,,
955,2024-02-29 02:30:00,15,,
956,2024-02-29 02:30:00,15,,
957,2024-02-29 02:30:00,15,,
958,2024-02-29 02:30:00,15,,
959,2024-02-29 02:30:00,15,,
960,2024-02-29 02:30:00,15,,
961,2024-02-29 02:30:00,15,,
962,2024-02-29 02:30:00,15,,
963,2024-02-29 02:30:00,15,,
964,2024-02-29 02:30:00,15,,
965,2024-02-29 02:30:00,15,,
966,2024-02-29 02:30:00,15,,
967,2024-02-29 02:30:00,15,,
968,2024-02-29 02:30:00,15,,
969,2024-02-29 02:30:00,15,,
970,2024-02-29 02:30:00,15,,
971,2024-02-29 02:30:00,15,,
972,2024-02-29 02:30:00,15,,
973,2024-02-29 02:30:00,15,,
974,2024-02-29 02:30:00,15,,
975,2024-02-29 02:30:00,15,,
976,2024-02-29 02:30:00,15,,
977,2024-02-29 02:30:00,15,,
978,2024-02-29 02:30:00,15,,
979,2024-02-29 02:30:00,15,,
980,2024-02-29 02:30:00,15,,
981,2024-02-29 02:30:00,15,,
982,2024-02-29 02:30:00,15,,
983,2024-02-29 02:30:00,15,,
984,2024-02-29 02:30:00,15,,
985,2024-02-29 02:30:00,15,,
986,2024-02-29 02:30:00,15,,
987,2024-02-29 02:30:00,15,,
988,2024-02-29 02:30:00,15,,
989,2024-02-29 02:30:00,15,,
990,2024-02-29 02:30:00,15,,
991,2024-02-29 02:30:00,15,,
992,2024-02-29 02:30:00,15,,
993,2024-02-29 02:30:00,15,,
994,2024-02-29 02:30:00,15,,
995,2024-02-29 02:30:00,15,,
996,2024-02-29 02:30:00,15,,
997,2024-02-29 02:30:00,15,,
998,2024-02-29 02:30:00,15,,
999,2024-02-29 02:30:00,15,,
1000,2024-02-29 02:30:00,15,,
1001,2024-02-29 02:30:00,15,,
1002,2024-02-29 02:30:00,15,,
1003,2024-02-29 02:30:00,15,,
1004,2024-02-29 02:30:00,15,,
1005,2024-02-29 02:30:00,15,,
1006,2024-02-29 02:30:00,15,,
792,2024-02-29 02:40:00,16,,
793,2024-02-29 02:40:00,16,,
794,2024-02-29 02:40:00,16,,
795,2024-02-29 02:40:00,16,,
796,2024-02-29 02:40:00,16,,
797,2024-02-29 02:40:00,16,,
798,2024-02-29 02:40:00,16,,
799,2024-02-29 02:40:00,16,,
800,2024-02-29 02:40:00,16,,
801,2024-02-29 02:40:00,16,,
802,2024-02-29 02:40:00,16,,
803,2024-02-29 02:40:00,16,,
804,2024-02-29 02:40:00,16,,
805,2024-02-29 02:40:00,16,,
806,2024-02-29 02:40:00,16,,
807,2024-02-29 02:40:00,16,,
808,2024-02-29 02:40:00,16,,
809,2024-02-29 02:40:00,16,,
810,2024-02-29 02:40:00,16,,
811,2024-02-29 02:40:00,16,,
812,2024-02-29 02:40:00,16,,
813,2024-02-29 02:40:00,16,,
814,2024-02-29 02:40:00,16,,
815,2024-02-29 02:40:00,16,,
816,2024-02-29 02:40:00,16,,
817,2024-02-29 02:40:00,16,,
818,2024-02-29 02:40:00,16,,
819,2024-02-29 02:40:00,16,,
820,2024-02-29 02:40:00,16,,
821,2024-02-29 02:40:00,16,,
822,2024-02-29 02:40:00,16,,
823,2024-02-29 02:40:00,16,,
824,2024-02-29 02:40:00,16,,
825,2024-02-29 02:40:00,16,,
826,2024-02-29 02:40:00,16,,
827,2024-02-29 02:40:00,16,,
828,2024-02-29 02:40:00,16,,
829,2024-02-29 02:40:00,16,,
830,2024-02-29 02:40:00,16,,
831,2024-02-29 02:40:00,16,,
832,2024-02-29 02:40:00,16,,
833,2024-02-29 02:40:00,16,,
834,2024-02-29 02:40:00,16,,
835,2024-02-29 02:40:00,16,,
836,2024-02-29 02:40:00,16,,
837,2024-02-29 02:40:00,16,,
838,2024-02-29 02:40:00,16,,
839,2024-02-29 02:40:00,16,,
840,2024-02-29 02:40:00,16,,
841,2024-02-29 02:40:00,16,,
842,2024-02-29 02:40:00,16,,
843,2024-02-29 02:40:00,16,,
844,2024-02-29 02:40:00,16,,
845,2024-02-29 02:40:00,16,,
846,2024-02-29 02:40:00,16,,
847,2024-02-29 02:40:00,16,,
848,2024-02-29 02:40:00,16,,
849,2024-02-29 02:40:00,16,,
850,2024-02-29 02:40:00,16,,
851,2024-02-29 02:40:00,16,,
852,2024-02-29 02:40:00,16,,
853,2024-02-29 02:40:00,16,,
854,2024-02-29 02:40:00,16,,
855,2024-02-29 02:40:00,16,,
856,2024-02-29 02:40:00,16,,
857,2024-02-29 02:40:00,16,,
858,2024-02-29 02:40:00,16,,
859,2024-02-29 02:40:00,16,,
860,2024-02-29 02:40:00,16,,
861,2024-02-29 02:40:00,16,,
862,2024-02-29 02:40:00,16,,
863,2024-02-29 02:40:00,16,,
864,2024-02-29 02:40:00,16,,
865,2024-02-29 02:40:00,16,,
866,2024-02-29 02:40:00,16,,
867,2024-02-29 02:40:00,16,,
868,2024-02-29 02:40:00,16,,
869,2024-02-29 02:40:00,16,,
870,2024-02-29 02:40:00,16,,
871,2024-02-29 02:40:00,16,,
872,2024-02-29 02:40:00,16,,
873,2024-02-29 02:40:00,16,,
874,2024-02-29 02:40:00,16,,
875,2024-02-29 02:40:00,16,,
876,2024-02-29 02:40:00,16,,
877,2024-02-29 02:40:00,16,,
878,2024-02-29 02:40:00,16,,
879,2024-02-29 02:40:00,16,,
880,2024-02-29 02:40:00,16,,
881,2024-02-29 02:40:00,16,,
882,2024-02-29 02:40:00,16,,
883,2024-02-29 02:40:00,16,,
884,2024-02-29 02:40:00,16,,
885,2024-02-29 02:40:00,16,,
886,2024-02-29 02:40:00,16,,
887,2024-02-29 02:40:00,16,,
888,2024-02-29 02:40:00,16,,
889,2024-02-29 02:40:00,16,,
890,2024-02-29 02:40:00,16,,
891,2024-02-29 02:40:00,16,,
892,2024-02-29 02:40:00,16,,
893,2024-02-29 02:40:00,16,,
894,2024-02-29 02:40:00,16,,
895,2024-02-29 02:40:00,16,,
896,2024-02-29 02:40:00,16,,
897,2024-02-29 02:40:00,16,,
898,2024-02-29 02:40:00,16,,
899,2024-02-29 02:40:00,16,,
900,2024-02-29 02:40:00,16,,
901,2024-02-29 02:40:00,16,,
902,2024-02-29 02:40:00,16,,
903,2024-02-29 02:40:00,16,,
904,2024-02-29 02:40:00,16,,
905,2024-02-29 02:40:00,16,,
906,2024-02-29 02:40:00,16,,
907,2024-02-29 02:40:00,16,,
908,2024-02-29 02:40:00,16,,
909,2024-02-29 02:40:00,16,,
910,2024-02-29 02:40:00,16,,
911,2024-02-29 02:40:00,16,,
912,2024-02-29 02:40:00,16,,
913,2024-02-29 02:40:00,16,,
914,2024-02-29 02:40:00,16,,
915,2024-02-29 02:40:00,16,,
916,2024-02-29 02:40:00,16,,
917,2024-02-29 02:40:00,16,,
918,2024-02-29 02:40:00,16,,
919,2024-02-29 02:40:00,16,,
920,2024-02-29 02:40:00,16,,
921,2024-02-29 02:40:00,16,,
922,2024-02-29 02:40:00,16,,
923,2024-02-29 02:40:00,16,,
924,2024-02-29 02:40:00,16,,
925,2024-02-29 02:40:00,16,,
926,2024-02-29 02:40:00,16,,
927,2024-02-29 02:40:00,16,,
928,2024-02-29 02:40:00,16,,
929,2024-02-29 02:40:00,16,,
930,2024-02-29 02:40:00,16,,
931,2024-02-29 02:40:00,16,,
932,2024-02-29 02:40:00,16,,
933,2024-02-29 02:40:00,16,,
934,2024-02-29 02:40:00,16,,
935,2024-02-29 02:40:00,16,,
936,2024-02-29 02:40:00,16,,
937,2024-02-29 02:40:00,16,,
938,2024-02-29 02:40:00,16,,
939,2024-02-29 02:40:00,16,,
940,2024-02-29 02:40:00,16,,
941,2024-02-29 02:40:00,16,,
942,2024-02-29 02:40:00,16,,
943,2024-02-29 02:40:00,16,,
944,2024-02-29 02:40:00,16,,
945,2024-02-29 02:40:00,16,,
946,2024-02-29 02:40:00,16,,
947,2024-02-29 02:40:00,16,,
948,2024-02-29 02:40:00,16,,
949,2024-02-29 02:40:00,16,,
950,2024-02-29 02:40:00,16,,
951,2024-02-29 02:40:00,16,,
952,2024-02-29 02:40:00,16,,
953,2024-02-29 02:40:00,16,,
954,2024-02-29 02:40:00,16,,
955,2024-02-29 02:40:00,16,,
956,2024-02-29 02:40:00,16,,
957,2024-02-29 02:40:00,16,,
958,2024-02-29 02:40:00,16,,
959,2024-02-29 02:40:00,16,,
960,2024-02-29 02:40:00,16,,
961,2024-02-29 02:40:00,16,,
962,2024-02-29 02:40:00,16,,
963,2024-02-29 02:40:00,16,,
964,2024-02-29 02:40:00,16,,
965,2024-02-29 02:40:00,16,,
966,2024-02-29 02:40:00,16,,
967,2024-02-29 02:40:00,16,,
968,2024-02-29 02:40:00,16,,
969,2024-02-29 02:40:00,16,,
970,2024-02-29 02:40:00,16,,
971,2024-02-29 02:40:00,16,,
972,2024-02-29 02:40:00,16,,
973,2024-02-29 02:40:00,16,,
974,2024-02-29 02:40:00,16,,
975,2024-02-29 02:40:00,16,,
976,2024-02-29 02:40:00,16,,
977,2024-02-29 02:40:00,16,,
978,2024-02-29 02:40:00,16,,
979,2024-02-29 02:40:00,16,,
980,2024-02-29 02:40:00,16,,
981,2024-02-29 02:40:00,16,,
982,2024-02-29 02:40:00,16,,
983,2024-02-29 02:40:00,16,,
984,2024-02-29 02:40:00,16,,
985,2024-02-29 02:40:00,16,,
986,2024-02-29 02:40:00,16,,
987,2024-02-29 02:40:00,16,,
988,2024-02-29 02:40:00,16,,
989,2024-02-29 02:40:00,16,,
990,2024-02-29 02:40:00,16,,
991,2024-02-29 02:40:00,16,,
992,2024-02-29 02:40:00,16,,
993,2024-02-29 02:40:00,16,,
994,2024-02-29 02:40:00,16,,
995,2024-02-29 02:40:00,16,,
996,2024-02-29 02:40:00,16,,
997,2024-02-29 02:40:00,16,,
998,2024-02-29 02:40:00,16,,
999,2024-02-29 02:40:00,16,,
1000,2024-02-29 02:40:00,16,,
1001,2024-02-29 02:40:00,16,,
1002,2024-02-29 02:40:00,16,,
1003,2024-02-29 02:40:00,16,,
1004,2024-02-29 02:40:00,16,,
1005,2024-02-29 02:40:00,16,,
1006,2024-02-29 02:40:00,16,,
792,2024-02-29 02:50:00,17,,
793,2024-02-29 02:50:00,17,,
794,2024-02-29 02:50:00,17,,
795,2024-02-29 02:50:00,17,,
796,2024-02-29 02:50:00,17,,
797,2024-02-29 02:50:00,17,,
798,2024-02-29 02:50:00,17,,
799,2024-02-29 02:50:00,17,,
800,2024-02-29 02:50:00,17,,
801,2024-02-29 02:50:00,17,,
802,2024-02-29 02:50:00,17,,
803,2024-02-29 02:50:00,17,,
804,2024-02-29 02:50:00,17,,
805,2024-02-29 02:50:00,17,,
806,2024-02-29 02:50:00,17,,
807,2024-02-29 02:50:00,17,,
808,2024-02-29 02:50:00,17,,
809,2024-02-29 02:50:00,17,,
810,2024-02-29 02:50:00,17,,
811,2024-02-29 02:50:00,17,,
812,2024-02-29 02:50:00,17,,
813,2024-02-29 02:50:00,17,,
814,2024-02-29 02:50:00,17,,
815,2024-02-29 02:50:00,17,,
816,2024-02-29 02:50:00,17,,
817,2024-02-29 02:50:00,17,,
818,2024-02-29 02:50:00,17,,
819,2024-02-29 02:50:00,17,,
820,2024-02-29 02:50:00,17,,
821,2024-02-29 02:50:00,17,,
822,2024-02-29 02:50:00,17,,
823,2024-02-29 02:50:00,17,,
824,2024-02-29 02:50:00,17,,
825,2024-02-29 02:50:00,17,,
826,2024-02-29 02:50:00,17,,
827,2024-02-29 02:50:00,17,,
828,2024-02-29 02:50:00,17,,
829,2024-02-29 02:50:00,17,,
830,2024-02-29 02:50:00,17,,
831,2024-02-29 02:50:00,17,,
832,2024-02-29 02:50:00,17,,
833,2024-02-29 02:50:00,17,,
834,2024-02-29 02:50:00,17,,
835,2024-02-29 02:50:00,17,,
836,2024-02-29 02:50:00,17,,
837,2024-02-29 02:50:00,17,,
838,2024-02-29 02:50:00,17,,
839,2024-02-29 02:50:00,17,,
840,2024-02-29 02:50:00,17,,
841,2024-02-29 02:50:00,17,,
842,2024-02-29 02:50:00,17,,
843,2024-02-29 02:50:00,17,,
844,2024-02-29 02:50:00,17,,
845,2024-02-29 02:50:00,17,,
846,2024-02-29 02:50:00,17,,
847,2024-02-29 02:50:00,17,,
848,2024-02-29 02:50:00,17,,
849,2024-02-29 02:50:00,17,,
850,2024-02-29 02:50:00,17,,
851,2024-02-29 02:50:00,17,,
852,2024-02-29 02:50:00,17,,
853,2024-02-29 02:50:00,17,,
854,2024-02-29 02:50:00,17,,
855,2024-02-29 02:50:00,17,,
856,2024-02-29 02:50:00,17,,
857,2024-02-29 02:50:00,17,,
858,2024-02-29 02:50:00,17,,
859,2024-02-29 02:50:00,17,,
860,2024-02-29 02:50:00,17,,
861,2024-02-29 02:50:00,17,,
862,2024-02-29 02:50:00,17,,
863,2024-02-29 02:50:00,17,,
864,2024-02-29 02:50:00,17,,
865,2024-02-29 02:50:00,17,,
866,2024-02-29 02:50:00,17,,
867,2024-02-29 02:50:00,17,,
868,2024-02-29 02:50:00,17,,
869,2024-02-29 02:50:00,17,,
870,2024-02-29 02:50:00,17,,
871,2024-02-29 02:50:00,17,,
872,2024-02-29 02:50:00,17,,
873,2024-02-29 02:50:00,17,,
874,2024-02-29 02:50:00,17,,
875,2024-02-29 02:50:00,17,,
876,2024-02-29 02:50:00,17,,
877,2024-02-29 02:50:00,17,,
878,2024-02-29 02:50:00,17,,
879,2024-02-29 02:50:00,17,,
880,2024-02-29 02:50:00,17,,
881,2024-02-29 02:50:00,17,,
882,2024-02-29 02:50:00,17,,
883,2024-02-29 02:50:00,17,,
884,2024-02-29 02:50:00,17,,
885,2024-02-29 02:50:00,17,,
886,2024-02-29 02:50:00,17,,
887,2024-02-29 02:50:00,17,,
888,2024-02-29 02:50:00,17,,
889,2024-02-29 02:50:00,17,,
890,2024-02-29 02:50:00,17,,
891,2024-02-29 02:50:00,17,,
892,2024-02-29 02:50:00,17,,
893,2024-02-29 02:50:00,17,,
894,2024-02-29 02:50:00,17,,
895,2024-02-29 02:50:00,17,,
896,2024-02-29 02:50:00,17,,
897,2024-02-29 02:50:00,17,,
898,2024-02-29 02:50:00,17,,
899,2024-02-29 02:50:00,17,,
900,2024-02-29 02:50:00,17,,
901,2024-02-29 02:50:00,17,,
902,2024-02-29 02:50:00,17,,
903,2024-02-29 02:50:00,17,,
904,2024-02-29 02:50:00,17,,
905,2024-02-29 02:50:00,17,,
906,2024-02-29 02:50:00,17,,
907,2024-02-29 02:50:00,17,,
908,2024-02-29 02:50:00,17,,
909,2024-02-29 02:50:00,17,,
910,2024-02-29 02:50:00,17,,
911,2024-02-29 02:50:00,17,,
912,2024-02-29 02:50:00,17,,
913,2024-02-29 02:50:00,17,,
914,2024-02-29 02:50:00,17,,
915,2024-02-29 02:50:00,17,,
916,2024-02-29 02:50:00,17,,
917,2024-02-29 02:50:00,17,,
918,2024-02-29 02:50:00,17,,
919,2024-02-29 02:50:00,17,,
920,2024-02-29 02:50:00,17,,
921,2024-02-29 02:50:00,17,,
922,2024-02-29 02:50:00,17,,
923,2024-02-29 02:50:00,17,,
924,2024-02-29 02:50:00,17,,
925,2024-02-29 02:50:00,17,,
926,2024-02-29 02:50:00,17,,
927,2024-02-29 02:50:00,17,,
928,2024-02-29 02:50:00,17,,
929,2024-02-29 02:50:00,17,,
930,2024-02-29 02:50:00,17,,
931,2024-02-29 02:50:00,17,,
932,2024-02-29 02:50:00,17,,
933,2024-02-29 02:50:00,17,,
934,2024-02-29 02:50:00,17,,
935,2024-02-29 02:50:00,17,,
936,2024-02-29 02:50:00,17,,
937,2024-02-29 02:50:00,17,,
938,2024-02-29 02:50:00,17,,
939,2024-02-29 02:50:00,17,,
940,2024-02-29 02:50:00,17,,
941,2024-02-29 02:50:00,17,,
942,2024-02-29 02:50:00,17,,
943,2024-02-29 02:50:00,17,,
944,2024-02-29 02:50:00,17,,
945,2024-02-29 02:50:00,17,,
946,2024-02-29 02:50:00,17,,
947,2024-02-29 02:50:00,17,,
948,2024-02-29 02:50:00,17,,
949,2024-02-29 02:50:00,17,,
950,2024-02-29 02:50:00,17,,
951,2024-02-29 02:50:00,17,,
952,2024-02-29 02:50:00,17,,
953,2024-02-29 02:50:00,17,,
954,2024-02-29 02:50:00,17,,
955,2024-02-29 02:50:00,17,,
956,2024-02-29 02:50:00,17,,
957,2024-02-29 02:50:00,17,,
958,2024-02-29 02:50:00,17,,
959,2024-02-29 02:50:00,17,,
960,2024-02-29 02:50:00,17,,
961,2024-02-29 02:50:00,17,,
962,2024-02-29 02:50:00,17,,
963,2024-02-29 02:50:00,17,,
964,2024-02-29 02:50:00,17,,
965,2024-02-29 02:50:00,17,,
966,2024-02-29 02:50:00,17,,
967,2024-02-29 02:50:00,17,,
968,2024-02-29 02:50:00,17,,
969,2024-02-29 02:50:00,17,,
970,2024-02-29 02:50:00,17,,
971,2024-02-29 02:50:00,17,,
972,2024-02-29 02:50:00,17,,
973,2024-02-29 02:50:00,17,,
974,2024-02-29 02:50:00,17,,
975,2024-02-29 02:50:00,17,,
976,2024-02-29 02:50:00,17,,
977,2024-02-29 02:50:00,17,,
978,2024-02-29 02:50:00,17,,
979,2024-02-29 02:50:00,17,,
980,2024-02-29 02:50:00,17,,
981,2024-02-29 02:50:00,17,,
982,2024-02-29 02:50:00,17,,
983,2024-02-29 02:50:00,17,,
984,2024-02-29 02:50:00,17,,
985,2024-02-29 02:50:00,17,,
986,2024-02-29 02:50:00,17,,
987,2024-02-29 02:50:00,17,,
988,2024-02-29 02:50:00,17,,
989,2024-02-29 02:50:00,17,,
990,2024-02-29 02:50:00,17,,
991,2024-02-29 02:50:00,17,,
992,2024-02-29 02:50:00,17,,
993,2024-02-29 02:50:00,17,,
994,2024-02-29 02:50:00,17,,
995,2024-02-29 02:50:00,17,,
996,2024-02-29 02:50:00,17,,
997,2024-02-29 02:50:00,17,,
998,2024-02-29 02:50:00,17,,
999,2024-02-29 02:50:00,17,,
1000,2024-02-29 02:50:00,17,,
1001,2024-02-29 02:50:00,17,,
1002,2024-02-29 02:50:00,17,,
1003,2024-02-29 02:50:00,17,,
1004,2024-02-29 02:50:00,17,,
1005,2024-02-29 02:50:00,17,,
1006,2024-02-29 02:50:00,17,,
792,2024-02-29 03:00:00,18,,
793,2024-02-29 03:00:00,18,,
794,2024-02-29 03:00:00,18,,
795,2024-02-29 03:00:00,18,,
796,2024-02-29 03:00:00,18,,
797,2024-02-29 03:00:00,18,,
798,2024-02-29 03:00:00,18,,
799,2024-02-29 03:00:00,18,,
800,2024-02-29 03:00:00,18,,
801,2024-02-29 03:00:00,18,,
802,2024-02-29 03:00:00,18,,
803,2024-02-29 03:00:00,18,,
804,2024-02-29 03:00:00,18,,
805,2024-02-29 03:00:00,18,,
806,2024-02-29 03:00:00,18,,
807,2024-02-29 03:00:00,18,,
808,2024-02-29 03:00:00,18,,
809,2024-02-29 03:00:00,18,,
810,2024-02-29 03:00:00,18,,
811,2024-02-29 03:00:00,18,,
812,2024-02-29 03:00:00,18,,
813,2024-02-29 03:00:00,18,,
814,2024-02-29 03:00:00,18,,
815,2024-02-29 03:00:00,18,,
816,2024-02-29 03:00:00,18,,
817,2024-02-29 03:00:00,18,,
818,2024-02-29 03:00:00,18,,
819,2024-02-29 03:00:00,18,,
820,2024-02-29 03:00:00,18,,
821,2024-02-29 03:00:00,18,,
822,2024-02-29 03:00:00,18,,
823,2024-02-29 03:00:00,18,,
824,2024-02-29 03:00:00,18,,
825,2024-02-29 03:00:00,18,,
826,2024-02-29 03:00:00,18,,
827,2024-02-29 03:00:00,18,,
828,2024-02-29 03:00:00,18,,
829,2024-02-29 03:00:00,18,,
830,2024-02-29 03:00:00,18,,
831,2024-02-29 03:00:00,18,,
832,2024-02-29 03:00:00,18,,
833,2024-02-29 03:00:00,18,,
834,2024-02-29 03:00:00,18,,
835,2024-02-29 03:00:00,18,,
836,2024-02-29 03:00:00,18,,
837,2024-02-29 03:00:00,18,,
838,2024-02-29 03:00:00,18,,
839,2024-02-29 03:00:00,18,,
840,2024-02-29 03:00:00,18,,
841,2024-02-29 03:00:00,18,,
842,2024-02-29 03:00:00,18,,
843,2024-02-29 03:00:00,18,,
844,2024-02-29 03:00:00,18,,
845,2024-02-29 03:00:00,18,,
846,2024-02-29 03:00:00,18,,
847,2024-02-29 03:00:00,18,,
848,2024-02-29 03:00:00,18,,
849,2024-02-29 03:00:00,18,,
850,2024-02-29 03:00:00,18,,
851,2024-02-29 03:00:00,18,,
852,2024-02-29 03:00:00,18,,
853,2024-02-29 03:00:00,18,,
854,2024-02-29 03:00:00,18,,
855,2024-02-29 03:00:00,18,,
856,2024-02-29 03:00:00,18,,
857,2024-02-29 03:00:00,18,,
858,2024-02-29 03:00:00,18,,
859,2024-02-29 03:00:00,18,,
860,2024-02-29 03:00:00,18,,
861,2024-02-29 03:00:00,18,,
862,2024-02-29 03:00:00,18,,
863,2024-02-29 03:00:00,18,,
864,2024-02-29 03:00:00,18,,
865,2024-02-29 03:00:00,18,,
866,2024-02-29 03:00:00,18,,
867,2024-02-29 03:00:00,18,,
868,2024-02-29 03:00:00,18,,
869,2024-02-29 03:00:00,18,,
870,2024-02-29 03:00:00,18,,
871,2024-02-29 03:00:00,18,,
872,2024-02-29 03:00:00,18,,
873,2024-02-29 03:00:00,18,,
874,2024-02-29 03:00:00,18,,
875,2024-02-29 03:00:00,18,,
876,2024-02-29 03:00:00,18,,
877,2024-02-29 03:00:00,18,,
878,2024-02-29 03:00:00,18,,
879,2024-02-29 03:00:00,18,,
880,2024-02-29 03:00:00,18,,
881,2024-02-29 03:00:00,18,,
882,2024-02-29 03:00:00,18,,
883,2024-02-29 03:00:00,18,,
884,2024-02-29 03:00:00,18,,
885,2024-02-29 03:00:00,18,,
886,2024-02-29 03:00:00,18,,
887,2024-02-29 03:00:00,18,,
888,2024-02-29 03:00:00,18,,
889,2024-02-29 03:00:00,18,,
890,2024-02-29 03:00:00,18,,
891,2024-02-29 03:00:00,18,,
892,2024-02-29 03:00:00,18,,
893,2024-02-29 03:00:00,18,,
894,2024-02-29 03:00:00,18,,
895,2024-02-29 03:00:00,18,,
896,2024-02-29 03:00:00,18,,
897,2024-02-29 03:00:00,18,,
898,2024-02-29 03:00:00,18,,
899,2024-02-29 03:00:00,18,,
900,2024-02-29 03:00:00,18,,
901,2024-02-29 03:00:00,18,,
902,2024-02-29 03:00:00,18,,
903,2024-02-29 03:00:00,18,,
904,2024-02-29 03:00:00,18,,
905,2024-02-29 03:00:00,18,,
906,2024-02-29 03:00:00,18,,
907,2024-02-29 03:00:00,18,,
908,2024-02-29 03:00:00,18,,
909,2024-02-29 03:00:00,18,,
910,2024-02-29 03:00:00,18,,
911,2024-02-29 03:00:00,18,,
912,2024-02-29 03:00:00,18,,
913,2024-02-29 03:00:00,18,,
914,2024-02-29 03:00:00,18,,
915,2024-02-29 03:00:00,18,,
916,2024-02-29 03:00:00,18,,
917,2024-02-29 03:00:00,18,,
918,2024-02-29 03:00:00,18,,
919,2024-02-29 03:00:00,18,,
920,2024-02-29 03:00:00,18,,
921,2024-02-29 03:00:00,18,,
922,2024-02-29 03:00:00,18,,
923,2024-02-29 03:00:00,18,,
924,2024-02-29 03:00:00,18,,
925,2024-02-29 03:00:00,18,,
926,2024-02-29 03:00:00,18,,
927,2024-02-29 03:00:00,18,,
928,2024-02-29 03:00:00,18,,
929,2024-02-29 03:00:00,18,,
930,2024-02-29 03:00:00,18,,
931,2024-02-29 03:00:00,18,,
932,2024-02-29 03:00:00,18,,
933,2024-02-29 03:00:00,18,,
934,2024-02-29 03:00:00,18,,
935,2024-02-29 03:00:00,18,,
936,2024-02-29 03:00:00,18,,
937,2024-02-29 03:00:00,18,,
938,2024-02-29 03:00:00,18,,
939,2024-02-29 03:00:00,18,,
940,2024-02-29 03:00:00,18,,
941,2024-02-29 03:00:00,18,,
942,2024-02-29 03:00:00,18,,
943,2024-02-29 03:00:00,18,,
944,2024-02-29 03:00:00,18,,
945,2024-02-29 03:00:00,18,,
946,2024-02-29 03:00:00,18,,
947,2024-02-29 03:00:00,18,,
948,2024-02-29 03:00:00,18,,
949,2024-02-29 03:00:00,18,,
950,2024-02-29 03:00:00,18,,
951,2024-02-29 03:00:00,18,,
952,2024-02-29 03:00:00,18,,
953,2024-02-29 03:00:00,18,,
954,2024-02-29 03:00:00,18,,
955,2024-02-29 03:00:00,18,,
956,2024-02-29 03:00:00,18,,
957,2024-02-29 03:00:00,18,,
958,2024-02-29 03:00:00,18,,
959,2024-02-29 03:00:00,18,,
960,2024-02-29 03:00:00,18,,
961,2024-02-29 03:00:00,18,,
962,2024-02-29 03:00:00,18,,
963,2024-02-29 03:00:00,18,,
964,2024-02-29 03:00:00,18,,
965,2024-02-29 03:00:00,18,,
966,2024-02-29 03:00:00,18,,
967,2024-02-29 03:00:00,18,,
968,2024-02-29 03:00:00,18,,
969,2024-02-29 03:00:00,18,,
970,2024-02-29 03:00:00,18,,
971,2024-02-29 03:00:00,18,,
972,2024-02-29 03:00:00,18,,
973,2024-02-29 03:00:00,18,,
974,2024-02-29 03:00:00,18,,
975,2024-02-29 03:00:00,18,,
976,2024-02-29 03:00:00,18,,
977,2024-02-29 03:00:00,18,,
978,2024-02-29 03:00:00,18,,
979,2024-02-29 03:00:00,18,,
980,2024-02-29 03:00:00,18,,
981,2024-02-29 03:00:00,18,,
982,2024-02-29 03:00:00,18,,
983,2024-02-29 03:00:00,18,,
984,2024-02-29 03:00:00,18,,
985,2024-02-29 03:00:00,18,,
986,2024-02-29 03:00:00,18,,
987,2024-02-29 03:00:00,18,,
988,2024-02-29 03:00:00,18,,
989,2024-02-29 03:00:00,18,,
990,2024-02-29 03:00:00,18,,
991,2024-02-29 03:00:00,18,,
992,2024-02-29 03:00:00,18,,
993,2024-02-29 03:00:00,18,,
994,2024-02-29 03:00:00,18,,
995,2024-02-29 03:00:00,18,,
996,2024-02-29 03:00:00,18,,
997,2024-02-29 03:00:00,18,,
998,2024-02-29 03:00:00,18,,
999,2024-02-29 03:00:00,18,,
1000,2024-02-29 03:00:00,18,,
1001,2024-02-29 03:00:00,18,,
1002,2024-02-29 03:00:00,18,,
1003,2024-02-29 03:00:00,18,,
1004,2024-02-29 03:00:00,18,,
1005,2024-02-29 03:00:00,18,,
1006,2024-02-29 03:00:00,18,,
792,2024-02-29 03:10:00,19,,
793,2024-02-29 03:10:00,19,,
794,2024-02-29 03:10:00,19,,
795,2024-02-29 03:10:00,19,,
796,2024-02-29 03:10:00,19,,
797,2024-02-29 03:10:00,19,,
798,2024-02-29 03:10:00,19,,
799,2024-02-29 03:10:00,19,,
800,2024-02-29 03:10:00,19,,
801,2024-02-29 03:10:00,19,,
802,2024-02-29 03:10:00,19,,
803,2024-02-29 03:10:00,19,,
804,2024-02-29 03:10:00,19,,
805,2024-02-29 03:10:00,19,,
806,2024-02-29 03:10:00,19,,
807,2024-02-29 03:10:00,19,,
808,2024-02-29 03:10:00,19,,
809,2024-02-29 03:10:00,19,,
810,2024-02-29 03:10:00,19,,
811,2024-02-29 03:10:00,19,,
812,2024-02-29 03:10:00,19,,
813,2024-02-29 03:10:00,19,,
814,2024-02-29 03:10:00,19,,
815,2024-02-29 03:10:00,19,,
816,2024-02-29 03:10:00,19,,
817,2024-02-29 03:10:00,19,,
818,2024-02-29 03:10:00,19,,
819,2024-02-29 03:10:00,19,,
820,2024-02-29 03:10:00,19,,
821,2024-02-29 03:10:00,19,,
822,2024-02-29 03:10:00,19,,
823,2024-02-29 03:10:00,19,,
824,2024-02-29 03:10:00,19,,
825,2024-02-29 03:10:00,19,,
826,2024-02-29 03:10:00,19,,
827,2024-02-29 03:10:00,19,,
828,2024-02-29 03:10:00,19,,
829,2024-02-29 03:10:00,19,,
830,2024-02-29 03:10:00,19,,
831,2024-02-29 03:10:00,19,,
832,2024-02-29 03:10:00,19,,
833,2024-02-29 03:10:00,19,,
834,2024-02-29 03:10:00,19,,
835,2024-02-29 03:10:00,19,,
836,2024-02-29 03:10:00,19,,
837,2024-02-29 03:10:00,19,,
838,2024-02-29 03:10:00,19,,
839,2024-02-29 03:10:00,19,,
840,2024-02-29 03:10:00,19,,
841,2024-02-29 03:10:00,19,,
842,2024-02-29 03:10:00,19,,
843,2024-02-29 03:10:00,19,,
844,2024-02-29 03:10:00,19,,
845,2024-02-29 03:10:00,19,,
846,2024-02-29 03:10:00,19,,
847,2024-02-29 03:10:00,19,,
848,2024-02-29 03:10:00,19,,
849,2024-02-29 03:10:00,19,,
850,2024-02-29 03:10:00,19,,
851,2024-02-29 03:10:00,19,,
852,2024-02-29 03:10:00,19,,
853,2024-02-29 03:10:00,19,,
854,2024-02-29 03:10:00,19,,
855,2024-02-29 03:10:00,19,,
856,2024-02-29 03:10:00,19,,
857,2024-02-29 03:10:00,19,,
858,2024-02-29 03:10:00,19,,
859,2024-02-29 03:10:00,19,,
860,2024-02-29 03:10:00,19,,
861,2024-02-29 03:10:00,19,,
862,2024-02-29 03:10:00,19,,
863,2024-02-29 03:10:00,19,,
864,2024-02-29 03:10:00,19,,
865,2024-02-29 03:10:00,19,,
866,2024-02-29 03:10:00,19,,
867,2024-02-29 03:10:00,19,,
868,2024-02-29 03:10:00,19,,
869,2024-02-29 03:10:00,19,,
870,2024-02-29 03:10:00,19,,
871,2024-02-29 03:10:00,19,,
872,2024-02-29 03:10:00,19,,
873,2024-02-29 03:10:00,19,,
874,2024-02-29 03:10:00,19,,
875,2024-02-29 03:10:00,19,,
876,2024-02-29 03:10:00,19,,
877,2024-02-29 03:10:00,19,,
878,2024-02-29 03:10:00,19,,
879,2024-02-29 03:10:00,19,,
880,2024-02-29 03:10:00,19,,
881,2024-02-29 03:10:00,19,,
882,2024-02-29 03:10:00,19,,
883,2024-02-29 03:10:00,19,,
884,2024-02-29 03:10:00,19,,
885,2024-02-29 03:10:00,19,,
886,2024-02-29 03:10:00,19,,
887,2024-02-29 03:10:00,19,,
888,2024-02-29 03:10:00,19,,
889,2024-02-29 03:10:00,19,,
890,2024-02-29 03:10:00,19,,
891,2024-02-29 03:10:00,19,,
892,2024-02-29 03:10:00,19,,
893,2024-02-29 03:10:00,19,,
894,2024-02-29 03:10:00,19,,
895,2024-02-29 03:10:00,19,,
896,2024-02-29 03:10:00,19,,
897,2024-02-29 03:10:00,19,,
898,2024-02-29 03:10:00,19,,
899,2024-02-29 03:10:00,19,,
900,2024-02-29 03:10:00,19,,
901,2024-02-29 03:10:00,19,,
902,2024-02-29 03:10:00,19,,
903,2024-02-29 03:10:00,19,,
904,2024-02-29 03:10:00,19,,
905,2024-02-29 03:10:00,19,,
906,2024-02-29 03:10:00,19,,
907,2024-02-29 03:10:00,19,,
908,2024-02-29 03:10:00,19,,
909,2024-02-29 03:10:00,19,,
910,2024-02-29 03:10:00,19,,
911,2024-02-29 03:10:00,19,,
912,2024-02-29 03:10:00,19,,
913,2024-02-29 03:10:00,19,,
914,2024-02-29 03:10:00,19,,
915,2024-02-29 03:10:00,19,,
916,2024-02-29 03:10:00,19,,
917,2024-02-29 03:10:00,19,,
918,2024-02-29 03:10:00,19,,
919,2024-02-29 03:10:00,19,,
920,2024-02-29 03:10:00,19,,
921,2024-02-29 03:10:00,19,,
922,2024-02-29 03:10:00,19,,
923,2024-02-29 03:10:00,19,,
924,2024-02-29 03:10:00,19,,
925,2024-02-29 03:10:00,19,,
926,2024-02-29 03:10:00,19,,
927,2024-02-29 03:10:00,19,,
928,2024-02-29 03:10:00,19,,
929,2024-02-29 03:10:00,19,,
930,2024-02-29 03:10:00,19,,
931,2024-02-29 03:10:00,19,,
932,2024-02-29 03:10:00,19,,
933,2024-02-29 03:10:00,19,,
934,2024-02-29 03:10:00,19,,
935,2024-02-29 03:10:00,19,,
936,2024-02-29 03:10:00,19,,
937,2024-02-29 03:10:00,19,,
938,2024-02-29 03:10:00,19,,
939,2024-02-29 03:10:00,19,,
940,2024-02-29 03:10:00,19,,
941,2024-02-29 03:10:00,19,,
942,2024-02-29 03:10:00,19,,
943,2024-02-29 03:10:00,19,,
944,2024-02-29 03:10:00,19,,
945,2024-02-29 03:10:00,19,,
946,2024-02-29 03:10:00,19,,
947,2024-02-29 03:10:00,19,,
948,2024-02-29 03:10:00,19,,
949,2024-02-29 03:10:00,19,,
950,2024-02-29 03:10:00,19,,
951,2024-02-29 03:10:00,19,,
952,2024-02-29 03:10:00,19,,
953,2024-02-29 03:10:00,19,,
954,2024-02-29 03:10:00,19,,
955,2024-02-29 03:10:00,19,,
956,2024-02-29 03:10:00,19,,
957,2024-02-29 03:10:00,19,,
958,2024-02-29 03:10:00,19,,
959,2024-02-29 03:10:00,19,,
960,2024-02-29 03:10:00,19,,
961,2024-02-29 03:10:00,19,,
962,2024-02-29 03:10:00,19,,
963,2024-02-29 03:10:00,19,,
964,2024-02-29 03:10:00,19,,
965,2024-02-29 03:10:00,19,,
966,2024-02-29 03:10:00,19,,
967,2024-02-29 03:10:00,19,,
968,2024-02-29 03:10:00,19,,
969,2024-02-29 03:10:00,19,,
970,2024-02-29 03:10:00,19,,
971,2024-02-29 03:10:00,19,,
972,2024-02-29 03:10:00,19,,
973,2024-02-29 03:10:00,19,,
974,2024-02-29 03:10:00,19,,
975,2024-02-29 03:10:00,19,,
976,2024-02-29 03:10:00,19,,
977,2024-02-29 03:10:00,19,,
978,2024-02-29 03:10:00,19,,
979,2024-02-29 03:10:00,19,,
980,2024-02-29 03:10:00,19,,
981,2024-02-29 03:10:00,19,,
982,2024-02-29 03:10:00,19,,
983,2024-02-29 03:10:00,19,,
984,2024-02-29 03:10:00,19,,
985,2024-02-29 03:10:00,19,,
986,2024-02-29 03:10:00,19,,
987,2024-02-29 03:10:00,19,,
988,2024-02-29 03:10:00,19,,
989,2024-02-29 03:10:00,19,,
990,2024-02-29 03:10:00,19,,
991,2024-02-29 03:10:00,19,,
992,2024-02-29 03:10:00,19,,
993,2024-02-29 03:10:00,19,,
994,2024-02-29 03:10:00,19,,
995,2024-02-29 03:10:00,19,,
996,2024-02-29 03:10:00,19,,
997,2024-02-29 03:10:00,19,,
998,2024-02-29 03:10:00,19,,
999,2024-02-29 03:10:00,19,,
1000,2024-02-29 03:10:00,19,,
1001,2024-02-29 03:10:00,19,,
1002,2024-02-29 03:10:00,19,,
1003,2024-02-29 03:10:00,19,,
1004,2024-02-29 03:10:00,19,,
1005,2024-02-29 03:10:00,19,,
1006,2024-02-29 03:10:00,19,,
792,2024-02-29 03:20:00,20,,
793,2024-02-29 03:20:00,20,,
794,2024-02-29 03:20:00,20,,
795,2024-02-29 03:20:00,20,,
796,2024-02-29 03:20:00,20,,
797,2024-02-29 03:20:00,20,,
798,2024-02-29 03:20:00,20,,
799,2024-02-29 03:20:00,20,,
800,2024-02-29 03:20:00,20,,
801,2024-02-29 03:20:00,20,,
802,2024-02-29 03:20:00,20,,
803,2024-02-29 03:20:00,20,,
804,2024-02-29 03:20:00,20,,
805,2024-02-29 03:20:00,20,,
806,2024-02-29 03:20:00,20,,
807,2024-02-29 03:20:00,20,,
808,2024-02-29 03:20:00,20,,
809,2024-02-29 03:20:00,20,,
810,2024-02-29 03:20:00,20,,
811,2024-02-29 03:20:00,20,,
812,2024-02-29 03:20:00,20,,
813,2024-02-29 03:20:00,20,,
814,2024-02-29 03:20:00,20,,
815,2024-02-29 03:20:00,20,,
816,2024-02-29 03:20:00,20,,
817,2024-02-29 03:20:00,20,,
818,2024-02-29 03:20:00,20,,
819,2024-02-29 03:20:00,20,,
820,2024-02-29 03:20:00,20,,
821,2024-02-29 03:20:00,20,,
822,2024-02-29 03:20:00,20,,
823,2024-02-29 03:20:00,20,,
824,2024-02-29 03:20:00,20,,
825,2024-02-29 03:20:00,20,,
826,2024-02-29 03:20:00,20,,
827,2024-02-29 03:20:00,20,,
828,2024-02-29 03:20:00,20,,
829,2024-02-29 03:20:00,20,,
830,2024-02-29 03:20:00,20,,
831,2024-02-29 03:20:00,20,,
832,2024-02-29 03:20:00,20,,
833,2024-02-29 03:20:00,20,,
834,2024-02-29 03:20:00,20,,
835,2024-02-29 03:20:00,20,,
836,2024-02-29 03:20:00,20,,
837,2024-02-29 03:20:00,20,,
838,2024-02-29 03:20:00,20,,
839,2024-02-29 03:20:00,20,,
840,2024-02-29 03:20:00,20,,
841,2024-02-29 03:20:00,20,,
842,2024-02-29 03:20:00,20,,
843,2024-02-29 03:20:00,20,,
844,2024-02-29 03:20:00,20,,
845,2024-02-29 03:20:00,20,,
846,2024-02-29 03:20:00,20,,
847,2024-02-29 03:20:00,20,,
848,2024-02-29 03:20:00,20,,
849,2024-02-29 03:20:00,20,,
850,2024-02-29 03:20:00,20,,
851,2024-02-29 03:20:00,20,,
852,2024-02-29 03:20:00,20,,
853,2024-02-29 03:20:00,20,,
854,2024-02-29 03:20:00,20,,
855,2024-02-29 03:20:00,20,,
856,2024-02-29 03:20:00,20,,
857,2024-02-29 03:20:00,20,,
858,2024-02-29 03:20:00,20,,
859,2024-02-29 03:20:00,20,,
860,2024-02-29 03:20:00,20,,
861,2024-02-29 03:20:00,20,,
862,2024-02-29 03:20:00,20,,
863,2024-02-29 03:20:00,20,,
864,2024-02-29 03:20:00,20,,
865,2024-02-29 03:20:00,20,,
866,2024-02-29 03:20:00,20,,
867,2024-02-29 03:20:00,20,,
868,2024-02-29 03:20:00,20,,
869,2024-02-29 03:20:00,20,,
870,2024-02-29 03:20:00,20,,
871,2024-02-29 03:20:00,20,,
872,2024-02-29 03:20:00,20,,
873,2024-02-29 03:20:00,20,,
874,2024-02-29 03:20:00,20,,
875,2024-02-29 03:20:00,20,,
876,2024-02-29 03:20:00,20,,
877,2024-02-29 03:20:00,20,,
878,2024-02-29 03:20:00,20,,
879,2024-02-29 03:20:00,20,,
880,2024-02-29 03:20:00,20,,
881,2024-02-29 03:20:00,20,,
882,2024-02-29 03:20:00,20,,
883,2024-02-29 03:20:00,20,,
884,2024-02-29 03:20:00,20,,
885,2024-02-29 03:20:00,20,,
886,2024-02-29 03:20:00,20,,
887,2024-02-29 03:20:00,20,,
888,2024-02-29 03:20:00,20,,
889,2024-02-29 03:20:00,20,,
890,2024-02-29 03:20:00,20,,
891,2024-02-29 03:20:00,20,,
892,2024-02-29 03:20:00,20,,
893,2024-02-29 03:20:00,20,,
894,2024-02-29 03:20:00,20,,
895,2024-02-29 03:20:00,20,,
896,2024-02-29 03:20:00,20,,
897,2024-02-29 03:20:00,20,,
898,2024-02-29 03:20:00,20,,
899,2024-02-29 03:20:00,20,,
900,2024-02-29 03:20:00,20,,
901,2024-02-29 03:20:00,20,,
902,2024-02-29 03:20:00,20,,
903,2024-02-29 03:20:00,20,,
904,2024-02-29 03:20:00,20,,
905,2024-02-29 03:20:00,20,,
906,2024-02-29 03:20:00,20,,
907,2024-02-29 03:20:00,20,,
908,2024-02-29 03:20:00,20,,
909,2024-02-29 03:20:00,20,,
910,2024-02-29 03:20:00,20,,
911,2024-02-29 03:20:00,20,,
912,2024-02-29 03:20:00,20,,
913,2024-02-29 03:20:00,20,,
914,2024-02-29 03:20:00,20,,
915,2024-02-29 03:20:00,20,,
916,2024-02-29 03:20:00,20,,
917,2024-02-29 03:20:00,20,,
918,2024-02-29 03:20:00,20,,
919,2024-02-29 03:20:00,20,,
920,2024-02-29 03:20:00,20,,
921,2024-02-29 03:20:00,20,,
922,2024-02-29 03:20:00,20,,
923,2024-02-29 03:20:00,20,,
924,2024-02-29 03:20:00,20,,
925,2024-02-29 03:20:00,20,,
926,2024-02-29 03:20:00,20,,
927,2024-02-29 03:20:00,20,,
928,2024-02-29 03:20:00,20,,
929,2024-02-29 03:20:00,20,,
930,2024-02-29 03:20:00,20,,
931,2024-02-29 03:20:00,20,,
932,2024-02-29 03:20:00,20,,
933,2024-02-29 03:20:00,20,,
934,2024-02-29 03:20:00,20,,
935,2024-02-29 03:20:00,20,,
936,2024-02-29 03:20:00,20,,
937,2024-02-29 03:20:00,20,,
938,2024-02-29 03:20:00,20,,
939,2024-02-29 03:20:00,20,,
940,2024-02-29 03:20:00,20,,
941,2024-02-29 03:20:00,20,,
942,2024-02-29 03:20:00,20,,
943,2024-02-29 03:20:00,20,,
944,2024-02-29 03:20:00,20,,
945,2024-02-29 03:20:00,20,,
946,2024-02-29 03:20:00,20,,
947,2024-02-29 03:20:00,20,,
948,2024-02-29 03:20:00,20,,
949,2024-02-29 03:20:00,20,,
950,2024-02-29 03:20:00,20,,
951,2024-02-29 03:20:00,20,,
952,2024-02-29 03:20:00,20,,
953,2024-02-29 03:20:00,20,,
954,2024-02-29 03:20:00,20,,
955,2024-02-29 03:20:00,20,,
956,2024-02-29 03:20:00,20,,
957,2024-02-29 03:20:00,20,,
958,2024-02-29 03:20:00,20,,
959,2024-02-29 03:20:00,20,,
960,2024-02-29 03:20:00,20,,
961,2024-02-29 03:20:00,20,,
962,2024-02-29 03:20:00,20,,
963,2024-02-29 03:20:00,20,,
964,2024-02-29 03:20:00,20,,
965,2024-02-29 03:20:00,20,,
966,2024-02-29 03:20:00,20,,
967,2024-02-29 03:20:00,20,,
968,2024-02-29 03:20:00,20,,
969,2024-02-29 03:20:00,20,,
970,2024-02-29 03:20:00,20,,
971,2024-02-29 03:20:00,20,,
972,2024-02-29 03:20:00,20,,
973,2024-02-29 03:20:00,20,,
974,2024-02-29 03:20:00,20,,
975,2024-02-29 03:20:00,20,,
976,2024-02-29 03:20:00,20,,
977,2024-02-29 03:20:00,20,,
978,2024-02-29 03:20:00,20,,
979,2024-02-29 03:20:00,20,,
980,2024-02-29 03:20:00,20,,
981,2024-02-29 03:20:00,20,,
982,2024-02-29 03:20:00,20,,
983,2024-02-29 03:20:00,20,,
984,2024-02-29 03:20:00,20,,
985,2024-02-29 03:20:00,20,,
986,2024-02-29 03:20:00,20,,
987,2024-02-29 03:20:00,20,,
988,2024-02-29 03:20:00,20,,
989,2024-02-29 03:20:00,20,,
990,2024-02-29 03:20:00,20,,
991,2024-02-29 03:20:00,20,,
992,2024-02-29 03:20:00,20,,
993,2024-02-29 03:20:00,20,,
994,2024-02-29 03:20:00,20,,
995,2024-02-29 03:20:00,20,,
996,2024-02-29 03:20:00,20,,
997,2024-02-29 03:20:00,20,,
998,2024-02-29 03:20:00,20,,
999,2024-02-29 03:20:00,20,,
1000,2024-02-29 03:20:00,20,,
1001,2024-02-29 03:20:00,20,,
1002,2024-02-29 03:20:00,20,,
1003,2024-02-29 03:20:00,20,,
1004,2024-02-29 03:20:00,20,,
1005,2024-02-29 03:20:00,20,,
1006,2024-02-29 03:20:00,20,,
792,2024-02-29 03:30:00,21,,
793,2024-02-29 03:30:00,21,,
794,2024-02-29 03:30:00,21,,
795,2024-02-29 03:30:00,21,,
796,2024-02-29 03:30:00,21,,
797,2024-02-29 03:30:00,21,,
798,2024-02-29 03:30:00,21,,
799,2024-02-29 03:30:00,21,,
800,2024-02-29 03:30:00,21,,
801,2024-02-29 03:30:00,21,,
802,2024-02-29 03:30:00,21,,
803,2024-02-29 03:30:00,21,,
804,2024-02-29 03:30:00,21,,
805,2024-02-29 03:30:00,21,,
806,2024-02-29 03:30:00,21,,
807,2024-02-29 03:30:00,21,,
808,2024-02-29 03:30:00,21,,
809,2024-02-29 03:30:00,21,,
810,2024-02-29 03:30:00,21,,
811,2024-02-29 03:30:00,21,,
812,2024-02-29 03:30:00,21,,
813,2024-02-29 03:30:00,21,,
814,2024-02-29 03:30:00,21,,
815,2024-02-29 03:30:00,21,,
816,2024-02-29 03:30:00,21,,
817,2024-02-29 03:30:00,21,,
818,2024-02-29 03:30:00,21,,
819,2024-02-29 03:30:00,21,,
820,2024-02-29 03:30:00,21,,
821,2024-02-29 03:30:00,21,,
822,2024-02-29 03:30:00,21,,
823,2024-02-29 03:30:00,21,,
824,2024-02-29 03:30:00,21,,
825,2024-02-29 03:30:00,21,,
826,2024-02-29 03:30:00,21,,
827,2024-02-29 03:30:00,21,,
828,2024-02-29 03:30:00,21,,
829,2024-02-29 03:30:00,21,,
830,2024-02-29 03:30:00,21,,
831,2024-02-29 03:30:00,21,,
832,2024-02-29 03:30:00,21,,
833,2024-02-29 03:30:00,21,,
834,2024-02-29 03:30:00,21,,
835,2024-02-29 03:30:00,21,,
836,2024-02-29 03:30:00,21,,
837,2024-02-29 03:30:00,21,,
838,2024-02-29 03:30:00,21,,
839,2024-02-29 03:30:00,21,,
840,2024-02-29 03:30:00,21,,
841,2024-02-29 03:30:00,21,,
842,2024-02-29 03:30:00,21,,
843,2024-02-29 03:30:00,21,,
844,2024-02-29 03:30:00,21,,
845,2024-02-29 03:30:00,21,,
846,2024-02-29 03:30:00,21,,
847,2024-02-29 03:30:00,21,,
848,2024-02-29 03:30:00,21,,
849,2024-02-29 03:30:00,21,,
850,2024-02-29 03:30:00,21,,
851,2024-02-29 03:30:00,21,,
852,2024-02-29 03:30:00,21,,
853,2024-02-29 03:30:00,21,,
854,2024-02-29 03:30:00,21,,
855,2024-02-29 03:30:00,21,,
856,2024-02-29 03:30:00,21,,
857,2024-02-29 03:30:00,21,,
858,2024-02-29 03:30:00,21,,
859,2024-02-29 03:30:00,21,,
860,2024-02-29 03:30:00,21,,
861,2024-02-29 03:30:00,21,,
862,2024-02-29 03:30:00,21,,
863,2024-02-29 03:30:00,21,,
864,2024-02-29 03:30:00,21,,
865,2024-02-29 03:30:00,21,,
866,2024-02-29 03:30:00,21,,
867,2024-02-29 03:30:00,21,,
868,2024-02-29 03:30:00,21,,
869,2024-02-29 03:30:00,21,,
870,2024-02-29 03:30:00,21,,
871,2024-02-29 03:30:00,21,,
872,2024-02-29 03:30:00,21,,
873,2024-02-29 03:30:00,21,,
874,2024-02-29 03:30:00,21,,
875,2024-02-29 03:30:00,21,,
876,2024-02-29 03:30:00,21,,
877,2024-02-29 03:30:00,21,,
878,2024-02-29 03:30:00,21,,
879,2024-02-29 03:30:00,21,,
880,2024-02-29 03:30:00,21,,
881,2024-02-29 03:30:00,21,,
882,2024-02-29 03:30:00,21,,
883,2024-02-29 03:30:00,21,,
884,2024-02-29 03:30:00,21,,
885,2024-02-29 03:30:00,21,,
886,2024-02-29 03:30:00,21,,
887,2024-02-29 03:30:00,21,,
888,2024-02-29 03:30:00,21,,
889,2024-02-29 03:30:00,21,,
890,2024-02-29 03:30:00,21,,
891,2024-02-29 03:30:00,21,,
892,2024-02-29 03:30:00,21,,
893,2024-02-29 03:30:00,21,,
894,2024-02-29 03:30:00,21,,
895,2024-02-29 03:30:00,21,,
896,2024-02-29 03:30:00,21,,
897,2024-02-29 03:30:00,21,,
898,2024-02-29 03:30:00,21,,
899,2024-02-29 03:30:00,21,,
900,2024-02-29 03:30:00,21,,
901,2024-02-29 03:30:00,21,,
902,2024-02-29 03:30:00,21,,
903,2024-02-29 03:30:00,21,,
904,2024-02-29 03:30:00,21,,
905,2024-02-29 03:30:00,21,,
906,2024-02-29 03:30:00,21,,
907,2024-02-29 03:30:00,21,,
908,2024-02-29 03:30:00,21,,
909,2024-02-29 03:30:00,21,,
910,2024-02-29 03:30:00,21,,
911,2024-02-29 03:30:00,21,,
912,2024-02-29 03:30:00,21,,
913,2024-02-29 03:30:00,21,,
914,2024-02-29 03:30:00,21,,
915,2024-02-29 03:30:00,21,,
916,2024-02-29 03:30:00,21,,
917,2024-02-29 03:30:00,21,,
918,2024-02-29 03:30:00,21,,
919,2024-02-29 03:30:00,21,,
920,2024-02-29 03:30:00,21,,
921,2024-02-29 03:30:00,21,,
922,2024-02-29 03:30:00,21,,
923,2024-02-29 03:30:00,21,,
924,2024-02-29 03:30:00,21,,
925,2024-02-29 03:30:00,21,,
926,2024-02-29 03:30:00,21,,
927,2024-02-29 03:30:00,21,,
928,2024-02-29 03:30:00,21,,
929,2024-02-29 03:30:00,21,,
930,2024-02-29 03:30:00,21,,
931,2024-02-29 03:30:00,21,,
932,2024-02-29 03:30:00,21,,
933,2024-02-29 03:30:00,21,,
934,2024-02-29 03:30:00,21,,
935,2024-02-29 03:30:00,21,,
936,2024-02-29 03:30:00,21,,
937,2024-02-29 03:30:00,21,,
938,2024-02-29 03:30:00,21,,
939,2024-02-29 03:30:00,21,,
940,2024-02-29 03:30:00,21,,
941,2024-02-29 03:30:00,21,,
942,2024-02-29 03:30:00,21,,
943,2024-02-29 03:30:00,21,,
944,2024-02-29 03:30:00,21,,
945,2024-02-29 03:30:00,21,,
946,2024-02-29 03:30:00,21,,
947,2024-02-29 03:30:00,21,,
948,2024-02-29 03:30:00,21,,
949,2024-02-29 03:30:00,21,,
950,2024-02-29 03:30:00,21,,
951,2024-02-29 03:30:00,21,,
952,2024-02-29 03:30:00,21,,
953,2024-02-29 03:30:00,21,,
954,2024-02-29 03:30:00,21,,
955,2024-02-29 03:30:00,21,,
956,2024-02-29 03:30:00,21,,
957,2024-02-29 03:30:00,21,,
958,2024-02-29 03:30:00,21,,
959,2024-02-29 03:30:00,21,,
960,2024-02-29 03:30:00,21,,
961,2024-02-29 03:30:00,21,,
962,2024-02-29 03:30:00,21,,
963,2024-02-29 03:30:00,21,,
964,2024-02-29 03:30:00,21,,
965,2024-02-29 03:30:00,21,,
966,2024-02-29 03:30:00,21,,
967,2024-02-29 03:30:00,21,,
968,2024-02-29 03:30:00,21,,
969,2024-02-29 03:30:00,21,,
970,2024-02-29 03:30:00,21,,
971,2024-02-29 03:30:00,21,,
972,2024-02-29 03:30:00,21,,
973,2024-02-29 03:30:00,21,,
974,2024-02-29 03:30:00,21,,
975,2024-02-29 03:30:00,21,,
976,2024-02-29 03:30:00,21,,
977,2024-02-29 03:30:00,21,,
978,2024-02-29 03:30:00,21,,
979,2024-02-29 03:30:00,21,,
980,2024-02-29 03:30:00,21,,
981,2024-02-29 03:30:00,21,,
982,2024-02-29 03:30:00,21,,
983,2024-02-29 03:30:00,21,,
984,2024-02-29 03:30:00,21,,
985,2024-02-29 03:30:00,21,,
986,2024-02-29 03:30:00,21,,
987,2024-02-29 03:30:00,21,,
988,2024-02-29 03:30:00,21,,
989,2024-02-29 03:30:00,21,,
990,2024-02-29 03:30:00,21,,
991,2024-02-29 03:30:00,21,,
992,2024-02-29 03:30:00,21,,
993,2024-02-29 03:30:00,21,,
994,2024-02-29 03:30:00,21,,
995,2024-02-29 03:30:00,21,,
996,2024-02-29 03:30:00,21,,
997,2024-02-29 03:30:00,21,,
998,2024-02-29 03:30:00,21,,
999,2024-02-29 03:30:00,21,,
1000,2024-02-29 03:30:00,21,,
1001,2024-02-29 03:30:00,21,,
1002,2024-02-29 03:30:00,21,,
1003,2024-02-29 03:30:00,21,,
1004,2024-02-29 03:30:00,21,,
1005,2024-02-29 03:30:00,21,,
1006,2024-02-29 03:30:00,21,,
792,2024-02-29 03:40:00,22,,
793,2024-02-29 03:40:00,22,,
794,2024-02-29 03:40:00,22,,
795,2024-02-29 03:40:00,22,,
796,2024-02-29 03:40:00,22,,
797,2024-02-29 03:40:00,22,,
798,2024-02-29 03:40:00,22,,
799,2024-02-29 03:40:00,22,,
800,2024-02-29 03:40:00,22,,
801,2024-02-29 03:40:00,22,,
802,2024-02-29 03:40:00,22,,
803,2024-02-29 03:40:00,22,,
804,2024-02-29 03:40:00,22,,
805,2024-02-29 03:40:00,22,,
806,2024-02-29 03:40:00,22,,
807,2024-02-29 03:40:00,22,,
808,2024-02-29 03:40:00,22,,
809,2024-02-29 03:40:00,22,,
810,2024-02-29 03:40:00,22,,
811,2024-02-29 03:40:00,22,,
812,2024-02-29 03:40:00,22,,
813,2024-02-29 03:40:00,22,,
814,2024-02-29 03:40:00,22,,
815,2024-02-29 03:40:00,22,,
816,2024-02-29 03:40:00,22,,
817,2024-02-29 03:40:00,22,,
818,2024-02-29 03:40:00,22,,
819,2024-02-29 03:40:00,22,,
820,2024-02-29 03:40:00,22,,
821,2024-02-29 03:40:00,22,,
822,2024-02-29 03:40:00,22,,
823,2024-02-29 03:40:00,22,,
824,2024-02-29 03:40:00,22,,
825,2024-02-29 03:40:00,22,,
826,2024-02-29 03:40:00,22,,
827,2024-02-29 03:40:00,22,,
828,2024-02-29 03:40:00,22,,
829,2024-02-29 03:40:00,22,,
830,2024-02-29 03:40:00,22,,
831,2024-02-29 03:40:00,22,,
832,2024-02-29 03:40:00,22,,
833,2024-02-29 03:40:00,22,,
834,2024-02-29 03:40:00,22,,
835,2024-02-29 03:40:00,22,,
836,2024-02-29 03:40:00,22,,
837,2024-02-29 03:40:00,22,,
838,2024-02-29 03:40:00,22,,
839,2024-02-29 03:40:00,22,,
840,2024-02-29 03:40:00,22,,
841,2024-02-29 03:40:00,22,,
842,2024-02-29 03:40:00,22,,
843,2024-02-29 03:40:00,22,,
844,2024-02-29 03:40:00,22,,
845,2024-02-29 03:40:00,22,,
846,2024-02-29 03:40:00,22,,
847,2024-02-29 03:40:00,22,,
848,2024-02-29 03:40:00,22,,
849,2024-02-29 03:40:00,22,,
850,2024-02-29 03:40:00,22,,
851,2024-02-29 03:40:00,22,,
852,2024-02-29 03:40:00,22,,
853,2024-02-29 03:40:00,22,,
854,2024-02-29 03:40:00,22,,
855,2024-02-29 03:40:00,22,,
856,2024-02-29 03:40:00,22,,
857,2024-02-29 03:40:00,22,,
858,2024-02-29 03:40:00,22,,
859,2024-02-29 03:40:00,22,,
860,2024-02-29 03:40:00,22,,
861,2024-02-29 03:40:00,22,,
862,2024-02-29 03:40:00,22,,
863,2024-02-29 03:40:00,22,,
864,2024-02-29 03:40:00,22,,
865,2024-02-29 03:40:00,22,,
866,2024-02-29 03:40:00,22,,
867,2024-02-29 03:40:00,22,,
868,2024-02-29 03:40:00,22,,
869,2024-02-29 03:40:00,22,,
870,2024-02-29 03:40:00,22,,
871,2024-02-29 03:40:00,22,,
872,2024-02-29 03:40:00,22,,
873,2024-02-29 03:40:00,22,,
874,2024-02-29 03:40:00,22,,
875,2024-02-29 03:40:00,22,,
876,2024-02-29 03:40:00,22,,
877,2024-02-29 03:40:00,22,,
878,2024-02-29 03:40:00,22,,
879,2024-02-29 03:40:00,22,,
880,2024-02-29 03:40:00,22,,
881,2024-02-29 03:40:00,22,,
882,2024-02-29 03:40:00,22,,
883,2024-02-29 03:40:00,22,,
884,2024-02-29 03:40:00,22,,
885,2024-02-29 03:40:00,22,,
886,2024-02-29 03:40:00,22,,
887,2024-02-29 03:40:00,22,,
888,2024-02-29 03:40:00,22,,
889,2024-02-29 03:40:00,22,,
890,2024-02-29 03:40:00,22,,
891,2024-02-29 03:40:00,22,,
892,2024-02-29 03:40:00,22,,
893,2024-02-29 03:40:00,22,,
894,2024-02-29 03:40:00,22,,
895,2024-02-29 03:40:00,22,,
896,2024-02-29 03:40:00,22,,
897,2024-02-29 03:40:00,22,,
898,2024-02-29 03:40:00,22,,
899,2024-02-29 03:40:00,22,,
900,2024-02-29 03:40:00,22,,
901,2024-02-29 03:40:00,22,,
902,2024-02-29 03:40:00,22,,
903,2024-02-29 03:40:00,22,,
904,2024-02-29 03:40:00,22,,
905,2024-02-29 03:40:00,22,,
906,2024-02-29 03:40:00,22,,
907,2024-02-29 03:40:00,22,,
908,2024-02-29 03:40:00,22,,
909,2024-02-29 03:40:00,22,,
910,2024-02-29 03:40:00,22,,
911,2024-02-29 03:40:00,22,,
912,2024-02-29 03:40:00,22,,
913,2024-02-29 03:40:00,22,,
914,2024-02-29 03:40:00,22,,
915,2024-02-29 03:40:00,22,,
916,2024-02-29 03:40:00,22,,
917,2024-02-29 03:40:00,22,,
918,2024-02-29 03:40:00,22,,
919,2024-02-29 03:40:00,22,,
920,2024-02-29 03:40:00,22,,
921,2024-02-29 03:40:00,22,,
922,2024-02-29 03:40:00,22,,
923,2024-02-29 03:40:00,22,,
924,2024-02-29 03:40:00,22,,
925,2024-02-29 03:40:00,22,,
926,2024-02-29 03:40:00,22,,
927,2024-02-29 03:40:00,22,,
928,2024-02-29 03:40:00,22,,
929,2024-02-29 03:40:00,22,,
930,2024-02-29 03:40:00,22,,
931,2024-02-29 03:40:00,22,,
932,2024-02-29 03:40:00,22,,
933,2024-02-29 03:40:00,22,,
934,2024-02-29 03:40:00,22,,
935,2024-02-29 03:40:00,22,,
936,2024-02-29 03:40:00,22,,
937,2024-02-29 03:40:00,22,,
938,2024-02-29 03:40:00,22,,
939,2024-02-29 03:40:00,22,,
940,2024-02-29 03:40:00,22,,
941,2024-02-29 03:40:00,22,,
942,2024-02-29 03:40:00,22,,
943,2024-02-29 03:40:00,22,,
944,2024-02-29 03:40:00,22,,
945,2024-02-29 03:40:00,22,,
946,2024-02-29 03:40:00,22,,
947,2024-02-29 03:40:00,22,,
948,2024-02-29 03:40:00,22,,
949,2024-02-29 03:40:00,22,,
950,2024-02-29 03:40:00,22,,
951,2024-02-29 03:40:00,22,,
952,2024-02-29 03:40:00,22,,
953,2024-02-29 03:40:00,22,,
954,2024-02-29 03:40:00,22,,
955,2024-02-29 03:40:00,22,,
956,2024-02-29 03:40:00,22,,
957,2024-02-29 03:40:00,22,,
958,2024-02-29 03:40:00,22,,
959,2024-02-29 03:40:00,22,,
960,2024-02-29 03:40:00,22,,
961,2024-02-29 03:40:00,22,,
962,2024-02-29 03:40:00,22,,
963,2024-02-29 03:40:00,22,,
964,2024-02-29 03:40:00,22,,
965,2024-02-29 03:40:00,22,,
966,2024-02-29 03:40:00,22,,
967,2024-02-29 03:40:00,22,,
968,2024-02-29 03:40:00,22,,
969,2024-02-29 03:40:00,22,,
970,2024-02-29 03:40:00,22,,
971,2024-02-29 03:40:00,22,,
972,2024-02-29 03:40:00,22,,
973,2024-02-29 03:40:00,22,,
974,2024-02-29 03:40:00,22,,
975,2024-02-29 03:40:00,22,,
976,2024-02-29 03:40:00,22,,
977,2024-02-29 03:40:00,22,,
978,2024-02-29 03:40:00,22,,
979,2024-02-29 03:40:00,22,,
980,2024-02-29 03:40:00,22,,
981,2024-02-29 03:40:00,22,,
982,2024-02-29 03:40:00,22,,
983,2024-02-29 03:40:00,22,,
984,2024-02-29 03:40:00,22,,
985,2024-02-29 03:40:00,22,,
986,2024-02-29 03:40:00,22,,
987,2024-02-29 03:40:00,22,,
988,2024-02-29 03:40:00,22,,
989,2024-02-29 03:40:00,22,,
990,2024-02-29 03:40:00,22,,
991,2024-02-29 03:40:00,22,,
992,2024-02-29 03:40:00,22,,
993,2024-02-29 03:40:00,22,,
994,2024-02-29 03:40:00,22,,
995,2024-02-29 03:40:00,22,,
996,2024-02-29 03:40:00,22,,
997,2024-02-29 03:40:00,22,,
998,2024-02-29 03:40:00,22,,
999,2024-02-29 03:40:00,22,,
1000,2024-02-29 03:40:00,22,,
1001,2024-02-29 03:40:00,22,,
1002,2024-02-29 03:40:00,22,,
1003,2024-02-29 03:40:00,22,,
1004,2024-02-29 03:40:00,22,,
1005,2024-02-29 03:40:00,22,,
1006,2024-02-29 03:40:00,22,,
792,2024-02-29 03:50:00,23,,
793,2024-02-29 03:50:00,23,,
794,2024-02-29 03:50:00,23,,
795,2024-02-29 03:50:00,23,,
796,2024-02-29 03:50:00,23,,
797,2024-02-29 03:50:00,23,,
798,2024-02-29 03:50:00,23,,
799,2024-02-29 03:50:00,23,,
800,2024-02-29 03:50:00,23,,
801,2024-02-29 03:50:00,23,,
802,2024-02-29 03:50:00,23,,
803,2024-02-29 03:50:00,23,,
804,2024-02-29 03:50:00,23,,
805,2024-02-29 03:50:00,23,,
806,2024-02-29 03:50:00,23,,
807,2024-02-29 03:50:00,23,,
808,2024-02-29 03:50:00,23,,
809,2024-02-29 03:50:00,23,,
810,2024-02-29 03:50:00,23,,
811,2024-02-29 03:50:00,23,,
812,2024-02-29 03:50:00,23,,
813,2024-02-29 03:50:00,23,,
814,2024-02-29 03:50:00,23,,
815,2024-02-29 03:50:00,23,,
816,2024-02-29 03:50:00,23,,
817,2024-02-29 03:50:00,23,,
818,2024-02-29 03:50:00,23,,
819,2024-02-29 03:50:00,23,,
820,2024-02-29 03:50:00,23,,
821,2024-02-29 03:50:00,23,,
822,2024-02-29 03:50:00,23,,
823,2024-02-29 03:50:00,23,,
824,2024-02-29 03:50:00,23,,
825,2024-02-29 03:50:00,23,,
826,2024-02-29 03:50:00,23,,
827,2024-02-29 03:50:00,23,,
828,2024-02-29 03:50:00,23,,
829,2024-02-29 03:50:00,23,,
830,2024-02-29 03:50:00,23,,
831,2024-02-29 03:50:00,23,,
832,2024-02-29 03:50:00,23,,
833,2024-02-29 03:50:00,23,,
834,2024-02-29 03:50:00,23,,
835,2024-02-29 03:50:00,23,,
836,2024-02-29 03:50:00,23,,
837,2024-02-29 03:50:00,23,,
838,2024-02-29 03:50:00,23,,
839,2024-02-29 03:50:00,23,,
840,2024-02-29 03:50:00,23,,
841,2024-02-29 03:50:00,23,,
842,2024-02-29 03:50:00,23,,
843,2024-02-29 03:50:00,23,,
844,2024-02-29 03:50:00,23,,
845,2024-02-29 03:50:00,23,,
846,2024-02-29 03:50:00,23,,
847,2024-02-29 03:50:00,23,,
848,2024-02-29 03:50:00,23,,
849,2024-02-29 03:50:00,23,,
850,2024-02-29 03:50:00,23,,
851,2024-02-29 03:50:00,23,,
852,2024-02-29 03:50:00,23,,
853,2024-02-29 03:50:00,23,,
854,2024-02-29 03:50:00,23,,
855,2024-02-29 03:50:00,23,,
856,2024-02-29 03:50:00,23,,
857,2024-02-29 03:50:00,23,,
858,2024-02-29 03:50:00,23,,
859,2024-02-29 03:50:00,23,,
860,2024-02-29 03:50:00,23,,
861,2024-02-29 03:50:00,23,,
862,2024-02-29 03:50:00,23,,
863,2024-02-29 03:50:00,23,,
864,2024-02-29 03:50:00,23,,
865,2024-02-29 03:50:00,23,,
866,2024-02-29 03:50:00,23,,
867,2024-02-29 03:50:00,23,,
868,2024-02-29 03:50:00,23,,
869,2024-02-29 03:50:00,23,,
870,2024-02-29 03:50:00,23,,
871,2024-02-29 03:50:00,23,,
872,2024-02-29 03:50:00,23,,
873,2024-02-29 03:50:00,23,,
874,2024-02-29 03:50:00,23,,
875,2024-02-29 03:50:00,23,,
876,2024-02-29 03:50:00,23,,
877,2024-02-29 03:50:00,23,,
878,2024-02-29 03:50:00,23,,
879,2024-02-29 03:50:00,23,,
880,2024-02-29 03:50:00,23,,
881,2024-02-29 03:50:00,23,,
882,2024-02-29 03:50:00,23,,
883,2024-02-29 03:50:00,23,,
884,2024-02-29 03:50:00,23,,
885,2024-02-29 03:50:00,23,,
886,2024-02-29 03:50:00,23,,
887,2024-02-29 03:50:00,23,,
888,2024-02-29 03:50:00,23,,
889,2024-02-29 03:50:00,23,,
890,2024-02-29 03:50:00,23,,
891,2024-02-29 03:50:00,23,,
892,2024-02-29 03:50:00,23,,
893,2024-02-29 03:50:00,23,,
894,2024-02-29 03:50:00,23,,
895,2024-02-29 03:50:00,23,,
896,2024-02-29 03:50:00,23,,
897,2024-02-29 03:50:00,23,,
898,2024-02-29 03:50:00,23,,
899,2024-02-29 03:50:00,23,,
900,2024-02-29 03:50:00,23,,
901,2024-02-29 03:50:00,23,,
902,2024-02-29 03:50:00,23,,
903,2024-02-29 03:50:00,23,,
904,2024-02-29 03:50:00,23,,
905,2024-02-29 03:50:00,23,,
906,2024-02-29 03:50:00,23,,
907,2024-02-29 03:50:00,23,,
908,2024-02-29 03:50:00,23,,
909,2024-02-29 03:50:00,23,,
910,2024-02-29 03:50:00,23,,
911,2024-02-29 03:50:00,23,,
912,2024-02-29 03:50:00,23,,
913,2024-02-29 03:50:00,23,,
914,2024-02-29 03:50:00,23,,
915,2024-02-29 03:50:00,23,,
916,2024-02-29 03:50:00,23,,
917,2024-02-29 03:50:00,23,,
918,2024-02-29 03:50:00,23,,
919,2024-02-29 03:50:00,23,,
920,2024-02-29 03:50:00,23,,
921,2024-02-29 03:50:00,23,,
922,2024-02-29 03:50:00,23,,
923,2024-02-29 03:50:00,23,,
924,2024-02-29 03:50:00,23,,
925,2024-02-29 03:50:00,23,,
926,2024-02-29 03:50:00,23,,
927,2024-02-29 03:50:00,23,,
928,2024-02-29 03:50:00,23,,
929,2024-02-29 03:50:00,23,,
930,2024-02-29 03:50:00,23,,
931,2024-02-29 03:50:00,23,,
932,2024-02-29 03:50:00,23,,
933,2024-02-29 03:50:00,23,,
934,2024-02-29 03:50:00,23,,
935,2024-02-29 03:50:00,23,,
936,2024-02-29 03:50:00,23,,
937,2024-02-29 03:50:00,23,,
938,2024-02-29 03:50:00,23,,
939,2024-02-29 03:50:00,23,,
940,2024-02-29 03:50:00,23,,
941,2024-02-29 03:50:00,23,,
942,2024-02-29 03:50:00,23,,
943,2024-02-29 03:50:00,23,,
944,2024-02-29 03:50:00,23,,
945,2024-02-29 03:50:00,23,,
946,2024-02-29 03:50:00,23,,
947,2024-02-29 03:50:00,23,,
948,2024-02-29 03:50:00,23,,
949,2024-02-29 03:50:00,23,,
950,2024-02-29 03:50:00,23,,
951,2024-02-29 03:50:00,23,,
952,2024-02-29 03:50:00,23,,
953,2024-02-29 03:50:00,23,,
954,2024-02-29 03:50:00,23,,
955,2024-02-29 03:50:00,23,,
956,2024-02-29 03:50:00,23,,
957,2024-02-29 03:50:00,23,,
958,2024-02-29 03:50:00,23,,
959,2024-02-29 03:50:00,23,,
960,2024-02-29 03:50:00,23,,
961,2024-02-29 03:50:00,23,,
962,2024-02-29 03:50:00,23,,
963,2024-02-29 03:50:00,23,,
964,2024-02-29 03:50:00,23,,
965,2024-02-29 03:50:00,23,,
966,2024-02-29 03:50:00,23,,
967,2024-02-29 03:50:00,23,,
968,2024-02-29 03:50:00,23,,
969,2024-02-29 03:50:00,23,,
970,2024-02-29 03:50:00,23,,
971,2024-02-29 03:50:00,23,,
972,2024-02-29 03:50:00,23,,
973,2024-02-29 03:50:00,23,,
974,2024-02-29 03:50:00,23,,
975,2024-02-29 03:50:00,23,,
976,2024-02-29 03:50:00,23,,
977,2024-02-29 03:50:00,23,,
978,2024-02-29 03:50:00,23,,
979,2024-02-29 03:50:00,23,,
980,2024-02-29 03:50:00,23,,
981,2024-02-29 03:50:00,23,,
982,2024-02-29 03:50:00,23,,
983,2024-02-29 03:50:00,23,,
984,2024-02-29 03:50:00,23,,
985,2024-02-29 03:50:00,23,,
986,2024-02-29 03:50:00,23,,
987,2024-02-29 03:50:00,23,,
988,2024-02-29 03:50:00,23,,
989,2024-02-29 03:50:00,23,,
990,2024-02-29 03:50:00,23,,
991,2024-02-29 03:50:00,23,,
992,2024-02-29 03:50:00,23,,
993,2024-02-29 03:50:00,23,,
994,2024-02-29 03:50:00,23,,
995,2024-02-29 03:50:00,23,,
996,2024-02-29 03:50:00,23,,
997,2024-02-29 03:50:00,23,,
998,2024-02-29 03:50:00,23,,
999,2024-02-29 03:50:00,23,,
1000,2024-02-29 03:50:00,23,,
1001,2024-02-29 03:50:00,23,,
1002,2024-02-29 03:50:00,23,,
1003,2024-02-29 03:50:00,23,,
1004,2024-02-29 03:50:00,23,,
1005,2024-02-29 03:50:00,23,,
1006,2024-02-29 03:50:00,23,,
792,2024-02-29 04:00:00,24,,
793,2024-02-29 04:00:00,24,,
794,2024-02-29 04:00:00,24,,
795,2024-02-29 04:00:00,24,,
796,2024-02-29 04:00:00,24,,
797,2024-02-29 04:00:00,24,,
798,2024-02-29 04:00:00,24,,
799,2024-02-29 04:00:00,24,,
800,2024-02-29 04:00:00,24,,
801,2024-02-29 04:00:00,24,,
802,2024-02-29 04:00:00,24,,
803,2024-02-29 04:00:00,24,,
804,2024-02-29 04:00:00,24,,
805,2024-02-29 04:00:00,24,,
806,2024-02-29 04:00:00,24,,
807,2024-02-29 04:00:00,24,,
808,2024-02-29 04:00:00,24,,
809,2024-02-29 04:00:00,24,,
810,2024-02-29 04:00:00,24,,
811,2024-02-29 04:00:00,24,,
812,2024-02-29 04:00:00,24,,
813,2024-02-29 04:00:00,24,,
814,2024-02-29 04:00:00,24,,
815,2024-02-29 04:00:00,24,,
816,2024-02-29 04:00:00,24,,
817,2024-02-29 04:00:00,24,,
818,2024-02-29 04:00:00,24,,
819,2024-02-29 04:00:00,24,,
820,2024-02-29 04:00:00,24,,
821,2024-02-29 04:00:00,24,,
822,2024-02-29 04:00:00,24,,
823,2024-02-29 04:00:00,24,,
824,2024-02-29 04:00:00,24,,
825,2024-02-29 04:00:00,24,,
826,2024-02-29 04:00:00,24,,
827,2024-02-29 04:00:00,24,,
828,2024-02-29 04:00:00,24,,
829,2024-02-29 04:00:00,24,,
830,2024-02-29 04:00:00,24,,
831,2024-02-29 04:00:00,24,,
832,2024-02-29 04:00:00,24,,
833,2024-02-29 04:00:00,24,,
834,2024-02-29 04:00:00,24,,
835,2024-02-29 04:00:00,24,,
836,2024-02-29 04:00:00,24,,
837,2024-02-29 04:00:00,24,,
838,2024-02-29 04:00:00,24,,
839,2024-02-29 04:00:00,24,,
840,2024-02-29 04:00:00,24,,
841,2024-02-29 04:00:00,24,,
842,2024-02-29 04:00:00,24,,
843,2024-02-29 04:00:00,24,,
844,2024-02-29 04:00:00,24,,
845,2024-02-29 04:00:00,24,,
846,2024-02-29 04:00:00,24,,
847,2024-02-29 04:00:00,24,,
848,2024-02-29 04:00:00,24,,
849,2024-02-29 04:00:00,24,,
850,2024-02-29 04:00:00,24,,
851,2024-02-29 04:00:00,24,,
852,2024-02-29 04:00:00,24,,
853,2024-02-29 04:00:00,24,,
854,2024-02-29 04:00:00,24,,
855,2024-02-29 04:00:00,24,,
856,2024-02-29 04:00:00,24,,
857,2024-02-29 04:00:00,24,,
858,2024-02-29 04:00:00,24,,
859,2024-02-29 04:00:00,24,,
860,2024-02-29 04:00:00,24,,
861,2024-02-29 04:00:00,24,,
862,2024-02-29 04:00:00,24,,
863,2024-02-29 04:00:00,24,,
864,2024-02-29 04:00:00,24,,
865,2024-02-29 04:00:00,24,,
866,2024-02-29 04:00:00,24,,
867,2024-02-29 04:00:00,24,,
868,2024-02-29 04:00:00,24,,
869,2024-02-29 04:00:00,24,,
870,2024-02-29 04:00:00,24,,
871,2024-02-29 04:00:00,24,,
872,2024-02-29 04:00:00,24,,
873,2024-02-29 04:00:00,24,,
874,2024-02-29 04:00:00,24,,
875,2024-02-29 04:00:00,24,,
876,2024-02-29 04:00:00,24,,
877,2024-02-29 04:00:00,24,,
878,2024-02-29 04:00:00,24,,
879,2024-02-29 04:00:00,24,,
880,2024-02-29 04:00:00,24,,
881,2024-02-29 04:00:00,24,,
882,2024-02-29 04:00:00,24,,
883,2024-02-29 04:00:00,24,,
884,2024-02-29 04:00:00,24,,
885,2024-02-29 04:00:00,24,,
886,2024-02-29 04:00:00,24,,
887,2024-02-29 04:00:00,24,,
888,2024-02-29 04:00:00,24,,
889,2024-02-29 04:00:00,24,,
890,2024-02-29 04:00:00,24,,
891,2024-02-29 04:00:00,24,,
892,2024-02-29 04:00:00,24,,
893,2024-02-29 04:00:00,24,,
894,2024-02-29 04:00:00,24,,
895,2024-02-29 04:00:00,24,,
896,2024-02-29 04:00:00,24,,
897,2024-02-29 04:00:00,24,,
898,2024-02-29 04:00:00,24,,
899,2024-02-29 04:00:00,24,,
900,2024-02-29 04:00:00,24,,
901,2024-02-29 04:00:00,24,,
902,2024-02-29 04:00:00,24,,
903,2024-02-29 04:00:00,24,,
904,2024-02-29 04:00:00,24,,
905,2024-02-29 04:00:00,24,,
906,2024-02-29 04:00:00,24,,
907,2024-02-29 04:00:00,24,,
908,2024-02-29 04:00:00,24,,
909,2024-02-29 04:00:00,24,,
910,2024-02-29 04:00:00,24,,
911,2024-02-29 04:00:00,24,,
912,2024-02-29 04:00:00,24,,
913,2024-02-29 04:00:00,24,,
914,2024-02-29 04:00:00,24,,
915,2024-02-29 04:00:00,24,,
916,2024-02-29 04:00:00,24,,
917,2024-02-29 04:00:00,24,,
918,2024-02-29 04:00:00,24,,
919,2024-02-29 04:00:00,24,,
920,2024-02-29 04:00:00,24,,
921,2024-02-29 04:00:00,24,,
922,2024-02-29 04:00:00,24,,
923,2024-02-29 04:00:00,24,,
924,2024-02-29 04:00:00,24,,
925,2024-02-29 04:00:00,24,,
926,2024-02-29 04:00:00,24,,
927,2024-02-29 04:00:00,24,,
928,2024-02-29 04:00:00,24,,
929,2024-02-29 04:00:00,24,,
930,2024-02-29 04:00:00,24,,
931,2024-02-29 04:00:00,24,,
932,2024-02-29 04:00:00,24,,
933,2024-02-29 04:00:00,24,,
934,2024-02-29 04:00:00,24,,
935,2024-02-29 04:00:00,24,,
936,2024-02-29 04:00:00,24,,
937,2024-02-29 04:00:00,24,,
938,2024-02-29 04:00:00,24,,
939,2024-02-29 04:00:00,24,,
940,2024-02-29 04:00:00,24,,
941,2024-02-29 04:00:00,24,,
942,2024-02-29 04:00:00,24,,
943,2024-02-29 04:00:00,24,,
944,2024-02-29 04:00:00,24,,
945,2024-02-29 04:00:00,24,,
946,2024-02-29 04:00:00,24,,
947,2024-02-29 04:00:00,24,,
948,2024-02-29 04:00:00,24,,
949,2024-02-29 04:00:00,24,,
950,2024-02-29 04:00:00,24,,
951,2024-02-29 04:00:00,24,,
952,2024-02-29 04:00:00,24,,
953,2024-02-29 04:00:00,24,,
954,2024-02-29 04:00:00,24,,
955,2024-02-29 04:00:00,24,,
956,2024-02-29 04:00:00,24,,
957,2024-02-29 04:00:00,24,,
958,2024-02-29 04:00:00,24,,
959,2024-02-29 04:00:00,24,,
960,2024-02-29 04:00:00,24,,
961,2024-02-29 04:00:00,24,,
962,2024-02-29 04:00:00,24,,
963,2024-02-29 04:00:00,24,,
964,2024-02-29 04:00:00,24,,
965,2024-02-29 04:00:00,24,,
966,2024-02-29 04:00:00,24,,
967,2024-02-29 04:00:00,24,,
968,2024-02-29 04:00:00,24,,
969,2024-02-29 04:00:00,24,,
970,2024-02-29 04:00:00,24,,
971,2024-02-29 04:00:00,24,,
972,2024-02-29 04:00:00,24,,
973,2024-02-29 04:00:00,24,,
974,2024-02-29 04:00:00,24,,
975,2024-02-29 04:00:00,24,,
976,2024-02-29 04:00:00,24,,
977,2024-02-29 04:00:00,24,,
978,2024-02-29 04:00:00,24,,
979,2024-02-29 04:00:00,24,,
980,2024-02-29 04:00:00,24,,
981,2024-02-29 04:00:00,24,,
982,2024-02-29 04:00:00,24,,
983,2024-02-29 04:00:00,24,,
984,2024-02-29 04:00:00,24,,
985,2024-02-29 04:00:00,24,,
986,2024-02-29 04:00:00,24,,
987,2024-02-29 04:00:00,24,,
988,2024-02-29 04:00:00,24,,
989,2024-02-29 04:00:00,24,,
990,2024-02-29 04:00:00,24,,
991,2024-02-29 04:00:00,24,,
992,2024-02-29 04:00:00,24,,
993,2024-02-29 04:00:00,24,,
994,2024-02-29 04:00:00,24,,
995,2024-02-29 04:00:00,24,,
996,2024-02-29 04:00:00,24,,
997,2024-02-29 04:00:00,24,,
998,2024-02-29 04:00:00,24,,
999,2024-02-29 04:00:00,24,,
1000,2024-02-29 04:00:00,24,,
1001,2024-02-29 04:00:00,24,,
1002,2024-02-29 04:00:00,24,,
1003,2024-02-29 04:00:00,24,,
1004,2024-02-29 04:00:00,24,,
1005,2024-02-29 04:00:00,24,,
1006,2024-02-29 04:00:00,24,,
792,2024-02-29 04:10:00,25,,
793,2024-02-29 04:10:00,25,,
794,2024-02-29 04:10:00,25,,
795,2024-02-29 04:10:00,25,,
796,2024-02-29 04:10:00,25,,
797,2024-02-29 04:10:00,25,,
798,2024-02-29 04:10:00,25,,
799,2024-02-29 04:10:00,25,,
800,2024-02-29 04:10:00,25,,
801,2024-02-29 04:10:00,25,,
802,2024-02-29 04:10:00,25,,
803,2024-02-29 04:10:00,25,,
804,2024-02-29 04:10:00,25,,
805,2024-02-29 04:10:00,25,,
806,2024-02-29 04:10:00,25,,
807,2024-02-29 04:10:00,25,,
808,2024-02-29 04:10:00,25,,
809,2024-02-29 04:10:00,25,,
810,2024-02-29 04:10:00,25,,
811,2024-02-29 04:10:00,25,,
812,2024-02-29 04:10:00,25,,
813,2024-02-29 04:10:00,25,,
814,2024-02-29 04:10:00,25,,
815,2024-02-29 04:10:00,25,,
816,2024-02-29 04:10:00,25,,
817,2024-02-29 04:10:00,25,,
818,2024-02-29 04:10:00,25,,
819,2024-02-29 04:10:00,25,,
820,2024-02-29 04:10:00,25,,
821,2024-02-29 04:10:00,25,,
822,2024-02-29 04:10:00,25,,
823,2024-02-29 04:10:00,25,,
824,2024-02-29 04:10:00,25,,
825,2024-02-29 04:10:00,25,,
826,2024-02-29 04:10:00,25,,
827,2024-02-29 04:10:00,25,,
828,2024-02-29 04:10:00,25,,
829,2024-02-29 04:10:00,25,,
830,2024-02-29 04:10:00,25,,
831,2024-02-29 04:10:00,25,,
832,2024-02-29 04:10:00,25,,
833,2024-02-29 04:10:00,25,,
834,2024-02-29 04:10:00,25,,
835,2024-02-29 04:10:00,25,,
836,2024-02-29 04:10:00,25,,
837,2024-02-29 04:10:00,25,,
838,2024-02-29 04:10:00,25,,
839,2024-02-29 04:10:00,25,,
840,2024-02-29 04:10:00,25,,
841,2024-02-29 04:10:00,25,,
842,2024-02-29 04:10:00,25,,
843,2024-02-29 04:10:00,25,,
844,2024-02-29 04:10:00,25,,
845,2024-02-29 04:10:00,25,,
846,2024-02-29 04:10:00,25,,
847,2024-02-29 04:10:00,25,,
848,2024-02-29 04:10:00,25,,
849,2024-02-29 04:10:00,25,,
850,2024-02-29 04:10:00,25,,
851,2024-02-29 04:10:00,25,,
852,2024-02-29 04:10:00,25,,
853,2024-02-29 04:10:00,25,,
854,2024-02-29 04:10:00,25,,
855,2024-02-29 04:10:00,25,,
856,2024-02-29 04:10:00,25,,
857,2024-02-29 04:10:00,25,,
858,2024-02-29 04:10:00,25,,
859,2024-02-29 04:10:00,25,,
860,2024-02-29 04:10:00,25,,
861,2024-02-29 04:10:00,25,,
862,2024-02-29 04:10:00,25,,
863,2024-02-29 04:10:00,25,,
864,2024-02-29 04:10:00,25,,
865,2024-02-29 04:10:00,25,,
866,2024-02-29 04:10:00,25,,
867,2024-02-29 04:10:00,25,,
868,2024-02-29 04:10:00,25,,
869,2024-02-29 04:10:00,25,,
870,2024-02-29 04:10:00,25,,
871,2024-02-29 04:10:00,25,,
872,2024-02-29 04:10:00,25,,
873,2024-02-29 04:10:00,25,,
874,2024-02-29 04:10:00,25,,
875,2024-02-29 04:10:00,25,,
876,2024-02-29 04:10:00,25,,
877,2024-02-29 04:10:00,25,,
878,2024-02-29 04:10:00,25,,
879,2024-02-29 04:10:00,25,,
880,2024-02-29 04:10:00,25,,
881,2024-02-29 04:10:00,25,,
882,2024-02-29 04:10:00,25,,
883,2024-02-29 04:10:00,25,,
884,2024-02-29 04:10:00,25,,
885,2024-02-29 04:10:00,25,,
886,2024-02-29 04:10:00,25,,
887,2024-02-29 04:10:00,25,,
888,2024-02-29 04:10:00,25,,
889,2024-02-29 04:10:00,25,,
890,2024-02-29 04:10:00,25,,
891,2024-02-29 04:10:00,25,,
892,2024-02-29 04:10:00,25,,
893,2024-02-29 04:10:00,25,,
894,2024-02-29 04:10:00,25,,
895,2024-02-29 04:10:00,25,,
896,2024-02-29 04:10:00,25,,
897,2024-02-29 04:10:00,25,,
898,2024-02-29 04:10:00,25,,
899,2024-02-29 04:10:00,25,,
900,2024-02-29 04:10:00,25,,
901,2024-02-29 04:10:00,25,,
902,2024-02-29 04:10:00,25,,
903,2024-02-29 04:10:00,25,,
904,2024-02-29 04:10:00,25,,
905,2024-02-29 04:10:00,25,,
906,2024-02-29 04:10:00,25,,
907,2024-02-29 04:10:00,25,,
908,2024-02-29 04:10:00,25,,
909,2024-02-29 04:10:00,25,,
910,2024-02-29 04:10:00,25,,
911,2024-02-29 04:10:00,25,,
912,2024-02-29 04:10:00,25,,
913,2024-02-29 04:10:00,25,,
914,2024-02-29 04:10:00,25,,
915,2024-02-29 04:10:00,25,,
916,2024-02-29 04:10:00,25,,
917,2024-02-29 04:10:00,25,,
918,2024-02-29 04:10:00,25,,
919,2024-02-29 04:10:00,25,,
920,2024-02-29 04:10:00,25,,
921,2024-02-29 04:10:00,25,,
922,2024-02-29 04:10:00,25,,
923,2024-02-29 04:10:00,25,,
924,2024-02-29 04:10:00,25,,
925,2024-02-29 04:10:00,25,,
926,2024-02-29 04:10:00,25,,
927,2024-02-29 04:10:00,25,,
928,2024-02-29 04:10:00,25,,
929,2024-02-29 04:10:00,25,,
930,2024-02-29 04:10:00,25,,
931,2024-02-29 04:10:00,25,,
932,2024-02-29 04:10:00,25,,
933,2024-02-29 04:10:00,25,,
934,2024-02-29 04:10:00,25,,
935,2024-02-29 04:10:00,25,,
936,2024-02-29 04:10:00,25,,
937,2024-02-29 04:10:00,25,,
938,2024-02-29 04:10:00,25,,
939,2024-02-29 04:10:00,25,,
940,2024-02-29 04:10:00,25,,
941,2024-02-29 04:10:00,25,,
942,2024-02-29 04:10:00,25,,
943,2024-02-29 04:10:00,25,,
944,2024-02-29 04:10:00,25,,
945,2024-02-29 04:10:00,25,,
946,2024-02-29 04:10:00,25,,
947,2024-02-29 04:10:00,25,,
948,2024-02-29 04:10:00,25,,
949,2024-02-29 04:10:00,25,,
950,2024-02-29 04:10:00,25,,
951,2024-02-29 04:10:00,25,,
952,2024-02-29 04:10:00,25,,
953,2024-02-29 04:10:00,25,,
954,2024-02-29 04:10:00,25,,
955,2024-02-29 04:10:00,25,,
956,2024-02-29 04:10:00,25,,
957,2024-02-29 04:10:00,25,,
958,2024-02-29 04:10:00,25,,
959,2024-02-29 04:10:00,25,,
960,2024-02-29 04:10:00,25,,
961,2024-02-29 04:10:00,25,,
962,2024-02-29 04:10:00,25,,
963,2024-02-29 04:10:00,25,,
964,2024-02-29 04:10:00,25,,
965,2024-02-29 04:10:00,25,,
966,2024-02-29 04:10:00,25,,
967,2024-02-29 04:10:00,25,,
968,2024-02-29 04:10:00,25,,
969,2024-02-29 04:10:00,25,,
970,2024-02-29 04:10:00,25,,
971,2024-02-29 04:10:00,25,,
972,2024-02-29 04:10:00,25,,
973,2024-02-29 04:10:00,25,,
974,2024-02-29 04:10:00,25,,
975,2024-02-29 04:10:00,25,,
976,2024-02-29 04:10:00,25,,
977,2024-02-29 04:10:00,25,,
978,2024-02-29 04:10:00,25,,
979,2024-02-29 04:10:00,25,,
980,2024-02-29 04:10:00,25,,
981,2024-02-29 04:10:00,25,,
982,2024-02-29 04:10:00,25,,
983,2024-02-29 04:10:00,25,,
984,2024-02-29 04:10:00,25,,
985,2024-02-29 04:10:00,25,,
986,2024-02-29 04:10:00,25,,
987,2024-02-29 04:10:00,25,,
988,2024-02-29 04:10:00,25,,
989,2024-02-29 04:10:00,25,,
990,2024-02-29 04:10:00,25,,
991,2024-02-29 04:10:00,25,,
992,2024-02-29 04:10:00,25,,
993,2024-02-29 04:10:00,25,,
994,2024-02-29 04:10:00,25,,
995,2024-02-29 04:10:00,25,,
996,2024-02-29 04:10:00,25,,
997,2024-02-29 04:10:00,25,,
998,2024-02-29 04:10:00,25,,
999,2024-02-29 04:10:00,25,,
1000,2024-02-29 04:10:00,25,,
1001,2024-02-29 04:10:00,25,,
1002,2024-02-29 04:10:00,25,,
1003,2024-02-29 04:10:00,25,,
1004,2024-02-29 04:10:00,25,,
1005,2024-02-29 04:10:00,25,,
1006,2024-02-29 04:10:00,25,,
792,2024-02-29 04:20:00,26,,
793,2024-02-29 04:20:00,26,,
794,2024-02-29 04:20:00,26,,
795,2024-02-29 04:20:00,26,,
796,2024-02-29 04:20:00,26,,
797,2024-02-29 04:20:00,26,,
798,2024-02-29 04:20:00,26,,
799,2024-02-29 04:20:00,26,,
800,2024-02-29 04:20:00,26,,
801,2024-02-29 04:20:00,26,,
802,2024-02-29 04:20:00,26,,
803,2024-02-29 04:20:00,26,,
804,2024-02-29 04:20:00,26,,
805,2024-02-29 04:20:00,26,,
806,2024-02-29 04:20:00,26,,
807,2024-02-29 04:20:00,26,,
808,2024-02-29 04:20:00,26,,
809,2024-02-29 04:20:00,26,,
810,2024-02-29 04:20:00,26,,
811,2024-02-29 04:20:00,26,,
812,2024-02-29 04:20:00,26,,
813,2024-02-29 04:20:00,26,,
814,2024-02-29 04:20:00,26,,
815,2024-02-29 04:20:00,26,,
816,2024-02-29 04:20:00,26,,
817,2024-02-29 04:20:00,26,,
818,2024-02-29 04:20:00,26,,
819,2024-02-29 04:20:00,26,,
820,2024-02-29 04:20:00,26,,
821,2024-02-29 04:20:00,26,,
822,2024-02-29 04:20:00,26,,
823,2024-02-29 04:20:00,26,,
824,2024-02-29 04:20:00,26,,
825,2024-02-29 04:20:00,26,,
826,2024-02-29 04:20:00,26,,
827,2024-02-29 04:20:00,26,,
828,2024-02-29 04:20:00,26,,
829,2024-02-29 04:20:00,26,,
830,2024-02-29 04:20:00,26,,
831,2024-02-29 04:20:00,26,,
832,2024-02-29 04:20:00,26,,
833,2024-02-29 04:20:00,26,,
834,2024-02-29 04:20:00,26,,
835,2024-02-29 04:20:00,26,,
836,2024-02-29 04:20:00,26,,
837,2024-02-29 04:20:00,26,,
838,2024-02-29 04:20:00,26,,
839,2024-02-29 04:20:00,26,,
840,2024-02-29 04:20:00,26,,
841,2024-02-29 04:20:00,26,,
842,2024-02-29 04:20:00,26,,
843,2024-02-29 04:20:00,26,,
844,2024-02-29 04:20:00,26,,
845,2024-02-29 04:20:00,26,,
846,2024-02-29 04:20:00,26,,
847,2024-02-29 04:20:00,26,,
848,2024-02-29 04:20:00,26,,
849,2024-02-29 04:20:00,26,,
850,2024-02-29 04:20:00,26,,
851,2024-02-29 04:20:00,26,,
852,2024-02-29 04:20:00,26,,
853,2024-02-29 04:20:00,26,,
854,2024-02-29 04:20:00,26,,
855,2024-02-29 04:20:00,26,,
856,2024-02-29 04:20:00,26,,
857,2024-02-29 04:20:00,26,,
858,2024-02-29 04:20:00,26,,
859,2024-02-29 04:20:00,26,,
860,2024-02-29 04:20:00,26,,
861,2024-02-29 04:20:00,26,,
862,2024-02-29 04:20:00,26,,
863,2024-02-29 04:20:00,26,,
864,2024-02-29 04:20:00,26,,
865,2024-02-29 04:20:00,26,,
866,2024-02-29 04:20:00,26,,
867,2024-02-29 04:20:00,26,,
868,2024-02-29 04:20:00,26,,
869,2024-02-29 04:20:00,26,,
870,2024-02-29 04:20:00,26,,
871,2024-02-29 04:20:00,26,,
872,2024-02-29 04:20:00,26,,
873,2024-02-29 04:20:00,26,,
874,2024-02-29 04:20:00,26,,
875,2024-02-29 04:20:00,26,,
876,2024-02-29 04:20:00,26,,
877,2024-02-29 04:20:00,26,,
878,2024-02-29 04:20:00,26,,
879,2024-02-29 04:20:00,26,,
880,2024-02-29 04:20:00,26,,
881,2024-02-29 04:20:00,26,,
882,2024-02-29 04:20:00,26,,
883,2024-02-29 04:20:00,26,,
884,2024-02-29 04:20:00,26,,
885,2024-02-29 04:20:00,26,,
886,2024-02-29 04:20:00,26,,
887,2024-02-29 04:20:00,26,,
888,2024-02-29 04:20:00,26,,
889,2024-02-29 04:20:00,26,,
890,2024-02-29 04:20:00,26,,
891,2024-02-29 04:20:00,26,,
892,2024-02-29 04:20:00,26,,
893,2024-02-29 04:20:00,26,,
894,2024-02-29 04:20:00,26,,
895,2024-02-29 04:20:00,26,,
896,2024-02-29 04:20:00,26,,
897,2024-02-29 04:20:00,26,,
898,2024-02-29 04:20:00,26,,
899,2024-02-29 04:20:00,26,,
900,2024-02-29 04:20:00,26,,
901,2024-02-29 04:20:00,26,,
902,2024-02-29 04:20:00,26,,
903,2024-02-29 04:20:00,26,,
904,2024-02-29 04:20:00,26,,
905,2024-02-29 04:20:00,26,,
906,2024-02-29 04:20:00,26,,
907,2024-02-29 04:20:00,26,,
908,2024-02-29 04:20:00,26,,
909,2024-02-29 04:20:00,26,,
910,2024-02-29 04:20:00,26,,
911,2024-02-29 04:20:00,26,,
912,2024-02-29 04:20:00,26,,
913,2024-02-29 04:20:00,26,,
914,2024-02-29 04:20:00,26,,
915,2024-02-29 04:20:00,26,,
916,2024-02-29 04:20:00,26,,
917,2024-02-29 04:20:00,26,,
918,2024-02-29 04:20:00,26,,
919,2024-02-29 04:20:00,26,,
920,2024-02-29 04:20:00,26,,
921,2024-02-29 04:20:00,26,,
922,2024-02-29 04:20:00,26,,
923,2024-02-29 04:20:00,26,,
924,2024-02-29 04:20:00,26,,
925,2024-02-29 04:20:00,26,,
926,2024-02-29 04:20:00,26,,
927,2024-02-29 04:20:00,26,,
928,2024-02-29 04:20:00,26,,
929,2024-02-29 04:20:00,26,,
930,2024-02-29 04:20:00,26,,
931,2024-02-29 04:20:00,26,,
932,2024-02-29 04:20:00,26,,
933,2024-02-29 04:20:00,26,,
934,2024-02-29 04:20:00,26,,
935,2024-02-29 04:20:00,26,,
936,2024-02-29 04:20:00,26,,
937,2024-02-29 04:20:00,26,,
938,2024-02-29 04:20:00,26,,
939,2024-02-29 04:20:00,26,,
940,2024-02-29 04:20:00,26,,
941,2024-02-29 04:20:00,26,,
942,2024-02-29 04:20:00,26,,
943,2024-02-29 04:20:00,26,,
944,2024-02-29 04:20:00,26,,
945,2024-02-29 04:20:00,26,,
946,2024-02-29 04:20:00,26,,
947,2024-02-29 04:20:00,26,,
948,2024-02-29 04:20:00,26,,
949,2024-02-29 04:20:00,26,,
950,2024-02-29 04:20:00,26,,
951,2024-02-29 04:20:00,26,,
952,2024-02-29 04:20:00,26,,
953,2024-02-29 04:20:00,26,,
954,2024-02-29 04:20:00,26,,
955,2024-02-29 04:20:00,26,,
956,2024-02-29 04:20:00,26,,
957,2024-02-29 04:20:00,26,,
958,2024-02-29 04:20:00,26,,
959,2024-02-29 04:20:00,26,,
960,2024-02-29 04:20:00,26,,
961,2024-02-29 04:20:00,26,,
962,2024-02-29 04:20:00,26,,
963,2024-02-29 04:20:00,26,,
964,2024-02-29 04:20:00,26,,
965,2024-02-29 04:20:00,26,,
966,2024-02-29 04:20:00,26,,
967,2024-02-29 04:20:00,26,,
968,2024-02-29 04:20:00,26,,
969,2024-02-29 04:20:00,26,,
970,2024-02-29 04:20:00,26,,
971,2024-02-29 04:20:00,26,,
972,2024-02-29 04:20:00,26,,
973,2024-02-29 04:20:00,26,,
974,2024-02-29 04:20:00,26,,
975,2024-02-29 04:20:00,26,,
976,2024-02-29 04:20:00,26,,
977,2024-02-29 04:20:00,26,,
978,2024-02-29 04:20:00,26,,
979,2024-02-29 04:20:00,26,,
980,2024-02-29 04:20:00,26,,
981,2024-02-29 04:20:00,26,,
982,2024-02-29 04:20:00,26,,
983,2024-02-29 04:20:00,26,,
984,2024-02-29 04:20:00,26,,
985,2024-02-29 04:20:00,26,,
986,2024-02-29 04:20:00,26,,
987,2024-02-29 04:20:00,26,,
988,2024-02-29 04:20:00,26,,
989,2024-02-29 04:20:00,26,,
990,2024-02-29 04:20:00,26,,
991,2024-02-29 04:20:00,26,,
992,2024-02-29 04:20:00,26,,
993,2024-02-29 04:20:00,26,,
994,2024-02-29 04:20:00,26,,
995,2024-02-29 04:20:00,26,,
996,2024-02-29 04:20:00,26,,
997,2024-02-29 04:20:00,26,,
998,2024-02-29 04:20:00,26,,
999,2024-02-29 04:20:00,26,,
1000,2024-02-29 04:20:00,26,,
1001,2024-02-29 04:20:00,26,,
1002,2024-02-29 04:20:00,26,,
1003,2024-02-29 04:20:00,26,,
1004,2024-02-29 04:20:00,26,,
1005,2024-02-29 04:20:00,26,,
1006,2024-02-29 04:20:00,26,,
792,2024-02-29 04:30:00,27,,
793,2024-02-29 04:30:00,27,,
794,2024-02-29 04:30:00,27,,
795,2024-02-29 04:30:00,27,,
796,2024-02-29 04:30:00,27,,
797,2024-02-29 04:30:00,27,,
798,2024-02-29 04:30:00,27,,
799,2024-02-29 04:30:00,27,,
800,2024-02-29 04:30:00,27,,
801,2024-02-29 04:30:00,27,,
802,2024-02-29 04:30:00,27,,
803,2024-02-29 04:30:00,27,,
804,2024-02-29 04:30:00,27,,
805,2024-02-29 04:30:00,27,,
806,2024-02-29 04:30:00,27,,
807,2024-02-29 04:30:00,27,,
808,2024-02-29 04:30:00,27,,
809,2024-02-29 04:30:00,27,,
810,2024-02-29 04:30:00,27,,
811,2024-02-29 04:30:00,27,,
812,2024-02-29 04:30:00,27,,
813,2024-02-29 04:30:00,27,,
814,2024-02-29 04:30:00,27,,
815,2024-02-29 04:30:00,27,,
816,2024-02-29 04:30:00,27,,
817,2024-02-29 04:30:00,27,,
818,2024-02-29 04:30:00,27,,
819,2024-02-29 04:30:00,27,,
820,2024-02-29 04:30:00,27,,
821,2024-02-29 04:30:00,27,,
822,2024-02-29 04:30:00,27,,
823,2024-02-29 04:30:00,27,,
824,2024-02-29 04:30:00,27,,
825,2024-02-29 04:30:00,27,,
826,2024-02-29 04:30:00,27,,
827,2024-02-29 04:30:00,27,,
828,2024-02-29 04:30:00,27,,
829,2024-02-29 04:30:00,27,,
830,2024-02-29 04:30:00,27,,
831,2024-02-29 04:30:00,27,,
832,2024-02-29 04:30:00,27,,
833,2024-02-29 04:30:00,27,,
834,2024-02-29 04:30:00,27,,
835,2024-02-29 04:30:00,27,,
836,2024-02-29 04:30:00,27,,
837,2024-02-29 04:30:00,27,,
838,2024-02-29 04:30:00,27,,
839,2024-02-29 04:30:00,27,,
840,2024-02-29 04:30:00,27,,
841,2024-02-29 04:30:00,27,,
842,2024-02-29 04:30:00,27,,
843,2024-02-29 04:30:00,27,,
844,2024-02-29 04:30:00,27,,
845,2024-02-29 04:30:00,27,,
846,2024-02-29 04:30:00,27,,
847,2024-02-29 04:30:00,27,,
848,2024-02-29 04:30:00,27,,
849,2024-02-29 04:30:00,27,,
850,2024-02-29 04:30:00,27,,
851,2024-02-29 04:30:00,27,,
852,2024-02-29 04:30:00,27,,
853,2024-02-29 04:30:00,27,,
854,2024-02-29 04:30:00,27,,
855,2024-02-29 04:30:00,27,,
856,2024-02-29 04:30:00,27,,
857,2024-02-29 04:30:00,27,,
858,2024-02-29 04:30:00,27,,
859,2024-02-29 04:30:00,27,,
860,2024-02-29 04:30:00,27,,
861,2024-02-29 04:30:00,27,,
862,2024-02-29 04:30:00,27,,
863,2024-02-29 04:30:00,27,,
864,2024-02-29 04:30:00,27,,
865,2024-02-29 04:30:00,27,,
866,2024-02-29 04:30:00,27,,
867,2024-02-29 04:30:00,27,,
868,2024-02-29 04:30:00,27,,
869,2024-02-29 04:30:00,27,,
870,2024-02-29 04:30:00,27,,
871,2024-02-29 04:30:00,27,,
872,2024-02-29 04:30:00,27,,
873,2024-02-29 04:30:00,27,,
874,2024-02-29 04:30:00,27,,
875,2024-02-29 04:30:00,27,,
876,2024-02-29 04:30:00,27,,
877,2024-02-29 04:30:00,27,,
878,2024-02-29 04:30:00,27,,
879,2024-02-29 04:30:00,27,,
880,2024-02-29 04:30:00,27,,
881,2024-02-29 04:30:00,27,,
882,2024-02-29 04:30:00,27,,
883,2024-02-29 04:30:00,27,,
884,2024-02-29 04:30:00,27,,
885,2024-02-29 04:30:00,27,,
886,2024-02-29 04:30:00,27,,
887,2024-02-29 04:30:00,27,,
888,2024-02-29 04:30:00,27,,
889,2024-02-29 04:30:00,27,,
890,2024-02-29 04:30:00,27,,
891,2024-02-29 04:30:00,27,,
892,2024-02-29 04:30:00,27,,
893,2024-02-29 04:30:00,27,,
894,2024-02-29 04:30:00,27,,
895,2024-02-29 04:30:00,27,,
896,2024-02-29 04:30:00,27,,
897,2024-02-29 04:30:00,27,,
898,2024-02-29 04:30:00,27,,
899,2024-02-29 04:30:00,27,,
900,2024-02-29 04:30:00,27,,
901,2024-02-29 04:30:00,27,,
902,2024-02-29 04:30:00,27,,
903,2024-02-29 04:30:00,27,,
904,2024-02-29 04:30:00,27,,
905,2024-02-29 04:30:00,27,,
906,2024-02-29 04:30:00,27,,
907,2024-02-29 04:30:00,27,,
908,2024-02-29 04:30:00,27,,
909,2024-02-29 04:30:00,27,,
910,2024-02-29 04:30:00,27,,
911,2024-02-29 04:30:00,27,,
912,2024-02-29 04:30:00,27,,
913,2024-02-29 04:30:00,27,,
914,2024-02-29 04:30:00,27,,
915,2024-02-29 04:30:00,27,,
916,2024-02-29 04:30:00,27,,
917,2024-02-29 04:30:00,27,,
918,2024-02-29 04:30:00,27,,
919,2024-02-29 04:30:00,27,,
920,2024-02-29 04:30:00,27,,
921,2024-02-29 04:30:00,27,,
922,2024-02-29 04:30:00,27,,
923,2024-02-29 04:30:00,27,,
924,2024-02-29 04:30:00,27,,
925,2024-02-29 04:30:00,27,,
926,2024-02-29 04:30:00,27,,
927,2024-02-29 04:30:00,27,,
928,2024-02-29 04:30:00,27,,
929,2024-02-29 04:30:00,27,,
930,2024-02-29 04:30:00,27,,
931,2024-02-29 04:30:00,27,,
932,2024-02-29 04:30:00,27,,
933,2024-02-29 04:30:00,27,,
934,2024-02-29 04:30:00,27,,
935,2024-02-29 04:30:00,27,,
936,2024-02-29 04:30:00,27,,
937,2024-02-29 04:30:00,27,,
938,2024-02-29 04:30:00,27,,
939,2024-02-29 04:30:00,27,,
940,2024-02-29 04:30:00,27,,
941,2024-02-29 04:30:00,27,,
942,2024-02-29 04:30:00,27,,
943,2024-02-29 04:30:00,27,,
944,2024-02-29 04:30:00,27,,
945,2024-02-29 04:30:00,27,,
946,2024-02-29 04:30:00,27,,
947,2024-02-29 04:30:00,27,,
948,2024-02-29 04:30:00,27,,
949,2024-02-29 04:30:00,27,,
950,2024-02-29 04:30:00,27,,
951,2024-02-29 04:30:00,27,,
952,2024-02-29 04:30:00,27,,
953,2024-02-29 04:30:00,27,,
954,2024-02-29 04:30:00,27,,
955,2024-02-29 04:30:00,27,,
956,2024-02-29 04:30:00,27,,
957,2024-02-29 04:30:00,27,,
958,2024-02-29 04:30:00,27,,
959,2024-02-29 04:30:00,27,,
960,2024-02-29 04:30:00,27,,
961,2024-02-29 04:30:00,27,,
962,2024-02-29 04:30:00,27,,
963,2024-02-29 04:30:00,27,,
964,2024-02-29 04:30:00,27,,
965,2024-02-29 04:30:00,27,,
966,2024-02-29 04:30:00,27,,
967,2024-02-29 04:30:00,27,,
968,2024-02-29 04:30:00,27,,
969,2024-02-29 04:30:00,27,,
970,2024-02-29 04:30:00,27,,
971,2024-02-29 04:30:00,27,,
972,2024-02-29 04:30:00,27,,
973,2024-02-29 04:30:00,27,,
974,2024-02-29 04:30:00,27,,
975,2024-02-29 04:30:00,27,,
976,2024-02-29 04:30:00,27,,
977,2024-02-29 04:30:00,27,,
978,2024-02-29 04:30:00,27,,
979,2024-02-29 04:30:00,27,,
980,2024-02-29 04:30:00,27,,
981,2024-02-29 04:30:00,27,,
982,2024-02-29 04:30:00,27,,
983,2024-02-29 04:30:00,27,,
984,2024-02-29 04:30:00,27,,
985,2024-02-29 04:30:00,27,,
986,2024-02-29 04:30:00,27,,
987,2024-02-29 04:30:00,27,,
988,2024-02-29 04:30:00,27,,
989,2024-02-29 04:30:00,27,,
990,2024-02-29 04:30:00,27,,
991,2024-02-29 04:30:00,27,,
992,2024-02-29 04:30:00,27,,
993,2024-02-29 04:30:00,27,,
994,2024-02-29 04:30:00,27,,
995,2024-02-29 04:30:00,27,,
996,2024-02-29 04:30:00,27,,
997,2024-02-29 04:30:00,27,,
998,2024-02-29 04:30:00,27,,
999,2024-02-29 04:30:00,27,,
1000,2024-02-29 04:30:00,27,,
1001,2024-02-29 04:30:00,27,,
1002,2024-02-29 04:30:00,27,,
1003,2024-02-29 04:30:00,27,,
1004,2024-02-29 04:30:00,27,,
1005,2024-02-29 04:30:00,27,,
1006,2024-02-29 04:30:00,27,,
792,2024-02-29 04:40:00,28,,
793,2024-02-29 04:40:00,28,,
794,2024-02-29 04:40:00,28,,
795,2024-02-29 04:40:00,28,,
796,2024-02-29 04:40:00,28,,
797,2024-02-29 04:40:00,28,,
798,2024-02-29 04:40:00,28,,
799,2024-02-29 04:40:00,28,,
800,2024-02-29 04:40:00,28,,
801,2024-02-29 04:40:00,28,,
802,2024-02-29 04:40:00,28,,
803,2024-02-29 04:40:00,28,,
804,2024-02-29 04:40:00,28,,
805,2024-02-29 04:40:00,28,,
806,2024-02-29 04:40:00,28,,
807,2024-02-29 04:40:00,28,,
808,2024-02-29 04:40:00,28,,
809,2024-02-29 04:40:00,28,,
810,2024-02-29 04:40:00,28,,
811,2024-02-29 04:40:00,28,,
812,2024-02-29 04:40:00,28,,
813,2024-02-29 04:40:00,28,,
814,2024-02-29 04:40:00,28,,
815,2024-02-29 04:40:00,28,,
816,2024-02-29 04:40:00,28,,
817,2024-02-29 04:40:00,28,,
818,2024-02-29 04:40:00,28,,
819,2024-02-29 04:40:00,28,,
820,2024-02-29 04:40:00,28,,
821,2024-02-29 04:40:00,28,,
822,2024-02-29 04:40:00,28,,
823,2024-02-29 04:40:00,28,,
824,2024-02-29 04:40:00,28,,
825,2024-02-29 04:40:00,28,,
826,2024-02-29 04:40:00,28,,
827,2024-02-29 04:40:00,28,,
828,2024-02-29 04:40:00,28,,
829,2024-02-29 04:40:00,28,,
830,2024-02-29 04:40:00,28,,
831,2024-02-29 04:40:00,28,,
832,2024-02-29 04:40:00,28,,
833,2024-02-29 04:40:00,28,,
834,2024-02-29 04:40:00,28,,
835,2024-02-29 04:40:00,28,,
836,2024-02-29 04:40:00,28,,
837,2024-02-29 04:40:00,28,,
838,2024-02-29 04:40:00,28,,
839,2024-02-29 04:40:00,28,,
840,2024-02-29 04:40:00,28,,
841,2024-02-29 04:40:00,28,,
842,2024-02-29 04:40:00,28,,
843,2024-02-29 04:40:00,28,,
844,2024-02-29 04:40:00,28,,
845,2024-02-29 04:40:00,28,,
846,2024-02-29 04:40:00,28,,
847,2024-02-29 04:40:00,28,,
848,2024-02-29 04:40:00,28,,
849,2024-02-29 04:40:00,28,,
850,2024-02-29 04:40:00,28,,
851,2024-02-29 04:40:00,28,,
852,2024-02-29 04:40:00,28,,
853,2024-02-29 04:40:00,28,,
854,2024-02-29 04:40:00,28,,
855,2024-02-29 04:40:00,28,,
856,2024-02-29 04:40:00,28,,
857,2024-02-29 04:40:00,28,,
858,2024-02-29 04:40:00,28,,
859,2024-02-29 04:40:00,28,,
860,2024-02-29 04:40:00,28,,
861,2024-02-29 04:40:00,28,,
862,2024-02-29 04:40:00,28,,
863,2024-02-29 04:40:00,28,,
864,2024-02-29 04:40:00,28,,
865,2024-02-29 04:40:00,28,,
866,2024-02-29 04:40:00,28,,
867,2024-02-29 04:40:00,28,,
868,2024-02-29 04:40:00,28,,
869,2024-02-29 04:40:00,28,,
870,2024-02-29 04:40:00,28,,
871,2024-02-29 04:40:00,28,,
872,2024-02-29 04:40:00,28,,
873,2024-02-29 04:40:00,28,,
874,2024-02-29 04:40:00,28,,
875,2024-02-29 04:40:00,28,,
876,2024-02-29 04:40:00,28,,
877,2024-02-29 04:40:00,28,,
878,2024-02-29 04:40:00,28,,
879,2024-02-29 04:40:00,28,,
880,2024-02-29 04:40:00,28,,
881,2024-02-29 04:40:00,28,,
882,2024-02-29 04:40:00,28,,
883,2024-02-29 04:40:00,28,,
884,2024-02-29 04:40:00,28,,
885,2024-02-29 04:40:00,28,,
886,2024-02-29 04:40:00,28,,
887,2024-02-29 04:40:00,28,,
888,2024-02-29 04:40:00,28,,
889,2024-02-29 04:40:00,28,,
890,2024-02-29 04:40:00,28,,
891,2024-02-29 04:40:00,28,,
892,2024-02-29 04:40:00,28,,
893,2024-02-29 04:40:00,28,,
894,2024-02-29 04:40:00,28,,
895,2024-02-29 04:40:00,28,,
896,2024-02-29 04:40:00,28,,
897,2024-02-29 04:40:00,28,,
898,2024-02-29 04:40:00,28,,
899,2024-02-29 04:40:00,28,,
900,2024-02-29 04:40:00,28,,
901,2024-02-29 04:40:00,28,,
902,2024-02-29 04:40:00,28,,
903,2024-02-29 04:40:00,28,,
904,2024-02-29 04:40:00,28,,
905,2024-02-29 04:40:00,28,,
906,2024-02-29 04:40:00,28,,
907,2024-02-29 04:40:00,28,,
908,2024-02-29 04:40:00,28,,
909,2024-02-29 04:40:00,28,,
910,2024-02-29 04:40:00,28,,
911,2024-02-29 04:40:00,28,,
912,2024-02-29 04:40:00,28,,
913,2024-02-29 04:40:00,28,,
914,2024-02-29 04:40:00,28,,
915,2024-02-29 04:40:00,28,,
916,2024-02-29 04:40:00,28,,
917,2024-02-29 04:40:00,28,,
918,2024-02-29 04:40:00,28,,
919,2024-02-29 04:40:00,28,,
920,2024-02-29 04:40:00,28,,
921,2024-02-29 04:40:00,28,,
922,2024-02-29 04:40:00,28,,
923,2024-02-29 04:40:00,28,,
924,2024-02-29 04:40:00,28,,
925,2024-02-29 04:40:00,28,,
926,2024-02-29 04:40:00,28,,
927,2024-02-29 04:40:00,28,,
928,2024-02-29 04:40:00,28,,
929,2024-02-29 04:40:00,28,,
930,2024-02-29 04:40:00,28,,
931,2024-02-29 04:40:00,28,,
932,2024-02-29 04:40:00,28,,
933,2024-02-29 04:40:00,28,,
934,2024-02-29 04:40:00,28,,
935,2024-02-29 04:40:00,28,,
936,2024-02-29 04:40:00,28,,
937,2024-02-29 04:40:00,28,,
938,2024-02-29 04:40:00,28,,
939,2024-02-29 04:40:00,28,,
940,2024-02-29 04:40:00,28,,
941,2024-02-29 04:40:00,28,,
942,2024-02-29 04:40:00,28,,
943,2024-02-29 04:40:00,28,,
944,2024-02-29 04:40:00,28,,
945,2024-02-29 04:40:00,28,,
946,2024-02-29 04:40:00,28,,
947,2024-02-29 04:40:00,28,,
948,2024-02-29 04:40:00,28,,
949,2024-02-29 04:40:00,28,,
950,2024-02-29 04:40:00,28,,
951,2024-02-29 04:40:00,28,,
952,2024-02-29 04:40:00,28,,
953,2024-02-29 04:40:00,28,,
954,2024-02-29 04:40:00,28,,
955,2024-02-29 04:40:00,28,,
956,2024-02-29 04:40:00,28,,
957,2024-02-29 04:40:00,28,,
958,2024-02-29 04:40:00,28,,
959,2024-02-29 04:40:00,28,,
960,2024-02-29 04:40:00,28,,
961,2024-02-29 04:40:00,28,,
962,2024-02-29 04:40:00,28,,
963,2024-02-29 04:40:00,28,,
964,2024-02-29 04:40:00,28,,
965,2024-02-29 04:40:00,28,,
966,2024-02-29 04:40:00,28,,
967,2024-02-29 04:40:00,28,,
968,2024-02-29 04:40:00,28,,
969,2024-02-29 04:40:00,28,,
970,2024-02-29 04:40:00,28,,
971,2024-02-29 04:40:00,28,,
972,2024-02-29 04:40:00,28,,
973,2024-02-29 04:40:00,28,,
974,2024-02-29 04:40:00,28,,
975,2024-02-29 04:40:00,28,,
976,2024-02-29 04:40:00,28,,
977,2024-02-29 04:40:00,28,,
978,2024-02-29 04:40:00,28,,
979,2024-02-29 04:40:00,28,,
980,2024-02-29 04:40:00,28,,
981,2024-02-29 04:40:00,28,,
982,2024-02-29 04:40:00,28,,
983,2024-02-29 04:40:00,28,,
984,2024-02-29 04:40:00,28,,
985,2024-02-29 04:40:00,28,,
986,2024-02-29 04:40:00,28,,
987,2024-02-29 04:40:00,28,,
988,2024-02-29 04:40:00,28,,
989,2024-02-29 04:40:00,28,,
990,2024-02-29 04:40:00,28,,
991,2024-02-29 04:40:00,28,,
992,2024-02-29 04:40:00,28,,
993,2024-02-29 04:40:00,28,,
994,2024-02-29 04:40:00,28,,
995,2024-02-29 04:40:00,28,,
996,2024-02-29 04:40:00,28,,
997,2024-02-29 04:40:00,28,,
998,2024-02-29 04:40:00,28,,
999,2024-02-29 04:40:00,28,,
1000,2024-02-29 04:40:00,28,,
1001,2024-02-29 04:40:00,28,,
1002,2024-02-29 04:40:00,28,,
1003,2024-02-29 04:40:00,28,,
1004,2024-02-29 04:40:00,28,,
1005,2024-02-29 04:40:00,28,,
1006,2024-02-29 04:40:00,28,,
792,2024-02-29 04:50:00,29,,
793,2024-02-29 04:50:00,29,,
794,2024-02-29 04:50:00,29,,
795,2024-02-29 04:50:00,29,,
796,2024-02-29 04:50:00,29,,
797,2024-02-29 04:50:00,29,,
798,2024-02-29 04:50:00,29,,
799,2024-02-29 04:50:00,29,,
800,2024-02-29 04:50:00,29,,
801,2024-02-29 04:50:00,29,,
802,2024-02-29 04:50:00,29,,
803,2024-02-29 04:50:00,29,,
804,2024-02-29 04:50:00,29,,
805,2024-02-29 04:50:00,29,,
806,2024-02-29 04:50:00,29,,
807,2024-02-29 04:50:00,29,,
808,2024-02-29 04:50:00,29,,
809,2024-02-29 04:50:00,29,,
810,2024-02-29 04:50:00,29,,
811,2024-02-29 04:50:00,29,,
812,2024-02-29 04:50:00,29,,
813,2024-02-29 04:50:00,29,,
814,2024-02-29 04:50:00,29,,
815,2024-02-29 04:50:00,29,,
816,2024-02-29 04:50:00,29,,
817,2024-02-29 04:50:00,29,,
818,2024-02-29 04:50:00,29,,
819,2024-02-29 04:50:00,29,,
820,2024-02-29 04:50:00,29,,
821,2024-02-29 04:50:00,29,,
822,2024-02-29 04:50:00,29,,
823,2024-02-29 04:50:00,29,,
824,2024-02-29 04:50:00,29,,
825,2024-02-29 04:50:00,29,,
826,2024-02-29 04:50:00,29,,
827,2024-02-29 04:50:00,29,,
828,2024-02-29 04:50:00,29,,
829,2024-02-29 04:50:00,29,,
830,2024-02-29 04:50:00,29,,
831,2024-02-29 04:50:00,29,,
832,2024-02-29 04:50:00,29,,
833,2024-02-29 04:50:00,29,,
834,2024-02-29 04:50:00,29,,
835,2024-02-29 04:50:00,29,,
836,2024-02-29 04:50:00,29,,
837,2024-02-29 04:50:00,29,,
838,2024-02-29 04:50:00,29,,
839,2024-02-29 04:50:00,29,,
840,2024-02-29 04:50:00,29,,
841,2024-02-29 04:50:00,29,,
842,2024-02-29 04:50:00,29,,
843,2024-02-29 04:50:00,29,,
844,2024-02-29 04:50:00,29,,
845,2024-02-29 04:50:00,29,,
846,2024-02-29 04:50:00,29,,
847,2024-02-29 04:50:00,29,,
848,2024-02-29 04:50:00,29,,
849,2024-02-29 04:50:00,29,,
850,2024-02-29 04:50:00,29,,
851,2024-02-29 04:50:00,29,,
852,2024-02-29 04:50:00,29,,
853,2024-02-29 04:50:00,29,,
854,2024-02-29 04:50:00,29,,
855,2024-02-29 04:50:00,29,,
856,2024-02-29 04:50:00,29,,
857,2024-02-29 04:50:00,29,,
858,2024-02-29 04:50:00,29,,
859,2024-02-29 04:50:00,29,,
860,2024-02-29 04:50:00,29,,
861,2024-02-29 04:50:00,29,,
862,2024-02-29 04:50:00,29,,
863,2024-02-29 04:50:00,29,,
864,2024-02-29 04:50:00,29,,
865,2024-02-29 04:50:00,29,,
866,2024-02-29 04:50:00,29,,
867,2024-02-29 04:50:00,29,,
868,2024-02-29 04:50:00,29,,
869,2024-02-29 04:50:00,29,,
870,2024-02-29 04:50:00,29,,
871,2024-02-29 04:50:00,29,,
872,2024-02-29 04:50:00,29,,
873,2024-02-29 04:50:00,29,,
874,2024-02-29 04:50:00,29,,
875,2024-02-29 04:50:00,29,,
876,2024-02-29 04:50:00,29,,
877,2024-02-29 04:50:00,29,,
878,2024-02-29 04:50:00,29,,
879,2024-02-29 04:50:00,29,,
880,2024-02-29 04:50:00,29,,
881,2024-02-29 04:50:00,29,,
882,2024-02-29 04:50:00,29,,
883,2024-02-29 04:50:00,29,,
884,2024-02-29 04:50:00,29,,
885,2024-02-29 04:50:00,29,,
886,2024-02-29 04:50:00,29,,
887,2024-02-29 04:50:00,29,,
888,2024-02-29 04:50:00,29,,
889,2024-02-29 04:50:00,29,,
890,2024-02-29 04:50:00,29,,
891,2024-02-29 04:50:00,29,,
892,2024-02-29 04:50:00,29,,
893,2024-02-29 04:50:00,29,,
894,2024-02-29 04:50:00,29,,
895,2024-02-29 04:50:00,29,,
896,2024-02-29 04:50:00,29,,
897,2024-02-29 04:50:00,29,,
898,2024-02-29 04:50:00,29,,
899,2024-02-29 04:50:00,29,,
900,2024-02-29 04:50:00,29,,
901,2024-02-29 04:50:00,29,,
902,2024-02-29 04:50:00,29,,
903,2024-02-29 04:50:00,29,,
904,2024-02-29 04:50:00,29,,
905,2024-02-29 04:50:00,29,,
906,2024-02-29 04:50:00,29,,
907,2024-02-29 04:50:00,29,,
908,2024-02-29 04:50:00,29,,
909,2024-02-29 04:50:00,29,,
910,2024-02-29 04:50:00,29,,
911,2024-02-29 04:50:00,29,,
912,2024-02-29 04:50:00,29,,
913,2024-02-29 04:50:00,29,,
914,2024-02-29 04:50:00,29,,
915,2024-02-29 04:50:00,29,,
916,2024-02-29 04:50:00,29,,
917,2024-02-29 04:50:00,29,,
918,2024-02-29 04:50:00,29,,
919,2024-02-29 04:50:00,29,,
920,2024-02-29 04:50:00,29,,
921,2024-02-29 04:50:00,29,,
922,2024-02-29 04:50:00,29,,
923,2024-02-29 04:50:00,29,,
924,2024-02-29 04:50:00,29,,
925,2024-02-29 04:50:00,29,,
926,2024-02-29 04:50:00,29,,
927,2024-02-29 04:50:00,29,,
928,2024-02-29 04:50:00,29,,
929,2024-02-29 04:50:00,29,,
930,2024-02-29 04:50:00,29,,
931,2024-02-29 04:50:00,29,,
932,2024-02-29 04:50:00,29,,
933,2024-02-29 04:50:00,29,,
934,2024-02-29 04:50:00,29,,
935,2024-02-29 04:50:00,29,,
936,2024-02-29 04:50:00,29,,
937,2024-02-29 04:50:00,29,,
938,2024-02-29 04:50:00,29,,
939,2024-02-29 04:50:00,29,,
940,2024-02-29 04:50:00,29,,
941,2024-02-29 04:50:00,29,,
942,2024-02-29 04:50:00,29,,
943,2024-02-29 04:50:00,29,,
944,2024-02-29 04:50:00,29,,
945,2024-02-29 04:50:00,29,,
946,2024-02-29 04:50:00,29,,
947,2024-02-29 04:50:00,29,,
948,2024-02-29 04:50:00,29,,
949,2024-02-29 04:50:00,29,,
950,2024-02-29 04:50:00,29,,
951,2024-02-29 04:50:00,29,,
952,2024-02-29 04:50:00,29,,
953,2024-02-29 04:50:00,29,,
954,2024-02-29 04:50:00,29,,
955,2024-02-29 04:50:00,29,,
956,2024-02-29 04:50:00,29,,
957,2024-02-29 04:50:00,29,,
958,2024-02-29 04:50:00,29,,
959,2024-02-29 04:50:00,29,,
960,2024-02-29 04:50:00,29,,
961,2024-02-29 04:50:00,29,,
962,2024-02-29 04:50:00,29,,
963,2024-02-29 04:50:00,29,,
964,2024-02-29 04:50:00,29,,
965,2024-02-29 04:50:00,29,,
966,2024-02-29 04:50:00,29,,
967,2024-02-29 04:50:00,29,,
968,2024-02-29 04:50:00,29,,
969,2024-02-29 04:50:00,29,,
970,2024-02-29 04:50:00,29,,
971,2024-02-29 04:50:00,29,,
972,2024-02-29 04:50:00,29,,
973,2024-02-29 04:50:00,29,,
974,2024-02-29 04:50:00,29,,
975,2024-02-29 04:50:00,29,,
976,2024-02-29 04:50:00,29,,
977,2024-02-29 04:50:00,29,,
978,2024-02-29 04:50:00,29,,
979,2024-02-29 04:50:00,29,,
980,2024-02-29 04:50:00,29,,
981,2024-02-29 04:50:00,29,,
982,2024-02-29 04:50:00,29,,
983,2024-02-29 04:50:00,29,,
984,2024-02-29 04:50:00,29,,
985,2024-02-29 04:50:00,29,,
986,2024-02-29 04:50:00,29,,
987,2024-02-29 04:50:00,29,,
988,2024-02-29 04:50:00,29,,
989,2024-02-29 04:50:00,29,,
990,2024-02-29 04:50:00,29,,
991,2024-02-29 04:50:00,29,,
992,2024-02-29 04:50:00,29,,
993,2024-02-29 04:50:00,29,,
994,2024-02-29 04:50:00,29,,
995,2024-02-29 04:50:00,29,,
996,2024-02-29 04:50:00,29,,
997,2024-02-29 04:50:00,29,,
998,2024-02-29 04:50:00,29,,
999,2024-02-29 04:50:00,29,,
1000,2024-02-29 04:50:00,29,,
1001,2024-02-29 04:50:00,29,,
1002,2024-02-29 04:50:00,29,,
1003,2024-02-29 04:50:00,29,,
1004,2024-02-29 04:50:00,29,,
1005,2024-02-29 04:50:00,29,,
1006,2024-02-29 04:50:00,29,,
792,2024-02-29 05:00:00,30,,
793,2024-02-29 05:00:00,30,,
794,2024-02-29 05:00:00,30,,
795,2024-02-29 05:00:00,30,,
796,2024-02-29 05:00:00,30,,
797,2024-02-29 05:00:00,30,,
798,2024-02-29 05:00:00,30,,
799,2024-02-29 05:00:00,30,,
800,2024-02-29 05:00:00,30,,
801,2024-02-29 05:00:00,30,,
802,2024-02-29 05:00:00,30,,
803,2024-02-29 05:00:00,30,,
804,2024-02-29 05:00:00,30,,
805,2024-02-29 05:00:00,30,,
806,2024-02-29 05:00:00,30,,
807,2024-02-29 05:00:00,30,,
808,2024-02-29 05:00:00,30,,
809,2024-02-29 05:00:00,30,,
810,2024-02-29 05:00:00,30,,
811,2024-02-29 05:00:00,30,,
812,2024-02-29 05:00:00,30,,
813,2024-02-29 05:00:00,30,,
814,2024-02-29 05:00:00,30,,
815,2024-02-29 05:00:00,30,,
816,2024-02-29 05:00:00,30,,
817,2024-02-29 05:00:00,30,,
818,2024-02-29 05:00:00,30,,
819,2024-02-29 05:00:00,30,,
820,2024-02-29 05:00:00,30,,
821,2024-02-29 05:00:00,30,,
822,2024-02-29 05:00:00,30,,
823,2024-02-29 05:00:00,30,,
824,2024-02-29 05:00:00,30,,
825,2024-02-29 05:00:00,30,,
826,2024-02-29 05:00:00,30,,
827,2024-02-29 05:00:00,30,,
828,2024-02-29 05:00:00,30,,
829,2024-02-29 05:00:00,30,,
830,2024-02-29 05:00:00,30,,
831,2024-02-29 05:00:00,30,,
832,2024-02-29 05:00:00,30,,
833,2024-02-29 05:00:00,30,,
834,2024-02-29 05:00:00,30,,
835,2024-02-29 05:00:00,30,,
836,2024-02-29 05:00:00,30,,
837,2024-02-29 05:00:00,30,,
838,2024-02-29 05:00:00,30,,
839,2024-02-29 05:00:00,30,,
840,2024-02-29 05:00:00,30,,
841,2024-02-29 05:00:00,30,,
842,2024-02-29 05:00:00,30,,
843,2024-02-29 05:00:00,30,,
844,2024-02-29 05:00:00,30,,
845,2024-02-29 05:00:00,30,,
846,2024-02-29 05:00:00,30,,
847,2024-02-29 05:00:00,30,,
848,2024-02-29 05:00:00,30,,
849,2024-02-29 05:00:00,30,,
850,2024-02-29 05:00:00,30,,
851,2024-02-29 05:00:00,30,,
852,2024-02-29 05:00:00,30,,
853,2024-02-29 05:00:00,30,,
854,2024-02-29 05:00:00,30,,
855,2024-02-29 05:00:00,30,,
856,2024-02-29 05:00:00,30,,
857,2024-02-29 05:00:00,30,,
858,2024-02-29 05:00:00,30,,
859,2024-02-29 05:00:00,30,,
860,2024-02-29 05:00:00,30,,
861,2024-02-29 05:00:00,30,,
862,2024-02-29 05:00:00,30,,
863,2024-02-29 05:00:00,30,,
864,2024-02-29 05:00:00,30,,
865,2024-02-29 05:00:00,30,,
866,2024-02-29 05:00:00,30,,
867,2024-02-29 05:00:00,30,,
868,2024-02-29 05:00:00,30,,
869,2024-02-29 05:00:00,30,,
870,2024-02-29 05:00:00,30,,
871,2024-02-29 05:00:00,30,,
872,2024-02-29 05:00:00,30,,
873,2024-02-29 05:00:00,30,,
874,2024-02-29 05:00:00,30,,
875,2024-02-29 05:00:00,30,,
876,2024-02-29 05:00:00,30,,
877,2024-02-29 05:00:00,30,,
878,2024-02-29 05:00:00,30,,
879,2024-02-29 05:00:00,30,,
880,2024-02-29 05:00:00,30,,
881,2024-02-29 05:00:00,30,,
882,2024-02-29 05:00:00,30,,
883,2024-02-29 05:00:00,30,,
884,2024-02-29 05:00:00,30,,
885,2024-02-29 05:00:00,30,,
886,2024-02-29 05:00:00,30,,
887,2024-02-29 05:00:00,30,,
888,2024-02-29 05:00:00,30,,
889,2024-02-29 05:00:00,30,,
890,2024-02-29 05:00:00,30,,
891,2024-02-29 05:00:00,30,,
892,2024-02-29 05:00:00,30,,
893,2024-02-29 05:00:00,30,,
894,2024-02-29 05:00:00,30,,
895,2024-02-29 05:00:00,30,,
896,2024-02-29 05:00:00,30,,
897,2024-02-29 05:00:00,30,,
898,2024-02-29 05:00:00,30,,
899,2024-02-29 05:00:00,30,,
900,2024-02-29 05:00:00,30,,
901,2024-02-29 05:00:00,30,,
902,2024-02-29 05:00:00,30,,
903,2024-02-29 05:00:00,30,,
904,2024-02-29 05:00:00,30,,
905,2024-02-29 05:00:00,30,,
906,2024-02-29 05:00:00,30,,
907,2024-02-29 05:00:00,30,,
908,2024-02-29 05:00:00,30,,
909,2024-02-29 05:00:00,30,,
910,2024-02-29 05:00:00,30,,
911,2024-02-29 05:00:00,30,,
912,2024-02-29 05:00:00,30,,
913,2024-02-29 05:00:00,30,,
914,2024-02-29 05:00:00,30,,
915,2024-02-29 05:00:00,30,,
916,2024-02-29 05:00:00,30,,
917,2024-02-29 05:00:00,30,,
918,2024-02-29 05:00:00,30,,
919,2024-02-29 05:00:00,30,,
920,2024-02-29 05:00:00,30,,
921,2024-02-29 05:00:00,30,,
922,2024-02-29 05:00:00,30,,
923,2024-02-29 05:00:00,30,,
924,2024-02-29 05:00:00,30,,
925,2024-02-29 05:00:00,30,,
926,2024-02-29 05:00:00,30,,
927,2024-02-29 05:00:00,30,,
928,2024-02-29 05:00:00,30,,
929,2024-02-29 05:00:00,30,,
930,2024-02-29 05:00:00,30,,
931,2024-02-29 05:00:00,30,,
932,2024-02-29 05:00:00,30,,
933,2024-02-29 05:00:00,30,,
934,2024-02-29 05:00:00,30,,
935,2024-02-29 05:00:00,30,,
936,2024-02-29 05:00:00,30,,
937,2024-02-29 05:00:00,30,,
938,2024-02-29 05:00:00,30,,
939,2024-02-29 05:00:00,30,,
940,2024-02-29 05:00:00,30,,
941,2024-02-29 05:00:00,30,,
942,2024-02-29 05:00:00,30,,
943,2024-02-29 05:00:00,30,,
944,2024-02-29 05:00:00,30,,
945,2024-02-29 05:00:00,30,,
946,2024-02-29 05:00:00,30,,
947,2024-02-29 05:00:00,30,,
948,2024-02-29 05:00:00,30,,
949,2024-02-29 05:00:00,30,,
950,2024-02-29 05:00:00,30,,
951,2024-02-29 05:00:00,30,,
952,2024-02-29 05:00:00,30,,
953,2024-02-29 05:00:00,30,,
954,2024-02-29 05:00:00,30,,
955,2024-02-29 05:00:00,30,,
956,2024-02-29 05:00:00,30,,
957,2024-02-29 05:00:00,30,,
958,2024-02-29 05:00:00,30,,
959,2024-02-29 05:00:00,30,,
960,2024-02-29 05:00:00,30,,
961,2024-02-29 05:00:00,30,,
962,2024-02-29 05:00:00,30,,
963,2024-02-29 05:00:00,30,,
964,2024-02-29 05:00:00,30,,
965,2024-02-29 05:00:00,30,,
966,2024-02-29 05:00:00,30,,
967,2024-02-29 05:00:00,30,,
968,2024-02-29 05:00:00,30,,
969,2024-02-29 05:00:00,30,,
970,2024-02-29 05:00:00,30,,
971,2024-02-29 05:00:00,30,,
972,2024-02-29 05:00:00,30,,
973,2024-02-29 05:00:00,30,,
974,2024-02-29 05:00:00,30,,
975,2024-02-29 05:00:00,30,,
976,2024-02-29 05:00:00,30,,
977,2024-02-29 05:00:00,30,,
978,2024-02-29 05:00:00,30,,
979,2024-02-29 05:00:00,30,,
980,2024-02-29 05:00:00,30,,
981,2024-02-29 05:00:00,30,,
982,2024-02-29 05:00:00,30,,
983,2024-02-29 05:00:00,30,,
984,2024-02-29 05:00:00,30,,
985,2024-02-29 05:00:00,30,,
986,2024-02-29 05:00:00,30,,
987,2024-02-29 05:00:00,30,,
988,2024-02-29 05:00:00,30,,
989,2024-02-29 05:00:00,30,,
990,2024-02-29 05:00:00,30,,
991,2024-02-29 05:00:00,30,,
992,2024-02-29 05:00:00,30,,
993,2024-02-29 05:00:00,30,,
994,2024-02-29 05:00:00,30,,
995,2024-02-29 05:00:00,30,,
996,2024-02-29 05:00:00,30,,
997,2024-02-29 05:00:00,30,,
998,2024-02-29 05:00:00,30,,
999,2024-02-29 05:00:00,30,,
1000,2024-02-29 05:00:00,30,,
1001,2024-02-29 05:00:00,30,,
1002,2024-02-29 05:00:00,30,,
1003,2024-02-29 05:00:00,30,,
1004,2024-02-29 05:00:00,30,,
1005,2024-02-29 05:00:00,30,,
1006,2024-02-29 05:00:00,30,,
792,2024-02-29 05:10:00,31,,
793,2024-02-29 05:10:00,31,,
794,2024-02-29 05:10:00,31,,
795,2024-02-29 05:10:00,31,,
796,2024-02-29 05:10:00,31,,
797,2024-02-29 05:10:00,31,,
798,2024-02-29 05:10:00,31,,
799,2024-02-29 05:10:00,31,,
800,2024-02-29 05:10:00,31,,
801,2024-02-29 05:10:00,31,,
802,2024-02-29 05:10:00,31,,
803,2024-02-29 05:10:00,31,,
804,2024-02-29 05:10:00,31,,
805,2024-02-29 05:10:00,31,,
806,2024-02-29 05:10:00,31,,
807,2024-02-29 05:10:00,31,,
808,2024-02-29 05:10:00,31,,
809,2024-02-29 05:10:00,31,,
810,2024-02-29 05:10:00,31,,
811,2024-02-29 05:10:00,31,,
812,2024-02-29 05:10:00,31,,
813,2024-02-29 05:10:00,31,,
814,2024-02-29 05:10:00,31,,
815,2024-02-29 05:10:00,31,,
816,2024-02-29 05:10:00,31,,
817,2024-02-29 05:10:00,31,,
818,2024-02-29 05:10:00,31,,
819,2024-02-29 05:10:00,31,,
820,2024-02-29 05:10:00,31,,
821,2024-02-29 05:10:00,31,,
822,2024-02-29 05:10:00,31,,
823,2024-02-29 05:10:00,31,,
824,2024-02-29 05:10:00,31,,
825,2024-02-29 05:10:00,31,,
826,2024-02-29 05:10:00,31,,
827,2024-02-29 05:10:00,31,,
828,2024-02-29 05:10:00,31,,
829,2024-02-29 05:10:00,31,,
830,2024-02-29 05:10:00,31,,
831,2024-02-29 05:10:00,31,,
832,2024-02-29 05:10:00,31,,
833,2024-02-29 05:10:00,31,,
834,2024-02-29 05:10:00,31,,
835,2024-02-29 05:10:00,31,,
836,2024-02-29 05:10:00,31,,
837,2024-02-29 05:10:00,31,,
838,2024-02-29 05:10:00,31,,
839,2024-02-29 05:10:00,31,,
840,2024-02-29 05:10:00,31,,
841,2024-02-29 05:10:00,31,,
842,2024-02-29 05:10:00,31,,
843,2024-02-29 05:10:00,31,,
844,2024-02-29 05:10:00,31,,
845,2024-02-29 05:10:00,31,,
846,2024-02-29 05:10:00,31,,
847,2024-02-29 05:10:00,31,,
848,2024-02-29 05:10:00,31,,
849,2024-02-29 05:10:00,31,,
850,2024-02-29 05:10:00,31,,
851,2024-02-29 05:10:00,31,,
852,2024-02-29 05:10:00,31,,
853,2024-02-29 05:10:00,31,,
854,2024-02-29 05:10:00,31,,
855,2024-02-29 05:10:00,31,,
856,2024-02-29 05:10:00,31,,
857,2024-02-29 05:10:00,31,,
858,2024-02-29 05:10:00,31,,
859,2024-02-29 05:10:00,31,,
860,2024-02-29 05:10:00,31,,
861,2024-02-29 05:10:00,31,,
862,2024-02-29 05:10:00,31,,
863,2024-02-29 05:10:00,31,,
864,2024-02-29 05:10:00,31,,
865,2024-02-29 05:10:00,31,,
866,2024-02-29 05:10:00,31,,
867,2024-02-29 05:10:00,31,,
868,2024-02-29 05:10:00,31,,
869,2024-02-29 05:10:00,31,,
870,2024-02-29 05:10:00,31,,
871,2024-02-29 05:10:00,31,,
872,2024-02-29 05:10:00,31,,
873,2024-02-29 05:10:00,31,,
874,2024-02-29 05:10:00,31,,
875,2024-02-29 05:10:00,31,,
876,2024-02-29 05:10:00,31,,
877,2024-02-29 05:10:00,31,,
878,2024-02-29 05:10:00,31,,
879,2024-02-29 05:10:00,31,,
880,2024-02-29 05:10:00,31,,
881,2024-02-29 05:10:00,31,,
882,2024-02-29 05:10:00,31,,
883,2024-02-29 05:10:00,31,,
884,2024-02-29 05:10:00,31,,
885,2024-02-29 05:10:00,31,,
886,2024-02-29 05:10:00,31,,
887,2024-02-29 05:10:00,31,,
888,2024-02-29 05:10:00,31,,
889,2024-02-29 05:10:00,31,,
890,2024-02-29 05:10:00,31,,
891,2024-02-29 05:10:00,31,,
892,2024-02-29 05:10:00,31,,
893,2024-02-29 05:10:00,31,,
894,2024-02-29 05:10:00,31,,
895,2024-02-29 05:10:00,31,,
896,2024-02-29 05:10:00,31,,
897,2024-02-29 05:10:00,31,,
898,2024-02-29 05:10:00,31,,
899,2024-02-29 05:10:00,31,,
900,2024-02-29 05:10:00,31,,
901,2024-02-29 05:10:00,31,,
902,2024-02-29 05:10:00,31,,
903,2024-02-29 05:10:00,31,,
904,2024-02-29 05:10:00,31,,
905,2024-02-29 05:10:00,31,,
906,2024-02-29 05:10:00,31,,
907,2024-02-29 05:10:00,31,,
908,2024-02-29 05:10:00,31,,
909,2024-02-29 05:10:00,31,,
910,2024-02-29 05:10:00,31,,
911,2024-02-29 05:10:00,31,,
912,2024-02-29 05:10:00,31,,
913,2024-02-29 05:10:00,31,,
914,2024-02-29 05:10:00,31,,
915,2024-02-29 05:10:00,31,,
916,2024-02-29 05:10:00,31,,
917,2024-02-29 05:10:00,31,,
918,2024-02-29 05:10:00,31,,
919,2024-02-29 05:10:00,31,,
920,2024-02-29 05:10:00,31,,
921,2024-02-29 05:10:00,31,,
922,2024-02-29 05:10:00,31,,
923,2024-02-29 05:10:00,31,,
924,2024-02-29 05:10:00,31,,
925,2024-02-29 05:10:00,31,,
926,2024-02-29 05:10:00,31,,
927,2024-02-29 05:10:00,31,,
928,2024-02-29 05:10:00,31,,
929,2024-02-29 05:10:00,31,,
930,2024-02-29 05:10:00,31,,
931,2024-02-29 05:10:00,31,,
932,2024-02-29 05:10:00,31,,
933,2024-02-29 05:10:00,31,,
934,2024-02-29 05:10:00,31,,
935,2024-02-29 05:10:00,31,,
936,2024-02-29 05:10:00,31,,
937,2024-02-29 05:10:00,31,,
938,2024-02-29 05:10:00,31,,
939,2024-02-29 05:10:00,31,,
940,2024-02-29 05:10:00,31,,
941,2024-02-29 05:10:00,31,,
942,2024-02-29 05:10:00,31,,
943,2024-02-29 05:10:00,31,,
944,2024-02-29 05:10:00,31,,
945,2024-02-29 05:10:00,31,,
946,2024-02-29 05:10:00,31,,
947,2024-02-29 05:10:00,31,,
948,2024-02-29 05:10:00,31,,
949,2024-02-29 05:10:00,31,,
950,2024-02-29 05:10:00,31,,
951,2024-02-29 05:10:00,31,,
952,2024-02-29 05:10:00,31,,
953,2024-02-29 05:10:00,31,,
954,2024-02-29 05:10:00,31,,
955,2024-02-29 05:10:00,31,,
956,2024-02-29 05:10:00,31,,
957,2024-02-29 05:10:00,31,,
958,2024-02-29 05:10:00,31,,
959,2024-02-29 05:10:00,31,,
960,2024-02-29 05:10:00,31,,
961,2024-02-29 05:10:00,31,,
962,2024-02-29 05:10:00,31,,
963,2024-02-29 05:10:00,31,,
964,2024-02-29 05:10:00,31,,
965,2024-02-29 05:10:00,31,,
966,2024-02-29 05:10:00,31,,
967,2024-02-29 05:10:00,31,,
968,2024-02-29 05:10:00,31,,
969,2024-02-29 05:10:00,31,,
970,2024-02-29 05:10:00,31,,
971,2024-02-29 05:10:00,31,,
972,2024-02-29 05:10:00,31,,
973,2024-02-29 05:10:00,31,,
974,2024-02-29 05:10:00,31,,
975,2024-02-29 05:10:00,31,,
976,2024-02-29 05:10:00,31,,
977,2024-02-29 05:10:00,31,,
978,2024-02-29 05:10:00,31,,
979,2024-02-29 05:10:00,31,,
980,2024-02-29 05:10:00,31,,
981,2024-02-29 05:10:00,31,,
982,2024-02-29 05:10:00,31,,
983,2024-02-29 05:10:00,31,,
984,2024-02-29 05:10:00,31,,
985,2024-02-29 05:10:00,31,,
986,2024-02-29 05:10:00,31,,
987,2024-02-29 05:10:00,31,,
988,2024-02-29 05:10:00,31,,
989,2024-02-29 05:10:00,31,,
990,2024-02-29 05:10:00,31,,
991,2024-02-29 05:10:00,31,,
992,2024-02-29 05:10:00,31,,
993,2024-02-29 05:10:00,31,,
994,2024-02-29 05:10:00,31,,
995,2024-02-29 05:10:00,31,,
996,2024-02-29 05:10:00,31,,
997,2024-02-29 05:10:00,31,,
998,2024-02-29 05:10:00,31,,
999,2024-02-29 05:10:00,31,,
1000,2024-02-29 05:10:00,31,,
1001,2024-02-29 05:10:00,31,,
1002,2024-02-29 05:10:00,31,,
1003,2024-02-29 05:10:00,31,,
1004,2024-02-29 05:10:00,31,,
1005,2024-02-29 05:10:00,31,,
1006,2024-02-29 05:10:00,31,,
792,2024-02-29 05:20:00,32,,
793,2024-02-29 05:20:00,32,,
794,2024-02-29 05:20:00,32,,
795,2024-02-29 05:20:00,32,,
796,2024-02-29 05:20:00,32,,
797,2024-02-29 05:20:00,32,,
798,2024-02-29 05:20:00,32,,
799,2024-02-29 05:20:00,32,,
800,2024-02-29 05:20:00,32,,
801,2024-02-29 05:20:00,32,,
802,2024-02-29 05:20:00,32,,
803,2024-02-29 05:20:00,32,,
804,2024-02-29 05:20:00,32,,
805,2024-02-29 05:20:00,32,,
806,2024-02-29 05:20:00,32,,
807,2024-02-29 05:20:00,32,,
808,2024-02-29 05:20:00,32,,
809,2024-02-29 05:20:00,32,,
810,2024-02-29 05:20:00,32,,
811,2024-02-29 05:20:00,32,,
812,2024-02-29 05:20:00,32,,
813,2024-02-29 05:20:00,32,,
814,2024-02-29 05:20:00,32,,
815,2024-02-29 05:20:00,32,,
816,2024-02-29 05:20:00,32,,
817,2024-02-29 05:20:00,32,,
818,2024-02-29 05:20:00,32,,
819,2024-02-29 05:20:00,32,,
820,2024-02-29 05:20:00,32,,
821,2024-02-29 05:20:00,32,,
822,2024-02-29 05:20:00,32,,
823,2024-02-29 05:20:00,32,,
824,2024-02-29 05:20:00,32,,
825,2024-02-29 05:20:00,32,,
826,2024-02-29 05:20:00,32,,
827,2024-02-29 05:20:00,32,,
828,2024-02-29 05:20:00,32,,
829,2024-02-29 05:20:00,32,,
830,2024-02-29 05:20:00,32,,
831,2024-02-29 05:20:00,32,,
832,2024-02-29 05:20:00,32,,
833,2024-02-29 05:20:00,32,,
834,2024-02-29 05:20:00,32,,
835,2024-02-29 05:20:00,32,,
836,2024-02-29 05:20:00,32,,
837,2024-02-29 05:20:00,32,,
838,2024-02-29 05:20:00,32,,
839,2024-02-29 05:20:00,32,,
840,2024-02-29 05:20:00,32,,
841,2024-02-29 05:20:00,32,,
842,2024-02-29 05:20:00,32,,
843,2024-02-29 05:20:00,32,,
844,2024-02-29 05:20:00,32,,
845,2024-02-29 05:20:00,32,,
846,2024-02-29 05:20:00,32,,
847,2024-02-29 05:20:00,32,,
848,2024-02-29 05:20:00,32,,
849,2024-02-29 05:20:00,32,,
850,2024-02-29 05:20:00,32,,
851,2024-02-29 05:20:00,32,,
852,2024-02-29 05:20:00,32,,
853,2024-02-29 05:20:00,32,,
854,2024-02-29 05:20:00,32,,
855,2024-02-29 05:20:00,32,,
856,2024-02-29 05:20:00,32,,
857,2024-02-29 05:20:00,32,,
858,2024-02-29 05:20:00,32,,
859,2024-02-29 05:20:00,32,,
860,2024-02-29 05:20:00,32,,
861,2024-02-29 05:20:00,32,,
862,2024-02-29 05:20:00,32,,
863,2024-02-29 05:20:00,32,,
864,2024-02-29 05:20:00,32,,
865,2024-02-29 05:20:00,32,,
866,2024-02-29 05:20:00,32,,
867,2024-02-29 05:20:00,32,,
868,2024-02-29 05:20:00,32,,
869,2024-02-29 05:20:00,32,,
870,2024-02-29 05:20:00,32,,
871,2024-02-29 05:20:00,32,,
872,2024-02-29 05:20:00,32,,
873,2024-02-29 05:20:00,32,,
874,2024-02-29 05:20:00,32,,
875,2024-02-29 05:20:00,32,,
876,2024-02-29 05:20:00,32,,
877,2024-02-29 05:20:00,32,,
878,2024-02-29 05:20:00,32,,
879,2024-02-29 05:20:00,32,,
880,2024-02-29 05:20:00,32,,
881,2024-02-29 05:20:00,32,,
882,2024-02-29 05:20:00,32,,
883,2024-02-29 05:20:00,32,,
884,2024-02-29 05:20:00,32,,
885,2024-02-29 05:20:00,32,,
886,2024-02-29 05:20:00,32,,
887,2024-02-29 05:20:00,32,,
888,2024-02-29 05:20:00,32,,
889,2024-02-29 05:20:00,32,,
890,2024-02-29 05:20:00,32,,
891,2024-02-29 05:20:00,32,,
892,2024-02-29 05:20:00,32,,
893,2024-02-29 05:20:00,32,,
894,2024-02-29 05:20:00,32,,
895,2024-02-29 05:20:00,32,,
896,2024-02-29 05:20:00,32,,
897,2024-02-29 05:20:00,32,,
898,2024-02-29 05:20:00,32,,
899,2024-02-29 05:20:00,32,,
900,2024-02-29 05:20:00,32,,
901,2024-02-29 05:20:00,32,,
902,2024-02-29 05:20:00,32,,
903,2024-02-29 05:20:00,32,,
904,2024-02-29 05:20:00,32,,
905,2024-02-29 05:20:00,32,,
906,2024-02-29 05:20:00,32,,
907,2024-02-29 05:20:00,32,,
908,2024-02-29 05:20:00,32,,
909,2024-02-29 05:20:00,32,,
910,2024-02-29 05:20:00,32,,
911,2024-02-29 05:20:00,32,,
912,2024-02-29 05:20:00,32,,
913,2024-02-29 05:20:00,32,,
914,2024-02-29 05:20:00,32,,
915,2024-02-29 05:20:00,32,,
916,2024-02-29 05:20:00,32,,
917,2024-02-29 05:20:00,32,,
918,2024-02-29 05:20:00,32,,
919,2024-02-29 05:20:00,32,,
920,2024-02-29 05:20:00,32,,
921,2024-02-29 05:20:00,32,,
922,2024-02-29 05:20:00,32,,
923,2024-02-29 05:20:00,32,,
924,2024-02-29 05:20:00,32,,
925,2024-02-29 05:20:00,32,,
926,2024-02-29 05:20:00,32,,
927,2024-02-29 05:20:00,32,,
928,2024-02-29 05:20:00,32,,
929,2024-02-29 05:20:00,32,,
930,2024-02-29 05:20:00,32,,
931,2024-02-29 05:20:00,32,,
932,2024-02-29 05:20:00,32,,
933,2024-02-29 05:20:00,32,,
934,2024-02-29 05:20:00,32,,
935,2024-02-29 05:20:00,32,,
936,2024-02-29 05:20:00,32,,
937,2024-02-29 05:20:00,32,,
938,2024-02-29 05:20:00,32,,
939,2024-02-29 05:20:00,32,,
940,2024-02-29 05:20:00,32,,
941,2024-02-29 05:20:00,32,,
942,2024-02-29 05:20:00,32,,
943,2024-02-29 05:20:00,32,,
944,2024-02-29 05:20:00,32,,
945,2024-02-29 05:20:00,32,,
946,2024-02-29 05:20:00,32,,
947,2024-02-29 05:20:00,32,,
948,2024-02-29 05:20:00,32,,
949,2024-02-29 05:20:00,32,,
950,2024-02-29 05:20:00,32,,
951,2024-02-29 05:20:00,32,,
952,2024-02-29 05:20:00,32,,
953,2024-02-29 05:20:00,32,,
954,2024-02-29 05:20:00,32,,
955,2024-02-29 05:20:00,32,,
956,2024-02-29 05:20:00,32,,
957,2024-02-29 05:20:00,32,,
958,2024-02-29 05:20:00,32,,
959,2024-02-29 05:20:00,32,,
960,2024-02-29 05:20:00,32,,
961,2024-02-29 05:20:00,32,,
962,2024-02-29 05:20:00,32,,
963,2024-02-29 05:20:00,32,,
964,2024-02-29 05:20:00,32,,
965,2024-02-29 05:20:00,32,,
966,2024-02-29 05:20:00,32,,
967,2024-02-29 05:20:00,32,,
968,2024-02-29 05:20:00,32,,
969,2024-02-29 05:20:00,32,,
970,2024-02-29 05:20:00,32,,
971,2024-02-29 05:20:00,32,,
972,2024-02-29 05:20:00,32,,
973,2024-02-29 05:20:00,32,,
974,2024-02-29 05:20:00,32,,
975,2024-02-29 05:20:00,32,,
976,2024-02-29 05:20:00,32,,
977,2024-02-29 05:20:00,32,,
978,2024-02-29 05:20:00,32,,
979,2024-02-29 05:20:00,32,,
980,2024-02-29 05:20:00,32,,
981,2024-02-29 05:20:00,32,,
982,2024-02-29 05:20:00,32,,
983,2024-02-29 05:20:00,32,,
984,2024-02-29 05:20:00,32,,
985,2024-02-29 05:20:00,32,,
986,2024-02-29 05:20:00,32,,
987,2024-02-29 05:20:00,32,,
988,2024-02-29 05:20:00,32,,
989,2024-02-29 05:20:00,32,,
990,2024-02-29 05:20:00,32,,
991,2024-02-29 05:20:00,32,,
992,2024-02-29 05:20:00,32,,
993,2024-02-29 05:20:00,32,,
994,2024-02-29 05:20:00,32,,
995,2024-02-29 05:20:00,32,,
996,2024-02-29 05:20:00,32,,
997,2024-02-29 05:20:00,32,,
998,2024-02-29 05:20:00,32,,
999,2024-02-29 05:20:00,32,,
1000,2024-02-29 05:20:00,32,,
1001,2024-02-29 05:20:00,32,,
1002,2024-02-29 05:20:00,32,,
1003,2024-02-29 05:20:00,32,,
1004,2024-02-29 05:20:00,32,,
1005,2024-02-29 05:20:00,32,,
1006,2024-02-29 05:20:00,32,,
792,2024-02-29 05:30:00,33,,
793,2024-02-29 05:30:00,33,,
794,2024-02-29 05:30:00,33,,
795,2024-02-29 05:30:00,33,,
796,2024-02-29 05:30:00,33,,
797,2024-02-29 05:30:00,33,,
798,2024-02-29 05:30:00,33,,
799,2024-02-29 05:30:00,33,,
800,2024-02-29 05:30:00,33,,
801,2024-02-29 05:30:00,33,,
802,2024-02-29 05:30:00,33,,
803,2024-02-29 05:30:00,33,,
804,2024-02-29 05:30:00,33,,
805,2024-02-29 05:30:00,33,,
806,2024-02-29 05:30:00,33,,
807,2024-02-29 05:30:00,33,,
808,2024-02-29 05:30:00,33,,
809,2024-02-29 05:30:00,33,,
810,2024-02-29 05:30:00,33,,
811,2024-02-29 05:30:00,33,,
812,2024-02-29 05:30:00,33,,
813,2024-02-29 05:30:00,33,,
814,2024-02-29 05:30:00,33,,
815,2024-02-29 05:30:00,33,,
816,2024-02-29 05:30:00,33,,
817,2024-02-29 05:30:00,33,,
818,2024-02-29 05:30:00,33,,
819,2024-02-29 05:30:00,33,,
820,2024-02-29 05:30:00,33,,
821,2024-02-29 05:30:00,33,,
822,2024-02-29 05:30:00,33,,
823,2024-02-29 05:30:00,33,,
824,2024-02-29 05:30:00,33,,
825,2024-02-29 05:30:00,33,,
826,2024-02-29 05:30:00,33,,
827,2024-02-29 05:30:00,33,,
828,2024-02-29 05:30:00,33,,
829,2024-02-29 05:30:00,33,,
830,2024-02-29 05:30:00,33,,
831,2024-02-29 05:30:00,33,,
832,2024-02-29 05:30:00,33,,
833,2024-02-29 05:30:00,33,,
834,2024-02-29 05:30:00,33,,
835,2024-02-29 05:30:00,33,,
836,2024-02-29 05:30:00,33,,
837,2024-02-29 05:30:00,33,,
838,2024-02-29 05:30:00,33,,
839,2024-02-29 05:30:00,33,,
840,2024-02-29 05:30:00,33,,
841,2024-02-29 05:30:00,33,,
842,2024-02-29 05:30:00,33,,
843,2024-02-29 05:30:00,33,,
844,2024-02-29 05:30:00,33,,
845,2024-02-29 05:30:00,33,,
846,2024-02-29 05:30:00,33,,
847,2024-02-29 05:30:00,33,,
848,2024-02-29 05:30:00,33,,
849,2024-02-29 05:30:00,33,,
850,2024-02-29 05:30:00,33,,
851,2024-02-29 05:30:00,33,,
852,2024-02-29 05:30:00,33,,
853,2024-02-29 05:30:00,33,,
854,2024-02-29 05:30:00,33,,
855,2024-02-29 05:30:00,33,,
856,2024-02-29 05:30:00,33,,
857,2024-02-29 05:30:00,33,,
858,2024-02-29 05:30:00,33,,
859,2024-02-29 05:30:00,33,,
860,2024-02-29 05:30:00,33,,
861,2024-02-29 05:30:00,33,,
862,2024-02-29 05:30:00,33,,
863,2024-02-29 05:30:00,33,,
864,2024-02-29 05:30:00,33,,
865,2024-02-29 05:30:00,33,,
866,2024-02-29 05:30:00,33,,
867,2024-02-29 05:30:00,33,,
868,2024-02-29 05:30:00,33,,
869,2024-02-29 05:30:00,33,,
870,2024-02-29 05:30:00,33,,
871,2024-02-29 05:30:00,33,,
872,2024-02-29 05:30:00,33,,
873,2024-02-29 05:30:00,33,,
874,2024-02-29 05:30:00,33,,
875,2024-02-29 05:30:00,33,,
876,2024-02-29 05:30:00,33,,
877,2024-02-29 05:30:00,33,,
878,2024-02-29 05:30:00,33,,
879,2024-02-29 05:30:00,33,,
880,2024-02-29 05:30:00,33,,
881,2024-02-29 05:30:00,33,,
882,2024-02-29 05:30:00,33,,
883,2024-02-29 05:30:00,33,,
884,2024-02-29 05:30:00,33,,
885,2024-02-29 05:30:00,33,,
886,2024-02-29 05:30:00,33,,
887,2024-02-29 05:30:00,33,,
888,2024-02-29 05:30:00,33,,
889,2024-02-29 05:30:00,33,,
890,2024-02-29 05:30:00,33,,
891,2024-02-29 05:30:00,33,,
892,2024-02-29 05:30:00,33,,
893,2024-02-29 05:30:00,33,,
894,2024-02-29 05:30:00,33,,
895,2024-02-29 05:30:00,33,,
896,2024-02-29 05:30:00,33,,
897,2024-02-29 05:30:00,33,,
898,2024-02-29 05:30:00,33,,
899,2024-02-29 05:30:00,33,,
900,2024-02-29 05:30:00,33,,
901,2024-02-29 05:30:00,33,,
902,2024-02-29 05:30:00,33,,
903,2024-02-29 05:30:00,33,,
904,2024-02-29 05:30:00,33,,
905,2024-02-29 05:30:00,33,,
906,2024-02-29 05:30:00,33,,
907,2024-02-29 05:30:00,33,,
908,2024-02-29 05:30:00,33,,
909,2024-02-29 05:30:00,33,,
910,2024-02-29 05:30:00,33,,
911,2024-02-29 05:30:00,33,,
912,2024-02-29 05:30:00,33,,
913,2024-02-29 05:30:00,33,,
914,2024-02-29 05:30:00,33,,
915,2024-02-29 05:30:00,33,,
916,2024-02-29 05:30:00,33,,
917,2024-02-29 05:30:00,33,,
918,2024-02-29 05:30:00,33,,
919,2024-02-29 05:30:00,33,,
920,2024-02-29 05:30:00,33,,
921,2024-02-29 05:30:00,33,,
922,2024-02-29 05:30:00,33,,
923,2024-02-29 05:30:00,33,,
924,2024-02-29 05:30:00,33,,
925,2024-02-29 05:30:00,33,,
926,2024-02-29 05:30:00,33,,
927,2024-02-29 05:30:00,33,,
928,2024-02-29 05:30:00,33,,
929,2024-02-29 05:30:00,33,,
930,2024-02-29 05:30:00,33,,
931,2024-02-29 05:30:00,33,,
932,2024-02-29 05:30:00,33,,
933,2024-02-29 05:30:00,33,,
934,2024-02-29 05:30:00,33,,
935,2024-02-29 05:30:00,33,,
936,2024-02-29 05:30:00,33,,
937,2024-02-29 05:30:00,33,,
938,2024-02-29 05:30:00,33,,
939,2024-02-29 05:30:00,33,,
940,2024-02-29 05:30:00,33,,
941,2024-02-29 05:30:00,33,,
942,2024-02-29 05:30:00,33,,
943,2024-02-29 05:30:00,33,,
944,2024-02-29 05:30:00,33,,
945,2024-02-29 05:30:00,33,,
946,2024-02-29 05:30:00,33,,
947,2024-02-29 05:30:00,33,,
948,2024-02-29 05:30:00,33,,
949,2024-02-29 05:30:00,33,,
950,2024-02-29 05:30:00,33,,
951,2024-02-29 05:30:00,33,,
952,2024-02-29 05:30:00,33,,
953,2024-02-29 05:30:00,33,,
954,2024-02-29 05:30:00,33,,
955,2024-02-29 05:30:00,33,,
956,2024-02-29 05:30:00,33,,
957,2024-02-29 05:30:00,33,,
958,2024-02-29 05:30:00,33,,
959,2024-02-29 05:30:00,33,,
960,2024-02-29 05:30:00,33,,
961,2024-02-29 05:30:00,33,,
962,2024-02-29 05:30:00,33,,
963,2024-02-29 05:30:00,33,,
964,2024-02-29 05:30:00,33,,
965,2024-02-29 05:30:00,33,,
966,2024-02-29 05:30:00,33,,
967,2024-02-29 05:30:00,33,,
968,2024-02-29 05:30:00,33,,
969,2024-02-29 05:30:00,33,,
970,2024-02-29 05:30:00,33,,
971,2024-02-29 05:30:00,33,,
972,2024-02-29 05:30:00,33,,
973,2024-02-29 05:30:00,33,,
974,2024-02-29 05:30:00,33,,
975,2024-02-29 05:30:00,33,,
976,2024-02-29 05:30:00,33,,
977,2024-02-29 05:30:00,33,,
978,2024-02-29 05:30:00,33,,
979,2024-02-29 05:30:00,33,,
980,2024-02-29 05:30:00,33,,
981,2024-02-29 05:30:00,33,,
982,2024-02-29 05:30:00,33,,
983,2024-02-29 05:30:00,33,,
984,2024-02-29 05:30:00,33,,
985,2024-02-29 05:30:00,33,,
986,2024-02-29 05:30:00,33,,
987,2024-02-29 05:30:00,33,,
988,2024-02-29 05:30:00,33,,
989,2024-02-29 05:30:00,33,,
990,2024-02-29 05:30:00,33,,
991,2024-02-29 05:30:00,33,,
992,2024-02-29 05:30:00,33,,
993,2024-02-29 05:30:00,33,,
994,2024-02-29 05:30:00,33,,
995,2024-02-29 05:30:00,33,,
996,2024-02-29 05:30:00,33,,
997,2024-02-29 05:30:00,33,,
998,2024-02-29 05:30:00,33,,
999,2024-02-29 05:30:00,33,,
1000,2024-02-29 05:30:00,33,,
1001,2024-02-29 05:30:00,33,,
1002,2024-02-29 05:30:00,33,,
1003,2024-02-29 05:30:00,33,,
1004,2024-02-29 05:30:00,33,,
1005,2024-02-29 05:30:00,33,,
1006,2024-02-29 05:30:00,33,,
792,2024-02-29 05:40:00,34,,
793,2024-02-29 05:40:00,34,,
794,2024-02-29 05:40:00,34,,
795,2024-02-29 05:40:00,34,,
796,2024-02-29 05:40:00,34,,
797,2024-02-29 05:40:00,34,,
798,2024-02-29 05:40:00,34,,
799,2024-02-29 05:40:00,34,,
800,2024-02-29 05:40:00,34,,
801,2024-02-29 05:40:00,34,,
802,2024-02-29 05:40:00,34,,
803,2024-02-29 05:40:00,34,,
804,2024-02-29 05:40:00,34,,
805,2024-02-29 05:40:00,34,,
806,2024-02-29 05:40:00,34,,
807,2024-02-29 05:40:00,34,,
808,2024-02-29 05:40:00,34,,
809,2024-02-29 05:40:00,34,,
810,2024-02-29 05:40:00,34,,
811,2024-02-29 05:40:00,34,,
812,2024-02-29 05:40:00,34,,
813,2024-02-29 05:40:00,34,,
814,2024-02-29 05:40:00,34,,
815,2024-02-29 05:40:00,34,,
816,2024-02-29 05:40:00,34,,
817,2024-02-29 05:40:00,34,,
818,2024-02-29 05:40:00,34,,
819,2024-02-29 05:40:00,34,,
820,2024-02-29 05:40:00,34,,
821,2024-02-29 05:40:00,34,,
822,2024-02-29 05:40:00,34,,
823,2024-02-29 05:40:00,34,,
824,2024-02-29 05:40:00,34,,
825,2024-02-29 05:40:00,34,,
826,2024-02-29 05:40:00,34,,
827,2024-02-29 05:40:00,34,,
828,2024-02-29 05:40:00,34,,
829,2024-02-29 05:40:00,34,,
830,2024-02-29 05:40:00,34,,
831,2024-02-29 05:40:00,34,,
832,2024-02-29 05:40:00,34,,
833,2024-02-29 05:40:00,34,,
834,2024-02-29 05:40:00,34,,
835,2024-02-29 05:40:00,34,,
836,2024-02-29 05:40:00,34,,
837,2024-02-29 05:40:00,34,,
838,2024-02-29 05:40:00,34,,
839,2024-02-29 05:40:00,34,,
840,2024-02-29 05:40:00,34,,
841,2024-02-29 05:40:00,34,,
842,2024-02-29 05:40:00,34,,
843,2024-02-29 05:40:00,34,,
844,2024-02-29 05:40:00,34,,
845,2024-02-29 05:40:00,34,,
846,2024-02-29 05:40:00,34,,
847,2024-02-29 05:40:00,34,,
848,2024-02-29 05:40:00,34,,
849,2024-02-29 05:40:00,34,,
850,2024-02-29 05:40:00,34,,
851,2024-02-29 05:40:00,34,,
852,2024-02-29 05:40:00,34,,
853,2024-02-29 05:40:00,34,,
854,2024-02-29 05:40:00,34,,
855,2024-02-29 05:40:00,34,,
856,2024-02-29 05:40:00,34,,
857,2024-02-29 05:40:00,34,,
858,2024-02-29 05:40:00,34,,
859,2024-02-29 05:40:00,34,,
860,2024-02-29 05:40:00,34,,
861,2024-02-29 05:40:00,34,,
862,2024-02-29 05:40:00,34,,
863,2024-02-29 05:40:00,34,,
864,2024-02-29 05:40:00,34,,
865,2024-02-29 05:40:00,34,,
866,2024-02-29 05:40:00,34,,
867,2024-02-29 05:40:00,34,,
868,2024-02-29 05:40:00,34,,
869,2024-02-29 05:40:00,34,,
870,2024-02-29 05:40:00,34,,
871,2024-02-29 05:40:00,34,,
872,2024-02-29 05:40:00,34,,
873,2024-02-29 05:40:00,34,,
874,2024-02-29 05:40:00,34,,
875,2024-02-29 05:40:00,34,,
876,2024-02-29 05:40:00,34,,
877,2024-02-29 05:40:00,34,,
878,2024-02-29 05:40:00,34,,
879,2024-02-29 05:40:00,34,,
880,2024-02-29 05:40:00,34,,
881,2024-02-29 05:40:00,34,,
882,2024-02-29 05:40:00,34,,
883,2024-02-29 05:40:00,34,,
884,2024-02-29 05:40:00,34,,
885,2024-02-29 05:40:00,34,,
886,2024-02-29 05:40:00,34,,
887,2024-02-29 05:40:00,34,,
888,2024-02-29 05:40:00,34,,
889,2024-02-29 05:40:00,34,,
890,2024-02-29 05:40:00,34,,
891,2024-02-29 05:40:00,34,,
892,2024-02-29 05:40:00,34,,
893,2024-02-29 05:40:00,34,,
894,2024-02-29 05:40:00,34,,
895,2024-02-29 05:40:00,34,,
896,2024-02-29 05:40:00,34,,
897,2024-02-29 05:40:00,34,,
898,2024-02-29 05:40:00,34,,
899,2024-02-29 05:40:00,34,,
900,2024-02-29 05:40:00,34,,
901,2024-02-29 05:40:00,34,,
902,2024-02-29 05:40:00,34,,
903,2024-02-29 05:40:00,34,,
904,2024-02-29 05:40:00,34,,
905,2024-02-29 05:40:00,34,,
906,2024-02-29 05:40:00,34,,
907,2024-02-29 05:40:00,34,,
908,2024-02-29 05:40:00,34,,
909,2024-02-29 05:40:00,34,,
910,2024-02-29 05:40:00,34,,
911,2024-02-29 05:40:00,34,,
912,2024-02-29 05:40:00,34,,
913,2024-02-29 05:40:00,34,,
914,2024-02-29 05:40:00,34,,
915,2024-02-29 05:40:00,34,,
916,2024-02-29 05:40:00,34,,
917,2024-02-29 05:40:00,34,,
918,2024-02-29 05:40:00,34,,
919,2024-02-29 05:40:00,34,,
920,2024-02-29 05:40:00,34,,
921,2024-02-29 05:40:00,34,,
922,2024-02-29 05:40:00,34,,
923,2024-02-29 05:40:00,34,,
924,2024-02-29 05:40:00,34,,
925,2024-02-29 05:40:00,34,,
926,2024-02-29 05:40:00,34,,
927,2024-02-29 05:40:00,34,,
928,2024-02-29 05:40:00,34,,
929,2024-02-29 05:40:00,34,,
930,2024-02-29 05:40:00,34,,
931,2024-02-29 05:40:00,34,,
932,2024-02-29 05:40:00,34,,
933,2024-02-29 05:40:00,34,,
934,2024-02-29 05:40:00,34,,
935,2024-02-29 05:40:00,34,,
936,2024-02-29 05:40:00,34,,
937,2024-02-29 05:40:00,34,,
938,2024-02-29 05:40:00,34,,
939,2024-02-29 05:40:00,34,,
940,2024-02-29 05:40:00,34,,
941,2024-02-29 05:40:00,34,,
942,2024-02-29 05:40:00,34,,
943,2024-02-29 05:40:00,34,,
944,2024-02-29 05:40:00,34,,
945,2024-02-29 05:40:00,34,,
946,2024-02-29 05:40:00,34,,
947,2024-02-29 05:40:00,34,,
948,2024-02-29 05:40:00,34,,
949,2024-02-29 05:40:00,34,,
950,2024-02-29 05:40:00,34,,
951,2024-02-29 05:40:00,34,,
952,2024-02-29 05:40:00,34,,
953,2024-02-29 05:40:00,34,,
954,2024-02-29 05:40:00,34,,
955,2024-02-29 05:40:00,34,,
956,2024-02-29 05:40:00,34,,
957,2024-02-29 05:40:00,34,,
958,2024-02-29 05:40:00,34,,
959,2024-02-29 05:40:00,34,,
960,2024-02-29 05:40:00,34,,
961,2024-02-29 05:40:00,34,,
962,2024-02-29 05:40:00,34,,
963,2024-02-29 05:40:00,34,,
964,2024-02-29 05:40:00,34,,
965,2024-02-29 05:40:00,34,,
966,2024-02-29 05:40:00,34,,
967,2024-02-29 05:40:00,34,,
968,2024-02-29 05:40:00,34,,
969,2024-02-29 05:40:00,34,,
970,2024-02-29 05:40:00,34,,
971,2024-02-29 05:40:00,34,,
972,2024-02-29 05:40:00,34,,
973,2024-02-29 05:40:00,34,,
974,2024-02-29 05:40:00,34,,
975,2024-02-29 05:40:00,34,,
976,2024-02-29 05:40:00,34,,
977,2024-02-29 05:40:00,34,,
978,2024-02-29 05:40:00,34,,
979,2024-02-29 05:40:00,34,,
980,2024-02-29 05:40:00,34,,
981,2024-02-29 05:40:00,34,,
982,2024-02-29 05:40:00,34,,
983,2024-02-29 05:40:00,34,,
984,2024-02-29 05:40:00,34,,
985,2024-02-29 05:40:00,34,,
986,2024-02-29 05:40:00,34,,
987,2024-02-29 05:40:00,34,,
988,2024-02-29 05:40:00,34,,
989,2024-02-29 05:40:00,34,,
990,2024-02-29 05:40:00,34,,
991,2024-02-29 05:40:00,34,,
992,2024-02-29 05:40:00,34,,
993,2024-02-29 05:40:00,34,,
994,2024-02-29 05:40:00,34,,
995,2024-02-29 05:40:00,34,,
996,2024-02-29 05:40:00,34,,
997,2024-02-29 05:40:00,34,,
998,2024-02-29 05:40:00,34,,
999,2024-02-29 05:40:00,34,,
1000,2024-02-29 05:40:00,34,,
1001,2024-02-29 05:40:00,34,,
1002,2024-02-29 05:40:00,34,,
1003,2024-02-29 05:40:00,34,,
1004,2024-02-29 05:40:00,34,,
1005,2024-02-29 05:40:00,34,,
1006,2024-02-29 05:40:00,34,,
792,2024-02-29 05:50:00,35,,
793,2024-02-29 05:50:00,35,,
794,2024-02-29 05:50:00,35,,
795,2024-02-29 05:50:00,35,,
796,2024-02-29 05:50:00,35,,
797,2024-02-29 05:50:00,35,,
798,2024-02-29 05:50:00,35,,
799,2024-02-29 05:50:00,35,,
800,2024-02-29 05:50:00,35,,
801,2024-02-29 05:50:00,35,,
802,2024-02-29 05:50:00,35,,
803,2024-02-29 05:50:00,35,,
804,2024-02-29 05:50:00,35,,
805,2024-02-29 05:50:00,35,,
806,2024-02-29 05:50:00,35,,
807,2024-02-29 05:50:00,35,,
808,2024-02-29 05:50:00,35,,
809,2024-02-29 05:50:00,35,,
810,2024-02-29 05:50:00,35,,
811,2024-02-29 05:50:00,35,,
812,2024-02-29 05:50:00,35,,
813,2024-02-29 05:50:00,35,,
814,2024-02-29 05:50:00,35,,
815,2024-02-29 05:50:00,35,,
816,2024-02-29 05:50:00,35,,
817,2024-02-29 05:50:00,35,,
818,2024-02-29 05:50:00,35,,
819,2024-02-29 05:50:00,35,,
820,2024-02-29 05:50:00,35,,
821,2024-02-29 05:50:00,35,,
822,2024-02-29 05:50:00,35,,
823,2024-02-29 05:50:00,35,,
824,2024-02-29 05:50:00,35,,
825,2024-02-29 05:50:00,35,,
826,2024-02-29 05:50:00,35,,
827,2024-02-29 05:50:00,35,,
828,2024-02-29 05:50:00,35,,
829,2024-02-29 05:50:00,35,,
830,2024-02-29 05:50:00,35,,
831,2024-02-29 05:50:00,35,,
832,2024-02-29 05:50:00,35,,
833,2024-02-29 05:50:00,35,,
834,2024-02-29 05:50:00,35,,
835,2024-02-29 05:50:00,35,,
836,2024-02-29 05:50:00,35,,
837,2024-02-29 05:50:00,35,,
838,2024-02-29 05:50:00,35,,
839,2024-02-29 05:50:00,35,,
840,2024-02-29 05:50:00,35,,
841,2024-02-29 05:50:00,35,,
842,2024-02-29 05:50:00,35,,
843,2024-02-29 05:50:00,35,,
844,2024-02-29 05:50:00,35,,
845,2024-02-29 05:50:00,35,,
846,2024-02-29 05:50:00,35,,
847,2024-02-29 05:50:00,35,,
848,2024-02-29 05:50:00,35,,
849,2024-02-29 05:50:00,35,,
850,2024-02-29 05:50:00,35,,
851,2024-02-29 05:50:00,35,,
852,2024-02-29 05:50:00,35,,
853,2024-02-29 05:50:00,35,,
854,2024-02-29 05:50:00,35,,
855,2024-02-29 05:50:00,35,,
856,2024-02-29 05:50:00,35,,
857,2024-02-29 05:50:00,35,,
858,2024-02-29 05:50:00,35,,
859,2024-02-29 05:50:00,35,,
860,2024-02-29 05:50:00,35,,
861,2024-02-29 05:50:00,35,,
862,2024-02-29 05:50:00,35,,
863,2024-02-29 05:50:00,35,,
864,2024-02-29 05:50:00,35,,
865,2024-02-29 05:50:00,35,,
866,2024-02-29 05:50:00,35,,
867,2024-02-29 05:50:00,35,,
868,2024-02-29 05:50:00,35,,
869,2024-02-29 05:50:00,35,,
870,2024-02-29 05:50:00,35,,
871,2024-02-29 05:50:00,35,,
872,2024-02-29 05:50:00,35,,
873,2024-02-29 05:50:00,35,,
874,2024-02-29 05:50:00,35,,
875,2024-02-29 05:50:00,35,,
876,2024-02-29 05:50:00,35,,
877,2024-02-29 05:50:00,35,,
878,2024-02-29 05:50:00,35,,
879,2024-02-29 05:50:00,35,,
880,2024-02-29 05:50:00,35,,
881,2024-02-29 05:50:00,35,,
882,2024-02-29 05:50:00,35,,
883,2024-02-29 05:50:00,35,,
884,2024-02-29 05:50:00,35,,
885,2024-02-29 05:50:00,35,,
886,2024-02-29 05:50:00,35,,
887,2024-02-29 05:50:00,35,,
888,2024-02-29 05:50:00,35,,
889,2024-02-29 05:50:00,35,,
890,2024-02-29 05:50:00,35,,
891,2024-02-29 05:50:00,35,,
892,2024-02-29 05:50:00,35,,
893,2024-02-29 05:50:00,35,,
894,2024-02-29 05:50:00,35,,
895,2024-02-29 05:50:00,35,,
896,2024-02-29 05:50:00,35,,
897,2024-02-29 05:50:00,35,,
898,2024-02-29 05:50:00,35,,
899,2024-02-29 05:50:00,35,,
900,2024-02-29 05:50:00,35,,
901,2024-02-29 05:50:00,35,,
902,2024-02-29 05:50:00,35,,
903,2024-02-29 05:50:00,35,,
904,2024-02-29 05:50:00,35,,
905,2024-02-29 05:50:00,35,,
906,2024-02-29 05:50:00,35,,
907,2024-02-29 05:50:00,35,,
908,2024-02-29 05:50:00,35,,
909,2024-02-29 05:50:00,35,,
910,2024-02-29 05:50:00,35,,
911,2024-02-29 05:50:00,35,,
912,2024-02-29 05:50:00,35,,
913,2024-02-29 05:50:00,35,,
914,2024-02-29 05:50:00,35,,
915,2024-02-29 05:50:00,35,,
916,2024-02-29 05:50:00,35,,
917,2024-02-29 05:50:00,35,,
918,2024-02-29 05:50:00,35,,
919,2024-02-29 05:50:00,35,,
920,2024-02-29 05:50:00,35,,
921,2024-02-29 05:50:00,35,,
922,2024-02-29 05:50:00,35,,
923,2024-02-29 05:50:00,35,,
924,2024-02-29 05:50:00,35,,
925,2024-02-29 05:50:00,35,,
926,2024-02-29 05:50:00,35,,
927,2024-02-29 05:50:00,35,,
928,2024-02-29 05:50:00,35,,
929,2024-02-29 05:50:00,35,,
930,2024-02-29 05:50:00,35,,
931,2024-02-29 05:50:00,35,,
932,2024-02-29 05:50:00,35,,
933,2024-02-29 05:50:00,35,,
934,2024-02-29 05:50:00,35,,
935,2024-02-29 05:50:00,35,,
936,2024-02-29 05:50:00,35,,
937,2024-02-29 05:50:00,35,,
938,2024-02-29 05:50:00,35,,
939,2024-02-29 05:50:00,35,,
940,2024-02-29 05:50:00,35,,
941,2024-02-29 05:50:00,35,,
942,2024-02-29 05:50:00,35,,
943,2024-02-29 05:50:00,35,,
944,2024-02-29 05:50:00,35,,
945,2024-02-29 05:50:00,35,,
946,2024-02-29 05:50:00,35,,
947,2024-02-29 05:50:00,35,,
948,2024-02-29 05:50:00,35,,
949,2024-02-29 05:50:00,35,,
950,2024-02-29 05:50:00,35,,
951,2024-02-29 05:50:00,35,,
952,2024-02-29 05:50:00,35,,
953,2024-02-29 05:50:00,35,,
954,2024-02-29 05:50:00,35,,
955,2024-02-29 05:50:00,35,,
956,2024-02-29 05:50:00,35,,
957,2024-02-29 05:50:00,35,,
958,2024-02-29 05:50:00,35,,
959,2024-02-29 05:50:00,35,,
960,2024-02-29 05:50:00,35,,
961,2024-02-29 05:50:00,35,,
962,2024-02-29 05:50:00,35,,
963,2024-02-29 05:50:00,35,,
964,2024-02-29 05:50:00,35,,
965,2024-02-29 05:50:00,35,,
966,2024-02-29 05:50:00,35,,
967,2024-02-29 05:50:00,35,,
968,2024-02-29 05:50:00,35,,
969,2024-02-29 05:50:00,35,,
970,2024-02-29 05:50:00,35,,
971,2024-02-29 05:50:00,35,,
972,2024-02-29 05:50:00,35,,
973,2024-02-29 05:50:00,35,,
974,2024-02-29 05:50:00,35,,
975,2024-02-29 05:50:00,35,,
976,2024-02-29 05:50:00,35,,
977,2024-02-29 05:50:00,35,,
978,2024-02-29 05:50:00,35,,
979,2024-02-29 05:50:00,35,,
980,2024-02-29 05:50:00,35,,
981,2024-02-29 05:50:00,35,,
982,2024-02-29 05:50:00,35,,
983,2024-02-29 05:50:00,35,,
984,2024-02-29 05:50:00,35,,
985,2024-02-29 05:50:00,35,,
986,2024-02-29 05:50:00,35,,
987,2024-02-29 05:50:00,35,,
988,2024-02-29 05:50:00,35,,
989,2024-02-29 05:50:00,35,,
990,2024-02-29 05:50:00,35,,
991,2024-02-29 05:50:00,35,,
992,2024-02-29 05:50:00,35,,
993,2024-02-29 05:50:00,35,,
994,2024-02-29 05:50:00,35,,
995,2024-02-29 05:50:00,35,,
996,2024-02-29 05:50:00,35,,
997,2024-02-29 05:50:00,35,,
998,2024-02-29 05:50:00,35,,
999,2024-02-29 05:50:00,35,,
1000,2024-02-29 05:50:00,35,,
1001,2024-02-29 05:50:00,35,,
1002,2024-02-29 05:50:00,35,,
1003,2024-02-29 05:50:00,35,,
1004,2024-02-29 05:50:00,35,,
1005,2024-02-29 05:50:00,35,,
1006,2024-02-29 05:50:00,35,,
792,2024-02-29 06:00:00,36,,
793,2024-02-29 06:00:00,36,,
794,2024-02-29 06:00:00,36,,
795,2024-02-29 06:00:00,36,,
796,2024-02-29 06:00:00,36,,
797,2024-02-29 06:00:00,36,,
798,2024-02-29 06:00:00,36,,
799,2024-02-29 06:00:00,36,,
800,2024-02-29 06:00:00,36,,
801,2024-02-29 06:00:00,36,,
802,2024-02-29 06:00:00,36,,
803,2024-02-29 06:00:00,36,,
804,2024-02-29 06:00:00,36,,
805,2024-02-29 06:00:00,36,,
806,2024-02-29 06:00:00,36,,
807,2024-02-29 06:00:00,36,,
808,2024-02-29 06:00:00,36,,
809,2024-02-29 06:00:00,36,,
810,2024-02-29 06:00:00,36,,
811,2024-02-29 06:00:00,36,,
812,2024-02-29 06:00:00,36,,
813,2024-02-29 06:00:00,36,,
814,2024-02-29 06:00:00,36,,
815,2024-02-29 06:00:00,36,,
816,2024-02-29 06:00:00,36,,
817,2024-02-29 06:00:00,36,,
818,2024-02-29 06:00:00,36,,
819,2024-02-29 06:00:00,36,,
820,2024-02-29 06:00:00,36,,
821,2024-02-29 06:00:00,36,,
822,2024-02-29 06:00:00,36,,
823,2024-02-29 06:00:00,36,,
824,2024-02-29 06:00:00,36,,
825,2024-02-29 06:00:00,36,,
826,2024-02-29 06:00:00,36,,
827,2024-02-29 06:00:00,36,,
828,2024-02-29 06:00:00,36,,
829,2024-02-29 06:00:00,36,,
830,2024-02-29 06:00:00,36,,
831,2024-02-29 06:00:00,36,,
832,2024-02-29 06:00:00,36,,
833,2024-02-29 06:00:00,36,,
834,2024-02-29 06:00:00,36,,
835,2024-02-29 06:00:00,36,,
836,2024-02-29 06:00:00,36,,
837,2024-02-29 06:00:00,36,,
838,2024-02-29 06:00:00,36,,
839,2024-02-29 06:00:00,36,,
840,2024-02-29 06:00:00,36,,
841,2024-02-29 06:00:00,36,,
842,2024-02-29 06:00:00,36,,
843,2024-02-29 06:00:00,36,,
844,2024-02-29 06:00:00,36,,
845,2024-02-29 06:00:00,36,,
846,2024-02-29 06:00:00,36,,
847,2024-02-29 06:00:00,36,,
848,2024-02-29 06:00:00,36,,
849,2024-02-29 06:00:00,36,,
850,2024-02-29 06:00:00,36,,
851,2024-02-29 06:00:00,36,,
852,2024-02-29 06:00:00,36,,
853,2024-02-29 06:00:00,36,,
854,2024-02-29 06:00:00,36,,
855,2024-02-29 06:00:00,36,,
856,2024-02-29 06:00:00,36,,
857,2024-02-29 06:00:00,36,,
858,2024-02-29 06:00:00,36,,
859,2024-02-29 06:00:00,36,,
860,2024-02-29 06:00:00,36,,
861,2024-02-29 06:00:00,36,,
862,2024-02-29 06:00:00,36,,
863,2024-02-29 06:00:00,36,,
864,2024-02-29 06:00:00,36,,
865,2024-02-29 06:00:00,36,,
866,2024-02-29 06:00:00,36,,
867,2024-02-29 06:00:00,36,,
868,2024-02-29 06:00:00,36,,
869,2024-02-29 06:00:00,36,,
870,2024-02-29 06:00:00,36,,
871,2024-02-29 06:00:00,36,,
872,2024-02-29 06:00:00,36,,
873,2024-02-29 06:00:00,36,,
874,2024-02-29 06:00:00,36,,
875,2024-02-29 06:00:00,36,,
876,2024-02-29 06:00:00,36,,
877,2024-02-29 06:00:00,36,,
878,2024-02-29 06:00:00,36,,
879,2024-02-29 06:00:00,36,,
880,2024-02-29 06:00:00,36,,
881,2024-02-29 06:00:00,36,,
882,2024-02-29 06:00:00,36,,
883,2024-02-29 06:00:00,36,,
884,2024-02-29 06:00:00,36,,
885,2024-02-29 06:00:00,36,,
886,2024-02-29 06:00:00,36,,
887,2024-02-29 06:00:00,36,,
888,2024-02-29 06:00:00,36,,
889,2024-02-29 06:00:00,36,,
890,2024-02-29 06:00:00,36,,
891,2024-02-29 06:00:00,36,,
892,2024-02-29 06:00:00,36,,
893,2024-02-29 06:00:00,36,,
894,2024-02-29 06:00:00,36,,
895,2024-02-29 06:00:00,36,,
896,2024-02-29 06:00:00,36,,
897,2024-02-29 06:00:00,36,,
898,2024-02-29 06:00:00,36,,
899,2024-02-29 06:00:00,36,,
900,2024-02-29 06:00:00,36,,
901,2024-02-29 06:00:00,36,,
902,2024-02-29 06:00:00,36,,
903,2024-02-29 06:00:00,36,,
904,2024-02-29 06:00:00,36,,
905,2024-02-29 06:00:00,36,,
906,2024-02-29 06:00:00,36,,
907,2024-02-29 06:00:00,36,,
908,2024-02-29 06:00:00,36,,
909,2024-02-29 06:00:00,36,,
910,2024-02-29 06:00:00,36,,
911,2024-02-29 06:00:00,36,,
912,2024-02-29 06:00:00,36,,
913,2024-02-29 06:00:00,36,,
914,2024-02-29 06:00:00,36,,
915,2024-02-29 06:00:00,36,,
916,2024-02-29 06:00:00,36,,
917,2024-02-29 06:00:00,36,,
918,2024-02-29 06:00:00,36,,
919,2024-02-29 06:00:00,36,,
920,2024-02-29 06:00:00,36,,
921,2024-02-29 06:00:00,36,,
922,2024-02-29 06:00:00,36,,
923,2024-02-29 06:00:00,36,,
924,2024-02-29 06:00:00,36,,
925,2024-02-29 06:00:00,36,,
926,2024-02-29 06:00:00,36,,
927,2024-02-29 06:00:00,36,,
928,2024-02-29 06:00:00,36,,
929,2024-02-29 06:00:00,36,,
930,2024-02-29 06:00:00,36,,
931,2024-02-29 06:00:00,36,,
932,2024-02-29 06:00:00,36,,
933,2024-02-29 06:00:00,36,,
934,2024-02-29 06:00:00,36,,
935,2024-02-29 06:00:00,36,,
936,2024-02-29 06:00:00,36,,
937,2024-02-29 06:00:00,36,,
938,2024-02-29 06:00:00,36,,
939,2024-02-29 06:00:00,36,,
940,2024-02-29 06:00:00,36,,
941,2024-02-29 06:00:00,36,,
942,2024-02-29 06:00:00,36,,
943,2024-02-29 06:00:00,36,,
944,2024-02-29 06:00:00,36,,
945,2024-02-29 06:00:00,36,,
946,2024-02-29 06:00:00,36,,
947,2024-02-29 06:00:00,36,,
948,2024-02-29 06:00:00,36,,
949,2024-02-29 06:00:00,36,,
950,2024-02-29 06:00:00,36,,
951,2024-02-29 06:00:00,36,,
952,2024-02-29 06:00:00,36,,
953,2024-02-29 06:00:00,36,,
954,2024-02-29 06:00:00,36,,
955,2024-02-29 06:00:00,36,,
956,2024-02-29 06:00:00,36,,
957,2024-02-29 06:00:00,36,,
958,2024-02-29 06:00:00,36,,
959,2024-02-29 06:00:00,36,,
960,2024-02-29 06:00:00,36,,
961,2024-02-29 06:00:00,36,,
962,2024-02-29 06:00:00,36,,
963,2024-02-29 06:00:00,36,,
964,2024-02-29 06:00:00,36,,
965,2024-02-29 06:00:00,36,,
966,2024-02-29 06:00:00,36,,
967,2024-02-29 06:00:00,36,,
968,2024-02-29 06:00:00,36,,
969,2024-02-29 06:00:00,36,,
970,2024-02-29 06:00:00,36,,
971,2024-02-29 06:00:00,36,,
972,2024-02-29 06:00:00,36,,
973,2024-02-29 06:00:00,36,,
974,2024-02-29 06:00:00,36,,
975,2024-02-29 06:00:00,36,,
976,2024-02-29 06:00:00,36,,
977,2024-02-29 06:00:00,36,,
978,2024-02-29 06:00:00,36,,
979,2024-02-29 06:00:00,36,,
980,2024-02-29 06:00:00,36,,
981,2024-02-29 06:00:00,36,,
982,2024-02-29 06:00:00,36,,
983,2024-02-29 06:00:00,36,,
984,2024-02-29 06:00:00,36,,
985,2024-02-29 06:00:00,36,,
986,2024-02-29 06:00:00,36,,
987,2024-02-29 06:00:00,36,,
988,2024-02-29 06:00:00,36,,
989,2024-02-29 06:00:00,36,,
990,2024-02-29 06:00:00,36,,
991,2024-02-29 06:00:00,36,,
992,2024-02-29 06:00:00,36,,
993,2024-02-29 06:00:00,36,,
994,2024-02-29 06:00:00,36,,
995,2024-02-29 06:00:00,36,,
996,2024-02-29 06:00:00,36,,
997,2024-02-29 06:00:00,36,,
998,2024-02-29 06:00:00,36,,
999,2024-02-29 06:00:00,36,,
1000,2024-02-29 06:00:00,36,,
1001,2024-02-29 06:00:00,36,,
1002,2024-02-29 06:00:00,36,,
1003,2024-02-29 06:00:00,36,,
1004,2024-02-29 06:00:00,36,,
1005,2024-02-29 06:00:00,36,,
1006,2024-02-29 06:00:00,36,,
792,2024-02-29 06:10:00,37,,
793,2024-02-29 06:10:00,37,,
794,2024-02-29 06:10:00,37,,
795,2024-02-29 06:10:00,37,,
796,2024-02-29 06:10:00,37,,
797,2024-02-29 06:10:00,37,,
798,2024-02-29 06:10:00,37,,
799,2024-02-29 06:10:00,37,,
800,2024-02-29 06:10:00,37,,
801,2024-02-29 06:10:00,37,,
802,2024-02-29 06:10:00,37,,
803,2024-02-29 06:10:00,37,,
804,2024-02-29 06:10:00,37,,
805,2024-02-29 06:10:00,37,,
806,2024-02-29 06:10:00,37,,
807,2024-02-29 06:10:00,37,,
808,2024-02-29 06:10:00,37,,
809,2024-02-29 06:10:00,37,,
810,2024-02-29 06:10:00,37,,
811,2024-02-29 06:10:00,37,,
812,2024-02-29 06:10:00,37,,
813,2024-02-29 06:10:00,37,,
814,2024-02-29 06:10:00,37,,
815,2024-02-29 06:10:00,37,,
816,2024-02-29 06:10:00,37,,
817,2024-02-29 06:10:00,37,,
818,2024-02-29 06:10:00,37,,
819,2024-02-29 06:10:00,37,,
820,2024-02-29 06:10:00,37,,
821,2024-02-29 06:10:00,37,,
822,2024-02-29 06:10:00,37,,
823,2024-02-29 06:10:00,37,,
824,2024-02-29 06:10:00,37,,
825,2024-02-29 06:10:00,37,,
826,2024-02-29 06:10:00,37,,
827,2024-02-29 06:10:00,37,,
828,2024-02-29 06:10:00,37,,
829,2024-02-29 06:10:00,37,,
830,2024-02-29 06:10:00,37,,
831,2024-02-29 06:10:00,37,,
832,2024-02-29 06:10:00,37,,
833,2024-02-29 06:10:00,37,,
834,2024-02-29 06:10:00,37,,
835,2024-02-29 06:10:00,37,,
836,2024-02-29 06:10:00,37,,
837,2024-02-29 06:10:00,37,,
838,2024-02-29 06:10:00,37,,
839,2024-02-29 06:10:00,37,,
840,2024-02-29 06:10:00,37,,
841,2024-02-29 06:10:00,37,,
842,2024-02-29 06:10:00,37,,
843,2024-02-29 06:10:00,37,,
844,2024-02-29 06:10:00,37,,
845,2024-02-29 06:10:00,37,,
846,2024-02-29 06:10:00,37,,
847,2024-02-29 06:10:00,37,,
848,2024-02-29 06:10:00,37,,
849,2024-02-29 06:10:00,37,,
850,2024-02-29 06:10:00,37,,
851,2024-02-29 06:10:00,37,,
852,2024-02-29 06:10:00,37,,
853,2024-02-29 06:10:00,37,,
854,2024-02-29 06:10:00,37,,
855,2024-02-29 06:10:00,37,,
856,2024-02-29 06:10:00,37,,
857,2024-02-29 06:10:00,37,,
858,2024-02-29 06:10:00,37,,
859,2024-02-29 06:10:00,37,,
860,2024-02-29 06:10:00,37,,
861,2024-02-29 06:10:00,37,,
862,2024-02-29 06:10:00,37,,
863,2024-02-29 06:10:00,37,,
864,2024-02-29 06:10:00,37,,
865,2024-02-29 06:10:00,37,,
866,2024-02-29 06:10:00,37,,
867,2024-02-29 06:10:00,37,,
868,2024-02-29 06:10:00,37,,
869,2024-02-29 06:10:00,37,,
870,2024-02-29 06:10:00,37,,
871,2024-02-29 06:10:00,37,,
872,2024-02-29 06:10:00,37,,
873,2024-02-29 06:10:00,37,,
874,2024-02-29 06:10:00,37,,
875,2024-02-29 06:10:00,37,,
876,2024-02-29 06:10:00,37,,
877,2024-02-29 06:10:00,37,,
878,2024-02-29 06:10:00,37,,
879,2024-02-29 06:10:00,37,,
880,2024-02-29 06:10:00,37,,
881,2024-02-29 06:10:00,37,,
882,2024-02-29 06:10:00,37,,
883,2024-02-29 06:10:00,37,,
884,2024-02-29 06:10:00,37,,
885,2024-02-29 06:10:00,37,,
886,2024-02-29 06:10:00,37,,
887,2024-02-29 06:10:00,37,,
888,2024-02-29 06:10:00,37,,
889,2024-02-29 06:10:00,37,,
890,2024-02-29 06:10:00,37,,
891,2024-02-29 06:10:00,37,,
892,2024-02-29 06:10:00,37,,
893,2024-02-29 06:10:00,37,,
894,2024-02-29 06:10:00,37,,
895,2024-02-29 06:10:00,37,,
896,2024-02-29 06:10:00,37,,
897,2024-02-29 06:10:00,37,,
898,2024-02-29 06:10:00,37,,
899,2024-02-29 06:10:00,37,,
900,2024-02-29 06:10:00,37,,
901,2024-02-29 06:10:00,37,,
902,2024-02-29 06:10:00,37,,
903,2024-02-29 06:10:00,37,,
904,2024-02-29 06:10:00,37,,
905,2024-02-29 06:10:00,37,,
906,2024-02-29 06:10:00,37,,
907,2024-02-29 06:10:00,37,,
908,2024-02-29 06:10:00,37,,
909,2024-02-29 06:10:00,37,,
910,2024-02-29 06:10:00,37,,
911,2024-02-29 06:10:00,37,,
912,2024-02-29 06:10:00,37,,
913,2024-02-29 06:10:00,37,,
914,2024-02-29 06:10:00,37,,
915,2024-02-29 06:10:00,37,,
916,2024-02-29 06:10:00,37,,
917,2024-02-29 06:10:00,37,,
918,2024-02-29 06:10:00,37,,
919,2024-02-29 06:10:00,37,,
920,2024-02-29 06:10:00,37,,
921,2024-02-29 06:10:00,37,,
922,2024-02-29 06:10:00,37,,
923,2024-02-29 06:10:00,37,,
924,2024-02-29 06:10:00,37,,
925,2024-02-29 06:10:00,37,,
926,2024-02-29 06:10:00,37,,
927,2024-02-29 06:10:00,37,,
928,2024-02-29 06:10:00,37,,
929,2024-02-29 06:10:00,37,,
930,2024-02-29 06:10:00,37,,
931,2024-02-29 06:10:00,37,,
932,2024-02-29 06:10:00,37,,
933,2024-02-29 06:10:00,37,,
934,2024-02-29 06:10:00,37,,
935,2024-02-29 06:10:00,37,,
936,2024-02-29 06:10:00,37,,
937,2024-02-29 06:10:00,37,,
938,2024-02-29 06:10:00,37,,
939,2024-02-29 06:10:00,37,,
940,2024-02-29 06:10:00,37,,
941,2024-02-29 06:10:00,37,,
942,2024-02-29 06:10:00,37,,
943,2024-02-29 06:10:00,37,,
944,2024-02-29 06:10:00,37,,
945,2024-02-29 06:10:00,37,,
946,2024-02-29 06:10:00,37,,
947,2024-02-29 06:10:00,37,,
948,2024-02-29 06:10:00,37,,
949,2024-02-29 06:10:00,37,,
950,2024-02-29 06:10:00,37,,
951,2024-02-29 06:10:00,37,,
952,2024-02-29 06:10:00,37,,
953,2024-02-29 06:10:00,37,,
954,2024-02-29 06:10:00,37,,
955,2024-02-29 06:10:00,37,,
956,2024-02-29 06:10:00,37,,
957,2024-02-29 06:10:00,37,,
958,2024-02-29 06:10:00,37,,
959,2024-02-29 06:10:00,37,,
960,2024-02-29 06:10:00,37,,
961,2024-02-29 06:10:00,37,,
962,2024-02-29 06:10:00,37,,
963,2024-02-29 06:10:00,37,,
964,2024-02-29 06:10:00,37,,
965,2024-02-29 06:10:00,37,,
966,2024-02-29 06:10:00,37,,
967,2024-02-29 06:10:00,37,,
968,2024-02-29 06:10:00,37,,
969,2024-02-29 06:10:00,37,,
970,2024-02-29 06:10:00,37,,
971,2024-02-29 06:10:00,37,,
972,2024-02-29 06:10:00,37,,
973,2024-02-29 06:10:00,37,,
974,2024-02-29 06:10:00,37,,
975,2024-02-29 06:10:00,37,,
976,2024-02-29 06:10:00,37,,
977,2024-02-29 06:10:00,37,,
978,2024-02-29 06:10:00,37,,
979,2024-02-29 06:10:00,37,,
980,2024-02-29 06:10:00,37,,
981,2024-02-29 06:10:00,37,,
982,2024-02-29 06:10:00,37,,
983,2024-02-29 06:10:00,37,,
984,2024-02-29 06:10:00,37,,
985,2024-02-29 06:10:00,37,,
986,2024-02-29 06:10:00,37,,
987,2024-02-29 06:10:00,37,,
988,2024-02-29 06:10:00,37,,
989,2024-02-29 06:10:00,37,,
990,2024-02-29 06:10:00,37,,
991,2024-02-29 06:10:00,37,,
992,2024-02-29 06:10:00,37,,
993,2024-02-29 06:10:00,37,,
994,2024-02-29 06:10:00,37,,
995,2024-02-29 06:10:00,37,,
996,2024-02-29 06:10:00,37,,
997,2024-02-29 06:10:00,37,,
998,2024-02-29 06:10:00,37,,
999,2024-02-29 06:10:00,37,,
1000,2024-02-29 06:10:00,37,,
1001,2024-02-29 06:10:00,37,,
1002,2024-02-29 06:10:00,37,,
1003,2024-02-29 06:10:00,37,,
1004,2024-02-29 06:10:00,37,,
1005,2024-02-29 06:10:00,37,,
1006,2024-02-29 06:10:00,37,,
792,2024-02-29 06:20:00,38,,
793,2024-02-29 06:20:00,38,,
794,2024-02-29 06:20:00,38,,
795,2024-02-29 06:20:00,38,,
796,2024-02-29 06:20:00,38,,
797,2024-02-29 06:20:00,38,,
798,2024-02-29 06:20:00,38,,
799,2024-02-29 06:20:00,38,,
800,2024-02-29 06:20:00,38,,
801,2024-02-29 06:20:00,38,,
802,2024-02-29 06:20:00,38,,
803,2024-02-29 06:20:00,38,,
804,2024-02-29 06:20:00,38,,
805,2024-02-29 06:20:00,38,,
806,2024-02-29 06:20:00,38,,
807,2024-02-29 06:20:00,38,,
808,2024-02-29 06:20:00,38,,
809,2024-02-29 06:20:00,38,,
810,2024-02-29 06:20:00,38,,
811,2024-02-29 06:20:00,38,,
812,2024-02-29 06:20:00,38,,
813,2024-02-29 06:20:00,38,,
814,2024-02-29 06:20:00,38,,
815,2024-02-29 06:20:00,38,,
816,2024-02-29 06:20:00,38,,
817,2024-02-29 06:20:00,38,,
818,2024-02-29 06:20:00,38,,
819,2024-02-29 06:20:00,38,,
820,2024-02-29 06:20:00,38,,
821,2024-02-29 06:20:00,38,,
822,2024-02-29 06:20:00,38,,
823,2024-02-29 06:20:00,38,,
824,2024-02-29 06:20:00,38,,
825,2024-02-29 06:20:00,38,,
826,2024-02-29 06:20:00,38,,
827,2024-02-29 06:20:00,38,,
828,2024-02-29 06:20:00,38,,
829,2024-02-29 06:20:00,38,,
830,2024-02-29 06:20:00,38,,
831,2024-02-29 06:20:00,38,,
832,2024-02-29 06:20:00,38,,
833,2024-02-29 06:20:00,38,,
834,2024-02-29 06:20:00,38,,
835,2024-02-29 06:20:00,38,,
836,2024-02-29 06:20:00,38,,
837,2024-02-29 06:20:00,38,,
838,2024-02-29 06:20:00,38,,
839,2024-02-29 06:20:00,38,,
840,2024-02-29 06:20:00,38,,
841,2024-02-29 06:20:00,38,,
842,2024-02-29 06:20:00,38,,
843,2024-02-29 06:20:00,38,,
844,2024-02-29 06:20:00,38,,
845,2024-02-29 06:20:00,38,,
846,2024-02-29 06:20:00,38,,
847,2024-02-29 06:20:00,38,,
848,2024-02-29 06:20:00,38,,
849,2024-02-29 06:20:00,38,,
850,2024-02-29 06:20:00,38,,
851,2024-02-29 06:20:00,38,,
852,2024-02-29 06:20:00,38,,
853,2024-02-29 06:20:00,38,,
854,2024-02-29 06:20:00,38,,
855,2024-02-29 06:20:00,38,,
856,2024-02-29 06:20:00,38,,
857,2024-02-29 06:20:00,38,,
858,2024-02-29 06:20:00,38,,
859,2024-02-29 06:20:00,38,,
860,2024-02-29 06:20:00,38,,
861,2024-02-29 06:20:00,38,,
862,2024-02-29 06:20:00,38,,
863,2024-02-29 06:20:00,38,,
864,2024-02-29 06:20:00,38,,
865,2024-02-29 06:20:00,38,,
866,2024-02-29 06:20:00,38,,
867,2024-02-29 06:20:00,38,,
868,2024-02-29 06:20:00,38,,
869,2024-02-29 06:20:00,38,,
870,2024-02-29 06:20:00,38,,
871,2024-02-29 06:20:00,38,,
872,2024-02-29 06:20:00,38,,
873,2024-02-29 06:20:00,38,,
874,2024-02-29 06:20:00,38,,
875,2024-02-29 06:20:00,38,,
876,2024-02-29 06:20:00,38,,
877,2024-02-29 06:20:00,38,,
878,2024-02-29 06:20:00,38,,
879,2024-02-29 06:20:00,38,,
880,2024-02-29 06:20:00,38,,
881,2024-02-29 06:20:00,38,,
882,2024-02-29 06:20:00,38,,
883,2024-02-29 06:20:00,38,,
884,2024-02-29 06:20:00,38,,
885,2024-02-29 06:20:00,38,,
886,2024-02-29 06:20:00,38,,
887,2024-02-29 06:20:00,38,,
888,2024-02-29 06:20:00,38,,
889,2024-02-29 06:20:00,38,,
890,2024-02-29 06:20:00,38,,
891,2024-02-29 06:20:00,38,,
892,2024-02-29 06:20:00,38,,
893,2024-02-29 06:20:00,38,,
894,2024-02-29 06:20:00,38,,
895,2024-02-29 06:20:00,38,,
896,2024-02-29 06:20:00,38,,
897,2024-02-29 06:20:00,38,,
898,2024-02-29 06:20:00,38,,
899,2024-02-29 06:20:00,38,,
900,2024-02-29 06:20:00,38,,
901,2024-02-29 06:20:00,38,,
902,2024-02-29 06:20:00,38,,
903,2024-02-29 06:20:00,38,,
904,2024-02-29 06:20:00,38,,
905,2024-02-29 06:20:00,38,,
906,2024-02-29 06:20:00,38,,
907,2024-02-29 06:20:00,38,,
908,2024-02-29 06:20:00,38,,
909,2024-02-29 06:20:00,38,,
910,2024-02-29 06:20:00,38,,
911,2024-02-29 06:20:00,38,,
912,2024-02-29 06:20:00,38,,
913,2024-02-29 06:20:00,38,,
914,2024-02-29 06:20:00,38,,
915,2024-02-29 06:20:00,38,,
916,2024-02-29 06:20:00,38,,
917,2024-02-29 06:20:00,38,,
918,2024-02-29 06:20:00,38,,
919,2024-02-29 06:20:00,38,,
920,2024-02-29 06:20:00,38,,
921,2024-02-29 06:20:00,38,,
922,2024-02-29 06:20:00,38,,
923,2024-02-29 06:20:00,38,,
924,2024-02-29 06:20:00,38,,
925,2024-02-29 06:20:00,38,,
926,2024-02-29 06:20:00,38,,
927,2024-02-29 06:20:00,38,,
928,2024-02-29 06:20:00,38,,
929,2024-02-29 06:20:00,38,,
930,2024-02-29 06:20:00,38,,
931,2024-02-29 06:20:00,38,,
932,2024-02-29 06:20:00,38,,
933,2024-02-29 06:20:00,38,,
934,2024-02-29 06:20:00,38,,
935,2024-02-29 06:20:00,38,,
936,2024-02-29 06:20:00,38,,
937,2024-02-29 06:20:00,38,,
938,2024-02-29 06:20:00,38,,
939,2024-02-29 06:20:00,38,,
940,2024-02-29 06:20:00,38,,
941,2024-02-29 06:20:00,38,,
942,2024-02-29 06:20:00,38,,
943,2024-02-29 06:20:00,38,,
944,2024-02-29 06:20:00,38,,
945,2024-02-29 06:20:00,38,,
946,2024-02-29 06:20:00,38,,
947,2024-02-29 06:20:00,38,,
948,2024-02-29 06:20:00,38,,
949,2024-02-29 06:20:00,38,,
950,2024-02-29 06:20:00,38,,
951,2024-02-29 06:20:00,38,,
952,2024-02-29 06:20:00,38,,
953,2024-02-29 06:20:00,38,,
954,2024-02-29 06:20:00,38,,
955,2024-02-29 06:20:00,38,,
956,2024-02-29 06:20:00,38,,
957,2024-02-29 06:20:00,38,,
958,2024-02-29 06:20:00,38,,
959,2024-02-29 06:20:00,38,,
960,2024-02-29 06:20:00,38,,
961,2024-02-29 06:20:00,38,,
962,2024-02-29 06:20:00,38,,
963,2024-02-29 06:20:00,38,,
964,2024-02-29 06:20:00,38,,
965,2024-02-29 06:20:00,38,,
966,2024-02-29 06:20:00,38,,
967,2024-02-29 06:20:00,38,,
968,2024-02-29 06:20:00,38,,
969,2024-02-29 06:20:00,38,,
970,2024-02-29 06:20:00,38,,
971,2024-02-29 06:20:00,38,,
972,2024-02-29 06:20:00,38,,
973,2024-02-29 06:20:00,38,,
974,2024-02-29 06:20:00,38,,
975,2024-02-29 06:20:00,38,,
976,2024-02-29 06:20:00,38,,
977,2024-02-29 06:20:00,38,,
978,2024-02-29 06:20:00,38,,
979,2024-02-29 06:20:00,38,,
980,2024-02-29 06:20:00,38,,
981,2024-02-29 06:20:00,38,,
982,2024-02-29 06:20:00,38,,
983,2024-02-29 06:20:00,38,,
984,2024-02-29 06:20:00,38,,
985,2024-02-29 06:20:00,38,,
986,2024-02-29 06:20:00,38,,
987,2024-02-29 06:20:00,38,,
988,2024-02-29 06:20:00,38,,
989,2024-02-29 06:20:00,38,,
990,2024-02-29 06:20:00,38,,
991,2024-02-29 06:20:00,38,,
992,2024-02-29 06:20:00,38,,
993,2024-02-29 06:20:00,38,,
994,2024-02-29 06:20:00,38,,
995,2024-02-29 06:20:00,38,,
996,2024-02-29 06:20:00,38,,
997,2024-02-29 06:20:00,38,,
998,2024-02-29 06:20:00,38,,
999,2024-02-29 06:20:00,38,,
1000,2024-02-29 06:20:00,38,,
1001,2024-02-29 06:20:00,38,,
1002,2024-02-29 06:20:00,38,,
1003,2024-02-29 06:20:00,38,,
1004,2024-02-29 06:20:00,38,,
1005,2024-02-29 06:20:00,38,,
1006,2024-02-29 06:20:00,38,,
792,2024-02-29 06:30:00,39,,
793,2024-02-29 06:30:00,39,,
794,2024-02-29 06:30:00,39,,
795,2024-02-29 06:30:00,39,,
796,2024-02-29 06:30:00,39,,
797,2024-02-29 06:30:00,39,,
798,2024-02-29 06:30:00,39,,
799,2024-02-29 06:30:00,39,,
800,2024-02-29 06:30:00,39,,
801,2024-02-29 06:30:00,39,,
802,2024-02-29 06:30:00,39,,
803,2024-02-29 06:30:00,39,,
804,2024-02-29 06:30:00,39,,
805,2024-02-29 06:30:00,39,,
806,2024-02-29 06:30:00,39,,
807,2024-02-29 06:30:00,39,,
808,2024-02-29 06:30:00,39,,
809,2024-02-29 06:30:00,39,,
810,2024-02-29 06:30:00,39,,
811,2024-02-29 06:30:00,39,,
812,2024-02-29 06:30:00,39,,
813,2024-02-29 06:30:00,39,,
814,2024-02-29 06:30:00,39,,
815,2024-02-29 06:30:00,39,,
816,2024-02-29 06:30:00,39,,
817,2024-02-29 06:30:00,39,,
818,2024-02-29 06:30:00,39,,
819,2024-02-29 06:30:00,39,,
820,2024-02-29 06:30:00,39,,
821,2024-02-29 06:30:00,39,,
822,2024-02-29 06:30:00,39,,
823,2024-02-29 06:30:00,39,,
824,2024-02-29 06:30:00,39,,
825,2024-02-29 06:30:00,39,,
826,2024-02-29 06:30:00,39,,
827,2024-02-29 06:30:00,39,,
828,2024-02-29 06:30:00,39,,
829,2024-02-29 06:30:00,39,,
830,2024-02-29 06:30:00,39,,
831,2024-02-29 06:30:00,39,,
832,2024-02-29 06:30:00,39,,
833,2024-02-29 06:30:00,39,,
834,2024-02-29 06:30:00,39,,
835,2024-02-29 06:30:00,39,,
836,2024-02-29 06:30:00,39,,
837,2024-02-29 06:30:00,39,,
838,2024-02-29 06:30:00,39,,
839,2024-02-29 06:30:00,39,,
840,2024-02-29 06:30:00,39,,
841,2024-02-29 06:30:00,39,,
842,2024-02-29 06:30:00,39,,
843,2024-02-29 06:30:00,39,,
844,2024-02-29 06:30:00,39,,
845,2024-02-29 06:30:00,39,,
846,2024-02-29 06:30:00,39,,
847,2024-02-29 06:30:00,39,,
848,2024-02-29 06:30:00,39,,
849,2024-02-29 06:30:00,39,,
850,2024-02-29 06:30:00,39,,
851,2024-02-29 06:30:00,39,,
852,2024-02-29 06:30:00,39,,
853,2024-02-29 06:30:00,39,,
854,2024-02-29 06:30:00,39,,
855,2024-02-29 06:30:00,39,,
856,2024-02-29 06:30:00,39,,
857,2024-02-29 06:30:00,39,,
858,2024-02-29 06:30:00,39,,
859,2024-02-29 06:30:00,39,,
860,2024-02-29 06:30:00,39,,
861,2024-02-29 06:30:00,39,,
862,2024-02-29 06:30:00,39,,
863,2024-02-29 06:30:00,39,,
864,2024-02-29 06:30:00,39,,
865,2024-02-29 06:30:00,39,,
866,2024-02-29 06:30:00,39,,
867,2024-02-29 06:30:00,39,,
868,2024-02-29 06:30:00,39,,
869,2024-02-29 06:30:00,39,,
870,2024-02-29 06:30:00,39,,
871,2024-02-29 06:30:00,39,,
872,2024-02-29 06:30:00,39,,
873,2024-02-29 06:30:00,39,,
874,2024-02-29 06:30:00,39,,
875,2024-02-29 06:30:00,39,,
876,2024-02-29 06:30:00,39,,
877,2024-02-29 06:30:00,39,,
878,2024-02-29 06:30:00,39,,
879,2024-02-29 06:30:00,39,,
880,2024-02-29 06:30:00,39,,
881,2024-02-29 06:30:00,39,,
882,2024-02-29 06:30:00,39,,
883,2024-02-29 06:30:00,39,,
884,2024-02-29 06:30:00,39,,
885,2024-02-29 06:30:00,39,,
886,2024-02-29 06:30:00,39,,
887,2024-02-29 06:30:00,39,,
888,2024-02-29 06:30:00,39,,
889,2024-02-29 06:30:00,39,,
890,2024-02-29 06:30:00,39,,
891,2024-02-29 06:30:00,39,,
892,2024-02-29 06:30:00,39,,
893,2024-02-29 06:30:00,39,,
894,2024-02-29 06:30:00,39,,
895,2024-02-29 06:30:00,39,,
896,2024-02-29 06:30:00,39,,
897,2024-02-29 06:30:00,39,,
898,2024-02-29 06:30:00,39,,
899,2024-02-29 06:30:00,39,,
900,2024-02-29 06:30:00,39,,
901,2024-02-29 06:30:00,39,,
902,2024-02-29 06:30:00,39,,
903,2024-02-29 06:30:00,39,,
904,2024-02-29 06:30:00,39,,
905,2024-02-29 06:30:00,39,,
906,2024-02-29 06:30:00,39,,
907,2024-02-29 06:30:00,39,,
908,2024-02-29 06:30:00,39,,
909,2024-02-29 06:30:00,39,,
910,2024-02-29 06:30:00,39,,
911,2024-02-29 06:30:00,39,,
912,2024-02-29 06:30:00,39,,
913,2024-02-29 06:30:00,39,,
914,2024-02-29 06:30:00,39,,
915,2024-02-29 06:30:00,39,,
916,2024-02-29 06:30:00,39,,
917,2024-02-29 06:30:00,39,,
918,2024-02-29 06:30:00,39,,
919,2024-02-29 06:30:00,39,,
920,2024-02-29 06:30:00,39,,
921,2024-02-29 06:30:00,39,,
922,2024-02-29 06:30:00,39,,
923,2024-02-29 06:30:00,39,,
924,2024-02-29 06:30:00,39,,
925,2024-02-29 06:30:00,39,,
926,2024-02-29 06:30:00,39,,
927,2024-02-29 06:30:00,39,,
928,2024-02-29 06:30:00,39,,
929,2024-02-29 06:30:00,39,,
930,2024-02-29 06:30:00,39,,
931,2024-02-29 06:30:00,39,,
932,2024-02-29 06:30:00,39,,
933,2024-02-29 06:30:00,39,,
934,2024-02-29 06:30:00,39,,
935,2024-02-29 06:30:00,39,,
936,2024-02-29 06:30:00,39,,
937,2024-02-29 06:30:00,39,,
938,2024-02-29 06:30:00,39,,
939,2024-02-29 06:30:00,39,,
940,2024-02-29 06:30:00,39,,
941,2024-02-29 06:30:00,39,,
942,2024-02-29 06:30:00,39,,
943,2024-02-29 06:30:00,39,,
944,2024-02-29 06:30:00,39,,
945,2024-02-29 06:30:00,39,,
946,2024-02-29 06:30:00,39,,
947,2024-02-29 06:30:00,39,,
948,2024-02-29 06:30:00,39,,
949,2024-02-29 06:30:00,39,,
950,2024-02-29 06:30:00,39,,
951,2024-02-29 06:30:00,39,,
952,2024-02-29 06:30:00,39,,
953,2024-02-29 06:30:00,39,,
954,2024-02-29 06:30:00,39,,
955,2024-02-29 06:30:00,39,,
956,2024-02-29 06:30:00,39,,
957,2024-02-29 06:30:00,39,,
958,2024-02-29 06:30:00,39,,
959,2024-02-29 06:30:00,39,,
960,2024-02-29 06:30:00,39,,
961,2024-02-29 06:30:00,39,,
962,2024-02-29 06:30:00,39,,
963,2024-02-29 06:30:00,39,,
964,2024-02-29 06:30:00,39,,
965,2024-02-29 06:30:00,39,,
966,2024-02-29 06:30:00,39,,
967,2024-02-29 06:30:00,39,,
968,2024-02-29 06:30:00,39,,
969,2024-02-29 06:30:00,39,,
970,2024-02-29 06:30:00,39,,
971,2024-02-29 06:30:00,39,,
972,2024-02-29 06:30:00,39,,
973,2024-02-29 06:30:00,39,,
974,2024-02-29 06:30:00,39,,
975,2024-02-29 06:30:00,39,,
976,2024-02-29 06:30:00,39,,
977,2024-02-29 06:30:00,39,,
978,2024-02-29 06:30:00,39,,
979,2024-02-29 06:30:00,39,,
980,2024-02-29 06:30:00,39,,
981,2024-02-29 06:30:00,39,,
982,2024-02-29 06:30:00,39,,
983,2024-02-29 06:30:00,39,,
984,2024-02-29 06:30:00,39,,
985,2024-02-29 06:30:00,39,,
986,2024-02-29 06:30:00,39,,
987,2024-02-29 06:30:00,39,,
988,2024-02-29 06:30:00,39,,
989,2024-02-29 06:30:00,39,,
990,2024-02-29 06:30:00,39,,
991,2024-02-29 06:30:00,39,,
992,2024-02-29 06:30:00,39,,
993,2024-02-29 06:30:00,39,,
994,2024-02-29 06:30:00,39,,
995,2024-02-29 06:30:00,39,,
996,2024-02-29 06:30:00,39,,
997,2024-02-29 06:30:00,39,,
998,2024-02-29 06:30:00,39,,
999,2024-02-29 06:30:00,39,,
1000,2024-02-29 06:30:00,39,,
1001,2024-02-29 06:30:00,39,,
1002,2024-02-29 06:30:00,39,,
1003,2024-02-29 06:30:00,39,,
1004,2024-02-29 06:30:00,39,,
1005,2024-02-29 06:30:00,39,,
1006,2024-02-29 06:30:00,39,,
792,2024-02-29 06:40:00,40,,
793,2024-02-29 06:40:00,40,,
794,2024-02-29 06:40:00,40,,
795,2024-02-29 06:40:00,40,,
796,2024-02-29 06:40:00,40,,
797,2024-02-29 06:40:00,40,,
798,2024-02-29 06:40:00,40,,
799,2024-02-29 06:40:00,40,,
800,2024-02-29 06:40:00,40,,
801,2024-02-29 06:40:00,40,,
802,2024-02-29 06:40:00,40,,
803,2024-02-29 06:40:00,40,,
804,2024-02-29 06:40:00,40,,
805,2024-02-29 06:40:00,40,,
806,2024-02-29 06:40:00,40,,
807,2024-02-29 06:40:00,40,,
808,2024-02-29 06:40:00,40,,
809,2024-02-29 06:40:00,40,,
810,2024-02-29 06:40:00,40,,
811,2024-02-29 06:40:00,40,,
812,2024-02-29 06:40:00,40,,
813,2024-02-29 06:40:00,40,,
814,2024-02-29 06:40:00,40,,
815,2024-02-29 06:40:00,40,,
816,2024-02-29 06:40:00,40,,
817,2024-02-29 06:40:00,40,,
818,2024-02-29 06:40:00,40,,
819,2024-02-29 06:40:00,40,,
820,2024-02-29 06:40:00,40,,
821,2024-02-29 06:40:00,40,,
822,2024-02-29 06:40:00,40,,
823,2024-02-29 06:40:00,40,,
824,2024-02-29 06:40:00,40,,
825,2024-02-29 06:40:00,40,,
826,2024-02-29 06:40:00,40,,
827,2024-02-29 06:40:00,40,,
828,2024-02-29 06:40:00,40,,
829,2024-02-29 06:40:00,40,,
830,2024-02-29 06:40:00,40,,
831,2024-02-29 06:40:00,40,,
832,2024-02-29 06:40:00,40,,
833,2024-02-29 06:40:00,40,,
834,2024-02-29 06:40:00,40,,
835,2024-02-29 06:40:00,40,,
836,2024-02-29 06:40:00,40,,
837,2024-02-29 06:40:00,40,,
838,2024-02-29 06:40:00,40,,
839,2024-02-29 06:40:00,40,,
840,2024-02-29 06:40:00,40,,
841,2024-02-29 06:40:00,40,,
842,2024-02-29 06:40:00,40,,
843,2024-02-29 06:40:00,40,,
844,2024-02-29 06:40:00,40,,
845,2024-02-29 06:40:00,40,,
846,2024-02-29 06:40:00,40,,
847,2024-02-29 06:40:00,40,,
848,2024-02-29 06:40:00,40,,
849,2024-02-29 06:40:00,40,,
850,2024-02-29 06:40:00,40,,
851,2024-02-29 06:40:00,40,,
852,2024-02-29 06:40:00,40,,
853,2024-02-29 06:40:00,40,,
854,2024-02-29 06:40:00,40,,
855,2024-02-29 06:40:00,40,,
856,2024-02-29 06:40:00,40,,
857,2024-02-29 06:40:00,40,,
858,2024-02-29 06:40:00,40,,
859,2024-02-29 06:40:00,40,,
860,2024-02-29 06:40:00,40,,
861,2024-02-29 06:40:00,40,,
862,2024-02-29 06:40:00,40,,
863,2024-02-29 06:40:00,40,,
864,2024-02-29 06:40:00,40,,
865,2024-02-29 06:40:00,40,,
866,2024-02-29 06:40:00,40,,
867,2024-02-29 06:40:00,40,,
868,2024-02-29 06:40:00,40,,
869,2024-02-29 06:40:00,40,,
870,2024-02-29 06:40:00,40,,
871,2024-02-29 06:40:00,40,,
872,2024-02-29 06:40:00,40,,
873,2024-02-29 06:40:00,40,,
874,2024-02-29 06:40:00,40,,
875,2024-02-29 06:40:00,40,,
876,2024-02-29 06:40:00,40,,
877,2024-02-29 06:40:00,40,,
878,2024-02-29 06:40:00,40,,
879,2024-02-29 06:40:00,40,,
880,2024-02-29 06:40:00,40,,
881,2024-02-29 06:40:00,40,,
882,2024-02-29 06:40:00,40,,
883,2024-02-29 06:40:00,40,,
884,2024-02-29 06:40:00,40,,
885,2024-02-29 06:40:00,40,,
886,2024-02-29 06:40:00,40,,
887,2024-02-29 06:40:00,40,,
888,2024-02-29 06:40:00,40,,
889,2024-02-29 06:40:00,40,,
890,2024-02-29 06:40:00,40,,
891,2024-02-29 06:40:00,40,,
892,2024-02-29 06:40:00,40,,
893,2024-02-29 06:40:00,40,,
894,2024-02-29 06:40:00,40,,
895,2024-02-29 06:40:00,40,,
896,2024-02-29 06:40:00,40,,
897,2024-02-29 06:40:00,40,,
898,2024-02-29 06:40:00,40,,
899,2024-02-29 06:40:00,40,,
900,2024-02-29 06:40:00,40,,
901,2024-02-29 06:40:00,40,,
902,2024-02-29 06:40:00,40,,
903,2024-02-29 06:40:00,40,,
904,2024-02-29 06:40:00,40,,
905,2024-02-29 06:40:00,40,,
906,2024-02-29 06:40:00,40,,
907,2024-02-29 06:40:00,40,,
908,2024-02-29 06:40:00,40,,
909,2024-02-29 06:40:00,40,,
910,2024-02-29 06:40:00,40,,
911,2024-02-29 06:40:00,40,,
912,2024-02-29 06:40:00,40,,
913,2024-02-29 06:40:00,40,,
914,2024-02-29 06:40:00,40,,
915,2024-02-29 06:40:00,40,,
916,2024-02-29 06:40:00,40,,
917,2024-02-29 06:40:00,40,,
918,2024-02-29 06:40:00,40,,
919,2024-02-29 06:40:00,40,,
920,2024-02-29 06:40:00,40,,
921,2024-02-29 06:40:00,40,,
922,2024-02-29 06:40:00,40,,
923,2024-02-29 06:40:00,40,,
924,2024-02-29 06:40:00,40,,
925,2024-02-29 06:40:00,40,,
926,2024-02-29 06:40:00,40,,
927,2024-02-29 06:40:00,40,,
928,2024-02-29 06:40:00,40,,
929,2024-02-29 06:40:00,40,,
930,2024-02-29 06:40:00,40,,
931,2024-02-29 06:40:00,40,,
932,2024-02-29 06:40:00,40,,
933,2024-02-29 06:40:00,40,,
934,2024-02-29 06:40:00,40,,
935,2024-02-29 06:40:00,40,,
936,2024-02-29 06:40:00,40,,
937,2024-02-29 06:40:00,40,,
938,2024-02-29 06:40:00,40,,
939,2024-02-29 06:40:00,40,,
940,2024-02-29 06:40:00,40,,
941,2024-02-29 06:40:00,40,,
942,2024-02-29 06:40:00,40,,
943,2024-02-29 06:40:00,40,,
944,2024-02-29 06:40:00,40,,
945,2024-02-29 06:40:00,40,,
946,2024-02-29 06:40:00,40,,
947,2024-02-29 06:40:00,40,,
948,2024-02-29 06:40:00,40,,
949,2024-02-29 06:40:00,40,,
950,2024-02-29 06:40:00,40,,
951,2024-02-29 06:40:00,40,,
952,2024-02-29 06:40:00,40,,
953,2024-02-29 06:40:00,40,,
954,2024-02-29 06:40:00,40,,
955,2024-02-29 06:40:00,40,,
956,2024-02-29 06:40:00,40,,
957,2024-02-29 06:40:00,40,,
958,2024-02-29 06:40:00,40,,
959,2024-02-29 06:40:00,40,,
960,2024-02-29 06:40:00,40,,
961,2024-02-29 06:40:00,40,,
962,2024-02-29 06:40:00,40,,
963,2024-02-29 06:40:00,40,,
964,2024-02-29 06:40:00,40,,
965,2024-02-29 06:40:00,40,,
966,2024-02-29 06:40:00,40,,
967,2024-02-29 06:40:00,40,,
968,2024-02-29 06:40:00,40,,
969,2024-02-29 06:40:00,40,,
970,2024-02-29 06:40:00,40,,
971,2024-02-29 06:40:00,40,,
972,2024-02-29 06:40:00,40,,
973,2024-02-29 06:40:00,40,,
974,2024-02-29 06:40:00,40,,
975,2024-02-29 06:40:00,40,,
976,2024-02-29 06:40:00,40,,
977,2024-02-29 06:40:00,40,,
978,2024-02-29 06:40:00,40,,
979,2024-02-29 06:40:00,40,,
980,2024-02-29 06:40:00,40,,
981,2024-02-29 06:40:00,40,,
982,2024-02-29 06:40:00,40,,
983,2024-02-29 06:40:00,40,,
984,2024-02-29 06:40:00,40,,
985,2024-02-29 06:40:00,40,,
986,2024-02-29 06:40:00,40,,
987,2024-02-29 06:40:00,40,,
988,2024-02-29 06:40:00,40,,
989,2024-02-29 06:40:00,40,,
990,2024-02-29 06:40:00,40,,
991,2024-02-29 06:40:00,40,,
992,2024-02-29 06:40:00,40,,
993,2024-02-29 06:40:00,40,,
994,2024-02-29 06:40:00,40,,
995,2024-02-29 06:40:00,40,,
996,2024-02-29 06:40:00,40,,
997,2024-02-29 06:40:00,40,,
998,2024-02-29 06:40:00,40,,
999,2024-02-29 06:40:00,40,,
1000,2024-02-29 06:40:00,40,,
1001,2024-02-29 06:40:00,40,,
1002,2024-02-29 06:40:00,40,,
1003,2024-02-29 06:40:00,40,,
1004,2024-02-29 06:40:00,40,,
1005,2024-02-29 06:40:00,40,,
1006,2024-02-29 06:40:00,40,,
792,2024-02-29 06:50:00,41,,
793,2024-02-29 06:50:00,41,,
794,2024-02-29 06:50:00,41,,
795,2024-02-29 06:50:00,41,,
796,2024-02-29 06:50:00,41,,
797,2024-02-29 06:50:00,41,,
798,2024-02-29 06:50:00,41,,
799,2024-02-29 06:50:00,41,,
800,2024-02-29 06:50:00,41,,
801,2024-02-29 06:50:00,41,,
802,2024-02-29 06:50:00,41,,
803,2024-02-29 06:50:00,41,,
804,2024-02-29 06:50:00,41,,
805,2024-02-29 06:50:00,41,,
806,2024-02-29 06:50:00,41,,
807,2024-02-29 06:50:00,41,,
808,2024-02-29 06:50:00,41,,
809,2024-02-29 06:50:00,41,,
810,2024-02-29 06:50:00,41,,
811,2024-02-29 06:50:00,41,,
812,2024-02-29 06:50:00,41,,
813,2024-02-29 06:50:00,41,,
814,2024-02-29 06:50:00,41,,
815,2024-02-29 06:50:00,41,,
816,2024-02-29 06:50:00,41,,
817,2024-02-29 06:50:00,41,,
818,2024-02-29 06:50:00,41,,
819,2024-02-29 06:50:00,41,,
820,2024-02-29 06:50:00,41,,
821,2024-02-29 06:50:00,41,,
822,2024-02-29 06:50:00,41,,
823,2024-02-29 06:50:00,41,,
824,2024-02-29 06:50:00,41,,
825,2024-02-29 06:50:00,41,,
826,2024-02-29 06:50:00,41,,
827,2024-02-29 06:50:00,41,,
828,2024-02-29 06:50:00,41,,
829,2024-02-29 06:50:00,41,,
830,2024-02-29 06:50:00,41,,
831,2024-02-29 06:50:00,41,,
832,2024-02-29 06:50:00,41,,
833,2024-02-29 06:50:00,41,,
834,2024-02-29 06:50:00,41,,
835,2024-02-29 06:50:00,41,,
836,2024-02-29 06:50:00,41,,
837,2024-02-29 06:50:00,41,,
838,2024-02-29 06:50:00,41,,
839,2024-02-29 06:50:00,41,,
840,2024-02-29 06:50:00,41,,
841,2024-02-29 06:50:00,41,,
842,2024-02-29 06:50:00,41,,
843,2024-02-29 06:50:00,41,,
844,2024-02-29 06:50:00,41,,
845,2024-02-29 06:50:00,41,,
846,2024-02-29 06:50:00,41,,
847,2024-02-29 06:50:00,41,,
848,2024-02-29 06:50:00,41,,
849,2024-02-29 06:50:00,41,,
850,2024-02-29 06:50:00,41,,
851,2024-02-29 06:50:00,41,,
852,2024-02-29 06:50:00,41,,
853,2024-02-29 06:50:00,41,,
854,2024-02-29 06:50:00,41,,
855,2024-02-29 06:50:00,41,,
856,2024-02-29 06:50:00,41,,
857,2024-02-29 06:50:00,41,,
858,2024-02-29 06:50:00,41,,
859,2024-02-29 06:50:00,41,,
860,2024-02-29 06:50:00,41,,
861,2024-02-29 06:50:00,41,,
862,2024-02-29 06:50:00,41,,
863,2024-02-29 06:50:00,41,,
864,2024-02-29 06:50:00,41,,
865,2024-02-29 06:50:00,41,,
866,2024-02-29 06:50:00,41,,
867,2024-02-29 06:50:00,41,,
868,2024-02-29 06:50:00,41,,
869,2024-02-29 06:50:00,41,,
870,2024-02-29 06:50:00,41,,
871,2024-02-29 06:50:00,41,,
872,2024-02-29 06:50:00,41,,
873,2024-02-29 06:50:00,41,,
874,2024-02-29 06:50:00,41,,
875,2024-02-29 06:50:00,41,,
876,2024-02-29 06:50:00,41,,
877,2024-02-29 06:50:00,41,,
878,2024-02-29 06:50:00,41,,
879,2024-02-29 06:50:00,41,,
880,2024-02-29 06:50:00,41,,
881,2024-02-29 06:50:00,41,,
882,2024-02-29 06:50:00,41,,
883,2024-02-29 06:50:00,41,,
884,2024-02-29 06:50:00,41,,
885,2024-02-29 06:50:00,41,,
886,2024-02-29 06:50:00,41,,
887,2024-02-29 06:50:00,41,,
888,2024-02-29 06:50:00,41,,
889,2024-02-29 06:50:00,41,,
890,2024-02-29 06:50:00,41,,
891,2024-02-29 06:50:00,41,,
892,2024-02-29 06:50:00,41,,
893,2024-02-29 06:50:00,41,,
894,2024-02-29 06:50:00,41,,
895,2024-02-29 06:50:00,41,,
896,2024-02-29 06:50:00,41,,
897,2024-02-29 06:50:00,41,,
898,2024-02-29 06:50:00,41,,
899,2024-02-29 06:50:00,41,,
900,2024-02-29 06:50:00,41,,
901,2024-02-29 06:50:00,41,,
902,2024-02-29 06:50:00,41,,
903,2024-02-29 06:50:00,41,,
904,2024-02-29 06:50:00,41,,
905,2024-02-29 06:50:00,41,,
906,2024-02-29 06:50:00,41,,
907,2024-02-29 06:50:00,41,,
908,2024-02-29 06:50:00,41,,
909,2024-02-29 06:50:00,41,,
910,2024-02-29 06:50:00,41,,
911,2024-02-29 06:50:00,41,,
912,2024-02-29 06:50:00,41,,
913,2024-02-29 06:50:00,41,,
914,2024-02-29 06:50:00,41,,
915,2024-02-29 06:50:00,41,,
916,2024-02-29 06:50:00,41,,
917,2024-02-29 06:50:00,41,,
918,2024-02-29 06:50:00,41,,
919,2024-02-29 06:50:00,41,,
920,2024-02-29 06:50:00,41,,
921,2024-02-29 06:50:00,41,,
922,2024-02-29 06:50:00,41,,
923,2024-02-29 06:50:00,41,,
924,2024-02-29 06:50:00,41,,
925,2024-02-29 06:50:00,41,,
926,2024-02-29 06:50:00,41,,
927,2024-02-29 06:50:00,41,,
928,2024-02-29 06:50:00,41,,
929,2024-02-29 06:50:00,41,,
930,2024-02-29 06:50:00,41,,
931,2024-02-29 06:50:00,41,,
932,2024-02-29 06:50:00,41,,
933,2024-02-29 06:50:00,41,,
934,2024-02-29 06:50:00,41,,
935,2024-02-29 06:50:00,41,,
936,2024-02-29 06:50:00,41,,
937,2024-02-29 06:50:00,41,,
938,2024-02-29 06:50:00,41,,
939,2024-02-29 06:50:00,41,,
940,2024-02-29 06:50:00,41,,
941,2024-02-29 06:50:00,41,,
942,2024-02-29 06:50:00,41,,
943,2024-02-29 06:50:00,41,,
944,2024-02-29 06:50:00,41,,
945,2024-02-29 06:50:00,41,,
946,2024-02-29 06:50:00,41,,
947,2024-02-29 06:50:00,41,,
948,2024-02-29 06:50:00,41,,
949,2024-02-29 06:50:00,41,,
950,2024-02-29 06:50:00,41,,
951,2024-02-29 06:50:00,41,,
952,2024-02-29 06:50:00,41,,
953,2024-02-29 06:50:00,41,,
954,2024-02-29 06:50:00,41,,
955,2024-02-29 06:50:00,41,,
956,2024-02-29 06:50:00,41,,
957,2024-02-29 06:50:00,41,,
958,2024-02-29 06:50:00,41,,
959,2024-02-29 06:50:00,41,,
960,2024-02-29 06:50:00,41,,
961,2024-02-29 06:50:00,41,,
962,2024-02-29 06:50:00,41,,
963,2024-02-29 06:50:00,41,,
964,2024-02-29 06:50:00,41,,
965,2024-02-29 06:50:00,41,,
966,2024-02-29 06:50:00,41,,
967,2024-02-29 06:50:00,41,,
968,2024-02-29 06:50:00,41,,
969,2024-02-29 06:50:00,41,,
970,2024-02-29 06:50:00,41,,
971,2024-02-29 06:50:00,41,,
972,2024-02-29 06:50:00,41,,
973,2024-02-29 06:50:00,41,,
974,2024-02-29 06:50:00,41,,
975,2024-02-29 06:50:00,41,,
976,2024-02-29 06:50:00,41,,
977,2024-02-29 06:50:00,41,,
978,2024-02-29 06:50:00,41,,
979,2024-02-29 06:50:00,41,,
980,2024-02-29 06:50:00,41,,
981,2024-02-29 06:50:00,41,,
982,2024-02-29 06:50:00,41,,
983,2024-02-29 06:50:00,41,,
984,2024-02-29 06:50:00,41,,
985,2024-02-29 06:50:00,41,,
986,2024-02-29 06:50:00,41,,
987,2024-02-29 06:50:00,41,,
988,2024-02-29 06:50:00,41,,
989,2024-02-29 06:50:00,41,,
990,2024-02-29 06:50:00,41,,
991,2024-02-29 06:50:00,41,,
992,2024-02-29 06:50:00,41,,
993,2024-02-29 06:50:00,41,,
994,2024-02-29 06:50:00,41,,
995,2024-02-29 06:50:00,41,,
996,2024-02-29 06:50:00,41,,
997,2024-02-29 06:50:00,41,,
998,2024-02-29 06:50:00,41,,
999,2024-02-29 06:50:00,41,,
1000,2024-02-29 06:50:00,41,,
1001,2024-02-29 06:50:00,41,,
1002,2024-02-29 06:50:00,41,,
1003,2024-02-29 06:50:00,41,,
1004,2024-02-29 06:50:00,41,,
1005,2024-02-29 06:50:00,41,,
1006,2024-02-29 06:50:00,41,,
792,2024-02-29 07:00:00,42,,
793,2024-02-29 07:00:00,42,,
794,2024-02-29 07:00:00,42,,
795,2024-02-29 07:00:00,42,,
796,2024-02-29 07:00:00,42,,
797,2024-02-29 07:00:00,42,,
798,2024-02-29 07:00:00,42,,
799,2024-02-29 07:00:00,42,,
800,2024-02-29 07:00:00,42,,
801,2024-02-29 07:00:00,42,,
802,2024-02-29 07:00:00,42,,
803,2024-02-29 07:00:00,42,,
804,2024-02-29 07:00:00,42,,
805,2024-02-29 07:00:00,42,,
806,2024-02-29 07:00:00,42,,
807,2024-02-29 07:00:00,42,,
808,2024-02-29 07:00:00,42,,
809,2024-02-29 07:00:00,42,,
810,2024-02-29 07:00:00,42,,
811,2024-02-29 07:00:00,42,,
812,2024-02-29 07:00:00,42,,
813,2024-02-29 07:00:00,42,,
814,2024-02-29 07:00:00,42,,
815,2024-02-29 07:00:00,42,,
816,2024-02-29 07:00:00,42,,
817,2024-02-29 07:00:00,42,,
818,2024-02-29 07:00:00,42,,
819,2024-02-29 07:00:00,42,,
820,2024-02-29 07:00:00,42,,
821,2024-02-29 07:00:00,42,,
822,2024-02-29 07:00:00,42,,
823,2024-02-29 07:00:00,42,,
824,2024-02-29 07:00:00,42,,
825,2024-02-29 07:00:00,42,,
826,2024-02-29 07:00:00,42,,
827,2024-02-29 07:00:00,42,,
828,2024-02-29 07:00:00,42,,
829,2024-02-29 07:00:00,42,,
830,2024-02-29 07:00:00,42,,
831,2024-02-29 07:00:00,42,,
832,2024-02-29 07:00:00,42,,
833,2024-02-29 07:00:00,42,,
834,2024-02-29 07:00:00,42,,
835,2024-02-29 07:00:00,42,,
836,2024-02-29 07:00:00,42,,
837,2024-02-29 07:00:00,42,,
838,2024-02-29 07:00:00,42,,
839,2024-02-29 07:00:00,42,,
840,2024-02-29 07:00:00,42,,
841,2024-02-29 07:00:00,42,,
842,2024-02-29 07:00:00,42,,
843,2024-02-29 07:00:00,42,,
844,2024-02-29 07:00:00,42,,
845,2024-02-29 07:00:00,42,,
846,2024-02-29 07:00:00,42,,
847,2024-02-29 07:00:00,42,,
848,2024-02-29 07:00:00,42,,
849,2024-02-29 07:00:00,42,,
850,2024-02-29 07:00:00,42,,
851,2024-02-29 07:00:00,42,,
852,2024-02-29 07:00:00,42,,
853,2024-02-29 07:00:00,42,,
854,2024-02-29 07:00:00,42,,
855,2024-02-29 07:00:00,42,,
856,2024-02-29 07:00:00,42,,
857,2024-02-29 07:00:00,42,,
858,2024-02-29 07:00:00,42,,
859,2024-02-29 07:00:00,42,,
860,2024-02-29 07:00:00,42,,
861,2024-02-29 07:00:00,42,,
862,2024-02-29 07:00:00,42,,
863,2024-02-29 07:00:00,42,,
864,2024-02-29 07:00:00,42,,
865,2024-02-29 07:00:00,42,,
866,2024-02-29 07:00:00,42,,
867,2024-02-29 07:00:00,42,,
868,2024-02-29 07:00:00,42,,
869,2024-02-29 07:00:00,42,,
870,2024-02-29 07:00:00,42,,
871,2024-02-29 07:00:00,42,,
872,2024-02-29 07:00:00,42,,
873,2024-02-29 07:00:00,42,,
874,2024-02-29 07:00:00,42,,
875,2024-02-29 07:00:00,42,,
876,2024-02-29 07:00:00,42,,
877,2024-02-29 07:00:00,42,,
878,2024-02-29 07:00:00,42,,
879,2024-02-29 07:00:00,42,,
880,2024-02-29 07:00:00,42,,
881,2024-02-29 07:00:00,42,,
882,2024-02-29 07:00:00,42,,
883,2024-02-29 07:00:00,42,,
884,2024-02-29 07:00:00,42,,
885,2024-02-29 07:00:00,42,,
886,2024-02-29 07:00:00,42,,
887,2024-02-29 07:00:00,42,,
888,2024-02-29 07:00:00,42,,
889,2024-02-29 07:00:00,42,,
890,2024-02-29 07:00:00,42,,
891,2024-02-29 07:00:00,42,,
892,2024-02-29 07:00:00,42,,
893,2024-02-29 07:00:00,42,,
894,2024-02-29 07:00:00,42,,
895,2024-02-29 07:00:00,42,,
896,2024-02-29 07:00:00,42,,
897,2024-02-29 07:00:00,42,,
898,2024-02-29 07:00:00,42,,
899,2024-02-29 07:00:00,42,,
900,2024-02-29 07:00:00,42,,
901,2024-02-29 07:00:00,42,,
902,2024-02-29 07:00:00,42,,
903,2024-02-29 07:00:00,42,,
904,2024-02-29 07:00:00,42,,
905,2024-02-29 07:00:00,42,,
906,2024-02-29 07:00:00,42,,
907,2024-02-29 07:00:00,42,,
908,2024-02-29 07:00:00,42,,
909,2024-02-29 07:00:00,42,,
910,2024-02-29 07:00:00,42,,
911,2024-02-29 07:00:00,42,,
912,2024-02-29 07:00:00,42,,
913,2024-02-29 07:00:00,42,,
914,2024-02-29 07:00:00,42,,
915,2024-02-29 07:00:00,42,,
916,2024-02-29 07:00:00,42,,
917,2024-02-29 07:00:00,42,,
918,2024-02-29 07:00:00,42,,
919,2024-02-29 07:00:00,42,,
920,2024-02-29 07:00:00,42,,
921,2024-02-29 07:00:00,42,,
922,2024-02-29 07:00:00,42,,
923,2024-02-29 07:00:00,42,,
924,2024-02-29 07:00:00,42,,
925,2024-02-29 07:00:00,42,,
926,2024-02-29 07:00:00,42,,
927,2024-02-29 07:00:00,42,,
928,2024-02-29 07:00:00,42,,
929,2024-02-29 07:00:00,42,,
930,2024-02-29 07:00:00,42,,
931,2024-02-29 07:00:00,42,,
932,2024-02-29 07:00:00,42,,
933,2024-02-29 07:00:00,42,,
934,2024-02-29 07:00:00,42,,
935,2024-02-29 07:00:00,42,,
936,2024-02-29 07:00:00,42,,
937,2024-02-29 07:00:00,42,,
938,2024-02-29 07:00:00,42,,
939,2024-02-29 07:00:00,42,,
940,2024-02-29 07:00:00,42,,
941,2024-02-29 07:00:00,42,,
942,2024-02-29 07:00:00,42,,
943,2024-02-29 07:00:00,42,,
944,2024-02-29 07:00:00,42,,
945,2024-02-29 07:00:00,42,,
946,2024-02-29 07:00:00,42,,
947,2024-02-29 07:00:00,42,,
948,2024-02-29 07:00:00,42,,
949,2024-02-29 07:00:00,42,,
950,2024-02-29 07:00:00,42,,
951,2024-02-29 07:00:00,42,,
952,2024-02-29 07:00:00,42,,
953,2024-02-29 07:00:00,42,,
954,2024-02-29 07:00:00,42,,
955,2024-02-29 07:00:00,42,,
956,2024-02-29 07:00:00,42,,
957,2024-02-29 07:00:00,42,,
958,2024-02-29 07:00:00,42,,
959,2024-02-29 07:00:00,42,,
960,2024-02-29 07:00:00,42,,
961,2024-02-29 07:00:00,42,,
962,2024-02-29 07:00:00,42,,
963,2024-02-29 07:00:00,42,,
964,2024-02-29 07:00:00,42,,
965,2024-02-29 07:00:00,42,,
966,2024-02-29 07:00:00,42,,
967,2024-02-29 07:00:00,42,,
968,2024-02-29 07:00:00,42,,
969,2024-02-29 07:00:00,42,,
970,2024-02-29 07:00:00,42,,
971,2024-02-29 07:00:00,42,,
972,2024-02-29 07:00:00,42,,
973,2024-02-29 07:00:00,42,,
974,2024-02-29 07:00:00,42,,
975,2024-02-29 07:00:00,42,,
976,2024-02-29 07:00:00,42,,
977,2024-02-29 07:00:00,42,,
978,2024-02-29 07:00:00,42,,
979,2024-02-29 07:00:00,42,,
980,2024-02-29 07:00:00,42,,
981,2024-02-29 07:00:00,42,,
982,2024-02-29 07:00:00,42,,
983,2024-02-29 07:00:00,42,,
984,2024-02-29 07:00:00,42,,
985,2024-02-29 07:00:00,42,,
986,2024-02-29 07:00:00,42,,
987,2024-02-29 07:00:00,42,,
988,2024-02-29 07:00:00,42,,
989,2024-02-29 07:00:00,42,,
990,2024-02-29 07:00:00,42,,
991,2024-02-29 07:00:00,42,,
992,2024-02-29 07:00:00,42,,
993,2024-02-29 07:00:00,42,,
994,2024-02-29 07:00:00,42,,
995,2024-02-29 07:00:00,42,,
996,2024-02-29 07:00:00,42,,
997,2024-02-29 07:00:00,42,,
998,2024-02-29 07:00:00,42,,
999,2024-02-29 07:00:00,42,,
1000,2024-02-29 07:00:00,42,,
1001,2024-02-29 07:00:00,42,,
1002,2024-02-29 07:00:00,42,,
1003,2024-02-29 07:00:00,42,,
1004,2024-02-29 07:00:00,42,,
1005,2024-02-29 07:00:00,42,,
1006,2024-02-29 07:00:00,42,,
792,2024-02-29 07:10:00,43,,
793,2024-02-29 07:10:00,43,,
794,2024-02-29 07:10:00,43,,
795,2024-02-29 07:10:00,43,,
796,2024-02-29 07:10:00,43,,
797,2024-02-29 07:10:00,43,,
798,2024-02-29 07:10:00,43,,
799,2024-02-29 07:10:00,43,,
800,2024-02-29 07:10:00,43,,
801,2024-02-29 07:10:00,43,,
802,2024-02-29 07:10:00,43,,
803,2024-02-29 07:10:00,43,,
804,2024-02-29 07:10:00,43,,
805,2024-02-29 07:10:00,43,,
806,2024-02-29 07:10:00,43,,
807,2024-02-29 07:10:00,43,,
808,2024-02-29 07:10:00,43,,
809,2024-02-29 07:10:00,43,,
810,2024-02-29 07:10:00,43,,
811,2024-02-29 07:10:00,43,,
812,2024-02-29 07:10:00,43,,
813,2024-02-29 07:10:00,43,,
814,2024-02-29 07:10:00,43,,
815,2024-02-29 07:10:00,43,,
816,2024-02-29 07:10:00,43,,
817,2024-02-29 07:10:00,43,,
818,2024-02-29 07:10:00,43,,
819,2024-02-29 07:10:00,43,,
820,2024-02-29 07:10:00,43,,
821,2024-02-29 07:10:00,43,,
822,2024-02-29 07:10:00,43,,
823,2024-02-29 07:10:00,43,,
824,2024-02-29 07:10:00,43,,
825,2024-02-29 07:10:00,43,,
826,2024-02-29 07:10:00,43,,
827,2024-02-29 07:10:00,43,,
828,2024-02-29 07:10:00,43,,
829,2024-02-29 07:10:00,43,,
830,2024-02-29 07:10:00,43,,
831,2024-02-29 07:10:00,43,,
832,2024-02-29 07:10:00,43,,
833,2024-02-29 07:10:00,43,,
834,2024-02-29 07:10:00,43,,
835,2024-02-29 07:10:00,43,,
836,2024-02-29 07:10:00,43,,
837,2024-02-29 07:10:00,43,,
838,2024-02-29 07:10:00,43,,
839,2024-02-29 07:10:00,43,,
840,2024-02-29 07:10:00,43,,
841,2024-02-29 07:10:00,43,,
842,2024-02-29 07:10:00,43,,
843,2024-02-29 07:10:00,43,,
844,2024-02-29 07:10:00,43,,
845,2024-02-29 07:10:00,43,,
846,2024-02-29 07:10:00,43,,
847,2024-02-29 07:10:00,43,,
848,2024-02-29 07:10:00,43,,
849,2024-02-29 07:10:00,43,,
850,2024-02-29 07:10:00,43,,
851,2024-02-29 07:10:00,43,,
852,2024-02-29 07:10:00,43,,
853,2024-02-29 07:10:00,43,,
854,2024-02-29 07:10:00,43,,
855,2024-02-29 07:10:00,43,,
856,2024-02-29 07:10:00,43,,
857,2024-02-29 07:10:00,43,,
858,2024-02-29 07:10:00,43,,
859,2024-02-29 07:10:00,43,,
860,2024-02-29 07:10:00,43,,
861,2024-02-29 07:10:00,43,,
862,2024-02-29 07:10:00,43,,
863,2024-02-29 07:10:00,43,,
864,2024-02-29 07:10:00,43,,
865,2024-02-29 07:10:00,43,,
866,2024-02-29 07:10:00,43,,
867,2024-02-29 07:10:00,43,,
868,2024-02-29 07:10:00,43,,
869,2024-02-29 07:10:00,43,,
870,2024-02-29 07:10:00,43,,
871,2024-02-29 07:10:00,43,,
872,2024-02-29 07:10:00,43,,
873,2024-02-29 07:10:00,43,,
874,2024-02-29 07:10:00,43,,
875,2024-02-29 07:10:00,43,,
876,2024-02-29 07:10:00,43,,
877,2024-02-29 07:10:00,43,,
878,2024-02-29 07:10:00,43,,
879,2024-02-29 07:10:00,43,,
880,2024-02-29 07:10:00,43,,
881,2024-02-29 07:10:00,43,,
882,2024-02-29 07:10:00,43,,
883,2024-02-29 07:10:00,43,,
884,2024-02-29 07:10:00,43,,
885,2024-02-29 07:10:00,43,,
886,2024-02-29 07:10:00,43,,
887,2024-02-29 07:10:00,43,,
888,2024-02-29 07:10:00,43,,
889,2024-02-29 07:10:00,43,,
890,2024-02-29 07:10:00,43,,
891,2024-02-29 07:10:00,43,,
892,2024-02-29 07:10:00,43,,
893,2024-02-29 07:10:00,43,,
894,2024-02-29 07:10:00,43,,
895,2024-02-29 07:10:00,43,,
896,2024-02-29 07:10:00,43,,
897,2024-02-29 07:10:00,43,,
898,2024-02-29 07:10:00,43,,
899,2024-02-29 07:10:00,43,,
900,2024-02-29 07:10:00,43,,
901,2024-02-29 07:10:00,43,,
902,2024-02-29 07:10:00,43,,
903,2024-02-29 07:10:00,43,,
904,2024-02-29 07:10:00,43,,
905,2024-02-29 07:10:00,43,,
906,2024-02-29 07:10:00,43,,
907,2024-02-29 07:10:00,43,,
908,2024-02-29 07:10:00,43,,
909,2024-02-29 07:10:00,43,,
910,2024-02-29 07:10:00,43,,
911,2024-02-29 07:10:00,43,,
912,2024-02-29 07:10:00,43,,
913,2024-02-29 07:10:00,43,,
914,2024-02-29 07:10:00,43,,
915,2024-02-29 07:10:00,43,,
916,2024-02-29 07:10:00,43,,
917,2024-02-29 07:10:00,43,,
918,2024-02-29 07:10:00,43,,
919,2024-02-29 07:10:00,43,,
920,2024-02-29 07:10:00,43,,
921,2024-02-29 07:10:00,43,,
922,2024-02-29 07:10:00,43,,
923,2024-02-29 07:10:00,43,,
924,2024-02-29 07:10:00,43,,
925,2024-02-29 07:10:00,43,,
926,2024-02-29 07:10:00,43,,
927,2024-02-29 07:10:00,43,,
928,2024-02-29 07:10:00,43,,
929,2024-02-29 07:10:00,43,,
930,2024-02-29 07:10:00,43,,
931,2024-02-29 07:10:00,43,,
932,2024-02-29 07:10:00,43,,
933,2024-02-29 07:10:00,43,,
934,2024-02-29 07:10:00,43,,
935,2024-02-29 07:10:00,43,,
936,2024-02-29 07:10:00,43,,
937,2024-02-29 07:10:00,43,,
938,2024-02-29 07:10:00,43,,
939,2024-02-29 07:10:00,43,,
940,2024-02-29 07:10:00,43,,
941,2024-02-29 07:10:00,43,,
942,2024-02-29 07:10:00,43,,
943,2024-02-29 07:10:00,43,,
944,2024-02-29 07:10:00,43,,
945,2024-02-29 07:10:00,43,,
946,2024-02-29 07:10:00,43,,
947,2024-02-29 07:10:00,43,,
948,2024-02-29 07:10:00,43,,
949,2024-02-29 07:10:00,43,,
950,2024-02-29 07:10:00,43,,
951,2024-02-29 07:10:00,43,,
952,2024-02-29 07:10:00,43,,
953,2024-02-29 07:10:00,43,,
954,2024-02-29 07:10:00,43,,
955,2024-02-29 07:10:00,43,,
956,2024-02-29 07:10:00,43,,
957,2024-02-29 07:10:00,43,,
958,2024-02-29 07:10:00,43,,
959,2024-02-29 07:10:00,43,,
960,2024-02-29 07:10:00,43,,
961,2024-02-29 07:10:00,43,,
962,2024-02-29 07:10:00,43,,
963,2024-02-29 07:10:00,43,,
964,2024-02-29 07:10:00,43,,
965,2024-02-29 07:10:00,43,,
966,2024-02-29 07:10:00,43,,
967,2024-02-29 07:10:00,43,,
968,2024-02-29 07:10:00,43,,
969,2024-02-29 07:10:00,43,,
970,2024-02-29 07:10:00,43,,
971,2024-02-29 07:10:00,43,,
972,2024-02-29 07:10:00,43,,
973,2024-02-29 07:10:00,43,,
974,2024-02-29 07:10:00,43,,
975,2024-02-29 07:10:00,43,,
976,2024-02-29 07:10:00,43,,
977,2024-02-29 07:10:00,43,,
978,2024-02-29 07:10:00,43,,
979,2024-02-29 07:10:00,43,,
980,2024-02-29 07:10:00,43,,
981,2024-02-29 07:10:00,43,,
982,2024-02-29 07:10:00,43,,
983,2024-02-29 07:10:00,43,,
984,2024-02-29 07:10:00,43,,
985,2024-02-29 07:10:00,43,,
986,2024-02-29 07:10:00,43,,
987,2024-02-29 07:10:00,43,,
988,2024-02-29 07:10:00,43,,
989,2024-02-29 07:10:00,43,,
990,2024-02-29 07:10:00,43,,
991,2024-02-29 07:10:00,43,,
992,2024-02-29 07:10:00,43,,
993,2024-02-29 07:10:00,43,,
994,2024-02-29 07:10:00,43,,
995,2024-02-29 07:10:00,43,,
996,2024-02-29 07:10:00,43,,
997,2024-02-29 07:10:00,43,,
998,2024-02-29 07:10:00,43,,
999,2024-02-29 07:10:00,43,,
1000,2024-02-29 07:10:00,43,,
1001,2024-02-29 07:10:00,43,,
1002,2024-02-29 07:10:00,43,,
1003,2024-02-29 07:10:00,43,,
1004,2024-02-29 07:10:00,43,,
1005,2024-02-29 07:10:00,43,,
1006,2024-02-29 07:10:00,43,,
792,2024-02-29 07:20:00,44,,
793,2024-02-29 07:20:00,44,,
794,2024-02-29 07:20:00,44,,
795,2024-02-29 07:20:00,44,,
796,2024-02-29 07:20:00,44,,
797,2024-02-29 07:20:00,44,,
798,2024-02-29 07:20:00,44,,
799,2024-02-29 07:20:00,44,,
800,2024-02-29 07:20:00,44,,
801,2024-02-29 07:20:00,44,,
802,2024-02-29 07:20:00,44,,
803,2024-02-29 07:20:00,44,,
804,2024-02-29 07:20:00,44,,
805,2024-02-29 07:20:00,44,,
806,2024-02-29 07:20:00,44,,
807,2024-02-29 07:20:00,44,,
808,2024-02-29 07:20:00,44,,
809,2024-02-29 07:20:00,44,,
810,2024-02-29 07:20:00,44,,
811,2024-02-29 07:20:00,44,,
812,2024-02-29 07:20:00,44,,
813,2024-02-29 07:20:00,44,,
814,2024-02-29 07:20:00,44,,
815,2024-02-29 07:20:00,44,,
816,2024-02-29 07:20:00,44,,
817,2024-02-29 07:20:00,44,,
818,2024-02-29 07:20:00,44,,
819,2024-02-29 07:20:00,44,,
820,2024-02-29 07:20:00,44,,
821,2024-02-29 07:20:00,44,,
822,2024-02-29 07:20:00,44,,
823,2024-02-29 07:20:00,44,,
824,2024-02-29 07:20:00,44,,
825,2024-02-29 07:20:00,44,,
826,2024-02-29 07:20:00,44,,
827,2024-02-29 07:20:00,44,,
828,2024-02-29 07:20:00,44,,
829,2024-02-29 07:20:00,44,,
830,2024-02-29 07:20:00,44,,
831,2024-02-29 07:20:00,44,,
832,2024-02-29 07:20:00,44,,
833,2024-02-29 07:20:00,44,,
834,2024-02-29 07:20:00,44,,
835,2024-02-29 07:20:00,44,,
836,2024-02-29 07:20:00,44,,
837,2024-02-29 07:20:00,44,,
838,2024-02-29 07:20:00,44,,
839,2024-02-29 07:20:00,44,,
840,2024-02-29 07:20:00,44,,
841,2024-02-29 07:20:00,44,,
842,2024-02-29 07:20:00,44,,
843,2024-02-29 07:20:00,44,,
844,2024-02-29 07:20:00,44,,
845,2024-02-29 07:20:00,44,,
846,2024-02-29 07:20:00,44,,
847,2024-02-29 07:20:00,44,,
848,2024-02-29 07:20:00,44,,
849,2024-02-29 07:20:00,44,,
850,2024-02-29 07:20:00,44,,
851,2024-02-29 07:20:00,44,,
852,2024-02-29 07:20:00,44,,
853,2024-02-29 07:20:00,44,,
854,2024-02-29 07:20:00,44,,
855,2024-02-29 07:20:00,44,,
856,2024-02-29 07:20:00,44,,
857,2024-02-29 07:20:00,44,,
858,2024-02-29 07:20:00,44,,
859,2024-02-29 07:20:00,44,,
860,2024-02-29 07:20:00,44,,
861,2024-02-29 07:20:00,44,,
862,2024-02-29 07:20:00,44,,
863,2024-02-29 07:20:00,44,,
864,2024-02-29 07:20:00,44,,
865,2024-02-29 07:20:00,44,,
866,2024-02-29 07:20:00,44,,
867,2024-02-29 07:20:00,44,,
868,2024-02-29 07:20:00,44,,
869,2024-02-29 07:20:00,44,,
870,2024-02-29 07:20:00,44,,
871,2024-02-29 07:20:00,44,,
872,2024-02-29 07:20:00,44,,
873,2024-02-29 07:20:00,44,,
874,2024-02-29 07:20:00,44,,
875,2024-02-29 07:20:00,44,,
876,2024-02-29 07:20:00,44,,
877,2024-02-29 07:20:00,44,,
878,2024-02-29 07:20:00,44,,
879,2024-02-29 07:20:00,44,,
880,2024-02-29 07:20:00,44,,
881,2024-02-29 07:20:00,44,,
882,2024-02-29 07:20:00,44,,
883,2024-02-29 07:20:00,44,,
884,2024-02-29 07:20:00,44,,
885,2024-02-29 07:20:00,44,,
886,2024-02-29 07:20:00,44,,
887,2024-02-29 07:20:00,44,,
888,2024-02-29 07:20:00,44,,
889,2024-02-29 07:20:00,44,,
890,2024-02-29 07:20:00,44,,
891,2024-02-29 07:20:00,44,,
892,2024-02-29 07:20:00,44,,
893,2024-02-29 07:20:00,44,,
894,2024-02-29 07:20:00,44,,
895,2024-02-29 07:20:00,44,,
896,2024-02-29 07:20:00,44,,
897,2024-02-29 07:20:00,44,,
898,2024-02-29 07:20:00,44,,
899,2024-02-29 07:20:00,44,,
900,2024-02-29 07:20:00,44,,
901,2024-02-29 07:20:00,44,,
902,2024-02-29 07:20:00,44,,
903,2024-02-29 07:20:00,44,,
904,2024-02-29 07:20:00,44,,
905,2024-02-29 07:20:00,44,,
906,2024-02-29 07:20:00,44,,
907,2024-02-29 07:20:00,44,,
908,2024-02-29 07:20:00,44,,
909,2024-02-29 07:20:00,44,,
910,2024-02-29 07:20:00,44,,
911,2024-02-29 07:20:00,44,,
912,2024-02-29 07:20:00,44,,
913,2024-02-29 07:20:00,44,,
914,2024-02-29 07:20:00,44,,
915,2024-02-29 07:20:00,44,,
916,2024-02-29 07:20:00,44,,
917,2024-02-29 07:20:00,44,,
918,2024-02-29 07:20:00,44,,
919,2024-02-29 07:20:00,44,,
920,2024-02-29 07:20:00,44,,
921,2024-02-29 07:20:00,44,,
922,2024-02-29 07:20:00,44,,
923,2024-02-29 07:20:00,44,,
924,2024-02-29 07:20:00,44,,
925,2024-02-29 07:20:00,44,,
926,2024-02-29 07:20:00,44,,
927,2024-02-29 07:20:00,44,,
928,2024-02-29 07:20:00,44,,
929,2024-02-29 07:20:00,44,,
930,2024-02-29 07:20:00,44,,
931,2024-02-29 07:20:00,44,,
932,2024-02-29 07:20:00,44,,
933,2024-02-29 07:20:00,44,,
934,2024-02-29 07:20:00,44,,
935,2024-02-29 07:20:00,44,,
936,2024-02-29 07:20:00,44,,
937,2024-02-29 07:20:00,44,,
938,2024-02-29 07:20:00,44,,
939,2024-02-29 07:20:00,44,,
940,2024-02-29 07:20:00,44,,
941,2024-02-29 07:20:00,44,,
942,2024-02-29 07:20:00,44,,
943,2024-02-29 07:20:00,44,,
944,2024-02-29 07:20:00,44,,
945,2024-02-29 07:20:00,44,,
946,2024-02-29 07:20:00,44,,
947,2024-02-29 07:20:00,44,,
948,2024-02-29 07:20:00,44,,
949,2024-02-29 07:20:00,44,,
950,2024-02-29 07:20:00,44,,
951,2024-02-29 07:20:00,44,,
952,2024-02-29 07:20:00,44,,
953,2024-02-29 07:20:00,44,,
954,2024-02-29 07:20:00,44,,
955,2024-02-29 07:20:00,44,,
956,2024-02-29 07:20:00,44,,
957,2024-02-29 07:20:00,44,,
958,2024-02-29 07:20:00,44,,
959,2024-02-29 07:20:00,44,,
960,2024-02-29 07:20:00,44,,
961,2024-02-29 07:20:00,44,,
962,2024-02-29 07:20:00,44,,
963,2024-02-29 07:20:00,44,,
964,2024-02-29 07:20:00,44,,
965,2024-02-29 07:20:00,44,,
966,2024-02-29 07:20:00,44,,
967,2024-02-29 07:20:00,44,,
968,2024-02-29 07:20:00,44,,
969,2024-02-29 07:20:00,44,,
970,2024-02-29 07:20:00,44,,
971,2024-02-29 07:20:00,44,,
972,2024-02-29 07:20:00,44,,
973,2024-02-29 07:20:00,44,,
974,2024-02-29 07:20:00,44,,
975,2024-02-29 07:20:00,44,,
976,2024-02-29 07:20:00,44,,
977,2024-02-29 07:20:00,44,,
978,2024-02-29 07:20:00,44,,
979,2024-02-29 07:20:00,44,,
980,2024-02-29 07:20:00,44,,
981,2024-02-29 07:20:00,44,,
982,2024-02-29 07:20:00,44,,
983,2024-02-29 07:20:00,44,,
984,2024-02-29 07:20:00,44,,
985,2024-02-29 07:20:00,44,,
986,2024-02-29 07:20:00,44,,
987,2024-02-29 07:20:00,44,,
988,2024-02-29 07:20:00,44,,
989,2024-02-29 07:20:00,44,,
990,2024-02-29 07:20:00,44,,
991,2024-02-29 07:20:00,44,,
992,2024-02-29 07:20:00,44,,
993,2024-02-29 07:20:00,44,,
994,2024-02-29 07:20:00,44,,
995,2024-02-29 07:20:00,44,,
996,2024-02-29 07:20:00,44,,
997,2024-02-29 07:20:00,44,,
998,2024-02-29 07:20:00,44,,
999,2024-02-29 07:20:00,44,,
1000,2024-02-29 07:20:00,44,,
1001,2024-02-29 07:20:00,44,,
1002,2024-02-29 07:20:00,44,,
1003,2024-02-29 07:20:00,44,,
1004,2024-02-29 07:20:00,44,,
1005,2024-02-29 07:20:00,44,,
1006,2024-02-29 07:20:00,44,,
792,2024-02-29 07:30:00,45,,
793,2024-02-29 07:30:00,45,,
794,2024-02-29 07:30:00,45,,
795,2024-02-29 07:30:00,45,,
796,2024-02-29 07:30:00,45,,
797,2024-02-29 07:30:00,45,,
798,2024-02-29 07:30:00,45,,
799,2024-02-29 07:30:00,45,,
800,2024-02-29 07:30:00,45,,
801,2024-02-29 07:30:00,45,,
802,2024-02-29 07:30:00,45,,
803,2024-02-29 07:30:00,45,,
804,2024-02-29 07:30:00,45,,
805,2024-02-29 07:30:00,45,,
806,2024-02-29 07:30:00,45,,
807,2024-02-29 07:30:00,45,,
808,2024-02-29 07:30:00,45,,
809,2024-02-29 07:30:00,45,,
810,2024-02-29 07:30:00,45,,
811,2024-02-29 07:30:00,45,,
812,2024-02-29 07:30:00,45,,
813,2024-02-29 07:30:00,45,,
814,2024-02-29 07:30:00,45,,
815,2024-02-29 07:30:00,45,,
816,2024-02-29 07:30:00,45,,
817,2024-02-29 07:30:00,45,,
818,2024-02-29 07:30:00,45,,
819,2024-02-29 07:30:00,45,,
820,2024-02-29 07:30:00,45,,
821,2024-02-29 07:30:00,45,,
822,2024-02-29 07:30:00,45,,
823,2024-02-29 07:30:00,45,,
824,2024-02-29 07:30:00,45,,
825,2024-02-29 07:30:00,45,,
826,2024-02-29 07:30:00,45,,
827,2024-02-29 07:30:00,45,,
828,2024-02-29 07:30:00,45,,
829,2024-02-29 07:30:00,45,,
830,2024-02-29 07:30:00,45,,
831,2024-02-29 07:30:00,45,,
832,2024-02-29 07:30:00,45,,
833,2024-02-29 07:30:00,45,,
834,2024-02-29 07:30:00,45,,
835,2024-02-29 07:30:00,45,,
836,2024-02-29 07:30:00,45,,
837,2024-02-29 07:30:00,45,,
838,2024-02-29 07:30:00,45,,
839,2024-02-29 07:30:00,45,,
840,2024-02-29 07:30:00,45,,
841,2024-02-29 07:30:00,45,,
842,2024-02-29 07:30:00,45,,
843,2024-02-29 07:30:00,45,,
844,2024-02-29 07:30:00,45,,
845,2024-02-29 07:30:00,45,,
846,2024-02-29 07:30:00,45,,
847,2024-02-29 07:30:00,45,,
848,2024-02-29 07:30:00,45,,
849,2024-02-29 07:30:00,45,,
850,2024-02-29 07:30:00,45,,
851,2024-02-29 07:30:00,45,,
852,2024-02-29 07:30:00,45,,
853,2024-02-29 07:30:00,45,,
854,2024-02-29 07:30:00,45,,
855,2024-02-29 07:30:00,45,,
856,2024-02-29 07:30:00,45,,
857,2024-02-29 07:30:00,45,,
858,2024-02-29 07:30:00,45,,
859,2024-02-29 07:30:00,45,,
860,2024-02-29 07:30:00,45,,
861,2024-02-29 07:30:00,45,,
862,2024-02-29 07:30:00,45,,
863,2024-02-29 07:30:00,45,,
864,2024-02-29 07:30:00,45,,
865,2024-02-29 07:30:00,45,,
866,2024-02-29 07:30:00,45,,
867,2024-02-29 07:30:00,45,,
868,2024-02-29 07:30:00,45,,
869,2024-02-29 07:30:00,45,,
870,2024-02-29 07:30:00,45,,
871,2024-02-29 07:30:00,45,,
872,2024-02-29 07:30:00,45,,
873,2024-02-29 07:30:00,45,,
874,2024-02-29 07:30:00,45,,
875,2024-02-29 07:30:00,45,,
876,2024-02-29 07:30:00,45,,
877,2024-02-29 07:30:00,45,,
878,2024-02-29 07:30:00,45,,
879,2024-02-29 07:30:00,45,,
880,2024-02-29 07:30:00,45,,
881,2024-02-29 07:30:00,45,,
882,2024-02-29 07:30:00,45,,
883,2024-02-29 07:30:00,45,,
884,2024-02-29 07:30:00,45,,
885,2024-02-29 07:30:00,45,,
886,2024-02-29 07:30:00,45,,
887,2024-02-29 07:30:00,45,,
888,2024-02-29 07:30:00,45,,
889,2024-02-29 07:30:00,45,,
890,2024-02-29 07:30:00,45,,
891,2024-02-29 07:30:00,45,,
892,2024-02-29 07:30:00,45,,
893,2024-02-29 07:30:00,45,,
894,2024-02-29 07:30:00,45,,
895,2024-02-29 07:30:00,45,,
896,2024-02-29 07:30:00,45,,
897,2024-02-29 07:30:00,45,,
898,2024-02-29 07:30:00,45,,
899,2024-02-29 07:30:00,45,,
900,2024-02-29 07:30:00,45,,
901,2024-02-29 07:30:00,45,,
902,2024-02-29 07:30:00,45,,
903,2024-02-29 07:30:00,45,,
904,2024-02-29 07:30:00,45,,
905,2024-02-29 07:30:00,45,,
906,2024-02-29 07:30:00,45,,
907,2024-02-29 07:30:00,45,,
908,2024-02-29 07:30:00,45,,
909,2024-02-29 07:30:00,45,,
910,2024-02-29 07:30:00,45,,
911,2024-02-29 07:30:00,45,,
912,2024-02-29 07:30:00,45,,
913,2024-02-29 07:30:00,45,,
914,2024-02-29 07:30:00,45,,
915,2024-02-29 07:30:00,45,,
916,2024-02-29 07:30:00,45,,
917,2024-02-29 07:30:00,45,,
918,2024-02-29 07:30:00,45,,
919,2024-02-29 07:30:00,45,,
920,2024-02-29 07:30:00,45,,
921,2024-02-29 07:30:00,45,,
922,2024-02-29 07:30:00,45,,
923,2024-02-29 07:30:00,45,,
924,2024-02-29 07:30:00,45,,
925,2024-02-29 07:30:00,45,,
926,2024-02-29 07:30:00,45,,
927,2024-02-29 07:30:00,45,,
928,2024-02-29 07:30:00,45,,
929,2024-02-29 07:30:00,45,,
930,2024-02-29 07:30:00,45,,
931,2024-02-29 07:30:00,45,,
932,2024-02-29 07:30:00,45,,
933,2024-02-29 07:30:00,45,,
934,2024-02-29 07:30:00,45,,
935,2024-02-29 07:30:00,45,,
936,2024-02-29 07:30:00,45,,
937,2024-02-29 07:30:00,45,,
938,2024-02-29 07:30:00,45,,
939,2024-02-29 07:30:00,45,,
940,2024-02-29 07:30:00,45,,
941,2024-02-29 07:30:00,45,,
942,2024-02-29 07:30:00,45,,
943,2024-02-29 07:30:00,45,,
944,2024-02-29 07:30:00,45,,
945,2024-02-29 07:30:00,45,,
946,2024-02-29 07:30:00,45,,
947,2024-02-29 07:30:00,45,,
948,2024-02-29 07:30:00,45,,
949,2024-02-29 07:30:00,45,,
950,2024-02-29 07:30:00,45,,
951,2024-02-29 07:30:00,45,,
952,2024-02-29 07:30:00,45,,
953,2024-02-29 07:30:00,45,,
954,2024-02-29 07:30:00,45,,
955,2024-02-29 07:30:00,45,,
956,2024-02-29 07:30:00,45,,
957,2024-02-29 07:30:00,45,,
958,2024-02-29 07:30:00,45,,
959,2024-02-29 07:30:00,45,,
960,2024-02-29 07:30:00,45,,
961,2024-02-29 07:30:00,45,,
962,2024-02-29 07:30:00,45,,
963,2024-02-29 07:30:00,45,,
964,2024-02-29 07:30:00,45,,
965,2024-02-29 07:30:00,45,,
966,2024-02-29 07:30:00,45,,
967,2024-02-29 07:30:00,45,,
968,2024-02-29 07:30:00,45,,
969,2024-02-29 07:30:00,45,,
970,2024-02-29 07:30:00,45,,
971,2024-02-29 07:30:00,45,,
972,2024-02-29 07:30:00,45,,
973,2024-02-29 07:30:00,45,,
974,2024-02-29 07:30:00,45,,
975,2024-02-29 07:30:00,45,,
976,2024-02-29 07:30:00,45,,
977,2024-02-29 07:30:00,45,,
978,2024-02-29 07:30:00,45,,
979,2024-02-29 07:30:00,45,,
980,2024-02-29 07:30:00,45,,
981,2024-02-29 07:30:00,45,,
982,2024-02-29 07:30:00,45,,
983,2024-02-29 07:30:00,45,,
984,2024-02-29 07:30:00,45,,
985,2024-02-29 07:30:00,45,,
986,2024-02-29 07:30:00,45,,
987,2024-02-29 07:30:00,45,,
988,2024-02-29 07:30:00,45,,
989,2024-02-29 07:30:00,45,,
990,2024-02-29 07:30:00,45,,
991,2024-02-29 07:30:00,45,,
992,2024-02-29 07:30:00,45,,
993,2024-02-29 07:30:00,45,,
994,2024-02-29 07:30:00,45,,
995,2024-02-29 07:30:00,45,,
996,2024-02-29 07:30:00,45,,
997,2024-02-29 07:30:00,45,,
998,2024-02-29 07:30:00,45,,
999,2024-02-29 07:30:00,45,,
1000,2024-02-29 07:30:00,45,,
1001,2024-02-29 07:30:00,45,,
1002,2024-02-29 07:30:00,45,,
1003,2024-02-29 07:30:00,45,,
1004,2024-02-29 07:30:00,45,,
1005,2024-02-29 07:30:00,45,,
1006,2024-02-29 07:30:00,45,,
792,2024-02-29 07:40:00,46,,
793,2024-02-29 07:40:00,46,,
794,2024-02-29 07:40:00,46,,
795,2024-02-29 07:40:00,46,,
796,2024-02-29 07:40:00,46,,
797,2024-02-29 07:40:00,46,,
798,2024-02-29 07:40:00,46,,
799,2024-02-29 07:40:00,46,,
800,2024-02-29 07:40:00,46,,
801,2024-02-29 07:40:00,46,,
802,2024-02-29 07:40:00,46,,
803,2024-02-29 07:40:00,46,,
804,2024-02-29 07:40:00,46,,
805,2024-02-29 07:40:00,46,,
806,2024-02-29 07:40:00,46,,
807,2024-02-29 07:40:00,46,,
808,2024-02-29 07:40:00,46,,
809,2024-02-29 07:40:00,46,,
810,2024-02-29 07:40:00,46,,
811,2024-02-29 07:40:00,46,,
812,2024-02-29 07:40:00,46,,
813,2024-02-29 07:40:00,46,,
814,2024-02-29 07:40:00,46,,
815,2024-02-29 07:40:00,46,,
816,2024-02-29 07:40:00,46,,
817,2024-02-29 07:40:00,46,,
818,2024-02-29 07:40:00,46,,
819,2024-02-29 07:40:00,46,,
820,2024-02-29 07:40:00,46,,
821,2024-02-29 07:40:00,46,,
822,2024-02-29 07:40:00,46,,
823,2024-02-29 07:40:00,46,,
824,2024-02-29 07:40:00,46,,
825,2024-02-29 07:40:00,46,,
826,2024-02-29 07:40:00,46,,
827,2024-02-29 07:40:00,46,,
828,2024-02-29 07:40:00,46,,
829,2024-02-29 07:40:00,46,,
830,2024-02-29 07:40:00,46,,
831,2024-02-29 07:40:00,46,,
832,2024-02-29 07:40:00,46,,
833,2024-02-29 07:40:00,46,,
834,2024-02-29 07:40:00,46,,
835,2024-02-29 07:40:00,46,,
836,2024-02-29 07:40:00,46,,
837,2024-02-29 07:40:00,46,,
838,2024-02-29 07:40:00,46,,
839,2024-02-29 07:40:00,46,,
840,2024-02-29 07:40:00,46,,
841,2024-02-29 07:40:00,46,,
842,2024-02-29 07:40:00,46,,
843,2024-02-29 07:40:00,46,,
844,2024-02-29 07:40:00,46,,
845,2024-02-29 07:40:00,46,,
846,2024-02-29 07:40:00,46,,
847,2024-02-29 07:40:00,46,,
848,2024-02-29 07:40:00,46,,
849,2024-02-29 07:40:00,46,,
850,2024-02-29 07:40:00,46,,
851,2024-02-29 07:40:00,46,,
852,2024-02-29 07:40:00,46,,
853,2024-02-29 07:40:00,46,,
854,2024-02-29 07:40:00,46,,
855,2024-02-29 07:40:00,46,,
856,2024-02-29 07:40:00,46,,
857,2024-02-29 07:40:00,46,,
858,2024-02-29 07:40:00,46,,
859,2024-02-29 07:40:00,46,,
860,2024-02-29 07:40:00,46,,
861,2024-02-29 07:40:00,46,,
862,2024-02-29 07:40:00,46,,
863,2024-02-29 07:40:00,46,,
864,2024-02-29 07:40:00,46,,
865,2024-02-29 07:40:00,46,,
866,2024-02-29 07:40:00,46,,
867,2024-02-29 07:40:00,46,,
868,2024-02-29 07:40:00,46,,
869,2024-02-29 07:40:00,46,,
870,2024-02-29 07:40:00,46,,
871,2024-02-29 07:40:00,46,,
872,2024-02-29 07:40:00,46,,
873,2024-02-29 07:40:00,46,,
874,2024-02-29 07:40:00,46,,
875,2024-02-29 07:40:00,46,,
876,2024-02-29 07:40:00,46,,
877,2024-02-29 07:40:00,46,,
878,2024-02-29 07:40:00,46,,
879,2024-02-29 07:40:00,46,,
880,2024-02-29 07:40:00,46,,
881,2024-02-29 07:40:00,46,,
882,2024-02-29 07:40:00,46,,
883,2024-02-29 07:40:00,46,,
884,2024-02-29 07:40:00,46,,
885,2024-02-29 07:40:00,46,,
886,2024-02-29 07:40:00,46,,
887,2024-02-29 07:40:00,46,,
888,2024-02-29 07:40:00,46,,
889,2024-02-29 07:40:00,46,,
890,2024-02-29 07:40:00,46,,
891,2024-02-29 07:40:00,46,,
892,2024-02-29 07:40:00,46,,
893,2024-02-29 07:40:00,46,,
894,2024-02-29 07:40:00,46,,
895,2024-02-29 07:40:00,46,,
896,2024-02-29 07:40:00,46,,
897,2024-02-29 07:40:00,46,,
898,2024-02-29 07:40:00,46,,
899,2024-02-29 07:40:00,46,,
900,2024-02-29 07:40:00,46,,
901,2024-02-29 07:40:00,46,,
902,2024-02-29 07:40:00,46,,
903,2024-02-29 07:40:00,46,,
904,2024-02-29 07:40:00,46,,
905,2024-02-29 07:40:00,46,,
906,2024-02-29 07:40:00,46,,
907,2024-02-29 07:40:00,46,,
908,2024-02-29 07:40:00,46,,
909,2024-02-29 07:40:00,46,,
910,2024-02-29 07:40:00,46,,
911,2024-02-29 07:40:00,46,,
912,2024-02-29 07:40:00,46,,
913,2024-02-29 07:40:00,46,,
914,2024-02-29 07:40:00,46,,
915,2024-02-29 07:40:00,46,,
916,2024-02-29 07:40:00,46,,
917,2024-02-29 07:40:00,46,,
918,2024-02-29 07:40:00,46,,
919,2024-02-29 07:40:00,46,,
920,2024-02-29 07:40:00,46,,
921,2024-02-29 07:40:00,46,,
922,2024-02-29 07:40:00,46,,
923,2024-02-29 07:40:00,46,,
924,2024-02-29 07:40:00,46,,
925,2024-02-29 07:40:00,46,,
926,2024-02-29 07:40:00,46,,
927,2024-02-29 07:40:00,46,,
928,2024-02-29 07:40:00,46,,
929,2024-02-29 07:40:00,46,,
930,2024-02-29 07:40:00,46,,
931,2024-02-29 07:40:00,46,,
932,2024-02-29 07:40:00,46,,
933,2024-02-29 07:40:00,46,,
934,2024-02-29 07:40:00,46,,
935,2024-02-29 07:40:00,46,,
936,2024-02-29 07:40:00,46,,
937,2024-02-29 07:40:00,46,,
938,2024-02-29 07:40:00,46,,
939,2024-02-29 07:40:00,46,,
940,2024-02-29 07:40:00,46,,
941,2024-02-29 07:40:00,46,,
942,2024-02-29 07:40:00,46,,
943,2024-02-29 07:40:00,46,,
944,2024-02-29 07:40:00,46,,
945,2024-02-29 07:40:00,46,,
946,2024-02-29 07:40:00,46,,
947,2024-02-29 07:40:00,46,,
948,2024-02-29 07:40:00,46,,
949,2024-02-29 07:40:00,46,,
950,2024-02-29 07:40:00,46,,
951,2024-02-29 07:40:00,46,,
952,2024-02-29 07:40:00,46,,
953,2024-02-29 07:40:00,46,,
954,2024-02-29 07:40:00,46,,
955,2024-02-29 07:40:00,46,,
956,2024-02-29 07:40:00,46,,
957,2024-02-29 07:40:00,46,,
958,2024-02-29 07:40:00,46,,
959,2024-02-29 07:40:00,46,,
960,2024-02-29 07:40:00,46,,
961,2024-02-29 07:40:00,46,,
962,2024-02-29 07:40:00,46,,
963,2024-02-29 07:40:00,46,,
964,2024-02-29 07:40:00,46,,
965,2024-02-29 07:40:00,46,,
966,2024-02-29 07:40:00,46,,
967,2024-02-29 07:40:00,46,,
968,2024-02-29 07:40:00,46,,
969,2024-02-29 07:40:00,46,,
970,2024-02-29 07:40:00,46,,
971,2024-02-29 07:40:00,46,,
972,2024-02-29 07:40:00,46,,
973,2024-02-29 07:40:00,46,,
974,2024-02-29 07:40:00,46,,
975,2024-02-29 07:40:00,46,,
976,2024-02-29 07:40:00,46,,
977,2024-02-29 07:40:00,46,,
978,2024-02-29 07:40:00,46,,
979,2024-02-29 07:40:00,46,,
980,2024-02-29 07:40:00,46,,
981,2024-02-29 07:40:00,46,,
982,2024-02-29 07:40:00,46,,
983,2024-02-29 07:40:00,46,,
984,2024-02-29 07:40:00,46,,
985,2024-02-29 07:40:00,46,,
986,2024-02-29 07:40:00,46,,
987,2024-02-29 07:40:00,46,,
988,2024-02-29 07:40:00,46,,
989,2024-02-29 07:40:00,46,,
990,2024-02-29 07:40:00,46,,
991,2024-02-29 07:40:00,46,,
992,2024-02-29 07:40:00,46,,
993,2024-02-29 07:40:00,46,,
994,2024-02-29 07:40:00,46,,
995,2024-02-29 07:40:00,46,,
996,2024-02-29 07:40:00,46,,
997,2024-02-29 07:40:00,46,,
998,2024-02-29 07:40:00,46,,
999,2024-02-29 07:40:00,46,,
1000,2024-02-29 07:40:00,46,,
1001,2024-02-29 07:40:00,46,,
1002,2024-02-29 07:40:00,46,,
1003,2024-02-29 07:40:00,46,,
1004,2024-02-29 07:40:00,46,,
1005,2024-02-29 07:40:00,46,,
1006,2024-02-29 07:40:00,46,,
792,2024-02-29 07:50:00,47,,
793,2024-02-29 07:50:00,47,,
794,2024-02-29 07:50:00,47,,
795,2024-02-29 07:50:00,47,,
796,2024-02-29 07:50:00,47,,
797,2024-02-29 07:50:00,47,,
798,2024-02-29 07:50:00,47,,
799,2024-02-29 07:50:00,47,,
800,2024-02-29 07:50:00,47,,
801,2024-02-29 07:50:00,47,,
802,2024-02-29 07:50:00,47,,
803,2024-02-29 07:50:00,47,,
804,2024-02-29 07:50:00,47,,
805,2024-02-29 07:50:00,47,,
806,2024-02-29 07:50:00,47,,
807,2024-02-29 07:50:00,47,,
808,2024-02-29 07:50:00,47,,
809,2024-02-29 07:50:00,47,,
810,2024-02-29 07:50:00,47,,
811,2024-02-29 07:50:00,47,,
812,2024-02-29 07:50:00,47,,
813,2024-02-29 07:50:00,47,,
814,2024-02-29 07:50:00,47,,
815,2024-02-29 07:50:00,47,,
816,2024-02-29 07:50:00,47,,
817,2024-02-29 07:50:00,47,,
818,2024-02-29 07:50:00,47,,
819,2024-02-29 07:50:00,47,,
820,2024-02-29 07:50:00,47,,
821,2024-02-29 07:50:00,47,,
822,2024-02-29 07:50:00,47,,
823,2024-02-29 07:50:00,47,,
824,2024-02-29 07:50:00,47,,
825,2024-02-29 07:50:00,47,,
826,2024-02-29 07:50:00,47,,
827,2024-02-29 07:50:00,47,,
828,2024-02-29 07:50:00,47,,
829,2024-02-29 07:50:00,47,,
830,2024-02-29 07:50:00,47,,
831,2024-02-29 07:50:00,47,,
832,2024-02-29 07:50:00,47,,
833,2024-02-29 07:50:00,47,,
834,2024-02-29 07:50:00,47,,
835,2024-02-29 07:50:00,47,,
836,2024-02-29 07:50:00,47,,
837,2024-02-29 07:50:00,47,,
838,2024-02-29 07:50:00,47,,
839,2024-02-29 07:50:00,47,,
840,2024-02-29 07:50:00,47,,
841,2024-02-29 07:50:00,47,,
842,2024-02-29 07:50:00,47,,
843,2024-02-29 07:50:00,47,,
844,2024-02-29 07:50:00,47,,
845,2024-02-29 07:50:00,47,,
846,2024-02-29 07:50:00,47,,
847,2024-02-29 07:50:00,47,,
848,2024-02-29 07:50:00,47,,
849,2024-02-29 07:50:00,47,,
850,2024-02-29 07:50:00,47,,
851,2024-02-29 07:50:00,47,,
852,2024-02-29 07:50:00,47,,
853,2024-02-29 07:50:00,47,,
854,2024-02-29 07:50:00,47,,
855,2024-02-29 07:50:00,47,,
856,2024-02-29 07:50:00,47,,
857,2024-02-29 07:50:00,47,,
858,2024-02-29 07:50:00,47,,
859,2024-02-29 07:50:00,47,,
860,2024-02-29 07:50:00,47,,
861,2024-02-29 07:50:00,47,,
862,2024-02-29 07:50:00,47,,
863,2024-02-29 07:50:00,47,,
864,2024-02-29 07:50:00,47,,
865,2024-02-29 07:50:00,47,,
866,2024-02-29 07:50:00,47,,
867,2024-02-29 07:50:00,47,,
868,2024-02-29 07:50:00,47,,
869,2024-02-29 07:50:00,47,,
870,2024-02-29 07:50:00,47,,
871,2024-02-29 07:50:00,47,,
872,2024-02-29 07:50:00,47,,
873,2024-02-29 07:50:00,47,,
874,2024-02-29 07:50:00,47,,
875,2024-02-29 07:50:00,47,,
876,2024-02-29 07:50:00,47,,
877,2024-02-29 07:50:00,47,,
878,2024-02-29 07:50:00,47,,
879,2024-02-29 07:50:00,47,,
880,2024-02-29 07:50:00,47,,
881,2024-02-29 07:50:00,47,,
882,2024-02-29 07:50:00,47,,
883,2024-02-29 07:50:00,47,,
884,2024-02-29 07:50:00,47,,
885,2024-02-29 07:50:00,47,,
886,2024-02-29 07:50:00,47,,
887,2024-02-29 07:50:00,47,,
888,2024-02-29 07:50:00,47,,
889,2024-02-29 07:50:00,47,,
890,2024-02-29 07:50:00,47,,
891,2024-02-29 07:50:00,47,,
892,2024-02-29 07:50:00,47,,
893,2024-02-29 07:50:00,47,,
894,2024-02-29 07:50:00,47,,
895,2024-02-29 07:50:00,47,,
896,2024-02-29 07:50:00,47,,
897,2024-02-29 07:50:00,47,,
898,2024-02-29 07:50:00,47,,
899,2024-02-29 07:50:00,47,,
900,2024-02-29 07:50:00,47,,
901,2024-02-29 07:50:00,47,,
902,2024-02-29 07:50:00,47,,
903,2024-02-29 07:50:00,47,,
904,2024-02-29 07:50:00,47,,
905,2024-02-29 07:50:00,47,,
906,2024-02-29 07:50:00,47,,
907,2024-02-29 07:50:00,47,,
908,2024-02-29 07:50:00,47,,
909,2024-02-29 07:50:00,47,,
910,2024-02-29 07:50:00,47,,
911,2024-02-29 07:50:00,47,,
912,2024-02-29 07:50:00,47,,
913,2024-02-29 07:50:00,47,,
914,2024-02-29 07:50:00,47,,
915,2024-02-29 07:50:00,47,,
916,2024-02-29 07:50:00,47,,
917,2024-02-29 07:50:00,47,,
918,2024-02-29 07:50:00,47,,
919,2024-02-29 07:50:00,47,,
920,2024-02-29 07:50:00,47,,
921,2024-02-29 07:50:00,47,,
922,2024-02-29 07:50:00,47,,
923,2024-02-29 07:50:00,47,,
924,2024-02-29 07:50:00,47,,
925,2024-02-29 07:50:00,47,,
926,2024-02-29 07:50:00,47,,
927,2024-02-29 07:50:00,47,,
928,2024-02-29 07:50:00,47,,
929,2024-02-29 07:50:00,47,,
930,2024-02-29 07:50:00,47,,
931,2024-02-29 07:50:00,47,,
932,2024-02-29 07:50:00,47,,
933,2024-02-29 07:50:00,47,,
934,2024-02-29 07:50:00,47,,
935,2024-02-29 07:50:00,47,,
936,2024-02-29 07:50:00,47,,
937,2024-02-29 07:50:00,47,,
938,2024-02-29 07:50:00,47,,
939,2024-02-29 07:50:00,47,,
940,2024-02-29 07:50:00,47,,
941,2024-02-29 07:50:00,47,,
942,2024-02-29 07:50:00,47,,
943,2024-02-29 07:50:00,47,,
944,2024-02-29 07:50:00,47,,
945,2024-02-29 07:50:00,47,,
946,2024-02-29 07:50:00,47,,
947,2024-02-29 07:50:00,47,,
948,2024-02-29 07:50:00,47,,
949,2024-02-29 07:50:00,47,,
950,2024-02-29 07:50:00,47,,
951,2024-02-29 07:50:00,47,,
952,2024-02-29 07:50:00,47,,
953,2024-02-29 07:50:00,47,,
954,2024-02-29 07:50:00,47,,
955,2024-02-29 07:50:00,47,,
956,2024-02-29 07:50:00,47,,
957,2024-02-29 07:50:00,47,,
958,2024-02-29 07:50:00,47,,
959,2024-02-29 07:50:00,47,,
960,2024-02-29 07:50:00,47,,
961,2024-02-29 07:50:00,47,,
962,2024-02-29 07:50:00,47,,
963,2024-02-29 07:50:00,47,,
964,2024-02-29 07:50:00,47,,
965,2024-02-29 07:50:00,47,,
966,2024-02-29 07:50:00,47,,
967,2024-02-29 07:50:00,47,,
968,2024-02-29 07:50:00,47,,
969,2024-02-29 07:50:00,47,,
970,2024-02-29 07:50:00,47,,
971,2024-02-29 07:50:00,47,,
972,2024-02-29 07:50:00,47,,
973,2024-02-29 07:50:00,47,,
974,2024-02-29 07:50:00,47,,
975,2024-02-29 07:50:00,47,,
976,2024-02-29 07:50:00,47,,
977,2024-02-29 07:50:00,47,,
978,2024-02-29 07:50:00,47,,
979,2024-02-29 07:50:00,47,,
980,2024-02-29 07:50:00,47,,
981,2024-02-29 07:50:00,47,,
982,2024-02-29 07:50:00,47,,
983,2024-02-29 07:50:00,47,,
984,2024-02-29 07:50:00,47,,
985,2024-02-29 07:50:00,47,,
986,2024-02-29 07:50:00,47,,
987,2024-02-29 07:50:00,47,,
988,2024-02-29 07:50:00,47,,
989,2024-02-29 07:50:00,47,,
990,2024-02-29 07:50:00,47,,
991,2024-02-29 07:50:00,47,,
992,2024-02-29 07:50:00,47,,
993,2024-02-29 07:50:00,47,,
994,2024-02-29 07:50:00,47,,
995,2024-02-29 07:50:00,47,,
996,2024-02-29 07:50:00,47,,
997,2024-02-29 07:50:00,47,,
998,2024-02-29 07:50:00,47,,
999,2024-02-29 07:50:00,47,,
1000,2024-02-29 07:50:00,47,,
1001,2024-02-29 07:50:00,47,,
1002,2024-02-29 07:50:00,47,,
1003,2024-02-29 07:50:00,47,,
1004,2024-02-29 07:50:00,47,,
1005,2024-02-29 07:50:00,47,,
1006,2024-02-29 07:50:00,47,,
792,2024-02-29 08:00:00,48,,
793,2024-02-29 08:00:00,48,,
794,2024-02-29 08:00:00,48,,
795,2024-02-29 08:00:00,48,,
796,2024-02-29 08:00:00,48,,
797,2024-02-29 08:00:00,48,,
798,2024-02-29 08:00:00,48,,
799,2024-02-29 08:00:00,48,,
800,2024-02-29 08:00:00,48,,
801,2024-02-29 08:00:00,48,,
802,2024-02-29 08:00:00,48,,
803,2024-02-29 08:00:00,48,,
804,2024-02-29 08:00:00,48,,
805,2024-02-29 08:00:00,48,,
806,2024-02-29 08:00:00,48,,
807,2024-02-29 08:00:00,48,,
808,2024-02-29 08:00:00,48,,
809,2024-02-29 08:00:00,48,,
810,2024-02-29 08:00:00,48,,
811,2024-02-29 08:00:00,48,,
812,2024-02-29 08:00:00,48,,
813,2024-02-29 08:00:00,48,,
814,2024-02-29 08:00:00,48,,
815,2024-02-29 08:00:00,48,,
816,2024-02-29 08:00:00,48,,
817,2024-02-29 08:00:00,48,,
818,2024-02-29 08:00:00,48,,
819,2024-02-29 08:00:00,48,,
820,2024-02-29 08:00:00,48,,
821,2024-02-29 08:00:00,48,,
822,2024-02-29 08:00:00,48,,
823,2024-02-29 08:00:00,48,,
824,2024-02-29 08:00:00,48,,
825,2024-02-29 08:00:00,48,,
826,2024-02-29 08:00:00,48,,
827,2024-02-29 08:00:00,48,,
828,2024-02-29 08:00:00,48,,
829,2024-02-29 08:00:00,48,,
830,2024-02-29 08:00:00,48,,
831,2024-02-29 08:00:00,48,,
832,2024-02-29 08:00:00,48,,
833,2024-02-29 08:00:00,48,,
834,2024-02-29 08:00:00,48,,
835,2024-02-29 08:00:00,48,,
836,2024-02-29 08:00:00,48,,
837,2024-02-29 08:00:00,48,,
838,2024-02-29 08:00:00,48,,
839,2024-02-29 08:00:00,48,,
840,2024-02-29 08:00:00,48,,
841,2024-02-29 08:00:00,48,,
842,2024-02-29 08:00:00,48,,
843,2024-02-29 08:00:00,48,,
844,2024-02-29 08:00:00,48,,
845,2024-02-29 08:00:00,48,,
846,2024-02-29 08:00:00,48,,
847,2024-02-29 08:00:00,48,,
848,2024-02-29 08:00:00,48,,
849,2024-02-29 08:00:00,48,,
850,2024-02-29 08:00:00,48,,
851,2024-02-29 08:00:00,48,,
852,2024-02-29 08:00:00,48,,
853,2024-02-29 08:00:00,48,,
854,2024-02-29 08:00:00,48,,
855,2024-02-29 08:00:00,48,,
856,2024-02-29 08:00:00,48,,
857,2024-02-29 08:00:00,48,,
858,2024-02-29 08:00:00,48,,
859,2024-02-29 08:00:00,48,,
860,2024-02-29 08:00:00,48,,
861,2024-02-29 08:00:00,48,,
862,2024-02-29 08:00:00,48,,
863,2024-02-29 08:00:00,48,,
864,2024-02-29 08:00:00,48,,
865,2024-02-29 08:00:00,48,,
866,2024-02-29 08:00:00,48,,
867,2024-02-29 08:00:00,48,,
868,2024-02-29 08:00:00,48,,
869,2024-02-29 08:00:00,48,,
870,2024-02-29 08:00:00,48,,
871,2024-02-29 08:00:00,48,,
872,2024-02-29 08:00:00,48,,
873,2024-02-29 08:00:00,48,,
874,2024-02-29 08:00:00,48,,
875,2024-02-29 08:00:00,48,,
876,2024-02-29 08:00:00,48,,
877,2024-02-29 08:00:00,48,,
878,2024-02-29 08:00:00,48,,
879,2024-02-29 08:00:00,48,,
880,2024-02-29 08:00:00,48,,
881,2024-02-29 08:00:00,48,,
882,2024-02-29 08:00:00,48,,
883,2024-02-29 08:00:00,48,,
884,2024-02-29 08:00:00,48,,
885,2024-02-29 08:00:00,48,,
886,2024-02-29 08:00:00,48,,
887,2024-02-29 08:00:00,48,,
888,2024-02-29 08:00:00,48,,
889,2024-02-29 08:00:00,48,,
890,2024-02-29 08:00:00,48,,
891,2024-02-29 08:00:00,48,,
892,2024-02-29 08:00:00,48,,
893,2024-02-29 08:00:00,48,,
894,2024-02-29 08:00:00,48,,
895,2024-02-29 08:00:00,48,,
896,2024-02-29 08:00:00,48,,
897,2024-02-29 08:00:00,48,,
898,2024-02-29 08:00:00,48,,
899,2024-02-29 08:00:00,48,,
900,2024-02-29 08:00:00,48,,
901,2024-02-29 08:00:00,48,,
902,2024-02-29 08:00:00,48,,
903,2024-02-29 08:00:00,48,,
904,2024-02-29 08:00:00,48,,
905,2024-02-29 08:00:00,48,,
906,2024-02-29 08:00:00,48,,
907,2024-02-29 08:00:00,48,,
908,2024-02-29 08:00:00,48,,
909,2024-02-29 08:00:00,48,,
910,2024-02-29 08:00:00,48,,
911,2024-02-29 08:00:00,48,,
912,2024-02-29 08:00:00,48,,
913,2024-02-29 08:00:00,48,,
914,2024-02-29 08:00:00,48,,
915,2024-02-29 08:00:00,48,,
916,2024-02-29 08:00:00,48,,
917,2024-02-29 08:00:00,48,,
918,2024-02-29 08:00:00,48,,
919,2024-02-29 08:00:00,48,,
920,2024-02-29 08:00:00,48,,
921,2024-02-29 08:00:00,48,,
922,2024-02-29 08:00:00,48,,
923,2024-02-29 08:00:00,48,,
924,2024-02-29 08:00:00,48,,
925,2024-02-29 08:00:00,48,,
926,2024-02-29 08:00:00,48,,
927,2024-02-29 08:00:00,48,,
928,2024-02-29 08:00:00,48,,
929,2024-02-29 08:00:00,48,,
930,2024-02-29 08:00:00,48,,
931,2024-02-29 08:00:00,48,,
932,2024-02-29 08:00:00,48,,
933,2024-02-29 08:00:00,48,,
934,2024-02-29 08:00:00,48,,
935,2024-02-29 08:00:00,48,,
936,2024-02-29 08:00:00,48,,
937,2024-02-29 08:00:00,48,,
938,2024-02-29 08:00:00,48,,
939,2024-02-29 08:00:00,48,,
940,2024-02-29 08:00:00,48,,
941,2024-02-29 08:00:00,48,,
942,2024-02-29 08:00:00,48,,
943,2024-02-29 08:00:00,48,,
944,2024-02-29 08:00:00,48,,
945,2024-02-29 08:00:00,48,,
946,2024-02-29 08:00:00,48,,
947,2024-02-29 08:00:00,48,,
948,2024-02-29 08:00:00,48,,
949,2024-02-29 08:00:00,48,,
950,2024-02-29 08:00:00,48,,
951,2024-02-29 08:00:00,48,,
952,2024-02-29 08:00:00,48,,
953,2024-02-29 08:00:00,48,,
954,2024-02-29 08:00:00,48,,
955,2024-02-29 08:00:00,48,,
956,2024-02-29 08:00:00,48,,
957,2024-02-29 08:00:00,48,,
958,2024-02-29 08:00:00,48,,
959,2024-02-29 08:00:00,48,,
960,2024-02-29 08:00:00,48,,
961,2024-02-29 08:00:00,48,,
962,2024-02-29 08:00:00,48,,
963,2024-02-29 08:00:00,48,,
964,2024-02-29 08:00:00,48,,
965,2024-02-29 08:00:00,48,,
966,2024-02-29 08:00:00,48,,
967,2024-02-29 08:00:00,48,,
968,2024-02-29 08:00:00,48,,
969,2024-02-29 08:00:00,48,,
970,2024-02-29 08:00:00,48,,
971,2024-02-29 08:00:00,48,,
972,2024-02-29 08:00:00,48,,
973,2024-02-29 08:00:00,48,,
974,2024-02-29 08:00:00,48,,
975,2024-02-29 08:00:00,48,,
976,2024-02-29 08:00:00,48,,
977,2024-02-29 08:00:00,48,,
978,2024-02-29 08:00:00,48,,
979,2024-02-29 08:00:00,48,,
980,2024-02-29 08:00:00,48,,
981,2024-02-29 08:00:00,48,,
982,2024-02-29 08:00:00,48,,
983,2024-02-29 08:00:00,48,,
984,2024-02-29 08:00:00,48,,
985,2024-02-29 08:00:00,48,,
986,2024-02-29 08:00:00,48,,
987,2024-02-29 08:00:00,48,,
988,2024-02-29 08:00:00,48,,
989,2024-02-29 08:00:00,48,,
990,2024-02-29 08:00:00,48,,
991,2024-02-29 08:00:00,48,,
992,2024-02-29 08:00:00,48,,
993,2024-02-29 08:00:00,48,,
994,2024-02-29 08:00:00,48,,
995,2024-02-29 08:00:00,48,,
996,2024-02-29 08:00:00,48,,
997,2024-02-29 08:00:00,48,,
998,2024-02-29 08:00:00,48,,
999,2024-02-29 08:00:00,48,,
1000,2024-02-29 08:00:00,48,,
1001,2024-02-29 08:00:00,48,,
1002,2024-02-29 08:00:00,48,,
1003,2024-02-29 08:00:00,48,,
1004,2024-02-29 08:00:00,48,,
1005,2024-02-29 08:00:00,48,,
1006,2024-02-29 08:00:00,48,,
792,2024-02-29 08:10:00,49,,
793,2024-02-29 08:10:00,49,,
794,2024-02-29 08:10:00,49,,
795,2024-02-29 08:10:00,49,,
796,2024-02-29 08:10:00,49,,
797,2024-02-29 08:10:00,49,,
798,2024-02-29 08:10:00,49,,
799,2024-02-29 08:10:00,49,,
800,2024-02-29 08:10:00,49,,
801,2024-02-29 08:10:00,49,,
802,2024-02-29 08:10:00,49,,
803,2024-02-29 08:10:00,49,,
804,2024-02-29 08:10:00,49,,
805,2024-02-29 08:10:00,49,,
806,2024-02-29 08:10:00,49,,
807,2024-02-29 08:10:00,49,,
808,2024-02-29 08:10:00,49,,
809,2024-02-29 08:10:00,49,,
810,2024-02-29 08:10:00,49,,
811,2024-02-29 08:10:00,49,,
812,2024-02-29 08:10:00,49,,
813,2024-02-29 08:10:00,49,,
814,2024-02-29 08:10:00,49,,
815,2024-02-29 08:10:00,49,,
816,2024-02-29 08:10:00,49,,
817,2024-02-29 08:10:00,49,,
818,2024-02-29 08:10:00,49,,
819,2024-02-29 08:10:00,49,,
820,2024-02-29 08:10:00,49,,
821,2024-02-29 08:10:00,49,,
822,2024-02-29 08:10:00,49,,
823,2024-02-29 08:10:00,49,,
824,2024-02-29 08:10:00,49,,
825,2024-02-29 08:10:00,49,,
826,2024-02-29 08:10:00,49,,
827,2024-02-29 08:10:00,49,,
828,2024-02-29 08:10:00,49,,
829,2024-02-29 08:10:00,49,,
830,2024-02-29 08:10:00,49,,
831,2024-02-29 08:10:00,49,,
832,2024-02-29 08:10:00,49,,
833,2024-02-29 08:10:00,49,,
834,2024-02-29 08:10:00,49,,
835,2024-02-29 08:10:00,49,,
836,2024-02-29 08:10:00,49,,
837,2024-02-29 08:10:00,49,,
838,2024-02-29 08:10:00,49,,
839,2024-02-29 08:10:00,49,,
840,2024-02-29 08:10:00,49,,
841,2024-02-29 08:10:00,49,,
842,2024-02-29 08:10:00,49,,
843,2024-02-29 08:10:00,49,,
844,2024-02-29 08:10:00,49,,
845,2024-02-29 08:10:00,49,,
846,2024-02-29 08:10:00,49,,
847,2024-02-29 08:10:00,49,,
848,2024-02-29 08:10:00,49,,
849,2024-02-29 08:10:00,49,,
850,2024-02-29 08:10:00,49,,
851,2024-02-29 08:10:00,49,,
852,2024-02-29 08:10:00,49,,
853,2024-02-29 08:10:00,49,,
854,2024-02-29 08:10:00,49,,
855,2024-02-29 08:10:00,49,,
856,2024-02-29 08:10:00,49,,
857,2024-02-29 08:10:00,49,,
858,2024-02-29 08:10:00,49,,
859,2024-02-29 08:10:00,49,,
860,2024-02-29 08:10:00,49,,
861,2024-02-29 08:10:00,49,,
862,2024-02-29 08:10:00,49,,
863,2024-02-29 08:10:00,49,,
864,2024-02-29 08:10:00,49,,
865,2024-02-29 08:10:00,49,,
866,2024-02-29 08:10:00,49,,
867,2024-02-29 08:10:00,49,,
868,2024-02-29 08:10:00,49,,
869,2024-02-29 08:10:00,49,,
870,2024-02-29 08:10:00,49,,
871,2024-02-29 08:10:00,49,,
872,2024-02-29 08:10:00,49,,
873,2024-02-29 08:10:00,49,,
874,2024-02-29 08:10:00,49,,
875,2024-02-29 08:10:00,49,,
876,2024-02-29 08:10:00,49,,
877,2024-02-29 08:10:00,49,,
878,2024-02-29 08:10:00,49,,
879,2024-02-29 08:10:00,49,,
880,2024-02-29 08:10:00,49,,
881,2024-02-29 08:10:00,49,,
882,2024-02-29 08:10:00,49,,
883,2024-02-29 08:10:00,49,,
884,2024-02-29 08:10:00,49,,
885,2024-02-29 08:10:00,49,,
886,2024-02-29 08:10:00,49,,
887,2024-02-29 08:10:00,49,,
888,2024-02-29 08:10:00,49,,
889,2024-02-29 08:10:00,49,,
890,2024-02-29 08:10:00,49,,
891,2024-02-29 08:10:00,49,,
892,2024-02-29 08:10:00,49,,
893,2024-02-29 08:10:00,49,,
894,2024-02-29 08:10:00,49,,
895,2024-02-29 08:10:00,49,,
896,2024-02-29 08:10:00,49,,
897,2024-02-29 08:10:00,49,,
898,2024-02-29 08:10:00,49,,
899,2024-02-29 08:10:00,49,,
900,2024-02-29 08:10:00,49,,
901,2024-02-29 08:10:00,49,,
902,2024-02-29 08:10:00,49,,
903,2024-02-29 08:10:00,49,,
904,2024-02-29 08:10:00,49,,
905,2024-02-29 08:10:00,49,,
906,2024-02-29 08:10:00,49,,
907,2024-02-29 08:10:00,49,,
908,2024-02-29 08:10:00,49,,
909,2024-02-29 08:10:00,49,,
910,2024-02-29 08:10:00,49,,
911,2024-02-29 08:10:00,49,,
912,2024-02-29 08:10:00,49,,
913,2024-02-29 08:10:00,49,,
914,2024-02-29 08:10:00,49,,
915,2024-02-29 08:10:00,49,,
916,2024-02-29 08:10:00,49,,
917,2024-02-29 08:10:00,49,,
918,2024-02-29 08:10:00,49,,
919,2024-02-29 08:10:00,49,,
920,2024-02-29 08:10:00,49,,
921,2024-02-29 08:10:00,49,,
922,2024-02-29 08:10:00,49,,
923,2024-02-29 08:10:00,49,,
924,2024-02-29 08:10:00,49,,
925,2024-02-29 08:10:00,49,,
926,2024-02-29 08:10:00,49,,
927,2024-02-29 08:10:00,49,,
928,2024-02-29 08:10:00,49,,
929,2024-02-29 08:10:00,49,,
930,2024-02-29 08:10:00,49,,
931,2024-02-29 08:10:00,49,,
932,2024-02-29 08:10:00,49,,
933,2024-02-29 08:10:00,49,,
934,2024-02-29 08:10:00,49,,
935,2024-02-29 08:10:00,49,,
936,2024-02-29 08:10:00,49,,
937,2024-02-29 08:10:00,49,,
938,2024-02-29 08:10:00,49,,
939,2024-02-29 08:10:00,49,,
940,2024-02-29 08:10:00,49,,
941,2024-02-29 08:10:00,49,,
942,2024-02-29 08:10:00,49,,
943,2024-02-29 08:10:00,49,,
944,2024-02-29 08:10:00,49,,
945,2024-02-29 08:10:00,49,,
946,2024-02-29 08:10:00,49,,
947,2024-02-29 08:10:00,49,,
948,2024-02-29 08:10:00,49,,
949,2024-02-29 08:10:00,49,,
950,2024-02-29 08:10:00,49,,
951,2024-02-29 08:10:00,49,,
952,2024-02-29 08:10:00,49,,
953,2024-02-29 08:10:00,49,,
954,2024-02-29 08:10:00,49,,
955,2024-02-29 08:10:00,49,,
956,2024-02-29 08:10:00,49,,
957,2024-02-29 08:10:00,49,,
958,2024-02-29 08:10:00,49,,
959,2024-02-29 08:10:00,49,,
960,2024-02-29 08:10:00,49,,
961,2024-02-29 08:10:00,49,,
962,2024-02-29 08:10:00,49,,
963,2024-02-29 08:10:00,49,,
964,2024-02-29 08:10:00,49,,
965,2024-02-29 08:10:00,49,,
966,2024-02-29 08:10:00,49,,
967,2024-02-29 08:10:00,49,,
968,2024-02-29 08:10:00,49,,
969,2024-02-29 08:10:00,49,,
970,2024-02-29 08:10:00,49,,
971,2024-02-29 08:10:00,49,,
972,2024-02-29 08:10:00,49,,
973,2024-02-29 08:10:00,49,,
974,2024-02-29 08:10:00,49,,
975,2024-02-29 08:10:00,49,,
976,2024-02-29 08:10:00,49,,
977,2024-02-29 08:10:00,49,,
978,2024-02-29 08:10:00,49,,
979,2024-02-29 08:10:00,49,,
980,2024-02-29 08:10:00,49,,
981,2024-02-29 08:10:00,49,,
982,2024-02-29 08:10:00,49,,
983,2024-02-29 08:10:00,49,,
984,2024-02-29 08:10:00,49,,
985,2024-02-29 08:10:00,49,,
986,2024-02-29 08:10:00,49,,
987,2024-02-29 08:10:00,49,,
988,2024-02-29 08:10:00,49,,
989,2024-02-29 08:10:00,49,,
990,2024-02-29 08:10:00,49,,
991,2024-02-29 08:10:00,49,,
992,2024-02-29 08:10:00,49,,
993,2024-02-29 08:10:00,49,,
994,2024-02-29 08:10:00,49,,
995,2024-02-29 08:10:00,49,,
996,2024-02-29 08:10:00,49,,
997,2024-02-29 08:10:00,49,,
998,2024-02-29 08:10:00,49,,
999,2024-02-29 08:10:00,49,,
1000,2024-02-29 08:10:00,49,,
1001,2024-02-29 08:10:00,49,,
1002,2024-02-29 08:10:00,49,,
1003,2024-02-29 08:10:00,49,,
1004,2024-02-29 08:10:00,49,,
1005,2024-02-29 08:10:00,49,,
1006,2024-02-29 08:10:00,49,,
792,2024-02-29 08:20:00,50,,
793,2024-02-29 08:20:00,50,,
794,2024-02-29 08:20:00,50,,
795,2024-02-29 08:20:00,50,,
796,2024-02-29 08:20:00,50,,
797,2024-02-29 08:20:00,50,,
798,2024-02-29 08:20:00,50,,
799,2024-02-29 08:20:00,50,,
800,2024-02-29 08:20:00,50,,
801,2024-02-29 08:20:00,50,,
802,2024-02-29 08:20:00,50,,
803,2024-02-29 08:20:00,50,,
804,2024-02-29 08:20:00,50,,
805,2024-02-29 08:20:00,50,,
806,2024-02-29 08:20:00,50,,
807,2024-02-29 08:20:00,50,,
808,2024-02-29 08:20:00,50,,
809,2024-02-29 08:20:00,50,,
810,2024-02-29 08:20:00,50,,
811,2024-02-29 08:20:00,50,,
812,2024-02-29 08:20:00,50,,
813,2024-02-29 08:20:00,50,,
814,2024-02-29 08:20:00,50,,
815,2024-02-29 08:20:00,50,,
816,2024-02-29 08:20:00,50,,
817,2024-02-29 08:20:00,50,,
818,2024-02-29 08:20:00,50,,
819,2024-02-29 08:20:00,50,,
820,2024-02-29 08:20:00,50,,
821,2024-02-29 08:20:00,50,,
822,2024-02-29 08:20:00,50,,
823,2024-02-29 08:20:00,50,,
824,2024-02-29 08:20:00,50,,
825,2024-02-29 08:20:00,50,,
826,2024-02-29 08:20:00,50,,
827,2024-02-29 08:20:00,50,,
828,2024-02-29 08:20:00,50,,
829,2024-02-29 08:20:00,50,,
830,2024-02-29 08:20:00,50,,
831,2024-02-29 08:20:00,50,,
832,2024-02-29 08:20:00,50,,
833,2024-02-29 08:20:00,50,,
834,2024-02-29 08:20:00,50,,
835,2024-02-29 08:20:00,50,,
836,2024-02-29 08:20:00,50,,
837,2024-02-29 08:20:00,50,,
838,2024-02-29 08:20:00,50,,
839,2024-02-29 08:20:00,50,,
840,2024-02-29 08:20:00,50,,
841,2024-02-29 08:20:00,50,,
842,2024-02-29 08:20:00,50,,
843,2024-02-29 08:20:00,50,,
844,2024-02-29 08:20:00,50,,
845,2024-02-29 08:20:00,50,,
846,2024-02-29 08:20:00,50,,
847,2024-02-29 08:20:00,50,,
848,2024-02-29 08:20:00,50,,
849,2024-02-29 08:20:00,50,,
850,2024-02-29 08:20:00,50,,
851,2024-02-29 08:20:00,50,,
852,2024-02-29 08:20:00,50,,
853,2024-02-29 08:20:00,50,,
854,2024-02-29 08:20:00,50,,
855,2024-02-29 08:20:00,50,,
856,2024-02-29 08:20:00,50,,
857,2024-02-29 08:20:00,50,,
858,2024-02-29 08:20:00,50,,
859,2024-02-29 08:20:00,50,,
860,2024-02-29 08:20:00,50,,
861,2024-02-29 08:20:00,50,,
862,2024-02-29 08:20:00,50,,
863,2024-02-29 08:20:00,50,,
864,2024-02-29 08:20:00,50,,
865,2024-02-29 08:20:00,50,,
866,2024-02-29 08:20:00,50,,
867,2024-02-29 08:20:00,50,,
868,2024-02-29 08:20:00,50,,
869,2024-02-29 08:20:00,50,,
870,2024-02-29 08:20:00,50,,
871,2024-02-29 08:20:00,50,,
872,2024-02-29 08:20:00,50,,
873,2024-02-29 08:20:00,50,,
874,2024-02-29 08:20:00,50,,
875,2024-02-29 08:20:00,50,,
876,2024-02-29 08:20:00,50,,
877,2024-02-29 08:20:00,50,,
878,2024-02-29 08:20:00,50,,
879,2024-02-29 08:20:00,50,,
880,2024-02-29 08:20:00,50,,
881,2024-02-29 08:20:00,50,,
882,2024-02-29 08:20:00,50,,
883,2024-02-29 08:20:00,50,,
884,2024-02-29 08:20:00,50,,
885,2024-02-29 08:20:00,50,,
886,2024-02-29 08:20:00,50,,
887,2024-02-29 08:20:00,50,,
888,2024-02-29 08:20:00,50,,
889,2024-02-29 08:20:00,50,,
890,2024-02-29 08:20:00,50,,
891,2024-02-29 08:20:00,50,,
892,2024-02-29 08:20:00,50,,
893,2024-02-29 08:20:00,50,,
894,2024-02-29 08:20:00,50,,
895,2024-02-29 08:20:00,50,,
896,2024-02-29 08:20:00,50,,
897,2024-02-29 08:20:00,50,,
898,2024-02-29 08:20:00,50,,
899,2024-02-29 08:20:00,50,,
900,2024-02-29 08:20:00,50,,
901,2024-02-29 08:20:00,50,,
902,2024-02-29 08:20:00,50,,
903,2024-02-29 08:20:00,50,,
904,2024-02-29 08:20:00,50,,
905,2024-02-29 08:20:00,50,,
906,2024-02-29 08:20:00,50,,
907,2024-02-29 08:20:00,50,,
908,2024-02-29 08:20:00,50,,
909,2024-02-29 08:20:00,50,,
910,2024-02-29 08:20:00,50,,
911,2024-02-29 08:20:00,50,,
912,2024-02-29 08:20:00,50,,
913,2024-02-29 08:20:00,50,,
914,2024-02-29 08:20:00,50,,
915,2024-02-29 08:20:00,50,,
916,2024-02-29 08:20:00,50,,
917,2024-02-29 08:20:00,50,,
918,2024-02-29 08:20:00,50,,
919,2024-02-29 08:20:00,50,,
920,2024-02-29 08:20:00,50,,
921,2024-02-29 08:20:00,50,,
922,2024-02-29 08:20:00,50,,
923,2024-02-29 08:20:00,50,,
924,2024-02-29 08:20:00,50,,
925,2024-02-29 08:20:00,50,,
926,2024-02-29 08:20:00,50,,
927,2024-02-29 08:20:00,50,,
928,2024-02-29 08:20:00,50,,
929,2024-02-29 08:20:00,50,,
930,2024-02-29 08:20:00,50,,
931,2024-02-29 08:20:00,50,,
932,2024-02-29 08:20:00,50,,
933,2024-02-29 08:20:00,50,,
934,2024-02-29 08:20:00,50,,
935,2024-02-29 08:20:00,50,,
936,2024-02-29 08:20:00,50,,
937,2024-02-29 08:20:00,50,,
938,2024-02-29 08:20:00,50,,
939,2024-02-29 08:20:00,50,,
940,2024-02-29 08:20:00,50,,
941,2024-02-29 08:20:00,50,,
942,2024-02-29 08:20:00,50,,
943,2024-02-29 08:20:00,50,,
944,2024-02-29 08:20:00,50,,
945,2024-02-29 08:20:00,50,,
946,2024-02-29 08:20:00,50,,
947,2024-02-29 08:20:00,50,,
948,2024-02-29 08:20:00,50,,
949,2024-02-29 08:20:00,50,,
950,2024-02-29 08:20:00,50,,
951,2024-02-29 08:20:00,50,,
952,2024-02-29 08:20:00,50,,
953,2024-02-29 08:20:00,50,,
954,2024-02-29 08:20:00,50,,
955,2024-02-29 08:20:00,50,,
956,2024-02-29 08:20:00,50,,
957,2024-02-29 08:20:00,50,,
958,2024-02-29 08:20:00,50,,
959,2024-02-29 08:20:00,50,,
960,2024-02-29 08:20:00,50,,
961,2024-02-29 08:20:00,50,,
962,2024-02-29 08:20:00,50,,
963,2024-02-29 08:20:00,50,,
964,2024-02-29 08:20:00,50,,
965,2024-02-29 08:20:00,50,,
966,2024-02-29 08:20:00,50,,
967,2024-02-29 08:20:00,50,,
968,2024-02-29 08:20:00,50,,
969,2024-02-29 08:20:00,50,,
970,2024-02-29 08:20:00,50,,
971,2024-02-29 08:20:00,50,,
972,2024-02-29 08:20:00,50,,
973,2024-02-29 08:20:00,50,,
974,2024-02-29 08:20:00,50,,
975,2024-02-29 08:20:00,50,,
976,2024-02-29 08:20:00,50,,
977,2024-02-29 08:20:00,50,,
978,2024-02-29 08:20:00,50,,
979,2024-02-29 08:20:00,50,,
980,2024-02-29 08:20:00,50,,
981,2024-02-29 08:20:00,50,,
982,2024-02-29 08:20:00,50,,
983,2024-02-29 08:20:00,50,,
984,2024-02-29 08:20:00,50,,
985,2024-02-29 08:20:00,50,,
986,2024-02-29 08:20:00,50,,
987,2024-02-29 08:20:00,50,,
988,2024-02-29 08:20:00,50,,
989,2024-02-29 08:20:00,50,,
990,2024-02-29 08:20:00,50,,
991,2024-02-29 08:20:00,50,,
992,2024-02-29 08:20:00,50,,
993,2024-02-29 08:20:00,50,,
994,2024-02-29 08:20:00,50,,
995,2024-02-29 08:20:00,50,,
996,2024-02-29 08:20:00,50,,
997,2024-02-29 08:20:00,50,,
998,2024-02-29 08:20:00,50,,
999,2024-02-29 08:20:00,50,,
1000,2024-02-29 08:20:00,50,,
1001,2024-02-29 08:20:00,50,,
1002,2024-02-29 08:20:00,50,,
1003,2024-02-29 08:20:00,50,,
1004,2024-02-29 08:20:00,50,,
1005,2024-02-29 08:20:00,50,,
1006,2024-02-29 08:20:00,50,,
792,2024-02-29 08:30:00,51,,
793,2024-02-29 08:30:00,51,,
794,2024-02-29 08:30:00,51,,
795,2024-02-29 08:30:00,51,,
796,2024-02-29 08:30:00,51,,
797,2024-02-29 08:30:00,51,,
798,2024-02-29 08:30:00,51,,
799,2024-02-29 08:30:00,51,,
800,2024-02-29 08:30:00,51,,
801,2024-02-29 08:30:00,51,,
802,2024-02-29 08:30:00,51,,
803,2024-02-29 08:30:00,51,,
804,2024-02-29 08:30:00,51,,
805,2024-02-29 08:30:00,51,,
806,2024-02-29 08:30:00,51,,
807,2024-02-29 08:30:00,51,,
808,2024-02-29 08:30:00,51,,
809,2024-02-29 08:30:00,51,,
810,2024-02-29 08:30:00,51,,
811,2024-02-29 08:30:00,51,,
812,2024-02-29 08:30:00,51,,
813,2024-02-29 08:30:00,51,,
814,2024-02-29 08:30:00,51,,
815,2024-02-29 08:30:00,51,,
816,2024-02-29 08:30:00,51,,
817,2024-02-29 08:30:00,51,,
818,2024-02-29 08:30:00,51,,
819,2024-02-29 08:30:00,51,,
820,2024-02-29 08:30:00,51,,
821,2024-02-29 08:30:00,51,,
822,2024-02-29 08:30:00,51,,
823,2024-02-29 08:30:00,51,,
824,2024-02-29 08:30:00,51,,
825,2024-02-29 08:30:00,51,,
826,2024-02-29 08:30:00,51,,
827,2024-02-29 08:30:00,51,,
828,2024-02-29 08:30:00,51,,
829,2024-02-29 08:30:00,51,,
830,2024-02-29 08:30:00,51,,
831,2024-02-29 08:30:00,51,,
832,2024-02-29 08:30:00,51,,
833,2024-02-29 08:30:00,51,,
834,2024-02-29 08:30:00,51,,
835,2024-02-29 08:30:00,51,,
836,2024-02-29 08:30:00,51,,
837,2024-02-29 08:30:00,51,,
838,2024-02-29 08:30:00,51,,
839,2024-02-29 08:30:00,51,,
840,2024-02-29 08:30:00,51,,
841,2024-02-29 08:30:00,51,,
842,2024-02-29 08:30:00,51,,
843,2024-02-29 08:30:00,51,,
844,2024-02-29 08:30:00,51,,
845,2024-02-29 08:30:00,51,,
846,2024-02-29 08:30:00,51,,
847,2024-02-29 08:30:00,51,,
848,2024-02-29 08:30:00,51,,
849,2024-02-29 08:30:00,51,,
850,2024-02-29 08:30:00,51,,
851,2024-02-29 08:30:00,51,,
852,2024-02-29 08:30:00,51,,
853,2024-02-29 08:30:00,51,,
854,2024-02-29 08:30:00,51,,
855,2024-02-29 08:30:00,51,,
856,2024-02-29 08:30:00,51,,
857,2024-02-29 08:30:00,51,,
858,2024-02-29 08:30:00,51,,
859,2024-02-29 08:30:00,51,,
860,2024-02-29 08:30:00,51,,
861,2024-02-29 08:30:00,51,,
862,2024-02-29 08:30:00,51,,
863,2024-02-29 08:30:00,51,,
864,2024-02-29 08:30:00,51,,
865,2024-02-29 08:30:00,51,,
866,2024-02-29 08:30:00,51,,
867,2024-02-29 08:30:00,51,,
868,2024-02-29 08:30:00,51,,
869,2024-02-29 08:30:00,51,,
870,2024-02-29 08:30:00,51,,
871,2024-02-29 08:30:00,51,,
872,2024-02-29 08:30:00,51,,
873,2024-02-29 08:30:00,51,,
874,2024-02-29 08:30:00,51,,
875,2024-02-29 08:30:00,51,,
876,2024-02-29 08:30:00,51,,
877,2024-02-29 08:30:00,51,,
878,2024-02-29 08:30:00,51,,
879,2024-02-29 08:30:00,51,,
880,2024-02-29 08:30:00,51,,
881,2024-02-29 08:30:00,51,,
882,2024-02-29 08:30:00,51,,
883,2024-02-29 08:30:00,51,,
884,2024-02-29 08:30:00,51,,
885,2024-02-29 08:30:00,51,,
886,2024-02-29 08:30:00,51,,
887,2024-02-29 08:30:00,51,,
888,2024-02-29 08:30:00,51,,
889,2024-02-29 08:30:00,51,,
890,2024-02-29 08:30:00,51,,
891,2024-02-29 08:30:00,51,,
892,2024-02-29 08:30:00,51,,
893,2024-02-29 08:30:00,51,,
894,2024-02-29 08:30:00,51,,
895,2024-02-29 08:30:00,51,,
896,2024-02-29 08:30:00,51,,
897,2024-02-29 08:30:00,51,,
898,2024-02-29 08:30:00,51,,
899,2024-02-29 08:30:00,51,,
900,2024-02-29 08:30:00,51,,
901,2024-02-29 08:30:00,51,,
902,2024-02-29 08:30:00,51,,
903,2024-02-29 08:30:00,51,,
904,2024-02-29 08:30:00,51,,
905,2024-02-29 08:30:00,51,,
906,2024-02-29 08:30:00,51,,
907,2024-02-29 08:30:00,51,,
908,2024-02-29 08:30:00,51,,
909,2024-02-29 08:30:00,51,,
910,2024-02-29 08:30:00,51,,
911,2024-02-29 08:30:00,51,,
912,2024-02-29 08:30:00,51,,
913,2024-02-29 08:30:00,51,,
914,2024-02-29 08:30:00,51,,
915,2024-02-29 08:30:00,51,,
916,2024-02-29 08:30:00,51,,
917,2024-02-29 08:30:00,51,,
918,2024-02-29 08:30:00,51,,
919,2024-02-29 08:30:00,51,,
920,2024-02-29 08:30:00,51,,
921,2024-02-29 08:30:00,51,,
922,2024-02-29 08:30:00,51,,
923,2024-02-29 08:30:00,51,,
924,2024-02-29 08:30:00,51,,
925,2024-02-29 08:30:00,51,,
926,2024-02-29 08:30:00,51,,
927,2024-02-29 08:30:00,51,,
928,2024-02-29 08:30:00,51,,
929,2024-02-29 08:30:00,51,,
930,2024-02-29 08:30:00,51,,
931,2024-02-29 08:30:00,51,,
932,2024-02-29 08:30:00,51,,
933,2024-02-29 08:30:00,51,,
934,2024-02-29 08:30:00,51,,
935,2024-02-29 08:30:00,51,,
936,2024-02-29 08:30:00,51,,
937,2024-02-29 08:30:00,51,,
938,2024-02-29 08:30:00,51,,
939,2024-02-29 08:30:00,51,,
940,2024-02-29 08:30:00,51,,
941,2024-02-29 08:30:00,51,,
942,2024-02-29 08:30:00,51,,
943,2024-02-29 08:30:00,51,,
944,2024-02-29 08:30:00,51,,
945,2024-02-29 08:30:00,51,,
946,2024-02-29 08:30:00,51,,
947,2024-02-29 08:30:00,51,,
948,2024-02-29 08:30:00,51,,
949,2024-02-29 08:30:00,51,,
950,2024-02-29 08:30:00,51,,
951,2024-02-29 08:30:00,51,,
952,2024-02-29 08:30:00,51,,
953,2024-02-29 08:30:00,51,,
954,2024-02-29 08:30:00,51,,
955,2024-02-29 08:30:00,51,,
956,2024-02-29 08:30:00,51,,
957,2024-02-29 08:30:00,51,,
958,2024-02-29 08:30:00,51,,
959,2024-02-29 08:30:00,51,,
960,2024-02-29 08:30:00,51,,
961,2024-02-29 08:30:00,51,,
962,2024-02-29 08:30:00,51,,
963,2024-02-29 08:30:00,51,,
964,2024-02-29 08:30:00,51,,
965,2024-02-29 08:30:00,51,,
966,2024-02-29 08:30:00,51,,
967,2024-02-29 08:30:00,51,,
968,2024-02-29 08:30:00,51,,
969,2024-02-29 08:30:00,51,,
970,2024-02-29 08:30:00,51,,
971,2024-02-29 08:30:00,51,,
972,2024-02-29 08:30:00,51,,
973,2024-02-29 08:30:00,51,,
974,2024-02-29 08:30:00,51,,
975,2024-02-29 08:30:00,51,,
976,2024-02-29 08:30:00,51,,
977,2024-02-29 08:30:00,51,,
978,2024-02-29 08:30:00,51,,
979,2024-02-29 08:30:00,51,,
980,2024-02-29 08:30:00,51,,
981,2024-02-29 08:30:00,51,,
982,2024-02-29 08:30:00,51,,
983,2024-02-29 08:30:00,51,,
984,2024-02-29 08:30:00,51,,
985,2024-02-29 08:30:00,51,,
986,2024-02-29 08:30:00,51,,
987,2024-02-29 08:30:00,51,,
988,2024-02-29 08:30:00,51,,
989,2024-02-29 08:30:00,51,,
990,2024-02-29 08:30:00,51,,
991,2024-02-29 08:30:00,51,,
992,2024-02-29 08:30:00,51,,
993,2024-02-29 08:30:00,51,,
994,2024-02-29 08:30:00,51,,
995,2024-02-29 08:30:00,51,,
996,2024-02-29 08:30:00,51,,
997,2024-02-29 08:30:00,51,,
998,2024-02-29 08:30:00,51,,
999,2024-02-29 08:30:00,51,,
1000,2024-02-29 08:30:00,51,,
1001,2024-02-29 08:30:00,51,,
1002,2024-02-29 08:30:00,51,,
1003,2024-02-29 08:30:00,51,,
1004,2024-02-29 08:30:00,51,,
1005,2024-02-29 08:30:00,51,,
1006,2024-02-29 08:30:00,51,,
792,2024-02-29 08:40:00,52,,
793,2024-02-29 08:40:00,52,,
794,2024-02-29 08:40:00,52,,
795,2024-02-29 08:40:00,52,,
796,2024-02-29 08:40:00,52,,
797,2024-02-29 08:40:00,52,,
798,2024-02-29 08:40:00,52,,
799,2024-02-29 08:40:00,52,,
800,2024-02-29 08:40:00,52,,
801,2024-02-29 08:40:00,52,,
802,2024-02-29 08:40:00,52,,
803,2024-02-29 08:40:00,52,,
804,2024-02-29 08:40:00,52,,
805,2024-02-29 08:40:00,52,,
806,2024-02-29 08:40:00,52,,
807,2024-02-29 08:40:00,52,,
808,2024-02-29 08:40:00,52,,
809,2024-02-29 08:40:00,52,,
810,2024-02-29 08:40:00,52,,
811,2024-02-29 08:40:00,52,,
812,2024-02-29 08:40:00,52,,
813,2024-02-29 08:40:00,52,,
814,2024-02-29 08:40:00,52,,
815,2024-02-29 08:40:00,52,,
816,2024-02-29 08:40:00,52,,
817,2024-02-29 08:40:00,52,,
818,2024-02-29 08:40:00,52,,
819,2024-02-29 08:40:00,52,,
820,2024-02-29 08:40:00,52,,
821,2024-02-29 08:40:00,52,,
822,2024-02-29 08:40:00,52,,
823,2024-02-29 08:40:00,52,,
824,2024-02-29 08:40:00,52,,
825,2024-02-29 08:40:00,52,,
826,2024-02-29 08:40:00,52,,
827,2024-02-29 08:40:00,52,,
828,2024-02-29 08:40:00,52,,
829,2024-02-29 08:40:00,52,,
830,2024-02-29 08:40:00,52,,
831,2024-02-29 08:40:00,52,,
832,2024-02-29 08:40:00,52,,
833,2024-02-29 08:40:00,52,,
834,2024-02-29 08:40:00,52,,
835,2024-02-29 08:40:00,52,,
836,2024-02-29 08:40:00,52,,
837,2024-02-29 08:40:00,52,,
838,2024-02-29 08:40:00,52,,
839,2024-02-29 08:40:00,52,,
840,2024-02-29 08:40:00,52,,
841,2024-02-29 08:40:00,52,,
842,2024-02-29 08:40:00,52,,
843,2024-02-29 08:40:00,52,,
844,2024-02-29 08:40:00,52,,
845,2024-02-29 08:40:00,52,,
846,2024-02-29 08:40:00,52,,
847,2024-02-29 08:40:00,52,,
848,2024-02-29 08:40:00,52,,
849,2024-02-29 08:40:00,52,,
850,2024-02-29 08:40:00,52,,
851,2024-02-29 08:40:00,52,,
852,2024-02-29 08:40:00,52,,
853,2024-02-29 08:40:00,52,,
854,2024-02-29 08:40:00,52,,
855,2024-02-29 08:40:00,52,,
856,2024-02-29 08:40:00,52,,
857,2024-02-29 08:40:00,52,,
858,2024-02-29 08:40:00,52,,
859,2024-02-29 08:40:00,52,,
860,2024-02-29 08:40:00,52,,
861,2024-02-29 08:40:00,52,,
862,2024-02-29 08:40:00,52,,
863,2024-02-29 08:40:00,52,,
864,2024-02-29 08:40:00,52,,
865,2024-02-29 08:40:00,52,,
866,2024-02-29 08:40:00,52,,
867,2024-02-29 08:40:00,52,,
868,2024-02-29 08:40:00,52,,
869,2024-02-29 08:40:00,52,,
870,2024-02-29 08:40:00,52,,
871,2024-02-29 08:40:00,52,,
872,2024-02-29 08:40:00,52,,
873,2024-02-29 08:40:00,52,,
874,2024-02-29 08:40:00,52,,
875,2024-02-29 08:40:00,52,,
876,2024-02-29 08:40:00,52,,
877,2024-02-29 08:40:00,52,,
878,2024-02-29 08:40:00,52,,
879,2024-02-29 08:40:00,52,,
880,2024-02-29 08:40:00,52,,
881,2024-02-29 08:40:00,52,,
882,2024-02-29 08:40:00,52,,
883,2024-02-29 08:40:00,52,,
884,2024-02-29 08:40:00,52,,
885,2024-02-29 08:40:00,52,,
886,2024-02-29 08:40:00,52,,
887,2024-02-29 08:40:00,52,,
888,2024-02-29 08:40:00,52,,
889,2024-02-29 08:40:00,52,,
890,2024-02-29 08:40:00,52,,
891,2024-02-29 08:40:00,52,,
892,2024-02-29 08:40:00,52,,
893,2024-02-29 08:40:00,52,,
894,2024-02-29 08:40:00,52,,
895,2024-02-29 08:40:00,52,,
896,2024-02-29 08:40:00,52,,
897,2024-02-29 08:40:00,52,,
898,2024-02-29 08:40:00,52,,
899,2024-02-29 08:40:00,52,,
900,2024-02-29 08:40:00,52,,
901,2024-02-29 08:40:00,52,,
902,2024-02-29 08:40:00,52,,
903,2024-02-29 08:40:00,52,,
904,2024-02-29 08:40:00,52,,
905,2024-02-29 08:40:00,52,,
906,2024-02-29 08:40:00,52,,
907,2024-02-29 08:40:00,52,,
908,2024-02-29 08:40:00,52,,
909,2024-02-29 08:40:00,52,,
910,2024-02-29 08:40:00,52,,
911,2024-02-29 08:40:00,52,,
912,2024-02-29 08:40:00,52,,
913,2024-02-29 08:40:00,52,,
914,2024-02-29 08:40:00,52,,
915,2024-02-29 08:40:00,52,,
916,2024-02-29 08:40:00,52,,
917,2024-02-29 08:40:00,52,,
918,2024-02-29 08:40:00,52,,
919,2024-02-29 08:40:00,52,,
920,2024-02-29 08:40:00,52,,
921,2024-02-29 08:40:00,52,,
922,2024-02-29 08:40:00,52,,
923,2024-02-29 08:40:00,52,,
924,2024-02-29 08:40:00,52,,
925,2024-02-29 08:40:00,52,,
926,2024-02-29 08:40:00,52,,
927,2024-02-29 08:40:00,52,,
928,2024-02-29 08:40:00,52,,
929,2024-02-29 08:40:00,52,,
930,2024-02-29 08:40:00,52,,
931,2024-02-29 08:40:00,52,,
932,2024-02-29 08:40:00,52,,
933,2024-02-29 08:40:00,52,,
934,2024-02-29 08:40:00,52,,
935,2024-02-29 08:40:00,52,,
936,2024-02-29 08:40:00,52,,
937,2024-02-29 08:40:00,52,,
938,2024-02-29 08:40:00,52,,
939,2024-02-29 08:40:00,52,,
940,2024-02-29 08:40:00,52,,
941,2024-02-29 08:40:00,52,,
942,2024-02-29 08:40:00,52,,
943,2024-02-29 08:40:00,52,,
944,2024-02-29 08:40:00,52,,
945,2024-02-29 08:40:00,52,,
946,2024-02-29 08:40:00,52,,
947,2024-02-29 08:40:00,52,,
948,2024-02-29 08:40:00,52,,
949,2024-02-29 08:40:00,52,,
950,2024-02-29 08:40:00,52,,
951,2024-02-29 08:40:00,52,,
952,2024-02-29 08:40:00,52,,
953,2024-02-29 08:40:00,52,,
954,2024-02-29 08:40:00,52,,
955,2024-02-29 08:40:00,52,,
956,2024-02-29 08:40:00,52,,
957,2024-02-29 08:40:00,52,,
958,2024-02-29 08:40:00,52,,
959,2024-02-29 08:40:00,52,,
960,2024-02-29 08:40:00,52,,
961,2024-02-29 08:40:00,52,,
962,2024-02-29 08:40:00,52,,
963,2024-02-29 08:40:00,52,,
964,2024-02-29 08:40:00,52,,
965,2024-02-29 08:40:00,52,,
966,2024-02-29 08:40:00,52,,
967,2024-02-29 08:40:00,52,,
968,2024-02-29 08:40:00,52,,
969,2024-02-29 08:40:00,52,,
970,2024-02-29 08:40:00,52,,
971,2024-02-29 08:40:00,52,,
972,2024-02-29 08:40:00,52,,
973,2024-02-29 08:40:00,52,,
974,2024-02-29 08:40:00,52,,
975,2024-02-29 08:40:00,52,,
976,2024-02-29 08:40:00,52,,
977,2024-02-29 08:40:00,52,,
978,2024-02-29 08:40:00,52,,
979,2024-02-29 08:40:00,52,,
980,2024-02-29 08:40:00,52,,
981,2024-02-29 08:40:00,52,,
982,2024-02-29 08:40:00,52,,
983,2024-02-29 08:40:00,52,,
984,2024-02-29 08:40:00,52,,
985,2024-02-29 08:40:00,52,,
986,2024-02-29 08:40:00,52,,
987,2024-02-29 08:40:00,52,,
988,2024-02-29 08:40:00,52,,
989,2024-02-29 08:40:00,52,,
990,2024-02-29 08:40:00,52,,
991,2024-02-29 08:40:00,52,,
992,2024-02-29 08:40:00,52,,
993,2024-02-29 08:40:00,52,,
994,2024-02-29 08:40:00,52,,
995,2024-02-29 08:40:00,52,,
996,2024-02-29 08:40:00,52,,
997,2024-02-29 08:40:00,52,,
998,2024-02-29 08:40:00,52,,
999,2024-02-29 08:40:00,52,,
1000,2024-02-29 08:40:00,52,,
1001,2024-02-29 08:40:00,52,,
1002,2024-02-29 08:40:00,52,,
1003,2024-02-29 08:40:00,52,,
1004,2024-02-29 08:40:00,52,,
1005,2024-02-29 08:40:00,52,,
1006,2024-02-29 08:40:00,52,,
792,2024-02-29 08:50:00,53,,
793,2024-02-29 08:50:00,53,,
794,2024-02-29 08:50:00,53,,
795,2024-02-29 08:50:00,53,,
796,2024-02-29 08:50:00,53,,
797,2024-02-29 08:50:00,53,,
798,2024-02-29 08:50:00,53,,
799,2024-02-29 08:50:00,53,,
800,2024-02-29 08:50:00,53,,
801,2024-02-29 08:50:00,53,,
802,2024-02-29 08:50:00,53,,
803,2024-02-29 08:50:00,53,,
804,2024-02-29 08:50:00,53,,
805,2024-02-29 08:50:00,53,,
806,2024-02-29 08:50:00,53,,
807,2024-02-29 08:50:00,53,,
808,2024-02-29 08:50:00,53,,
809,2024-02-29 08:50:00,53,,
810,2024-02-29 08:50:00,53,,
811,2024-02-29 08:50:00,53,,
812,2024-02-29 08:50:00,53,,
813,2024-02-29 08:50:00,53,,
814,2024-02-29 08:50:00,53,,
815,2024-02-29 08:50:00,53,,
816,2024-02-29 08:50:00,53,,
817,2024-02-29 08:50:00,53,,
818,2024-02-29 08:50:00,53,,
819,2024-02-29 08:50:00,53,,
820,2024-02-29 08:50:00,53,,
821,2024-02-29 08:50:00,53,,
822,2024-02-29 08:50:00,53,,
823,2024-02-29 08:50:00,53,,
824,2024-02-29 08:50:00,53,,
825,2024-02-29 08:50:00,53,,
826,2024-02-29 08:50:00,53,,
827,2024-02-29 08:50:00,53,,
828,2024-02-29 08:50:00,53,,
829,2024-02-29 08:50:00,53,,
830,2024-02-29 08:50:00,53,,
831,2024-02-29 08:50:00,53,,
832,2024-02-29 08:50:00,53,,
833,2024-02-29 08:50:00,53,,
834,2024-02-29 08:50:00,53,,
835,2024-02-29 08:50:00,53,,
836,2024-02-29 08:50:00,53,,
837,2024-02-29 08:50:00,53,,
838,2024-02-29 08:50:00,53,,
839,2024-02-29 08:50:00,53,,
840,2024-02-29 08:50:00,53,,
841,2024-02-29 08:50:00,53,,
842,2024-02-29 08:50:00,53,,
843,2024-02-29 08:50:00,53,,
844,2024-02-29 08:50:00,53,,
845,2024-02-29 08:50:00,53,,
846,2024-02-29 08:50:00,53,,
847,2024-02-29 08:50:00,53,,
848,2024-02-29 08:50:00,53,,
849,2024-02-29 08:50:00,53,,
850,2024-02-29 08:50:00,53,,
851,2024-02-29 08:50:00,53,,
852,2024-02-29 08:50:00,53,,
853,2024-02-29 08:50:00,53,,
854,2024-02-29 08:50:00,53,,
855,2024-02-29 08:50:00,53,,
856,2024-02-29 08:50:00,53,,
857,2024-02-29 08:50:00,53,,
858,2024-02-29 08:50:00,53,,
859,2024-02-29 08:50:00,53,,
860,2024-02-29 08:50:00,53,,
861,2024-02-29 08:50:00,53,,
862,2024-02-29 08:50:00,53,,
863,2024-02-29 08:50:00,53,,
864,2024-02-29 08:50:00,53,,
865,2024-02-29 08:50:00,53,,
866,2024-02-29 08:50:00,53,,
867,2024-02-29 08:50:00,53,,
868,2024-02-29 08:50:00,53,,
869,2024-02-29 08:50:00,53,,
870,2024-02-29 08:50:00,53,,
871,2024-02-29 08:50:00,53,,
872,2024-02-29 08:50:00,53,,
873,2024-02-29 08:50:00,53,,
874,2024-02-29 08:50:00,53,,
875,2024-02-29 08:50:00,53,,
876,2024-02-29 08:50:00,53,,
877,2024-02-29 08:50:00,53,,
878,2024-02-29 08:50:00,53,,
879,2024-02-29 08:50:00,53,,
880,2024-02-29 08:50:00,53,,
881,2024-02-29 08:50:00,53,,
882,2024-02-29 08:50:00,53,,
883,2024-02-29 08:50:00,53,,
884,2024-02-29 08:50:00,53,,
885,2024-02-29 08:50:00,53,,
886,2024-02-29 08:50:00,53,,
887,2024-02-29 08:50:00,53,,
888,2024-02-29 08:50:00,53,,
889,2024-02-29 08:50:00,53,,
890,2024-02-29 08:50:00,53,,
891,2024-02-29 08:50:00,53,,
892,2024-02-29 08:50:00,53,,
893,2024-02-29 08:50:00,53,,
894,2024-02-29 08:50:00,53,,
895,2024-02-29 08:50:00,53,,
896,2024-02-29 08:50:00,53,,
897,2024-02-29 08:50:00,53,,
898,2024-02-29 08:50:00,53,,
899,2024-02-29 08:50:00,53,,
900,2024-02-29 08:50:00,53,,
901,2024-02-29 08:50:00,53,,
902,2024-02-29 08:50:00,53,,
903,2024-02-29 08:50:00,53,,
904,2024-02-29 08:50:00,53,,
905,2024-02-29 08:50:00,53,,
906,2024-02-29 08:50:00,53,,
907,2024-02-29 08:50:00,53,,
908,2024-02-29 08:50:00,53,,
909,2024-02-29 08:50:00,53,,
910,2024-02-29 08:50:00,53,,
911,2024-02-29 08:50:00,53,,
912,2024-02-29 08:50:00,53,,
913,2024-02-29 08:50:00,53,,
914,2024-02-29 08:50:00,53,,
915,2024-02-29 08:50:00,53,,
916,2024-02-29 08:50:00,53,,
917,2024-02-29 08:50:00,53,,
918,2024-02-29 08:50:00,53,,
919,2024-02-29 08:50:00,53,,
920,2024-02-29 08:50:00,53,,
921,2024-02-29 08:50:00,53,,
922,2024-02-29 08:50:00,53,,
923,2024-02-29 08:50:00,53,,
924,2024-02-29 08:50:00,53,,
925,2024-02-29 08:50:00,53,,
926,2024-02-29 08:50:00,53,,
927,2024-02-29 08:50:00,53,,
928,2024-02-29 08:50:00,53,,
929,2024-02-29 08:50:00,53,,
930,2024-02-29 08:50:00,53,,
931,2024-02-29 08:50:00,53,,
932,2024-02-29 08:50:00,53,,
933,2024-02-29 08:50:00,53,,
934,2024-02-29 08:50:00,53,,
935,2024-02-29 08:50:00,53,,
936,2024-02-29 08:50:00,53,,
937,2024-02-29 08:50:00,53,,
938,2024-02-29 08:50:00,53,,
939,2024-02-29 08:50:00,53,,
940,2024-02-29 08:50:00,53,,
941,2024-02-29 08:50:00,53,,
942,2024-02-29 08:50:00,53,,
943,2024-02-29 08:50:00,53,,
944,2024-02-29 08:50:00,53,,
945,2024-02-29 08:50:00,53,,
946,2024-02-29 08:50:00,53,,
947,2024-02-29 08:50:00,53,,
948,2024-02-29 08:50:00,53,,
949,2024-02-29 08:50:00,53,,
950,2024-02-29 08:50:00,53,,
951,2024-02-29 08:50:00,53,,
952,2024-02-29 08:50:00,53,,
953,2024-02-29 08:50:00,53,,
954,2024-02-29 08:50:00,53,,
955,2024-02-29 08:50:00,53,,
956,2024-02-29 08:50:00,53,,
957,2024-02-29 08:50:00,53,,
958,2024-02-29 08:50:00,53,,
959,2024-02-29 08:50:00,53,,
960,2024-02-29 08:50:00,53,,
961,2024-02-29 08:50:00,53,,
962,2024-02-29 08:50:00,53,,
963,2024-02-29 08:50:00,53,,
964,2024-02-29 08:50:00,53,,
965,2024-02-29 08:50:00,53,,
966,2024-02-29 08:50:00,53,,
967,2024-02-29 08:50:00,53,,
968,2024-02-29 08:50:00,53,,
969,2024-02-29 08:50:00,53,,
970,2024-02-29 08:50:00,53,,
971,2024-02-29 08:50:00,53,,
972,2024-02-29 08:50:00,53,,
973,2024-02-29 08:50:00,53,,
974,2024-02-29 08:50:00,53,,
975,2024-02-29 08:50:00,53,,
976,2024-02-29 08:50:00,53,,
977,2024-02-29 08:50:00,53,,
978,2024-02-29 08:50:00,53,,
979,2024-02-29 08:50:00,53,,
980,2024-02-29 08:50:00,53,,
981,2024-02-29 08:50:00,53,,
982,2024-02-29 08:50:00,53,,
983,2024-02-29 08:50:00,53,,
984,2024-02-29 08:50:00,53,,
985,2024-02-29 08:50:00,53,,
986,2024-02-29 08:50:00,53,,
987,2024-02-29 08:50:00,53,,
988,2024-02-29 08:50:00,53,,
989,2024-02-29 08:50:00,53,,
990,2024-02-29 08:50:00,53,,
991,2024-02-29 08:50:00,53,,
992,2024-02-29 08:50:00,53,,
993,2024-02-29 08:50:00,53,,
994,2024-02-29 08:50:00,53,,
995,2024-02-29 08:50:00,53,,
996,2024-02-29 08:50:00,53,,
997,2024-02-29 08:50:00,53,,
998,2024-02-29 08:50:00,53,,
999,2024-02-29 08:50:00,53,,
1000,2024-02-29 08:50:00,53,,
1001,2024-02-29 08:50:00,53,,
1002,2024-02-29 08:50:00,53,,
1003,2024-02-29 08:50:00,53,,
1004,2024-02-29 08:50:00,53,,
1005,2024-02-29 08:50:00,53,,
1006,2024-02-29 08:50:00,53,,
792,2024-02-29 09:00:00,54,,
793,2024-02-29 09:00:00,54,,
794,2024-02-29 09:00:00,54,,
795,2024-02-29 09:00:00,54,,
796,2024-02-29 09:00:00,54,,
797,2024-02-29 09:00:00,54,,
798,2024-02-29 09:00:00,54,,
799,2024-02-29 09:00:00,54,,
800,2024-02-29 09:00:00,54,,
801,2024-02-29 09:00:00,54,,
802,2024-02-29 09:00:00,54,,
803,2024-02-29 09:00:00,54,,
804,2024-02-29 09:00:00,54,,
805,2024-02-29 09:00:00,54,,
806,2024-02-29 09:00:00,54,,
807,2024-02-29 09:00:00,54,,
808,2024-02-29 09:00:00,54,,
809,2024-02-29 09:00:00,54,,
810,2024-02-29 09:00:00,54,,
811,2024-02-29 09:00:00,54,,
812,2024-02-29 09:00:00,54,,
813,2024-02-29 09:00:00,54,,
814,2024-02-29 09:00:00,54,,
815,2024-02-29 09:00:00,54,,
816,2024-02-29 09:00:00,54,,
817,2024-02-29 09:00:00,54,,
818,2024-02-29 09:00:00,54,,
819,2024-02-29 09:00:00,54,,
820,2024-02-29 09:00:00,54,,
821,2024-02-29 09:00:00,54,,
822,2024-02-29 09:00:00,54,,
823,2024-02-29 09:00:00,54,,
824,2024-02-29 09:00:00,54,,
825,2024-02-29 09:00:00,54,,
826,2024-02-29 09:00:00,54,,
827,2024-02-29 09:00:00,54,,
828,2024-02-29 09:00:00,54,,
829,2024-02-29 09:00:00,54,,
830,2024-02-29 09:00:00,54,,
831,2024-02-29 09:00:00,54,,
832,2024-02-29 09:00:00,54,,
833,2024-02-29 09:00:00,54,,
834,2024-02-29 09:00:00,54,,
835,2024-02-29 09:00:00,54,,
836,2024-02-29 09:00:00,54,,
837,2024-02-29 09:00:00,54,,
838,2024-02-29 09:00:00,54,,
839,2024-02-29 09:00:00,54,,
840,2024-02-29 09:00:00,54,,
841,2024-02-29 09:00:00,54,,
842,2024-02-29 09:00:00,54,,
843,2024-02-29 09:00:00,54,,
844,2024-02-29 09:00:00,54,,
845,2024-02-29 09:00:00,54,,
846,2024-02-29 09:00:00,54,,
847,2024-02-29 09:00:00,54,,
848,2024-02-29 09:00:00,54,,
849,2024-02-29 09:00:00,54,,
850,2024-02-29 09:00:00,54,,
851,2024-02-29 09:00:00,54,,
852,2024-02-29 09:00:00,54,,
853,2024-02-29 09:00:00,54,,
854,2024-02-29 09:00:00,54,,
855,2024-02-29 09:00:00,54,,
856,2024-02-29 09:00:00,54,,
857,2024-02-29 09:00:00,54,,
858,2024-02-29 09:00:00,54,,
859,2024-02-29 09:00:00,54,,
860,2024-02-29 09:00:00,54,,
861,2024-02-29 09:00:00,54,,
862,2024-02-29 09:00:00,54,,
863,2024-02-29 09:00:00,54,,
864,2024-02-29 09:00:00,54,,
865,2024-02-29 09:00:00,54,,
866,2024-02-29 09:00:00,54,,
867,2024-02-29 09:00:00,54,,
868,2024-02-29 09:00:00,54,,
869,2024-02-29 09:00:00,54,,
870,2024-02-29 09:00:00,54,,
871,2024-02-29 09:00:00,54,,
872,2024-02-29 09:00:00,54,,
873,2024-02-29 09:00:00,54,,
874,2024-02-29 09:00:00,54,,
875,2024-02-29 09:00:00,54,,
876,2024-02-29 09:00:00,54,,
877,2024-02-29 09:00:00,54,,
878,2024-02-29 09:00:00,54,,
879,2024-02-29 09:00:00,54,,
880,2024-02-29 09:00:00,54,,
881,2024-02-29 09:00:00,54,,
882,2024-02-29 09:00:00,54,,
883,2024-02-29 09:00:00,54,,
884,2024-02-29 09:00:00,54,,
885,2024-02-29 09:00:00,54,,
886,2024-02-29 09:00:00,54,,
887,2024-02-29 09:00:00,54,,
888,2024-02-29 09:00:00,54,,
889,2024-02-29 09:00:00,54,,
890,2024-02-29 09:00:00,54,,
891,2024-02-29 09:00:00,54,,
892,2024-02-29 09:00:00,54,,
893,2024-02-29 09:00:00,54,,
894,2024-02-29 09:00:00,54,,
895,2024-02-29 09:00:00,54,,
896,2024-02-29 09:00:00,54,,
897,2024-02-29 09:00:00,54,,
898,2024-02-29 09:00:00,54,,
899,2024-02-29 09:00:00,54,,
900,2024-02-29 09:00:00,54,,
901,2024-02-29 09:00:00,54,,
902,2024-02-29 09:00:00,54,,
903,2024-02-29 09:00:00,54,,
904,2024-02-29 09:00:00,54,,
905,2024-02-29 09:00:00,54,,
906,2024-02-29 09:00:00,54,,
907,2024-02-29 09:00:00,54,,
908,2024-02-29 09:00:00,54,,
909,2024-02-29 09:00:00,54,,
910,2024-02-29 09:00:00,54,,
911,2024-02-29 09:00:00,54,,
912,2024-02-29 09:00:00,54,,
913,2024-02-29 09:00:00,54,,
914,2024-02-29 09:00:00,54,,
915,2024-02-29 09:00:00,54,,
916,2024-02-29 09:00:00,54,,
917,2024-02-29 09:00:00,54,,
918,2024-02-29 09:00:00,54,,
919,2024-02-29 09:00:00,54,,
920,2024-02-29 09:00:00,54,,
921,2024-02-29 09:00:00,54,,
922,2024-02-29 09:00:00,54,,
923,2024-02-29 09:00:00,54,,
924,2024-02-29 09:00:00,54,,
925,2024-02-29 09:00:00,54,,
926,2024-02-29 09:00:00,54,,
927,2024-02-29 09:00:00,54,,
928,2024-02-29 09:00:00,54,,
929,2024-02-29 09:00:00,54,,
930,2024-02-29 09:00:00,54,,
931,2024-02-29 09:00:00,54,,
932,2024-02-29 09:00:00,54,,
933,2024-02-29 09:00:00,54,,
934,2024-02-29 09:00:00,54,,
935,2024-02-29 09:00:00,54,,
936,2024-02-29 09:00:00,54,,
937,2024-02-29 09:00:00,54,,
938,2024-02-29 09:00:00,54,,
939,2024-02-29 09:00:00,54,,
940,2024-02-29 09:00:00,54,,
941,2024-02-29 09:00:00,54,,
942,2024-02-29 09:00:00,54,,
943,2024-02-29 09:00:00,54,,
944,2024-02-29 09:00:00,54,,
945,2024-02-29 09:00:00,54,,
946,2024-02-29 09:00:00,54,,
947,2024-02-29 09:00:00,54,,
948,2024-02-29 09:00:00,54,,
949,2024-02-29 09:00:00,54,,
950,2024-02-29 09:00:00,54,,
951,2024-02-29 09:00:00,54,,
952,2024-02-29 09:00:00,54,,
953,2024-02-29 09:00:00,54,,
954,2024-02-29 09:00:00,54,,
955,2024-02-29 09:00:00,54,,
956,2024-02-29 09:00:00,54,,
957,2024-02-29 09:00:00,54,,
958,2024-02-29 09:00:00,54,,
959,2024-02-29 09:00:00,54,,
960,2024-02-29 09:00:00,54,,
961,2024-02-29 09:00:00,54,,
962,2024-02-29 09:00:00,54,,
963,2024-02-29 09:00:00,54,,
964,2024-02-29 09:00:00,54,,
965,2024-02-29 09:00:00,54,,
966,2024-02-29 09:00:00,54,,
967,2024-02-29 09:00:00,54,,
968,2024-02-29 09:00:00,54,,
969,2024-02-29 09:00:00,54,,
970,2024-02-29 09:00:00,54,,
971,2024-02-29 09:00:00,54,,
972,2024-02-29 09:00:00,54,,
973,2024-02-29 09:00:00,54,,
974,2024-02-29 09:00:00,54,,
975,2024-02-29 09:00:00,54,,
976,2024-02-29 09:00:00,54,,
977,2024-02-29 09:00:00,54,,
978,2024-02-29 09:00:00,54,,
979,2024-02-29 09:00:00,54,,
980,2024-02-29 09:00:00,54,,
981,2024-02-29 09:00:00,54,,
982,2024-02-29 09:00:00,54,,
983,2024-02-29 09:00:00,54,,
984,2024-02-29 09:00:00,54,,
985,2024-02-29 09:00:00,54,,
986,2024-02-29 09:00:00,54,,
987,2024-02-29 09:00:00,54,,
988,2024-02-29 09:00:00,54,,
989,2024-02-29 09:00:00,54,,
990,2024-02-29 09:00:00,54,,
991,2024-02-29 09:00:00,54,,
992,2024-02-29 09:00:00,54,,
993,2024-02-29 09:00:00,54,,
994,2024-02-29 09:00:00,54,,
995,2024-02-29 09:00:00,54,,
996,2024-02-29 09:00:00,54,,
997,2024-02-29 09:00:00,54,,
998,2024-02-29 09:00:00,54,,
999,2024-02-29 09:00:00,54,,
1000,2024-02-29 09:00:00,54,,
1001,2024-02-29 09:00:00,54,,
1002,2024-02-29 09:00:00,54,,
1003,2024-02-29 09:00:00,54,,
1004,2024-02-29 09:00:00,54,,
1005,2024-02-29 09:00:00,54,,
1006,2024-02-29 09:00:00,54,,
792,2024-02-29 09:10:00,55,,
793,2024-02-29 09:10:00,55,,
794,2024-02-29 09:10:00,55,,
795,2024-02-29 09:10:00,55,,
796,2024-02-29 09:10:00,55,,
797,2024-02-29 09:10:00,55,,
798,2024-02-29 09:10:00,55,,
799,2024-02-29 09:10:00,55,,
800,2024-02-29 09:10:00,55,,
801,2024-02-29 09:10:00,55,,
802,2024-02-29 09:10:00,55,,
803,2024-02-29 09:10:00,55,,
804,2024-02-29 09:10:00,55,,
805,2024-02-29 09:10:00,55,,
806,2024-02-29 09:10:00,55,,
807,2024-02-29 09:10:00,55,,
808,2024-02-29 09:10:00,55,,
809,2024-02-29 09:10:00,55,,
810,2024-02-29 09:10:00,55,,
811,2024-02-29 09:10:00,55,,
812,2024-02-29 09:10:00,55,,
813,2024-02-29 09:10:00,55,,
814,2024-02-29 09:10:00,55,,
815,2024-02-29 09:10:00,55,,
816,2024-02-29 09:10:00,55,,
817,2024-02-29 09:10:00,55,,
818,2024-02-29 09:10:00,55,,
819,2024-02-29 09:10:00,55,,
820,2024-02-29 09:10:00,55,,
821,2024-02-29 09:10:00,55,,
822,2024-02-29 09:10:00,55,,
823,2024-02-29 09:10:00,55,,
824,2024-02-29 09:10:00,55,,
825,2024-02-29 09:10:00,55,,
826,2024-02-29 09:10:00,55,,
827,2024-02-29 09:10:00,55,,
828,2024-02-29 09:10:00,55,,
829,2024-02-29 09:10:00,55,,
830,2024-02-29 09:10:00,55,,
831,2024-02-29 09:10:00,55,,
832,2024-02-29 09:10:00,55,,
833,2024-02-29 09:10:00,55,,
834,2024-02-29 09:10:00,55,,
835,2024-02-29 09:10:00,55,,
836,2024-02-29 09:10:00,55,,
837,2024-02-29 09:10:00,55,,
838,2024-02-29 09:10:00,55,,
839,2024-02-29 09:10:00,55,,
840,2024-02-29 09:10:00,55,,
841,2024-02-29 09:10:00,55,,
842,2024-02-29 09:10:00,55,,
843,2024-02-29 09:10:00,55,,
844,2024-02-29 09:10:00,55,,
845,2024-02-29 09:10:00,55,,
846,2024-02-29 09:10:00,55,,
847,2024-02-29 09:10:00,55,,
848,2024-02-29 09:10:00,55,,
849,2024-02-29 09:10:00,55,,
850,2024-02-29 09:10:00,55,,
851,2024-02-29 09:10:00,55,,
852,2024-02-29 09:10:00,55,,
853,2024-02-29 09:10:00,55,,
854,2024-02-29 09:10:00,55,,
855,2024-02-29 09:10:00,55,,
856,2024-02-29 09:10:00,55,,
857,2024-02-29 09:10:00,55,,
858,2024-02-29 09:10:00,55,,
859,2024-02-29 09:10:00,55,,
860,2024-02-29 09:10:00,55,,
861,2024-02-29 09:10:00,55,,
862,2024-02-29 09:10:00,55,,
863,2024-02-29 09:10:00,55,,
864,2024-02-29 09:10:00,55,,
865,2024-02-29 09:10:00,55,,
866,2024-02-29 09:10:00,55,,
867,2024-02-29 09:10:00,55,,
868,2024-02-29 09:10:00,55,,
869,2024-02-29 09:10:00,55,,
870,2024-02-29 09:10:00,55,,
871,2024-02-29 09:10:00,55,,
872,2024-02-29 09:10:00,55,,
873,2024-02-29 09:10:00,55,,
874,2024-02-29 09:10:00,55,,
875,2024-02-29 09:10:00,55,,
876,2024-02-29 09:10:00,55,,
877,2024-02-29 09:10:00,55,,
878,2024-02-29 09:10:00,55,,
879,2024-02-29 09:10:00,55,,
880,2024-02-29 09:10:00,55,,
881,2024-02-29 09:10:00,55,,
882,2024-02-29 09:10:00,55,,
883,2024-02-29 09:10:00,55,,
884,2024-02-29 09:10:00,55,,
885,2024-02-29 09:10:00,55,,
886,2024-02-29 09:10:00,55,,
887,2024-02-29 09:10:00,55,,
888,2024-02-29 09:10:00,55,,
889,2024-02-29 09:10:00,55,,
890,2024-02-29 09:10:00,55,,
891,2024-02-29 09:10:00,55,,
892,2024-02-29 09:10:00,55,,
893,2024-02-29 09:10:00,55,,
894,2024-02-29 09:10:00,55,,
895,2024-02-29 09:10:00,55,,
896,2024-02-29 09:10:00,55,,
897,2024-02-29 09:10:00,55,,
898,2024-02-29 09:10:00,55,,
899,2024-02-29 09:10:00,55,,
900,2024-02-29 09:10:00,55,,
901,2024-02-29 09:10:00,55,,
902,2024-02-29 09:10:00,55,,
903,2024-02-29 09:10:00,55,,
904,2024-02-29 09:10:00,55,,
905,2024-02-29 09:10:00,55,,
906,2024-02-29 09:10:00,55,,
907,2024-02-29 09:10:00,55,,
908,2024-02-29 09:10:00,55,,
909,2024-02-29 09:10:00,55,,
910,2024-02-29 09:10:00,55,,
911,2024-02-29 09:10:00,55,,
912,2024-02-29 09:10:00,55,,
913,2024-02-29 09:10:00,55,,
914,2024-02-29 09:10:00,55,,
915,2024-02-29 09:10:00,55,,
916,2024-02-29 09:10:00,55,,
917,2024-02-29 09:10:00,55,,
918,2024-02-29 09:10:00,55,,
919,2024-02-29 09:10:00,55,,
920,2024-02-29 09:10:00,55,,
921,2024-02-29 09:10:00,55,,
922,2024-02-29 09:10:00,55,,
923,2024-02-29 09:10:00,55,,
924,2024-02-29 09:10:00,55,,
925,2024-02-29 09:10:00,55,,
926,2024-02-29 09:10:00,55,,
927,2024-02-29 09:10:00,55,,
928,2024-02-29 09:10:00,55,,
929,2024-02-29 09:10:00,55,,
930,2024-02-29 09:10:00,55,,
931,2024-02-29 09:10:00,55,,
932,2024-02-29 09:10:00,55,,
933,2024-02-29 09:10:00,55,,
934,2024-02-29 09:10:00,55,,
935,2024-02-29 09:10:00,55,,
936,2024-02-29 09:10:00,55,,
937,2024-02-29 09:10:00,55,,
938,2024-02-29 09:10:00,55,,
939,2024-02-29 09:10:00,55,,
940,2024-02-29 09:10:00,55,,
941,2024-02-29 09:10:00,55,,
942,2024-02-29 09:10:00,55,,
943,2024-02-29 09:10:00,55,,
944,2024-02-29 09:10:00,55,,
945,2024-02-29 09:10:00,55,,
946,2024-02-29 09:10:00,55,,
947,2024-02-29 09:10:00,55,,
948,2024-02-29 09:10:00,55,,
949,2024-02-29 09:10:00,55,,
950,2024-02-29 09:10:00,55,,
951,2024-02-29 09:10:00,55,,
952,2024-02-29 09:10:00,55,,
953,2024-02-29 09:10:00,55,,
954,2024-02-29 09:10:00,55,,
955,2024-02-29 09:10:00,55,,
956,2024-02-29 09:10:00,55,,
957,2024-02-29 09:10:00,55,,
958,2024-02-29 09:10:00,55,,
959,2024-02-29 09:10:00,55,,
960,2024-02-29 09:10:00,55,,
961,2024-02-29 09:10:00,55,,
962,2024-02-29 09:10:00,55,,
963,2024-02-29 09:10:00,55,,
964,2024-02-29 09:10:00,55,,
965,2024-02-29 09:10:00,55,,
966,2024-02-29 09:10:00,55,,
967,2024-02-29 09:10:00,55,,
968,2024-02-29 09:10:00,55,,
969,2024-02-29 09:10:00,55,,
970,2024-02-29 09:10:00,55,,
971,2024-02-29 09:10:00,55,,
972,2024-02-29 09:10:00,55,,
973,2024-02-29 09:10:00,55,,
974,2024-02-29 09:10:00,55,,
975,2024-02-29 09:10:00,55,,
976,2024-02-29 09:10:00,55,,
977,2024-02-29 09:10:00,55,,
978,2024-02-29 09:10:00,55,,
979,2024-02-29 09:10:00,55,,
980,2024-02-29 09:10:00,55,,
981,2024-02-29 09:10:00,55,,
982,2024-02-29 09:10:00,55,,
983,2024-02-29 09:10:00,55,,
984,2024-02-29 09:10:00,55,,
985,2024-02-29 09:10:00,55,,
986,2024-02-29 09:10:00,55,,
987,2024-02-29 09:10:00,55,,
988,2024-02-29 09:10:00,55,,
989,2024-02-29 09:10:00,55,,
990,2024-02-29 09:10:00,55,,
991,2024-02-29 09:10:00,55,,
992,2024-02-29 09:10:00,55,,
993,2024-02-29 09:10:00,55,,
994,2024-02-29 09:10:00,55,,
995,2024-02-29 09:10:00,55,,
996,2024-02-29 09:10:00,55,,
997,2024-02-29 09:10:00,55,,
998,2024-02-29 09:10:00,55,,
999,2024-02-29 09:10:00,55,,
1000,2024-02-29 09:10:00,55,,
1001,2024-02-29 09:10:00,55,,
1002,2024-02-29 09:10:00,55,,
1003,2024-02-29 09:10:00,55,,
1004,2024-02-29 09:10:00,55,,
1005,2024-02-29 09:10:00,55,,
1006,2024-02-29 09:10:00,55,,
792,2024-02-29 09:20:00,56,,
793,2024-02-29 09:20:00,56,,
794,2024-02-29 09:20:00,56,,
795,2024-02-29 09:20:00,56,,
796,2024-02-29 09:20:00,56,,
797,2024-02-29 09:20:00,56,,
798,2024-02-29 09:20:00,56,,
799,2024-02-29 09:20:00,56,,
800,2024-02-29 09:20:00,56,,
801,2024-02-29 09:20:00,56,,
802,2024-02-29 09:20:00,56,,
803,2024-02-29 09:20:00,56,,
804,2024-02-29 09:20:00,56,,
805,2024-02-29 09:20:00,56,,
806,2024-02-29 09:20:00,56,,
807,2024-02-29 09:20:00,56,,
808,2024-02-29 09:20:00,56,,
809,2024-02-29 09:20:00,56,,
810,2024-02-29 09:20:00,56,,
811,2024-02-29 09:20:00,56,,
812,2024-02-29 09:20:00,56,,
813,2024-02-29 09:20:00,56,,
814,2024-02-29 09:20:00,56,,
815,2024-02-29 09:20:00,56,,
816,2024-02-29 09:20:00,56,,
817,2024-02-29 09:20:00,56,,
818,2024-02-29 09:20:00,56,,
819,2024-02-29 09:20:00,56,,
820,2024-02-29 09:20:00,56,,
821,2024-02-29 09:20:00,56,,
822,2024-02-29 09:20:00,56,,
823,2024-02-29 09:20:00,56,,
824,2024-02-29 09:20:00,56,,
825,2024-02-29 09:20:00,56,,
826,2024-02-29 09:20:00,56,,
827,2024-02-29 09:20:00,56,,
828,2024-02-29 09:20:00,56,,
829,2024-02-29 09:20:00,56,,
830,2024-02-29 09:20:00,56,,
831,2024-02-29 09:20:00,56,,
832,2024-02-29 09:20:00,56,,
833,2024-02-29 09:20:00,56,,
834,2024-02-29 09:20:00,56,,
835,2024-02-29 09:20:00,56,,
836,2024-02-29 09:20:00,56,,
837,2024-02-29 09:20:00,56,,
838,2024-02-29 09:20:00,56,,
839,2024-02-29 09:20:00,56,,
840,2024-02-29 09:20:00,56,,
841,2024-02-29 09:20:00,56,,
842,2024-02-29 09:20:00,56,,
843,2024-02-29 09:20:00,56,,
844,2024-02-29 09:20:00,56,,
845,2024-02-29 09:20:00,56,,
846,2024-02-29 09:20:00,56,,
847,2024-02-29 09:20:00,56,,
848,2024-02-29 09:20:00,56,,
849,2024-02-29 09:20:00,56,,
850,2024-02-29 09:20:00,56,,
851,2024-02-29 09:20:00,56,,
852,2024-02-29 09:20:00,56,,
853,2024-02-29 09:20:00,56,,
854,2024-02-29 09:20:00,56,,
855,2024-02-29 09:20:00,56,,
856,2024-02-29 09:20:00,56,,
857,2024-02-29 09:20:00,56,,
858,2024-02-29 09:20:00,56,,
859,2024-02-29 09:20:00,56,,
860,2024-02-29 09:20:00,56,,
861,2024-02-29 09:20:00,56,,
862,2024-02-29 09:20:00,56,,
863,2024-02-29 09:20:00,56,,
864,2024-02-29 09:20:00,56,,
865,2024-02-29 09:20:00,56,,
866,2024-02-29 09:20:00,56,,
867,2024-02-29 09:20:00,56,,
868,2024-02-29 09:20:00,56,,
869,2024-02-29 09:20:00,56,,
870,2024-02-29 09:20:00,56,,
871,2024-02-29 09:20:00,56,,
872,2024-02-29 09:20:00,56,,
873,2024-02-29 09:20:00,56,,
874,2024-02-29 09:20:00,56,,
875,2024-02-29 09:20:00,56,,
876,2024-02-29 09:20:00,56,,
877,2024-02-29 09:20:00,56,,
878,2024-02-29 09:20:00,56,,
879,2024-02-29 09:20:00,56,,
880,2024-02-29 09:20:00,56,,
881,2024-02-29 09:20:00,56,,
882,2024-02-29 09:20:00,56,,
883,2024-02-29 09:20:00,56,,
884,2024-02-29 09:20:00,56,,
885,2024-02-29 09:20:00,56,,
886,2024-02-29 09:20:00,56,,
887,2024-02-29 09:20:00,56,,
888,2024-02-29 09:20:00,56,,
889,2024-02-29 09:20:00,56,,
890,2024-02-29 09:20:00,56,,
891,2024-02-29 09:20:00,56,,
892,2024-02-29 09:20:00,56,,
893,2024-02-29 09:20:00,56,,
894,2024-02-29 09:20:00,56,,
895,2024-02-29 09:20:00,56,,
896,2024-02-29 09:20:00,56,,
897,2024-02-29 09:20:00,56,,
898,2024-02-29 09:20:00,56,,
899,2024-02-29 09:20:00,56,,
900,2024-02-29 09:20:00,56,,
901,2024-02-29 09:20:00,56,,
902,2024-02-29 09:20:00,56,,
903,2024-02-29 09:20:00,56,,
904,2024-02-29 09:20:00,56,,
905,2024-02-29 09:20:00,56,,
906,2024-02-29 09:20:00,56,,
907,2024-02-29 09:20:00,56,,
908,2024-02-29 09:20:00,56,,
909,2024-02-29 09:20:00,56,,
910,2024-02-29 09:20:00,56,,
911,2024-02-29 09:20:00,56,,
912,2024-02-29 09:20:00,56,,
913,2024-02-29 09:20:00,56,,
914,2024-02-29 09:20:00,56,,
915,2024-02-29 09:20:00,56,,
916,2024-02-29 09:20:00,56,,
917,2024-02-29 09:20:00,56,,
918,2024-02-29 09:20:00,56,,
919,2024-02-29 09:20:00,56,,
920,2024-02-29 09:20:00,56,,
921,2024-02-29 09:20:00,56,,
922,2024-02-29 09:20:00,56,,
923,2024-02-29 09:20:00,56,,
924,2024-02-29 09:20:00,56,,
925,2024-02-29 09:20:00,56,,
926,2024-02-29 09:20:00,56,,
927,2024-02-29 09:20:00,56,,
928,2024-02-29 09:20:00,56,,
929,2024-02-29 09:20:00,56,,
930,2024-02-29 09:20:00,56,,
931,2024-02-29 09:20:00,56,,
932,2024-02-29 09:20:00,56,,
933,2024-02-29 09:20:00,56,,
934,2024-02-29 09:20:00,56,,
935,2024-02-29 09:20:00,56,,
936,2024-02-29 09:20:00,56,,
937,2024-02-29 09:20:00,56,,
938,2024-02-29 09:20:00,56,,
939,2024-02-29 09:20:00,56,,
940,2024-02-29 09:20:00,56,,
941,2024-02-29 09:20:00,56,,
942,2024-02-29 09:20:00,56,,
943,2024-02-29 09:20:00,56,,
944,2024-02-29 09:20:00,56,,
945,2024-02-29 09:20:00,56,,
946,2024-02-29 09:20:00,56,,
947,2024-02-29 09:20:00,56,,
948,2024-02-29 09:20:00,56,,
949,2024-02-29 09:20:00,56,,
950,2024-02-29 09:20:00,56,,
951,2024-02-29 09:20:00,56,,
952,2024-02-29 09:20:00,56,,
953,2024-02-29 09:20:00,56,,
954,2024-02-29 09:20:00,56,,
955,2024-02-29 09:20:00,56,,
956,2024-02-29 09:20:00,56,,
957,2024-02-29 09:20:00,56,,
958,2024-02-29 09:20:00,56,,
959,2024-02-29 09:20:00,56,,
960,2024-02-29 09:20:00,56,,
961,2024-02-29 09:20:00,56,,
962,2024-02-29 09:20:00,56,,
963,2024-02-29 09:20:00,56,,
964,2024-02-29 09:20:00,56,,
965,2024-02-29 09:20:00,56,,
966,2024-02-29 09:20:00,56,,
967,2024-02-29 09:20:00,56,,
968,2024-02-29 09:20:00,56,,
969,2024-02-29 09:20:00,56,,
970,2024-02-29 09:20:00,56,,
971,2024-02-29 09:20:00,56,,
972,2024-02-29 09:20:00,56,,
973,2024-02-29 09:20:00,56,,
974,2024-02-29 09:20:00,56,,
975,2024-02-29 09:20:00,56,,
976,2024-02-29 09:20:00,56,,
977,2024-02-29 09:20:00,56,,
978,2024-02-29 09:20:00,56,,
979,2024-02-29 09:20:00,56,,
980,2024-02-29 09:20:00,56,,
981,2024-02-29 09:20:00,56,,
982,2024-02-29 09:20:00,56,,
983,2024-02-29 09:20:00,56,,
984,2024-02-29 09:20:00,56,,
985,2024-02-29 09:20:00,56,,
986,2024-02-29 09:20:00,56,,
987,2024-02-29 09:20:00,56,,
988,2024-02-29 09:20:00,56,,
989,2024-02-29 09:20:00,56,,
990,2024-02-29 09:20:00,56,,
991,2024-02-29 09:20:00,56,,
992,2024-02-29 09:20:00,56,,
993,2024-02-29 09:20:00,56,,
994,2024-02-29 09:20:00,56,,
995,2024-02-29 09:20:00,56,,
996,2024-02-29 09:20:00,56,,
997,2024-02-29 09:20:00,56,,
998,2024-02-29 09:20:00,56,,
999,2024-02-29 09:20:00,56,,
1000,2024-02-29 09:20:00,56,,
1001,2024-02-29 09:20:00,56,,
1002,2024-02-29 09:20:00,56,,
1003,2024-02-29 09:20:00,56,,
1004,2024-02-29 09:20:00,56,,
1005,2024-02-29 09:20:00,56,,
1006,2024-02-29 09:20:00,56,,
792,2024-02-29 09:30:00,57,,
793,2024-02-29 09:30:00,57,,
794,2024-02-29 09:30:00,57,,
795,2024-02-29 09:30:00,57,,
796,2024-02-29 09:30:00,57,,
797,2024-02-29 09:30:00,57,,
798,2024-02-29 09:30:00,57,,
799,2024-02-29 09:30:00,57,,
800,2024-02-29 09:30:00,57,,
801,2024-02-29 09:30:00,57,,
802,2024-02-29 09:30:00,57,,
803,2024-02-29 09:30:00,57,,
804,2024-02-29 09:30:00,57,,
805,2024-02-29 09:30:00,57,,
806,2024-02-29 09:30:00,57,,
807,2024-02-29 09:30:00,57,,
808,2024-02-29 09:30:00,57,,
809,2024-02-29 09:30:00,57,,
810,2024-02-29 09:30:00,57,,
811,2024-02-29 09:30:00,57,,
812,2024-02-29 09:30:00,57,,
813,2024-02-29 09:30:00,57,,
814,2024-02-29 09:30:00,57,,
815,2024-02-29 09:30:00,57,,
816,2024-02-29 09:30:00,57,,
817,2024-02-29 09:30:00,57,,
818,2024-02-29 09:30:00,57,,
819,2024-02-29 09:30:00,57,,
820,2024-02-29 09:30:00,57,,
821,2024-02-29 09:30:00,57,,
822,2024-02-29 09:30:00,57,,
823,2024-02-29 09:30:00,57,,
824,2024-02-29 09:30:00,57,,
825,2024-02-29 09:30:00,57,,
826,2024-02-29 09:30:00,57,,
827,2024-02-29 09:30:00,57,,
828,2024-02-29 09:30:00,57,,
829,2024-02-29 09:30:00,57,,
830,2024-02-29 09:30:00,57,,
831,2024-02-29 09:30:00,57,,
832,2024-02-29 09:30:00,57,,
833,2024-02-29 09:30:00,57,,
834,2024-02-29 09:30:00,57,,
835,2024-02-29 09:30:00,57,,
836,2024-02-29 09:30:00,57,,
837,2024-02-29 09:30:00,57,,
838,2024-02-29 09:30:00,57,,
839,2024-02-29 09:30:00,57,,
840,2024-02-29 09:30:00,57,,
841,2024-02-29 09:30:00,57,,
842,2024-02-29 09:30:00,57,,
843,2024-02-29 09:30:00,57,,
844,2024-02-29 09:30:00,57,,
845,2024-02-29 09:30:00,57,,
846,2024-02-29 09:30:00,57,,
847,2024-02-29 09:30:00,57,,
848,2024-02-29 09:30:00,57,,
849,2024-02-29 09:30:00,57,,
850,2024-02-29 09:30:00,57,,
851,2024-02-29 09:30:00,57,,
852,2024-02-29 09:30:00,57,,
853,2024-02-29 09:30:00,57,,
854,2024-02-29 09:30:00,57,,
855,2024-02-29 09:30:00,57,,
856,2024-02-29 09:30:00,57,,
857,2024-02-29 09:30:00,57,,
858,2024-02-29 09:30:00,57,,
859,2024-02-29 09:30:00,57,,
860,2024-02-29 09:30:00,57,,
861,2024-02-29 09:30:00,57,,
862,2024-02-29 09:30:00,57,,
863,2024-02-29 09:30:00,57,,
864,2024-02-29 09:30:00,57,,
865,2024-02-29 09:30:00,57,,
866,2024-02-29 09:30:00,57,,
867,2024-02-29 09:30:00,57,,
868,2024-02-29 09:30:00,57,,
869,2024-02-29 09:30:00,57,,
870,2024-02-29 09:30:00,57,,
871,2024-02-29 09:30:00,57,,
872,2024-02-29 09:30:00,57,,
873,2024-02-29 09:30:00,57,,
874,2024-02-29 09:30:00,57,,
875,2024-02-29 09:30:00,57,,
876,2024-02-29 09:30:00,57,,
877,2024-02-29 09:30:00,57,,
878,2024-02-29 09:30:00,57,,
879,2024-02-29 09:30:00,57,,
880,2024-02-29 09:30:00,57,,
881,2024-02-29 09:30:00,57,,
882,2024-02-29 09:30:00,57,,
883,2024-02-29 09:30:00,57,,
884,2024-02-29 09:30:00,57,,
885,2024-02-29 09:30:00,57,,
886,2024-02-29 09:30:00,57,,
887,2024-02-29 09:30:00,57,,
888,2024-02-29 09:30:00,57,,
889,2024-02-29 09:30:00,57,,
890,2024-02-29 09:30:00,57,,
891,2024-02-29 09:30:00,57,,
892,2024-02-29 09:30:00,57,,
893,2024-02-29 09:30:00,57,,
894,2024-02-29 09:30:00,57,,
895,2024-02-29 09:30:00,57,,
896,2024-02-29 09:30:00,57,,
897,2024-02-29 09:30:00,57,,
898,2024-02-29 09:30:00,57,,
899,2024-02-29 09:30:00,57,,
900,2024-02-29 09:30:00,57,,
901,2024-02-29 09:30:00,57,,
902,2024-02-29 09:30:00,57,,
903,2024-02-29 09:30:00,57,,
904,2024-02-29 09:30:00,57,,
905,2024-02-29 09:30:00,57,,
906,2024-02-29 09:30:00,57,,
907,2024-02-29 09:30:00,57,,
908,2024-02-29 09:30:00,57,,
909,2024-02-29 09:30:00,57,,
910,2024-02-29 09:30:00,57,,
911,2024-02-29 09:30:00,57,,
912,2024-02-29 09:30:00,57,,
913,2024-02-29 09:30:00,57,,
914,2024-02-29 09:30:00,57,,
915,2024-02-29 09:30:00,57,,
916,2024-02-29 09:30:00,57,,
917,2024-02-29 09:30:00,57,,
918,2024-02-29 09:30:00,57,,
919,2024-02-29 09:30:00,57,,
920,2024-02-29 09:30:00,57,,
921,2024-02-29 09:30:00,57,,
922,2024-02-29 09:30:00,57,,
923,2024-02-29 09:30:00,57,,
924,2024-02-29 09:30:00,57,,
925,2024-02-29 09:30:00,57,,
926,2024-02-29 09:30:00,57,,
927,2024-02-29 09:30:00,57,,
928,2024-02-29 09:30:00,57,,
929,2024-02-29 09:30:00,57,,
930,2024-02-29 09:30:00,57,,
931,2024-02-29 09:30:00,57,,
932,2024-02-29 09:30:00,57,,
933,2024-02-29 09:30:00,57,,
934,2024-02-29 09:30:00,57,,
935,2024-02-29 09:30:00,57,,
936,2024-02-29 09:30:00,57,,
937,2024-02-29 09:30:00,57,,
938,2024-02-29 09:30:00,57,,
939,2024-02-29 09:30:00,57,,
940,2024-02-29 09:30:00,57,,
941,2024-02-29 09:30:00,57,,
942,2024-02-29 09:30:00,57,,
943,2024-02-29 09:30:00,57,,
944,2024-02-29 09:30:00,57,,
945,2024-02-29 09:30:00,57,,
946,2024-02-29 09:30:00,57,,
947,2024-02-29 09:30:00,57,,
948,2024-02-29 09:30:00,57,,
949,2024-02-29 09:30:00,57,,
950,2024-02-29 09:30:00,57,,
951,2024-02-29 09:30:00,57,,
952,2024-02-29 09:30:00,57,,
953,2024-02-29 09:30:00,57,,
954,2024-02-29 09:30:00,57,,
955,2024-02-29 09:30:00,57,,
956,2024-02-29 09:30:00,57,,
957,2024-02-29 09:30:00,57,,
958,2024-02-29 09:30:00,57,,
959,2024-02-29 09:30:00,57,,
960,2024-02-29 09:30:00,57,,
961,2024-02-29 09:30:00,57,,
962,2024-02-29 09:30:00,57,,
963,2024-02-29 09:30:00,57,,
964,2024-02-29 09:30:00,57,,
965,2024-02-29 09:30:00,57,,
966,2024-02-29 09:30:00,57,,
967,2024-02-29 09:30:00,57,,
968,2024-02-29 09:30:00,57,,
969,2024-02-29 09:30:00,57,,
970,2024-02-29 09:30:00,57,,
971,2024-02-29 09:30:00,57,,
972,2024-02-29 09:30:00,57,,
973,2024-02-29 09:30:00,57,,
974,2024-02-29 09:30:00,57,,
975,2024-02-29 09:30:00,57,,
976,2024-02-29 09:30:00,57,,
977,2024-02-29 09:30:00,57,,
978,2024-02-29 09:30:00,57,,
979,2024-02-29 09:30:00,57,,
980,2024-02-29 09:30:00,57,,
981,2024-02-29 09:30:00,57,,
982,2024-02-29 09:30:00,57,,
983,2024-02-29 09:30:00,57,,
984,2024-02-29 09:30:00,57,,
985,2024-02-29 09:30:00,57,,
986,2024-02-29 09:30:00,57,,
987,2024-02-29 09:30:00,57,,
988,2024-02-29 09:30:00,57,,
989,2024-02-29 09:30:00,57,,
990,2024-02-29 09:30:00,57,,
991,2024-02-29 09:30:00,57,,
992,2024-02-29 09:30:00,57,,
993,2024-02-29 09:30:00,57,,
994,2024-02-29 09:30:00,57,,
995,2024-02-29 09:30:00,57,,
996,2024-02-29 09:30:00,57,,
997,2024-02-29 09:30:00,57,,
998,2024-02-29 09:30:00,57,,
999,2024-02-29 09:30:00,57,,
1000,2024-02-29 09:30:00,57,,
1001,2024-02-29 09:30:00,57,,
1002,2024-02-29 09:30:00,57,,
1003,2024-02-29 09:30:00,57,,
1004,2024-02-29 09:30:00,57,,
1005,2024-02-29 09:30:00,57,,
1006,2024-02-29 09:30:00,57,,
792,2024-02-29 09:40:00,58,,
793,2024-02-29 09:40:00,58,,
794,2024-02-29 09:40:00,58,,
795,2024-02-29 09:40:00,58,,
796,2024-02-29 09:40:00,58,,
797,2024-02-29 09:40:00,58,,
798,2024-02-29 09:40:00,58,,
799,2024-02-29 09:40:00,58,,
800,2024-02-29 09:40:00,58,,
801,2024-02-29 09:40:00,58,,
802,2024-02-29 09:40:00,58,,
803,2024-02-29 09:40:00,58,,
804,2024-02-29 09:40:00,58,,
805,2024-02-29 09:40:00,58,,
806,2024-02-29 09:40:00,58,,
807,2024-02-29 09:40:00,58,,
808,2024-02-29 09:40:00,58,,
809,2024-02-29 09:40:00,58,,
810,2024-02-29 09:40:00,58,,
811,2024-02-29 09:40:00,58,,
812,2024-02-29 09:40:00,58,,
813,2024-02-29 09:40:00,58,,
814,2024-02-29 09:40:00,58,,
815,2024-02-29 09:40:00,58,,
816,2024-02-29 09:40:00,58,,
817,2024-02-29 09:40:00,58,,
818,2024-02-29 09:40:00,58,,
819,2024-02-29 09:40:00,58,,
820,2024-02-29 09:40:00,58,,
821,2024-02-29 09:40:00,58,,
822,2024-02-29 09:40:00,58,,
823,2024-02-29 09:40:00,58,,
824,2024-02-29 09:40:00,58,,
825,2024-02-29 09:40:00,58,,
826,2024-02-29 09:40:00,58,,
827,2024-02-29 09:40:00,58,,
828,2024-02-29 09:40:00,58,,
829,2024-02-29 09:40:00,58,,
830,2024-02-29 09:40:00,58,,
831,2024-02-29 09:40:00,58,,
832,2024-02-29 09:40:00,58,,
833,2024-02-29 09:40:00,58,,
834,2024-02-29 09:40:00,58,,
835,2024-02-29 09:40:00,58,,
836,2024-02-29 09:40:00,58,,
837,2024-02-29 09:40:00,58,,
838,2024-02-29 09:40:00,58,,
839,2024-02-29 09:40:00,58,,
840,2024-02-29 09:40:00,58,,
841,2024-02-29 09:40:00,58,,
842,2024-02-29 09:40:00,58,,
843,2024-02-29 09:40:00,58,,
844,2024-02-29 09:40:00,58,,
845,2024-02-29 09:40:00,58,,
846,2024-02-29 09:40:00,58,,
847,2024-02-29 09:40:00,58,,
848,2024-02-29 09:40:00,58,,
849,2024-02-29 09:40:00,58,,
850,2024-02-29 09:40:00,58,,
851,2024-02-29 09:40:00,58,,
852,2024-02-29 09:40:00,58,,
853,2024-02-29 09:40:00,58,,
854,2024-02-29 09:40:00,58,,
855,2024-02-29 09:40:00,58,,
856,2024-02-29 09:40:00,58,,
857,2024-02-29 09:40:00,58,,
858,2024-02-29 09:40:00,58,,
859,2024-02-29 09:40:00,58,,
860,2024-02-29 09:40:00,58,,
861,2024-02-29 09:40:00,58,,
862,2024-02-29 09:40:00,58,,
863,2024-02-29 09:40:00,58,,
864,2024-02-29 09:40:00,58,,
865,2024-02-29 09:40:00,58,,
866,2024-02-29 09:40:00,58,,
867,2024-02-29 09:40:00,58,,
868,2024-02-29 09:40:00,58,,
869,2024-02-29 09:40:00,58,,
870,2024-02-29 09:40:00,58,,
871,2024-02-29 09:40:00,58,,
872,2024-02-29 09:40:00,58,,
873,2024-02-29 09:40:00,58,,
874,2024-02-29 09:40:00,58,,
875,2024-02-29 09:40:00,58,,
876,2024-02-29 09:40:00,58,,
877,2024-02-29 09:40:00,58,,
878,2024-02-29 09:40:00,58,,
879,2024-02-29 09:40:00,58,,
880,2024-02-29 09:40:00,58,,
881,2024-02-29 09:40:00,58,,
882,2024-02-29 09:40:00,58,,
883,2024-02-29 09:40:00,58,,
884,2024-02-29 09:40:00,58,,
885,2024-02-29 09:40:00,58,,
886,2024-02-29 09:40:00,58,,
887,2024-02-29 09:40:00,58,,
888,2024-02-29 09:40:00,58,,
889,2024-02-29 09:40:00,58,,
890,2024-02-29 09:40:00,58,,
891,2024-02-29 09:40:00,58,,
892,2024-02-29 09:40:00,58,,
893,2024-02-29 09:40:00,58,,
894,2024-02-29 09:40:00,58,,
895,2024-02-29 09:40:00,58,,
896,2024-02-29 09:40:00,58,,
897,2024-02-29 09:40:00,58,,
898,2024-02-29 09:40:00,58,,
899,2024-02-29 09:40:00,58,,
900,2024-02-29 09:40:00,58,,
901,2024-02-29 09:40:00,58,,
902,2024-02-29 09:40:00,58,,
903,2024-02-29 09:40:00,58,,
904,2024-02-29 09:40:00,58,,
905,2024-02-29 09:40:00,58,,
906,2024-02-29 09:40:00,58,,
907,2024-02-29 09:40:00,58,,
908,2024-02-29 09:40:00,58,,
909,2024-02-29 09:40:00,58,,
910,2024-02-29 09:40:00,58,,
911,2024-02-29 09:40:00,58,,
912,2024-02-29 09:40:00,58,,
913,2024-02-29 09:40:00,58,,
914,2024-02-29 09:40:00,58,,
915,2024-02-29 09:40:00,58,,
916,2024-02-29 09:40:00,58,,
917,2024-02-29 09:40:00,58,,
918,2024-02-29 09:40:00,58,,
919,2024-02-29 09:40:00,58,,
920,2024-02-29 09:40:00,58,,
921,2024-02-29 09:40:00,58,,
922,2024-02-29 09:40:00,58,,
923,2024-02-29 09:40:00,58,,
924,2024-02-29 09:40:00,58,,
925,2024-02-29 09:40:00,58,,
926,2024-02-29 09:40:00,58,,
927,2024-02-29 09:40:00,58,,
928,2024-02-29 09:40:00,58,,
929,2024-02-29 09:40:00,58,,
930,2024-02-29 09:40:00,58,,
931,2024-02-29 09:40:00,58,,
932,2024-02-29 09:40:00,58,,
933,2024-02-29 09:40:00,58,,
934,2024-02-29 09:40:00,58,,
935,2024-02-29 09:40:00,58,,
936,2024-02-29 09:40:00,58,,
937,2024-02-29 09:40:00,58,,
938,2024-02-29 09:40:00,58,,
939,2024-02-29 09:40:00,58,,
940,2024-02-29 09:40:00,58,,
941,2024-02-29 09:40:00,58,,
942,2024-02-29 09:40:00,58,,
943,2024-02-29 09:40:00,58,,
944,2024-02-29 09:40:00,58,,
945,2024-02-29 09:40:00,58,,
946,2024-02-29 09:40:00,58,,
947,2024-02-29 09:40:00,58,,
948,2024-02-29 09:40:00,58,,
949,2024-02-29 09:40:00,58,,
950,2024-02-29 09:40:00,58,,
951,2024-02-29 09:40:00,58,,
952,2024-02-29 09:40:00,58,,
953,2024-02-29 09:40:00,58,,
954,2024-02-29 09:40:00,58,,
955,2024-02-29 09:40:00,58,,
956,2024-02-29 09:40:00,58,,
957,2024-02-29 09:40:00,58,,
958,2024-02-29 09:40:00,58,,
959,2024-02-29 09:40:00,58,,
960,2024-02-29 09:40:00,58,,
961,2024-02-29 09:40:00,58,,
962,2024-02-29 09:40:00,58,,
963,2024-02-29 09:40:00,58,,
964,2024-02-29 09:40:00,58,,
965,2024-02-29 09:40:00,58,,
966,2024-02-29 09:40:00,58,,
967,2024-02-29 09:40:00,58,,
968,2024-02-29 09:40:00,58,,
969,2024-02-29 09:40:00,58,,
970,2024-02-29 09:40:00,58,,
971,2024-02-29 09:40:00,58,,
972,2024-02-29 09:40:00,58,,
973,2024-02-29 09:40:00,58,,
974,2024-02-29 09:40:00,58,,
975,2024-02-29 09:40:00,58,,
976,2024-02-29 09:40:00,58,,
977,2024-02-29 09:40:00,58,,
978,2024-02-29 09:40:00,58,,
979,2024-02-29 09:40:00,58,,
980,2024-02-29 09:40:00,58,,
981,2024-02-29 09:40:00,58,,
982,2024-02-29 09:40:00,58,,
983,2024-02-29 09:40:00,58,,
984,2024-02-29 09:40:00,58,,
985,2024-02-29 09:40:00,58,,
986,2024-02-29 09:40:00,58,,
987,2024-02-29 09:40:00,58,,
988,2024-02-29 09:40:00,58,,
989,2024-02-29 09:40:00,58,,
990,2024-02-29 09:40:00,58,,
991,2024-02-29 09:40:00,58,,
992,2024-02-29 09:40:00,58,,
993,2024-02-29 09:40:00,58,,
994,2024-02-29 09:40:00,58,,
995,2024-02-29 09:40:00,58,,
996,2024-02-29 09:40:00,58,,
997,2024-02-29 09:40:00,58,,
998,2024-02-29 09:40:00,58,,
999,2024-02-29 09:40:00,58,,
1000,2024-02-29 09:40:00,58,,
1001,2024-02-29 09:40:00,58,,
1002,2024-02-29 09:40:00,58,,
1003,2024-02-29 09:40:00,58,,
1004,2024-02-29 09:40:00,58,,
1005,2024-02-29 09:40:00,58,,
1006,2024-02-29 09:40:00,58,,
792,2024-02-29 09:50:00,59,,
793,2024-02-29 09:50:00,59,,
794,2024-02-29 09:50:00,59,,
795,2024-02-29 09:50:00,59,,
796,2024-02-29 09:50:00,59,,
797,2024-02-29 09:50:00,59,,
798,2024-02-29 09:50:00,59,,
799,2024-02-29 09:50:00,59,,
800,2024-02-29 09:50:00,59,,
801,2024-02-29 09:50:00,59,,
802,2024-02-29 09:50:00,59,,
803,2024-02-29 09:50:00,59,,
804,2024-02-29 09:50:00,59,,
805,2024-02-29 09:50:00,59,,
806,2024-02-29 09:50:00,59,,
807,2024-02-29 09:50:00,59,,
808,2024-02-29 09:50:00,59,,
809,2024-02-29 09:50:00,59,,
810,2024-02-29 09:50:00,59,,
811,2024-02-29 09:50:00,59,,
812,2024-02-29 09:50:00,59,,
813,2024-02-29 09:50:00,59,,
814,2024-02-29 09:50:00,59,,
815,2024-02-29 09:50:00,59,,
816,2024-02-29 09:50:00,59,,
817,2024-02-29 09:50:00,59,,
818,2024-02-29 09:50:00,59,,
819,2024-02-29 09:50:00,59,,
820,2024-02-29 09:50:00,59,,
821,2024-02-29 09:50:00,59,,
822,2024-02-29 09:50:00,59,,
823,2024-02-29 09:50:00,59,,
824,2024-02-29 09:50:00,59,,
825,2024-02-29 09:50:00,59,,
826,2024-02-29 09:50:00,59,,
827,2024-02-29 09:50:00,59,,
828,2024-02-29 09:50:00,59,,
829,2024-02-29 09:50:00,59,,
830,2024-02-29 09:50:00,59,,
831,2024-02-29 09:50:00,59,,
832,2024-02-29 09:50:00,59,,
833,2024-02-29 09:50:00,59,,
834,2024-02-29 09:50:00,59,,
835,2024-02-29 09:50:00,59,,
836,2024-02-29 09:50:00,59,,
837,2024-02-29 09:50:00,59,,
838,2024-02-29 09:50:00,59,,
839,2024-02-29 09:50:00,59,,
840,2024-02-29 09:50:00,59,,
841,2024-02-29 09:50:00,59,,
842,2024-02-29 09:50:00,59,,
843,2024-02-29 09:50:00,59,,
844,2024-02-29 09:50:00,59,,
845,2024-02-29 09:50:00,59,,
846,2024-02-29 09:50:00,59,,
847,2024-02-29 09:50:00,59,,
848,2024-02-29 09:50:00,59,,
849,2024-02-29 09:50:00,59,,
850,2024-02-29 09:50:00,59,,
851,2024-02-29 09:50:00,59,,
852,2024-02-29 09:50:00,59,,
853,2024-02-29 09:50:00,59,,
854,2024-02-29 09:50:00,59,,
855,2024-02-29 09:50:00,59,,
856,2024-02-29 09:50:00,59,,
857,2024-02-29 09:50:00,59,,
858,2024-02-29 09:50:00,59,,
859,2024-02-29 09:50:00,59,,
860,2024-02-29 09:50:00,59,,
861,2024-02-29 09:50:00,59,,
862,2024-02-29 09:50:00,59,,
863,2024-02-29 09:50:00,59,,
864,2024-02-29 09:50:00,59,,
865,2024-02-29 09:50:00,59,,
866,2024-02-29 09:50:00,59,,
867,2024-02-29 09:50:00,59,,
868,2024-02-29 09:50:00,59,,
869,2024-02-29 09:50:00,59,,
870,2024-02-29 09:50:00,59,,
871,2024-02-29 09:50:00,59,,
872,2024-02-29 09:50:00,59,,
873,2024-02-29 09:50:00,59,,
874,2024-02-29 09:50:00,59,,
875,2024-02-29 09:50:00,59,,
876,2024-02-29 09:50:00,59,,
877,2024-02-29 09:50:00,59,,
878,2024-02-29 09:50:00,59,,
879,2024-02-29 09:50:00,59,,
880,2024-02-29 09:50:00,59,,
881,2024-02-29 09:50:00,59,,
882,2024-02-29 09:50:00,59,,
883,2024-02-29 09:50:00,59,,
884,2024-02-29 09:50:00,59,,
885,2024-02-29 09:50:00,59,,
886,2024-02-29 09:50:00,59,,
887,2024-02-29 09:50:00,59,,
888,2024-02-29 09:50:00,59,,
889,2024-02-29 09:50:00,59,,
890,2024-02-29 09:50:00,59,,
891,2024-02-29 09:50:00,59,,
892,2024-02-29 09:50:00,59,,
893,2024-02-29 09:50:00,59,,
894,2024-02-29 09:50:00,59,,
895,2024-02-29 09:50:00,59,,
896,2024-02-29 09:50:00,59,,
897,2024-02-29 09:50:00,59,,
898,2024-02-29 09:50:00,59,,
899,2024-02-29 09:50:00,59,,
900,2024-02-29 09:50:00,59,,
901,2024-02-29 09:50:00,59,,
902,2024-02-29 09:50:00,59,,
903,2024-02-29 09:50:00,59,,
904,2024-02-29 09:50:00,59,,
905,2024-02-29 09:50:00,59,,
906,2024-02-29 09:50:00,59,,
907,2024-02-29 09:50:00,59,,
908,2024-02-29 09:50:00,59,,
909,2024-02-29 09:50:00,59,,
910,2024-02-29 09:50:00,59,,
911,2024-02-29 09:50:00,59,,
912,2024-02-29 09:50:00,59,,
913,2024-02-29 09:50:00,59,,
914,2024-02-29 09:50:00,59,,
915,2024-02-29 09:50:00,59,,
916,2024-02-29 09:50:00,59,,
917,2024-02-29 09:50:00,59,,
918,2024-02-29 09:50:00,59,,
919,2024-02-29 09:50:00,59,,
920,2024-02-29 09:50:00,59,,
921,2024-02-29 09:50:00,59,,
922,2024-02-29 09:50:00,59,,
923,2024-02-29 09:50:00,59,,
924,2024-02-29 09:50:00,59,,
925,2024-02-29 09:50:00,59,,
926,2024-02-29 09:50:00,59,,
927,2024-02-29 09:50:00,59,,
928,2024-02-29 09:50:00,59,,
929,2024-02-29 09:50:00,59,,
930,2024-02-29 09:50:00,59,,
931,2024-02-29 09:50:00,59,,
932,2024-02-29 09:50:00,59,,
933,2024-02-29 09:50:00,59,,
934,2024-02-29 09:50:00,59,,
935,2024-02-29 09:50:00,59,,
936,2024-02-29 09:50:00,59,,
937,2024-02-29 09:50:00,59,,
938,2024-02-29 09:50:00,59,,
939,2024-02-29 09:50:00,59,,
940,2024-02-29 09:50:00,59,,
941,2024-02-29 09:50:00,59,,
942,2024-02-29 09:50:00,59,,
943,2024-02-29 09:50:00,59,,
944,2024-02-29 09:50:00,59,,
945,2024-02-29 09:50:00,59,,
946,2024-02-29 09:50:00,59,,
947,2024-02-29 09:50:00,59,,
948,2024-02-29 09:50:00,59,,
949,2024-02-29 09:50:00,59,,
950,2024-02-29 09:50:00,59,,
951,2024-02-29 09:50:00,59,,
952,2024-02-29 09:50:00,59,,
953,2024-02-29 09:50:00,59,,
954,2024-02-29 09:50:00,59,,
955,2024-02-29 09:50:00,59,,
956,2024-02-29 09:50:00,59,,
957,2024-02-29 09:50:00,59,,
958,2024-02-29 09:50:00,59,,
959,2024-02-29 09:50:00,59,,
960,2024-02-29 09:50:00,59,,
961,2024-02-29 09:50:00,59,,
962,2024-02-29 09:50:00,59,,
963,2024-02-29 09:50:00,59,,
964,2024-02-29 09:50:00,59,,
965,2024-02-29 09:50:00,59,,
966,2024-02-29 09:50:00,59,,
967,2024-02-29 09:50:00,59,,
968,2024-02-29 09:50:00,59,,
969,2024-02-29 09:50:00,59,,
970,2024-02-29 09:50:00,59,,
971,2024-02-29 09:50:00,59,,
972,2024-02-29 09:50:00,59,,
973,2024-02-29 09:50:00,59,,
974,2024-02-29 09:50:00,59,,
975,2024-02-29 09:50:00,59,,
976,2024-02-29 09:50:00,59,,
977,2024-02-29 09:50:00,59,,
978,2024-02-29 09:50:00,59,,
979,2024-02-29 09:50:00,59,,
980,2024-02-29 09:50:00,59,,
981,2024-02-29 09:50:00,59,,
982,2024-02-29 09:50:00,59,,
983,2024-02-29 09:50:00,59,,
984,2024-02-29 09:50:00,59,,
985,2024-02-29 09:50:00,59,,
986,2024-02-29 09:50:00,59,,
987,2024-02-29 09:50:00,59,,
988,2024-02-29 09:50:00,59,,
989,2024-02-29 09:50:00,59,,
990,2024-02-29 09:50:00,59,,
991,2024-02-29 09:50:00,59,,
992,2024-02-29 09:50:00,59,,
993,2024-02-29 09:50:00,59,,
994,2024-02-29 09:50:00,59,,
995,2024-02-29 09:50:00,59,,
996,2024-02-29 09:50:00,59,,
997,2024-02-29 09:50:00,59,,
998,2024-02-29 09:50:00,59,,
999,2024-02-29 09:50:00,59,,
1000,2024-02-29 09:50:00,59,,
1001,2024-02-29 09:50:00,59,,
1002,2024-02-29 09:50:00,59,,
1003,2024-02-29 09:50:00,59,,
1004,2024-02-29 09:50:00,59,,
1005,2024-02-29 09:50:00,59,,
1006,2024-02-29 09:50:00,59,,
792,2024-02-29 10:00:00,60,,
793,2024-02-29 10:00:00,60,,
794,2024-02-29 10:00:00,60,,
795,2024-02-29 10:00:00,60,,
796,2024-02-29 10:00:00,60,,
797,2024-02-29 10:00:00,60,,
798,2024-02-29 10:00:00,60,,
799,2024-02-29 10:00:00,60,,
800,2024-02-29 10:00:00,60,,
801,2024-02-29 10:00:00,60,,
802,2024-02-29 10:00:00,60,,
803,2024-02-29 10:00:00,60,,
804,2024-02-29 10:00:00,60,,
805,2024-02-29 10:00:00,60,,
806,2024-02-29 10:00:00,60,,
807,2024-02-29 10:00:00,60,,
808,2024-02-29 10:00:00,60,,
809,2024-02-29 10:00:00,60,,
810,2024-02-29 10:00:00,60,,
811,2024-02-29 10:00:00,60,,
812,2024-02-29 10:00:00,60,,
813,2024-02-29 10:00:00,60,,
814,2024-02-29 10:00:00,60,,
815,2024-02-29 10:00:00,60,,
816,2024-02-29 10:00:00,60,,
817,2024-02-29 10:00:00,60,,
818,2024-02-29 10:00:00,60,,
819,2024-02-29 10:00:00,60,,
820,2024-02-29 10:00:00,60,,
821,2024-02-29 10:00:00,60,,
822,2024-02-29 10:00:00,60,,
823,2024-02-29 10:00:00,60,,
824,2024-02-29 10:00:00,60,,
825,2024-02-29 10:00:00,60,,
826,2024-02-29 10:00:00,60,,
827,2024-02-29 10:00:00,60,,
828,2024-02-29 10:00:00,60,,
829,2024-02-29 10:00:00,60,,
830,2024-02-29 10:00:00,60,,
831,2024-02-29 10:00:00,60,,
832,2024-02-29 10:00:00,60,,
833,2024-02-29 10:00:00,60,,
834,2024-02-29 10:00:00,60,,
835,2024-02-29 10:00:00,60,,
836,2024-02-29 10:00:00,60,,
837,2024-02-29 10:00:00,60,,
838,2024-02-29 10:00:00,60,,
839,2024-02-29 10:00:00,60,,
840,2024-02-29 10:00:00,60,,
841,2024-02-29 10:00:00,60,,
842,2024-02-29 10:00:00,60,,
843,2024-02-29 10:00:00,60,,
844,2024-02-29 10:00:00,60,,
845,2024-02-29 10:00:00,60,,
846,2024-02-29 10:00:00,60,,
847,2024-02-29 10:00:00,60,,
848,2024-02-29 10:00:00,60,,
849,2024-02-29 10:00:00,60,,
850,2024-02-29 10:00:00,60,,
851,2024-02-29 10:00:00,60,,
852,2024-02-29 10:00:00,60,,
853,2024-02-29 10:00:00,60,,
854,2024-02-29 10:00:00,60,,
855,2024-02-29 10:00:00,60,,
856,2024-02-29 10:00:00,60,,
857,2024-02-29 10:00:00,60,,
858,2024-02-29 10:00:00,60,,
859,2024-02-29 10:00:00,60,,
860,2024-02-29 10:00:00,60,,
861,2024-02-29 10:00:00,60,,
862,2024-02-29 10:00:00,60,,
863,2024-02-29 10:00:00,60,,
864,2024-02-29 10:00:00,60,,
865,2024-02-29 10:00:00,60,,
866,2024-02-29 10:00:00,60,,
867,2024-02-29 10:00:00,60,,
868,2024-02-29 10:00:00,60,,
869,2024-02-29 10:00:00,60,,
870,2024-02-29 10:00:00,60,,
871,2024-02-29 10:00:00,60,,
872,2024-02-29 10:00:00,60,,
873,2024-02-29 10:00:00,60,,
874,2024-02-29 10:00:00,60,,
875,2024-02-29 10:00:00,60,,
876,2024-02-29 10:00:00,60,,
877,2024-02-29 10:00:00,60,,
878,2024-02-29 10:00:00,60,,
879,2024-02-29 10:00:00,60,,
880,2024-02-29 10:00:00,60,,
881,2024-02-29 10:00:00,60,,
882,2024-02-29 10:00:00,60,,
883,2024-02-29 10:00:00,60,,
884,2024-02-29 10:00:00,60,,
885,2024-02-29 10:00:00,60,,
886,2024-02-29 10:00:00,60,,
887,2024-02-29 10:00:00,60,,
888,2024-02-29 10:00:00,60,,
889,2024-02-29 10:00:00,60,,
890,2024-02-29 10:00:00,60,,
891,2024-02-29 10:00:00,60,,
892,2024-02-29 10:00:00,60,,
893,2024-02-29 10:00:00,60,,
894,2024-02-29 10:00:00,60,,
895,2024-02-29 10:00:00,60,,
896,2024-02-29 10:00:00,60,,
897,2024-02-29 10:00:00,60,,
898,2024-02-29 10:00:00,60,,
899,2024-02-29 10:00:00,60,,
900,2024-02-29 10:00:00,60,,
901,2024-02-29 10:00:00,60,,
902,2024-02-29 10:00:00,60,,
903,2024-02-29 10:00:00,60,,
904,2024-02-29 10:00:00,60,,
905,2024-02-29 10:00:00,60,,
906,2024-02-29 10:00:00,60,,
907,2024-02-29 10:00:00,60,,
908,2024-02-29 10:00:00,60,,
909,2024-02-29 10:00:00,60,,
910,2024-02-29 10:00:00,60,,
911,2024-02-29 10:00:00,60,,
912,2024-02-29 10:00:00,60,,
913,2024-02-29 10:00:00,60,,
914,2024-02-29 10:00:00,60,,
915,2024-02-29 10:00:00,60,,
916,2024-02-29 10:00:00,60,,
917,2024-02-29 10:00:00,60,,
918,2024-02-29 10:00:00,60,,
919,2024-02-29 10:00:00,60,,
920,2024-02-29 10:00:00,60,,
921,2024-02-29 10:00:00,60,,
922,2024-02-29 10:00:00,60,,
923,2024-02-29 10:00:00,60,,
924,2024-02-29 10:00:00,60,,
925,2024-02-29 10:00:00,60,,
926,2024-02-29 10:00:00,60,,
927,2024-02-29 10:00:00,60,,
928,2024-02-29 10:00:00,60,,
929,2024-02-29 10:00:00,60,,
930,2024-02-29 10:00:00,60,,
931,2024-02-29 10:00:00,60,,
932,2024-02-29 10:00:00,60,,
933,2024-02-29 10:00:00,60,,
934,2024-02-29 10:00:00,60,,
935,2024-02-29 10:00:00,60,,
936,2024-02-29 10:00:00,60,,
937,2024-02-29 10:00:00,60,,
938,2024-02-29 10:00:00,60,,
939,2024-02-29 10:00:00,60,,
940,2024-02-29 10:00:00,60,,
941,2024-02-29 10:00:00,60,,
942,2024-02-29 10:00:00,60,,
943,2024-02-29 10:00:00,60,,
944,2024-02-29 10:00:00,60,,
945,2024-02-29 10:00:00,60,,
946,2024-02-29 10:00:00,60,,
947,2024-02-29 10:00:00,60,,
948,2024-02-29 10:00:00,60,,
949,2024-02-29 10:00:00,60,,
950,2024-02-29 10:00:00,60,,
951,2024-02-29 10:00:00,60,,
952,2024-02-29 10:00:00,60,,
953,2024-02-29 10:00:00,60,,
954,2024-02-29 10:00:00,60,,
955,2024-02-29 10:00:00,60,,
956,2024-02-29 10:00:00,60,,
957,2024-02-29 10:00:00,60,,
958,2024-02-29 10:00:00,60,,
959,2024-02-29 10:00:00,60,,
960,2024-02-29 10:00:00,60,,
961,2024-02-29 10:00:00,60,,
962,2024-02-29 10:00:00,60,,
963,2024-02-29 10:00:00,60,,
964,2024-02-29 10:00:00,60,,
965,2024-02-29 10:00:00,60,,
966,2024-02-29 10:00:00,60,,
967,2024-02-29 10:00:00,60,,
968,2024-02-29 10:00:00,60,,
969,2024-02-29 10:00:00,60,,
970,2024-02-29 10:00:00,60,,
971,2024-02-29 10:00:00,60,,
972,2024-02-29 10:00:00,60,,
973,2024-02-29 10:00:00,60,,
974,2024-02-29 10:00:00,60,,
975,2024-02-29 10:00:00,60,,
976,2024-02-29 10:00:00,60,,
977,2024-02-29 10:00:00,60,,
978,2024-02-29 10:00:00,60,,
979,2024-02-29 10:00:00,60,,
980,2024-02-29 10:00:00,60,,
981,2024-02-29 10:00:00,60,,
982,2024-02-29 10:00:00,60,,
983,2024-02-29 10:00:00,60,,
984,2024-02-29 10:00:00,60,,
985,2024-02-29 10:00:00,60,,
986,2024-02-29 10:00:00,60,,
987,2024-02-29 10:00:00,60,,
988,2024-02-29 10:00:00,60,,
989,2024-02-29 10:00:00,60,,
990,2024-02-29 10:00:00,60,,
991,2024-02-29 10:00:00,60,,
992,2024-02-29 10:00:00,60,,
993,2024-02-29 10:00:00,60,,
994,2024-02-29 10:00:00,60,,
995,2024-02-29 10:00:00,60,,
996,2024-02-29 10:00:00,60,,
997,2024-02-29 10:00:00,60,,
998,2024-02-29 10:00:00,60,,
999,2024-02-29 10:00:00,60,,
1000,2024-02-29 10:00:00,60,,
1001,2024-02-29 10:00:00,60,,
1002,2024-02-29 10:00:00,60,,
1003,2024-02-29 10:00:00,60,,
1004,2024-02-29 10:00:00,60,,
1005,2024-02-29 10:00:00,60,,
1006,2024-02-29 10:00:00,60,,
792,2024-02-29 10:10:00,61,,
793,2024-02-29 10:10:00,61,,
794,2024-02-29 10:10:00,61,,
795,2024-02-29 10:10:00,61,,
796,2024-02-29 10:10:00,61,,
797,2024-02-29 10:10:00,61,,
798,2024-02-29 10:10:00,61,,
799,2024-02-29 10:10:00,61,,
800,2024-02-29 10:10:00,61,,
801,2024-02-29 10:10:00,61,,
802,2024-02-29 10:10:00,61,,
803,2024-02-29 10:10:00,61,,
804,2024-02-29 10:10:00,61,,
805,2024-02-29 10:10:00,61,,
806,2024-02-29 10:10:00,61,,
807,2024-02-29 10:10:00,61,,
808,2024-02-29 10:10:00,61,,
809,2024-02-29 10:10:00,61,,
810,2024-02-29 10:10:00,61,,
811,2024-02-29 10:10:00,61,,
812,2024-02-29 10:10:00,61,,
813,2024-02-29 10:10:00,61,,
814,2024-02-29 10:10:00,61,,
815,2024-02-29 10:10:00,61,,
816,2024-02-29 10:10:00,61,,
817,2024-02-29 10:10:00,61,,
818,2024-02-29 10:10:00,61,,
819,2024-02-29 10:10:00,61,,
820,2024-02-29 10:10:00,61,,
821,2024-02-29 10:10:00,61,,
822,2024-02-29 10:10:00,61,,
823,2024-02-29 10:10:00,61,,
824,2024-02-29 10:10:00,61,,
825,2024-02-29 10:10:00,61,,
826,2024-02-29 10:10:00,61,,
827,2024-02-29 10:10:00,61,,
828,2024-02-29 10:10:00,61,,
829,2024-02-29 10:10:00,61,,
830,2024-02-29 10:10:00,61,,
831,2024-02-29 10:10:00,61,,
832,2024-02-29 10:10:00,61,,
833,2024-02-29 10:10:00,61,,
834,2024-02-29 10:10:00,61,,
835,2024-02-29 10:10:00,61,,
836,2024-02-29 10:10:00,61,,
837,2024-02-29 10:10:00,61,,
838,2024-02-29 10:10:00,61,,
839,2024-02-29 10:10:00,61,,
840,2024-02-29 10:10:00,61,,
841,2024-02-29 10:10:00,61,,
842,2024-02-29 10:10:00,61,,
843,2024-02-29 10:10:00,61,,
844,2024-02-29 10:10:00,61,,
845,2024-02-29 10:10:00,61,,
846,2024-02-29 10:10:00,61,,
847,2024-02-29 10:10:00,61,,
848,2024-02-29 10:10:00,61,,
849,2024-02-29 10:10:00,61,,
850,2024-02-29 10:10:00,61,,
851,2024-02-29 10:10:00,61,,
852,2024-02-29 10:10:00,61,,
853,2024-02-29 10:10:00,61,,
854,2024-02-29 10:10:00,61,,
855,2024-02-29 10:10:00,61,,
856,2024-02-29 10:10:00,61,,
857,2024-02-29 10:10:00,61,,
858,2024-02-29 10:10:00,61,,
859,2024-02-29 10:10:00,61,,
860,2024-02-29 10:10:00,61,,
861,2024-02-29 10:10:00,61,,
862,2024-02-29 10:10:00,61,,
863,2024-02-29 10:10:00,61,,
864,2024-02-29 10:10:00,61,,
865,2024-02-29 10:10:00,61,,
866,2024-02-29 10:10:00,61,,
867,2024-02-29 10:10:00,61,,
868,2024-02-29 10:10:00,61,,
869,2024-02-29 10:10:00,61,,
870,2024-02-29 10:10:00,61,,
871,2024-02-29 10:10:00,61,,
872,2024-02-29 10:10:00,61,,
873,2024-02-29 10:10:00,61,,
874,2024-02-29 10:10:00,61,,
875,2024-02-29 10:10:00,61,,
876,2024-02-29 10:10:00,61,,
877,2024-02-29 10:10:00,61,,
878,2024-02-29 10:10:00,61,,
879,2024-02-29 10:10:00,61,,
880,2024-02-29 10:10:00,61,,
881,2024-02-29 10:10:00,61,,
882,2024-02-29 10:10:00,61,,
883,2024-02-29 10:10:00,61,,
884,2024-02-29 10:10:00,61,,
885,2024-02-29 10:10:00,61,,
886,2024-02-29 10:10:00,61,,
887,2024-02-29 10:10:00,61,,
888,2024-02-29 10:10:00,61,,
889,2024-02-29 10:10:00,61,,
890,2024-02-29 10:10:00,61,,
891,2024-02-29 10:10:00,61,,
892,2024-02-29 10:10:00,61,,
893,2024-02-29 10:10:00,61,,
894,2024-02-29 10:10:00,61,,
895,2024-02-29 10:10:00,61,,
896,2024-02-29 10:10:00,61,,
897,2024-02-29 10:10:00,61,,
898,2024-02-29 10:10:00,61,,
899,2024-02-29 10:10:00,61,,
900,2024-02-29 10:10:00,61,,
901,2024-02-29 10:10:00,61,,
902,2024-02-29 10:10:00,61,,
903,2024-02-29 10:10:00,61,,
904,2024-02-29 10:10:00,61,,
905,2024-02-29 10:10:00,61,,
906,2024-02-29 10:10:00,61,,
907,2024-02-29 10:10:00,61,,
908,2024-02-29 10:10:00,61,,
909,2024-02-29 10:10:00,61,,
910,2024-02-29 10:10:00,61,,
911,2024-02-29 10:10:00,61,,
912,2024-02-29 10:10:00,61,,
913,2024-02-29 10:10:00,61,,
914,2024-02-29 10:10:00,61,,
915,2024-02-29 10:10:00,61,,
916,2024-02-29 10:10:00,61,,
917,2024-02-29 10:10:00,61,,
918,2024-02-29 10:10:00,61,,
919,2024-02-29 10:10:00,61,,
920,2024-02-29 10:10:00,61,,
921,2024-02-29 10:10:00,61,,
922,2024-02-29 10:10:00,61,,
923,2024-02-29 10:10:00,61,,
924,2024-02-29 10:10:00,61,,
925,2024-02-29 10:10:00,61,,
926,2024-02-29 10:10:00,61,,
927,2024-02-29 10:10:00,61,,
928,2024-02-29 10:10:00,61,,
929,2024-02-29 10:10:00,61,,
930,2024-02-29 10:10:00,61,,
931,2024-02-29 10:10:00,61,,
932,2024-02-29 10:10:00,61,,
933,2024-02-29 10:10:00,61,,
934,2024-02-29 10:10:00,61,,
935,2024-02-29 10:10:00,61,,
936,2024-02-29 10:10:00,61,,
937,2024-02-29 10:10:00,61,,
938,2024-02-29 10:10:00,61,,
939,2024-02-29 10:10:00,61,,
940,2024-02-29 10:10:00,61,,
941,2024-02-29 10:10:00,61,,
942,2024-02-29 10:10:00,61,,
943,2024-02-29 10:10:00,61,,
944,2024-02-29 10:10:00,61,,
945,2024-02-29 10:10:00,61,,
946,2024-02-29 10:10:00,61,,
947,2024-02-29 10:10:00,61,,
948,2024-02-29 10:10:00,61,,
949,2024-02-29 10:10:00,61,,
950,2024-02-29 10:10:00,61,,
951,2024-02-29 10:10:00,61,,
952,2024-02-29 10:10:00,61,,
953,2024-02-29 10:10:00,61,,
954,2024-02-29 10:10:00,61,,
955,2024-02-29 10:10:00,61,,
956,2024-02-29 10:10:00,61,,
957,2024-02-29 10:10:00,61,,
958,2024-02-29 10:10:00,61,,
959,2024-02-29 10:10:00,61,,
960,2024-02-29 10:10:00,61,,
961,2024-02-29 10:10:00,61,,
962,2024-02-29 10:10:00,61,,
963,2024-02-29 10:10:00,61,,
964,2024-02-29 10:10:00,61,,
965,2024-02-29 10:10:00,61,,
966,2024-02-29 10:10:00,61,,
967,2024-02-29 10:10:00,61,,
968,2024-02-29 10:10:00,61,,
969,2024-02-29 10:10:00,61,,
970,2024-02-29 10:10:00,61,,
971,2024-02-29 10:10:00,61,,
972,2024-02-29 10:10:00,61,,
973,2024-02-29 10:10:00,61,,
974,2024-02-29 10:10:00,61,,
975,2024-02-29 10:10:00,61,,
976,2024-02-29 10:10:00,61,,
977,2024-02-29 10:10:00,61,,
978,2024-02-29 10:10:00,61,,
979,2024-02-29 10:10:00,61,,
980,2024-02-29 10:10:00,61,,
981,2024-02-29 10:10:00,61,,
982,2024-02-29 10:10:00,61,,
983,2024-02-29 10:10:00,61,,
984,2024-02-29 10:10:00,61,,
985,2024-02-29 10:10:00,61,,
986,2024-02-29 10:10:00,61,,
987,2024-02-29 10:10:00,61,,
988,2024-02-29 10:10:00,61,,
989,2024-02-29 10:10:00,61,,
990,2024-02-29 10:10:00,61,,
991,2024-02-29 10:10:00,61,,
992,2024-02-29 10:10:00,61,,
993,2024-02-29 10:10:00,61,,
994,2024-02-29 10:10:00,61,,
995,2024-02-29 10:10:00,61,,
996,2024-02-29 10:10:00,61,,
997,2024-02-29 10:10:00,61,,
998,2024-02-29 10:10:00,61,,
999,2024-02-29 10:10:00,61,,
1000,2024-02-29 10:10:00,61,,
1001,2024-02-29 10:10:00,61,,
1002,2024-02-29 10:10:00,61,,
1003,2024-02-29 10:10:00,61,,
1004,2024-02-29 10:10:00,61,,
1005,2024-02-29 10:10:00,61,,
1006,2024-02-29 10:10:00,61,,
792,2024-02-29 10:20:00,62,,
793,2024-02-29 10:20:00,62,,
794,2024-02-29 10:20:00,62,,
795,2024-02-29 10:20:00,62,,
796,2024-02-29 10:20:00,62,,
797,2024-02-29 10:20:00,62,,
798,2024-02-29 10:20:00,62,,
799,2024-02-29 10:20:00,62,,
800,2024-02-29 10:20:00,62,,
801,2024-02-29 10:20:00,62,,
802,2024-02-29 10:20:00,62,,
803,2024-02-29 10:20:00,62,,
804,2024-02-29 10:20:00,62,,
805,2024-02-29 10:20:00,62,,
806,2024-02-29 10:20:00,62,,
807,2024-02-29 10:20:00,62,,
808,2024-02-29 10:20:00,62,,
809,2024-02-29 10:20:00,62,,
810,2024-02-29 10:20:00,62,,
811,2024-02-29 10:20:00,62,,
812,2024-02-29 10:20:00,62,,
813,2024-02-29 10:20:00,62,,
814,2024-02-29 10:20:00,62,,
815,2024-02-29 10:20:00,62,,
816,2024-02-29 10:20:00,62,,
817,2024-02-29 10:20:00,62,,
818,2024-02-29 10:20:00,62,,
819,2024-02-29 10:20:00,62,,
820,2024-02-29 10:20:00,62,,
821,2024-02-29 10:20:00,62,,
822,2024-02-29 10:20:00,62,,
823,2024-02-29 10:20:00,62,,
824,2024-02-29 10:20:00,62,,
825,2024-02-29 10:20:00,62,,
826,2024-02-29 10:20:00,62,,
827,2024-02-29 10:20:00,62,,
828,2024-02-29 10:20:00,62,,
829,2024-02-29 10:20:00,62,,
830,2024-02-29 10:20:00,62,,
831,2024-02-29 10:20:00,62,,
832,2024-02-29 10:20:00,62,,
833,2024-02-29 10:20:00,62,,
834,2024-02-29 10:20:00,62,,
835,2024-02-29 10:20:00,62,,
836,2024-02-29 10:20:00,62,,
837,2024-02-29 10:20:00,62,,
838,2024-02-29 10:20:00,62,,
839,2024-02-29 10:20:00,62,,
840,2024-02-29 10:20:00,62,,
841,2024-02-29 10:20:00,62,,
842,2024-02-29 10:20:00,62,,
843,2024-02-29 10:20:00,62,,
844,2024-02-29 10:20:00,62,,
845,2024-02-29 10:20:00,62,,
846,2024-02-29 10:20:00,62,,
847,2024-02-29 10:20:00,62,,
848,2024-02-29 10:20:00,62,,
849,2024-02-29 10:20:00,62,,
850,2024-02-29 10:20:00,62,,
851,2024-02-29 10:20:00,62,,
852,2024-02-29 10:20:00,62,,
853,2024-02-29 10:20:00,62,,
854,2024-02-29 10:20:00,62,,
855,2024-02-29 10:20:00,62,,
856,2024-02-29 10:20:00,62,,
857,2024-02-29 10:20:00,62,,
858,2024-02-29 10:20:00,62,,
859,2024-02-29 10:20:00,62,,
860,2024-02-29 10:20:00,62,,
861,2024-02-29 10:20:00,62,,
862,2024-02-29 10:20:00,62,,
863,2024-02-29 10:20:00,62,,
864,2024-02-29 10:20:00,62,,
865,2024-02-29 10:20:00,62,,
866,2024-02-29 10:20:00,62,,
867,2024-02-29 10:20:00,62,,
868,2024-02-29 10:20:00,62,,
869,2024-02-29 10:20:00,62,,
870,2024-02-29 10:20:00,62,,
871,2024-02-29 10:20:00,62,,
872,2024-02-29 10:20:00,62,,
873,2024-02-29 10:20:00,62,,
874,2024-02-29 10:20:00,62,,
875,2024-02-29 10:20:00,62,,
876,2024-02-29 10:20:00,62,,
877,2024-02-29 10:20:00,62,,
878,2024-02-29 10:20:00,62,,
879,2024-02-29 10:20:00,62,,
880,2024-02-29 10:20:00,62,,
881,2024-02-29 10:20:00,62,,
882,2024-02-29 10:20:00,62,,
883,2024-02-29 10:20:00,62,,
884,2024-02-29 10:20:00,62,,
885,2024-02-29 10:20:00,62,,
886,2024-02-29 10:20:00,62,,
887,2024-02-29 10:20:00,62,,
888,2024-02-29 10:20:00,62,,
889,2024-02-29 10:20:00,62,,
890,2024-02-29 10:20:00,62,,
891,2024-02-29 10:20:00,62,,
892,2024-02-29 10:20:00,62,,
893,2024-02-29 10:20:00,62,,
894,2024-02-29 10:20:00,62,,
895,2024-02-29 10:20:00,62,,
896,2024-02-29 10:20:00,62,,
897,2024-02-29 10:20:00,62,,
898,2024-02-29 10:20:00,62,,
899,2024-02-29 10:20:00,62,,
900,2024-02-29 10:20:00,62,,
901,2024-02-29 10:20:00,62,,
902,2024-02-29 10:20:00,62,,
903,2024-02-29 10:20:00,62,,
904,2024-02-29 10:20:00,62,,
905,2024-02-29 10:20:00,62,,
906,2024-02-29 10:20:00,62,,
907,2024-02-29 10:20:00,62,,
908,2024-02-29 10:20:00,62,,
909,2024-02-29 10:20:00,62,,
910,2024-02-29 10:20:00,62,,
911,2024-02-29 10:20:00,62,,
912,2024-02-29 10:20:00,62,,
913,2024-02-29 10:20:00,62,,
914,2024-02-29 10:20:00,62,,
915,2024-02-29 10:20:00,62,,
916,2024-02-29 10:20:00,62,,
917,2024-02-29 10:20:00,62,,
918,2024-02-29 10:20:00,62,,
919,2024-02-29 10:20:00,62,,
920,2024-02-29 10:20:00,62,,
921,2024-02-29 10:20:00,62,,
922,2024-02-29 10:20:00,62,,
923,2024-02-29 10:20:00,62,,
924,2024-02-29 10:20:00,62,,
925,2024-02-29 10:20:00,62,,
926,2024-02-29 10:20:00,62,,
927,2024-02-29 10:20:00,62,,
928,2024-02-29 10:20:00,62,,
929,2024-02-29 10:20:00,62,,
930,2024-02-29 10:20:00,62,,
931,2024-02-29 10:20:00,62,,
932,2024-02-29 10:20:00,62,,
933,2024-02-29 10:20:00,62,,
934,2024-02-29 10:20:00,62,,
935,2024-02-29 10:20:00,62,,
936,2024-02-29 10:20:00,62,,
937,2024-02-29 10:20:00,62,,
938,2024-02-29 10:20:00,62,,
939,2024-02-29 10:20:00,62,,
940,2024-02-29 10:20:00,62,,
941,2024-02-29 10:20:00,62,,
942,2024-02-29 10:20:00,62,,
943,2024-02-29 10:20:00,62,,
944,2024-02-29 10:20:00,62,,
945,2024-02-29 10:20:00,62,,
946,2024-02-29 10:20:00,62,,
947,2024-02-29 10:20:00,62,,
948,2024-02-29 10:20:00,62,,
949,2024-02-29 10:20:00,62,,
950,2024-02-29 10:20:00,62,,
951,2024-02-29 10:20:00,62,,
952,2024-02-29 10:20:00,62,,
953,2024-02-29 10:20:00,62,,
954,2024-02-29 10:20:00,62,,
955,2024-02-29 10:20:00,62,,
956,2024-02-29 10:20:00,62,,
957,2024-02-29 10:20:00,62,,
958,2024-02-29 10:20:00,62,,
959,2024-02-29 10:20:00,62,,
960,2024-02-29 10:20:00,62,,
961,2024-02-29 10:20:00,62,,
962,2024-02-29 10:20:00,62,,
963,2024-02-29 10:20:00,62,,
964,2024-02-29 10:20:00,62,,
965,2024-02-29 10:20:00,62,,
966,2024-02-29 10:20:00,62,,
967,2024-02-29 10:20:00,62,,
968,2024-02-29 10:20:00,62,,
969,2024-02-29 10:20:00,62,,
970,2024-02-29 10:20:00,62,,
971,2024-02-29 10:20:00,62,,
972,2024-02-29 10:20:00,62,,
973,2024-02-29 10:20:00,62,,
974,2024-02-29 10:20:00,62,,
975,2024-02-29 10:20:00,62,,
976,2024-02-29 10:20:00,62,,
977,2024-02-29 10:20:00,62,,
978,2024-02-29 10:20:00,62,,
979,2024-02-29 10:20:00,62,,
980,2024-02-29 10:20:00,62,,
981,2024-02-29 10:20:00,62,,
982,2024-02-29 10:20:00,62,,
983,2024-02-29 10:20:00,62,,
984,2024-02-29 10:20:00,62,,
985,2024-02-29 10:20:00,62,,
986,2024-02-29 10:20:00,62,,
987,2024-02-29 10:20:00,62,,
988,2024-02-29 10:20:00,62,,
989,2024-02-29 10:20:00,62,,
990,2024-02-29 10:20:00,62,,
991,2024-02-29 10:20:00,62,,
992,2024-02-29 10:20:00,62,,
993,2024-02-29 10:20:00,62,,
994,2024-02-29 10:20:00,62,,
995,2024-02-29 10:20:00,62,,
996,2024-02-29 10:20:00,62,,
997,2024-02-29 10:20:00,62,,
998,2024-02-29 10:20:00,62,,
999,2024-02-29 10:20:00,62,,
1000,2024-02-29 10:20:00,62,,
1001,2024-02-29 10:20:00,62,,
1002,2024-02-29 10:20:00,62,,
1003,2024-02-29 10:20:00,62,,
1004,2024-02-29 10:20:00,62,,
1005,2024-02-29 10:20:00,62,,
1006,2024-02-29 10:20:00,62,,
792,2024-02-29 10:30:00,63,,
793,2024-02-29 10:30:00,63,,
794,2024-02-29 10:30:00,63,,
795,2024-02-29 10:30:00,63,,
796,2024-02-29 10:30:00,63,,
797,2024-02-29 10:30:00,63,,
798,2024-02-29 10:30:00,63,,
799,2024-02-29 10:30:00,63,,
800,2024-02-29 10:30:00,63,,
801,2024-02-29 10:30:00,63,,
802,2024-02-29 10:30:00,63,,
803,2024-02-29 10:30:00,63,,
804,2024-02-29 10:30:00,63,,
805,2024-02-29 10:30:00,63,,
806,2024-02-29 10:30:00,63,,
807,2024-02-29 10:30:00,63,,
808,2024-02-29 10:30:00,63,,
809,2024-02-29 10:30:00,63,,
810,2024-02-29 10:30:00,63,,
811,2024-02-29 10:30:00,63,,
812,2024-02-29 10:30:00,63,,
813,2024-02-29 10:30:00,63,,
814,2024-02-29 10:30:00,63,,
815,2024-02-29 10:30:00,63,,
816,2024-02-29 10:30:00,63,,
817,2024-02-29 10:30:00,63,,
818,2024-02-29 10:30:00,63,,
819,2024-02-29 10:30:00,63,,
820,2024-02-29 10:30:00,63,,
821,2024-02-29 10:30:00,63,,
822,2024-02-29 10:30:00,63,,
823,2024-02-29 10:30:00,63,,
824,2024-02-29 10:30:00,63,,
825,2024-02-29 10:30:00,63,,
826,2024-02-29 10:30:00,63,,
827,2024-02-29 10:30:00,63,,
828,2024-02-29 10:30:00,63,,
829,2024-02-29 10:30:00,63,,
830,2024-02-29 10:30:00,63,,
831,2024-02-29 10:30:00,63,,
832,2024-02-29 10:30:00,63,,
833,2024-02-29 10:30:00,63,,
834,2024-02-29 10:30:00,63,,
835,2024-02-29 10:30:00,63,,
836,2024-02-29 10:30:00,63,,
837,2024-02-29 10:30:00,63,,
838,2024-02-29 10:30:00,63,,
839,2024-02-29 10:30:00,63,,
840,2024-02-29 10:30:00,63,,
841,2024-02-29 10:30:00,63,,
842,2024-02-29 10:30:00,63,,
843,2024-02-29 10:30:00,63,,
844,2024-02-29 10:30:00,63,,
845,2024-02-29 10:30:00,63,,
846,2024-02-29 10:30:00,63,,
847,2024-02-29 10:30:00,63,,
848,2024-02-29 10:30:00,63,,
849,2024-02-29 10:30:00,63,,
850,2024-02-29 10:30:00,63,,
851,2024-02-29 10:30:00,63,,
852,2024-02-29 10:30:00,63,,
853,2024-02-29 10:30:00,63,,
854,2024-02-29 10:30:00,63,,
855,2024-02-29 10:30:00,63,,
856,2024-02-29 10:30:00,63,,
857,2024-02-29 10:30:00,63,,
858,2024-02-29 10:30:00,63,,
859,2024-02-29 10:30:00,63,,
860,2024-02-29 10:30:00,63,,
861,2024-02-29 10:30:00,63,,
862,2024-02-29 10:30:00,63,,
863,2024-02-29 10:30:00,63,,
864,2024-02-29 10:30:00,63,,
865,2024-02-29 10:30:00,63,,
866,2024-02-29 10:30:00,63,,
867,2024-02-29 10:30:00,63,,
868,2024-02-29 10:30:00,63,,
869,2024-02-29 10:30:00,63,,
870,2024-02-29 10:30:00,63,,
871,2024-02-29 10:30:00,63,,
872,2024-02-29 10:30:00,63,,
873,2024-02-29 10:30:00,63,,
874,2024-02-29 10:30:00,63,,
875,2024-02-29 10:30:00,63,,
876,2024-02-29 10:30:00,63,,
877,2024-02-29 10:30:00,63,,
878,2024-02-29 10:30:00,63,,
879,2024-02-29 10:30:00,63,,
880,2024-02-29 10:30:00,63,,
881,2024-02-29 10:30:00,63,,
882,2024-02-29 10:30:00,63,,
883,2024-02-29 10:30:00,63,,
884,2024-02-29 10:30:00,63,,
885,2024-02-29 10:30:00,63,,
886,2024-02-29 10:30:00,63,,
887,2024-02-29 10:30:00,63,,
888,2024-02-29 10:30:00,63,,
889,2024-02-29 10:30:00,63,,
890,2024-02-29 10:30:00,63,,
891,2024-02-29 10:30:00,63,,
892,2024-02-29 10:30:00,63,,
893,2024-02-29 10:30:00,63,,
894,2024-02-29 10:30:00,63,,
895,2024-02-29 10:30:00,63,,
896,2024-02-29 10:30:00,63,,
897,2024-02-29 10:30:00,63,,
898,2024-02-29 10:30:00,63,,
899,2024-02-29 10:30:00,63,,
900,2024-02-29 10:30:00,63,,
901,2024-02-29 10:30:00,63,,
902,2024-02-29 10:30:00,63,,
903,2024-02-29 10:30:00,63,,
904,2024-02-29 10:30:00,63,,
905,2024-02-29 10:30:00,63,,
906,2024-02-29 10:30:00,63,,
907,2024-02-29 10:30:00,63,,
908,2024-02-29 10:30:00,63,,
909,2024-02-29 10:30:00,63,,
910,2024-02-29 10:30:00,63,,
911,2024-02-29 10:30:00,63,,
912,2024-02-29 10:30:00,63,,
913,2024-02-29 10:30:00,63,,
914,2024-02-29 10:30:00,63,,
915,2024-02-29 10:30:00,63,,
916,2024-02-29 10:30:00,63,,
917,2024-02-29 10:30:00,63,,
918,2024-02-29 10:30:00,63,,
919,2024-02-29 10:30:00,63,,
920,2024-02-29 10:30:00,63,,
921,2024-02-29 10:30:00,63,,
922,2024-02-29 10:30:00,63,,
923,2024-02-29 10:30:00,63,,
924,2024-02-29 10:30:00,63,,
925,2024-02-29 10:30:00,63,,
926,2024-02-29 10:30:00,63,,
927,2024-02-29 10:30:00,63,,
928,2024-02-29 10:30:00,63,,
929,2024-02-29 10:30:00,63,,
930,2024-02-29 10:30:00,63,,
931,2024-02-29 10:30:00,63,,
932,2024-02-29 10:30:00,63,,
933,2024-02-29 10:30:00,63,,
934,2024-02-29 10:30:00,63,,
935,2024-02-29 10:30:00,63,,
936,2024-02-29 10:30:00,63,,
937,2024-02-29 10:30:00,63,,
938,2024-02-29 10:30:00,63,,
939,2024-02-29 10:30:00,63,,
940,2024-02-29 10:30:00,63,,
941,2024-02-29 10:30:00,63,,
942,2024-02-29 10:30:00,63,,
943,2024-02-29 10:30:00,63,,
944,2024-02-29 10:30:00,63,,
945,2024-02-29 10:30:00,63,,
946,2024-02-29 10:30:00,63,,
947,2024-02-29 10:30:00,63,,
948,2024-02-29 10:30:00,63,,
949,2024-02-29 10:30:00,63,,
950,2024-02-29 10:30:00,63,,
951,2024-02-29 10:30:00,63,,
952,2024-02-29 10:30:00,63,,
953,2024-02-29 10:30:00,63,,
954,2024-02-29 10:30:00,63,,
955,2024-02-29 10:30:00,63,,
956,2024-02-29 10:30:00,63,,
957,2024-02-29 10:30:00,63,,
958,2024-02-29 10:30:00,63,,
959,2024-02-29 10:30:00,63,,
960,2024-02-29 10:30:00,63,,
961,2024-02-29 10:30:00,63,,
962,2024-02-29 10:30:00,63,,
963,2024-02-29 10:30:00,63,,
964,2024-02-29 10:30:00,63,,
965,2024-02-29 10:30:00,63,,
966,2024-02-29 10:30:00,63,,
967,2024-02-29 10:30:00,63,,
968,2024-02-29 10:30:00,63,,
969,2024-02-29 10:30:00,63,,
970,2024-02-29 10:30:00,63,,
971,2024-02-29 10:30:00,63,,
972,2024-02-29 10:30:00,63,,
973,2024-02-29 10:30:00,63,,
974,2024-02-29 10:30:00,63,,
975,2024-02-29 10:30:00,63,,
976,2024-02-29 10:30:00,63,,
977,2024-02-29 10:30:00,63,,
978,2024-02-29 10:30:00,63,,
979,2024-02-29 10:30:00,63,,
980,2024-02-29 10:30:00,63,,
981,2024-02-29 10:30:00,63,,
982,2024-02-29 10:30:00,63,,
983,2024-02-29 10:30:00,63,,
984,2024-02-29 10:30:00,63,,
985,2024-02-29 10:30:00,63,,
986,2024-02-29 10:30:00,63,,
987,2024-02-29 10:30:00,63,,
988,2024-02-29 10:30:00,63,,
989,2024-02-29 10:30:00,63,,
990,2024-02-29 10:30:00,63,,
991,2024-02-29 10:30:00,63,,
992,2024-02-29 10:30:00,63,,
993,2024-02-29 10:30:00,63,,
994,2024-02-29 10:30:00,63,,
995,2024-02-29 10:30:00,63,,
996,2024-02-29 10:30:00,63,,
997,2024-02-29 10:30:00,63,,
998,2024-02-29 10:30:00,63,,
999,2024-02-29 10:30:00,63,,
1000,2024-02-29 10:30:00,63,,
1001,2024-02-29 10:30:00,63,,
1002,2024-02-29 10:30:00,63,,
1003,2024-02-29 10:30:00,63,,
1004,2024-02-29 10:30:00,63,,
1005,2024-02-29 10:30:00,63,,
1006,2024-02-29 10:30:00,63,,
792,2024-02-29 10:40:00,64,,
793,2024-02-29 10:40:00,64,,
794,2024-02-29 10:40:00,64,,
795,2024-02-29 10:40:00,64,,
796,2024-02-29 10:40:00,64,,
797,2024-02-29 10:40:00,64,,
798,2024-02-29 10:40:00,64,,
799,2024-02-29 10:40:00,64,,
800,2024-02-29 10:40:00,64,,
801,2024-02-29 10:40:00,64,,
802,2024-02-29 10:40:00,64,,
803,2024-02-29 10:40:00,64,,
804,2024-02-29 10:40:00,64,,
805,2024-02-29 10:40:00,64,,
806,2024-02-29 10:40:00,64,,
807,2024-02-29 10:40:00,64,,
808,2024-02-29 10:40:00,64,,
809,2024-02-29 10:40:00,64,,
810,2024-02-29 10:40:00,64,,
811,2024-02-29 10:40:00,64,,
812,2024-02-29 10:40:00,64,,
813,2024-02-29 10:40:00,64,,
814,2024-02-29 10:40:00,64,,
815,2024-02-29 10:40:00,64,,
816,2024-02-29 10:40:00,64,,
817,2024-02-29 10:40:00,64,,
818,2024-02-29 10:40:00,64,,
819,2024-02-29 10:40:00,64,,
820,2024-02-29 10:40:00,64,,
821,2024-02-29 10:40:00,64,,
822,2024-02-29 10:40:00,64,,
823,2024-02-29 10:40:00,64,,
824,2024-02-29 10:40:00,64,,
825,2024-02-29 10:40:00,64,,
826,2024-02-29 10:40:00,64,,
827,2024-02-29 10:40:00,64,,
828,2024-02-29 10:40:00,64,,
829,2024-02-29 10:40:00,64,,
830,2024-02-29 10:40:00,64,,
831,2024-02-29 10:40:00,64,,
832,2024-02-29 10:40:00,64,,
833,2024-02-29 10:40:00,64,,
834,2024-02-29 10:40:00,64,,
835,2024-02-29 10:40:00,64,,
836,2024-02-29 10:40:00,64,,
837,2024-02-29 10:40:00,64,,
838,2024-02-29 10:40:00,64,,
839,2024-02-29 10:40:00,64,,
840,2024-02-29 10:40:00,64,,
841,2024-02-29 10:40:00,64,,
842,2024-02-29 10:40:00,64,,
843,2024-02-29 10:40:00,64,,
844,2024-02-29 10:40:00,64,,
845,2024-02-29 10:40:00,64,,
846,2024-02-29 10:40:00,64,,
847,2024-02-29 10:40:00,64,,
848,2024-02-29 10:40:00,64,,
849,2024-02-29 10:40:00,64,,
850,2024-02-29 10:40:00,64,,
851,2024-02-29 10:40:00,64,,
852,2024-02-29 10:40:00,64,,
853,2024-02-29 10:40:00,64,,
854,2024-02-29 10:40:00,64,,
855,2024-02-29 10:40:00,64,,
856,2024-02-29 10:40:00,64,,
857,2024-02-29 10:40:00,64,,
858,2024-02-29 10:40:00,64,,
859,2024-02-29 10:40:00,64,,
860,2024-02-29 10:40:00,64,,
861,2024-02-29 10:40:00,64,,
862,2024-02-29 10:40:00,64,,
863,2024-02-29 10:40:00,64,,
864,2024-02-29 10:40:00,64,,
865,2024-02-29 10:40:00,64,,
866,2024-02-29 10:40:00,64,,
867,2024-02-29 10:40:00,64,,
868,2024-02-29 10:40:00,64,,
869,2024-02-29 10:40:00,64,,
870,2024-02-29 10:40:00,64,,
871,2024-02-29 10:40:00,64,,
872,2024-02-29 10:40:00,64,,
873,2024-02-29 10:40:00,64,,
874,2024-02-29 10:40:00,64,,
875,2024-02-29 10:40:00,64,,
876,2024-02-29 10:40:00,64,,
877,2024-02-29 10:40:00,64,,
878,2024-02-29 10:40:00,64,,
879,2024-02-29 10:40:00,64,,
880,2024-02-29 10:40:00,64,,
881,2024-02-29 10:40:00,64,,
882,2024-02-29 10:40:00,64,,
883,2024-02-29 10:40:00,64,,
884,2024-02-29 10:40:00,64,,
885,2024-02-29 10:40:00,64,,
886,2024-02-29 10:40:00,64,,
887,2024-02-29 10:40:00,64,,
888,2024-02-29 10:40:00,64,,
889,2024-02-29 10:40:00,64,,
890,2024-02-29 10:40:00,64,,
891,2024-02-29 10:40:00,64,,
892,2024-02-29 10:40:00,64,,
893,2024-02-29 10:40:00,64,,
894,2024-02-29 10:40:00,64,,
895,2024-02-29 10:40:00,64,,
896,2024-02-29 10:40:00,64,,
897,2024-02-29 10:40:00,64,,
898,2024-02-29 10:40:00,64,,
899,2024-02-29 10:40:00,64,,
900,2024-02-29 10:40:00,64,,
901,2024-02-29 10:40:00,64,,
902,2024-02-29 10:40:00,64,,
903,2024-02-29 10:40:00,64,,
904,2024-02-29 10:40:00,64,,
905,2024-02-29 10:40:00,64,,
906,2024-02-29 10:40:00,64,,
907,2024-02-29 10:40:00,64,,
908,2024-02-29 10:40:00,64,,
909,2024-02-29 10:40:00,64,,
910,2024-02-29 10:40:00,64,,
911,2024-02-29 10:40:00,64,,
912,2024-02-29 10:40:00,64,,
913,2024-02-29 10:40:00,64,,
914,2024-02-29 10:40:00,64,,
915,2024-02-29 10:40:00,64,,
916,2024-02-29 10:40:00,64,,
917,2024-02-29 10:40:00,64,,
918,2024-02-29 10:40:00,64,,
919,2024-02-29 10:40:00,64,,
920,2024-02-29 10:40:00,64,,
921,2024-02-29 10:40:00,64,,
922,2024-02-29 10:40:00,64,,
923,2024-02-29 10:40:00,64,,
924,2024-02-29 10:40:00,64,,
925,2024-02-29 10:40:00,64,,
926,2024-02-29 10:40:00,64,,
927,2024-02-29 10:40:00,64,,
928,2024-02-29 10:40:00,64,,
929,2024-02-29 10:40:00,64,,
930,2024-02-29 10:40:00,64,,
931,2024-02-29 10:40:00,64,,
932,2024-02-29 10:40:00,64,,
933,2024-02-29 10:40:00,64,,
934,2024-02-29 10:40:00,64,,
935,2024-02-29 10:40:00,64,,
936,2024-02-29 10:40:00,64,,
937,2024-02-29 10:40:00,64,,
938,2024-02-29 10:40:00,64,,
939,2024-02-29 10:40:00,64,,
940,2024-02-29 10:40:00,64,,
941,2024-02-29 10:40:00,64,,
942,2024-02-29 10:40:00,64,,
943,2024-02-29 10:40:00,64,,
944,2024-02-29 10:40:00,64,,
945,2024-02-29 10:40:00,64,,
946,2024-02-29 10:40:00,64,,
947,2024-02-29 10:40:00,64,,
948,2024-02-29 10:40:00,64,,
949,2024-02-29 10:40:00,64,,
950,2024-02-29 10:40:00,64,,
951,2024-02-29 10:40:00,64,,
952,2024-02-29 10:40:00,64,,
953,2024-02-29 10:40:00,64,,
954,2024-02-29 10:40:00,64,,
955,2024-02-29 10:40:00,64,,
956,2024-02-29 10:40:00,64,,
957,2024-02-29 10:40:00,64,,
958,2024-02-29 10:40:00,64,,
959,2024-02-29 10:40:00,64,,
960,2024-02-29 10:40:00,64,,
961,2024-02-29 10:40:00,64,,
962,2024-02-29 10:40:00,64,,
963,2024-02-29 10:40:00,64,,
964,2024-02-29 10:40:00,64,,
965,2024-02-29 10:40:00,64,,
966,2024-02-29 10:40:00,64,,
967,2024-02-29 10:40:00,64,,
968,2024-02-29 10:40:00,64,,
969,2024-02-29 10:40:00,64,,
970,2024-02-29 10:40:00,64,,
971,2024-02-29 10:40:00,64,,
972,2024-02-29 10:40:00,64,,
973,2024-02-29 10:40:00,64,,
974,2024-02-29 10:40:00,64,,
975,2024-02-29 10:40:00,64,,
976,2024-02-29 10:40:00,64,,
977,2024-02-29 10:40:00,64,,
978,2024-02-29 10:40:00,64,,
979,2024-02-29 10:40:00,64,,
980,2024-02-29 10:40:00,64,,
981,2024-02-29 10:40:00,64,,
982,2024-02-29 10:40:00,64,,
983,2024-02-29 10:40:00,64,,
984,2024-02-29 10:40:00,64,,
985,2024-02-29 10:40:00,64,,
986,2024-02-29 10:40:00,64,,
987,2024-02-29 10:40:00,64,,
988,2024-02-29 10:40:00,64,,
989,2024-02-29 10:40:00,64,,
990,2024-02-29 10:40:00,64,,
991,2024-02-29 10:40:00,64,,
992,2024-02-29 10:40:00,64,,
993,2024-02-29 10:40:00,64,,
994,2024-02-29 10:40:00,64,,
995,2024-02-29 10:40:00,64,,
996,2024-02-29 10:40:00,64,,
997,2024-02-29 10:40:00,64,,
998,2024-02-29 10:40:00,64,,
999,2024-02-29 10:40:00,64,,
1000,2024-02-29 10:40:00,64,,
1001,2024-02-29 10:40:00,64,,
1002,2024-02-29 10:40:00,64,,
1003,2024-02-29 10:40:00,64,,
1004,2024-02-29 10:40:00,64,,
1005,2024-02-29 10:40:00,64,,
1006,2024-02-29 10:40:00,64,,
792,2024-02-29 10:50:00,65,,
793,2024-02-29 10:50:00,65,,
794,2024-02-29 10:50:00,65,,
795,2024-02-29 10:50:00,65,,
796,2024-02-29 10:50:00,65,,
797,2024-02-29 10:50:00,65,,
798,2024-02-29 10:50:00,65,,
799,2024-02-29 10:50:00,65,,
800,2024-02-29 10:50:00,65,,
801,2024-02-29 10:50:00,65,,
802,2024-02-29 10:50:00,65,,
803,2024-02-29 10:50:00,65,,
804,2024-02-29 10:50:00,65,,
805,2024-02-29 10:50:00,65,,
806,2024-02-29 10:50:00,65,,
807,2024-02-29 10:50:00,65,,
808,2024-02-29 10:50:00,65,,
809,2024-02-29 10:50:00,65,,
810,2024-02-29 10:50:00,65,,
811,2024-02-29 10:50:00,65,,
812,2024-02-29 10:50:00,65,,
813,2024-02-29 10:50:00,65,,
814,2024-02-29 10:50:00,65,,
815,2024-02-29 10:50:00,65,,
816,2024-02-29 10:50:00,65,,
817,2024-02-29 10:50:00,65,,
818,2024-02-29 10:50:00,65,,
819,2024-02-29 10:50:00,65,,
820,2024-02-29 10:50:00,65,,
821,2024-02-29 10:50:00,65,,
822,2024-02-29 10:50:00,65,,
823,2024-02-29 10:50:00,65,,
824,2024-02-29 10:50:00,65,,
825,2024-02-29 10:50:00,65,,
826,2024-02-29 10:50:00,65,,
827,2024-02-29 10:50:00,65,,
828,2024-02-29 10:50:00,65,,
829,2024-02-29 10:50:00,65,,
830,2024-02-29 10:50:00,65,,
831,2024-02-29 10:50:00,65,,
832,2024-02-29 10:50:00,65,,
833,2024-02-29 10:50:00,65,,
834,2024-02-29 10:50:00,65,,
835,2024-02-29 10:50:00,65,,
836,2024-02-29 10:50:00,65,,
837,2024-02-29 10:50:00,65,,
838,2024-02-29 10:50:00,65,,
839,2024-02-29 10:50:00,65,,
840,2024-02-29 10:50:00,65,,
841,2024-02-29 10:50:00,65,,
842,2024-02-29 10:50:00,65,,
843,2024-02-29 10:50:00,65,,
844,2024-02-29 10:50:00,65,,
845,2024-02-29 10:50:00,65,,
846,2024-02-29 10:50:00,65,,
847,2024-02-29 10:50:00,65,,
848,2024-02-29 10:50:00,65,,
849,2024-02-29 10:50:00,65,,
850,2024-02-29 10:50:00,65,,
851,2024-02-29 10:50:00,65,,
852,2024-02-29 10:50:00,65,,
853,2024-02-29 10:50:00,65,,
854,2024-02-29 10:50:00,65,,
855,2024-02-29 10:50:00,65,,
856,2024-02-29 10:50:00,65,,
857,2024-02-29 10:50:00,65,,
858,2024-02-29 10:50:00,65,,
859,2024-02-29 10:50:00,65,,
860,2024-02-29 10:50:00,65,,
861,2024-02-29 10:50:00,65,,
862,2024-02-29 10:50:00,65,,
863,2024-02-29 10:50:00,65,,
864,2024-02-29 10:50:00,65,,
865,2024-02-29 10:50:00,65,,
866,2024-02-29 10:50:00,65,,
867,2024-02-29 10:50:00,65,,
868,2024-02-29 10:50:00,65,,
869,2024-02-29 10:50:00,65,,
870,2024-02-29 10:50:00,65,,
871,2024-02-29 10:50:00,65,,
872,2024-02-29 10:50:00,65,,
873,2024-02-29 10:50:00,65,,
874,2024-02-29 10:50:00,65,,
875,2024-02-29 10:50:00,65,,
876,2024-02-29 10:50:00,65,,
877,2024-02-29 10:50:00,65,,
878,2024-02-29 10:50:00,65,,
879,2024-02-29 10:50:00,65,,
880,2024-02-29 10:50:00,65,,
881,2024-02-29 10:50:00,65,,
882,2024-02-29 10:50:00,65,,
883,2024-02-29 10:50:00,65,,
884,2024-02-29 10:50:00,65,,
885,2024-02-29 10:50:00,65,,
886,2024-02-29 10:50:00,65,,
887,2024-02-29 10:50:00,65,,
888,2024-02-29 10:50:00,65,,
889,2024-02-29 10:50:00,65,,
890,2024-02-29 10:50:00,65,,
891,2024-02-29 10:50:00,65,,
892,2024-02-29 10:50:00,65,,
893,2024-02-29 10:50:00,65,,
894,2024-02-29 10:50:00,65,,
895,2024-02-29 10:50:00,65,,
896,2024-02-29 10:50:00,65,,
897,2024-02-29 10:50:00,65,,
898,2024-02-29 10:50:00,65,,
899,2024-02-29 10:50:00,65,,
900,2024-02-29 10:50:00,65,,
901,2024-02-29 10:50:00,65,,
902,2024-02-29 10:50:00,65,,
903,2024-02-29 10:50:00,65,,
904,2024-02-29 10:50:00,65,,
905,2024-02-29 10:50:00,65,,
906,2024-02-29 10:50:00,65,,
907,2024-02-29 10:50:00,65,,
908,2024-02-29 10:50:00,65,,
909,2024-02-29 10:50:00,65,,
910,2024-02-29 10:50:00,65,,
911,2024-02-29 10:50:00,65,,
912,2024-02-29 10:50:00,65,,
913,2024-02-29 10:50:00,65,,
914,2024-02-29 10:50:00,65,,
915,2024-02-29 10:50:00,65,,
916,2024-02-29 10:50:00,65,,
917,2024-02-29 10:50:00,65,,
918,2024-02-29 10:50:00,65,,
919,2024-02-29 10:50:00,65,,
920,2024-02-29 10:50:00,65,,
921,2024-02-29 10:50:00,65,,
922,2024-02-29 10:50:00,65,,
923,2024-02-29 10:50:00,65,,
924,2024-02-29 10:50:00,65,,
925,2024-02-29 10:50:00,65,,
926,2024-02-29 10:50:00,65,,
927,2024-02-29 10:50:00,65,,
928,2024-02-29 10:50:00,65,,
929,2024-02-29 10:50:00,65,,
930,2024-02-29 10:50:00,65,,
931,2024-02-29 10:50:00,65,,
932,2024-02-29 10:50:00,65,,
933,2024-02-29 10:50:00,65,,
934,2024-02-29 10:50:00,65,,
935,2024-02-29 10:50:00,65,,
936,2024-02-29 10:50:00,65,,
937,2024-02-29 10:50:00,65,,
938,2024-02-29 10:50:00,65,,
939,2024-02-29 10:50:00,65,,
940,2024-02-29 10:50:00,65,,
941,2024-02-29 10:50:00,65,,
942,2024-02-29 10:50:00,65,,
943,2024-02-29 10:50:00,65,,
944,2024-02-29 10:50:00,65,,
945,2024-02-29 10:50:00,65,,
946,2024-02-29 10:50:00,65,,
947,2024-02-29 10:50:00,65,,
948,2024-02-29 10:50:00,65,,
949,2024-02-29 10:50:00,65,,
950,2024-02-29 10:50:00,65,,
951,2024-02-29 10:50:00,65,,
952,2024-02-29 10:50:00,65,,
953,2024-02-29 10:50:00,65,,
954,2024-02-29 10:50:00,65,,
955,2024-02-29 10:50:00,65,,
956,2024-02-29 10:50:00,65,,
957,2024-02-29 10:50:00,65,,
958,2024-02-29 10:50:00,65,,
959,2024-02-29 10:50:00,65,,
960,2024-02-29 10:50:00,65,,
961,2024-02-29 10:50:00,65,,
962,2024-02-29 10:50:00,65,,
963,2024-02-29 10:50:00,65,,
964,2024-02-29 10:50:00,65,,
965,2024-02-29 10:50:00,65,,
966,2024-02-29 10:50:00,65,,
967,2024-02-29 10:50:00,65,,
968,2024-02-29 10:50:00,65,,
969,2024-02-29 10:50:00,65,,
970,2024-02-29 10:50:00,65,,
971,2024-02-29 10:50:00,65,,
972,2024-02-29 10:50:00,65,,
973,2024-02-29 10:50:00,65,,
974,2024-02-29 10:50:00,65,,
975,2024-02-29 10:50:00,65,,
976,2024-02-29 10:50:00,65,,
977,2024-02-29 10:50:00,65,,
978,2024-02-29 10:50:00,65,,
979,2024-02-29 10:50:00,65,,
980,2024-02-29 10:50:00,65,,
981,2024-02-29 10:50:00,65,,
982,2024-02-29 10:50:00,65,,
983,2024-02-29 10:50:00,65,,
984,2024-02-29 10:50:00,65,,
985,2024-02-29 10:50:00,65,,
986,2024-02-29 10:50:00,65,,
987,2024-02-29 10:50:00,65,,
988,2024-02-29 10:50:00,65,,
989,2024-02-29 10:50:00,65,,
990,2024-02-29 10:50:00,65,,
991,2024-02-29 10:50:00,65,,
992,2024-02-29 10:50:00,65,,
993,2024-02-29 10:50:00,65,,
994,2024-02-29 10:50:00,65,,
995,2024-02-29 10:50:00,65,,
996,2024-02-29 10:50:00,65,,
997,2024-02-29 10:50:00,65,,
998,2024-02-29 10:50:00,65,,
999,2024-02-29 10:50:00,65,,
1000,2024-02-29 10:50:00,65,,
1001,2024-02-29 10:50:00,65,,
1002,2024-02-29 10:50:00,65,,
1003,2024-02-29 10:50:00,65,,
1004,2024-02-29 10:50:00,65,,
1005,2024-02-29 10:50:00,65,,
1006,2024-02-29 10:50:00,65,,
792,2024-02-29 11:00:00,66,,
793,2024-02-29 11:00:00,66,,
794,2024-02-29 11:00:00,66,,
795,2024-02-29 11:00:00,66,,
796,2024-02-29 11:00:00,66,,
797,2024-02-29 11:00:00,66,,
798,2024-02-29 11:00:00,66,,
799,2024-02-29 11:00:00,66,,
800,2024-02-29 11:00:00,66,,
801,2024-02-29 11:00:00,66,,
802,2024-02-29 11:00:00,66,,
803,2024-02-29 11:00:00,66,,
804,2024-02-29 11:00:00,66,,
805,2024-02-29 11:00:00,66,,
806,2024-02-29 11:00:00,66,,
807,2024-02-29 11:00:00,66,,
808,2024-02-29 11:00:00,66,,
809,2024-02-29 11:00:00,66,,
810,2024-02-29 11:00:00,66,,
811,2024-02-29 11:00:00,66,,
812,2024-02-29 11:00:00,66,,
813,2024-02-29 11:00:00,66,,
814,2024-02-29 11:00:00,66,,
815,2024-02-29 11:00:00,66,,
816,2024-02-29 11:00:00,66,,
817,2024-02-29 11:00:00,66,,
818,2024-02-29 11:00:00,66,,
819,2024-02-29 11:00:00,66,,
820,2024-02-29 11:00:00,66,,
821,2024-02-29 11:00:00,66,,
822,2024-02-29 11:00:00,66,,
823,2024-02-29 11:00:00,66,,
824,2024-02-29 11:00:00,66,,
825,2024-02-29 11:00:00,66,,
826,2024-02-29 11:00:00,66,,
827,2024-02-29 11:00:00,66,,
828,2024-02-29 11:00:00,66,,
829,2024-02-29 11:00:00,66,,
830,2024-02-29 11:00:00,66,,
831,2024-02-29 11:00:00,66,,
832,2024-02-29 11:00:00,66,,
833,2024-02-29 11:00:00,66,,
834,2024-02-29 11:00:00,66,,
835,2024-02-29 11:00:00,66,,
836,2024-02-29 11:00:00,66,,
837,2024-02-29 11:00:00,66,,
838,2024-02-29 11:00:00,66,,
839,2024-02-29 11:00:00,66,,
840,2024-02-29 11:00:00,66,,
841,2024-02-29 11:00:00,66,,
842,2024-02-29 11:00:00,66,,
843,2024-02-29 11:00:00,66,,
844,2024-02-29 11:00:00,66,,
845,2024-02-29 11:00:00,66,,
846,2024-02-29 11:00:00,66,,
847,2024-02-29 11:00:00,66,,
848,2024-02-29 11:00:00,66,,
849,2024-02-29 11:00:00,66,,
850,2024-02-29 11:00:00,66,,
851,2024-02-29 11:00:00,66,,
852,2024-02-29 11:00:00,66,,
853,2024-02-29 11:00:00,66,,
854,2024-02-29 11:00:00,66,,
855,2024-02-29 11:00:00,66,,
856,2024-02-29 11:00:00,66,,
857,2024-02-29 11:00:00,66,,
858,2024-02-29 11:00:00,66,,
859,2024-02-29 11:00:00,66,,
860,2024-02-29 11:00:00,66,,
861,2024-02-29 11:00:00,66,,
862,2024-02-29 11:00:00,66,,
863,2024-02-29 11:00:00,66,,
864,2024-02-29 11:00:00,66,,
865,2024-02-29 11:00:00,66,,
866,2024-02-29 11:00:00,66,,
867,2024-02-29 11:00:00,66,,
868,2024-02-29 11:00:00,66,,
869,2024-02-29 11:00:00,66,,
870,2024-02-29 11:00:00,66,,
871,2024-02-29 11:00:00,66,,
872,2024-02-29 11:00:00,66,,
873,2024-02-29 11:00:00,66,,
874,2024-02-29 11:00:00,66,,
875,2024-02-29 11:00:00,66,,
876,2024-02-29 11:00:00,66,,
877,2024-02-29 11:00:00,66,,
878,2024-02-29 11:00:00,66,,
879,2024-02-29 11:00:00,66,,
880,2024-02-29 11:00:00,66,,
881,2024-02-29 11:00:00,66,,
882,2024-02-29 11:00:00,66,,
883,2024-02-29 11:00:00,66,,
884,2024-02-29 11:00:00,66,,
885,2024-02-29 11:00:00,66,,
886,2024-02-29 11:00:00,66,,
887,2024-02-29 11:00:00,66,,
888,2024-02-29 11:00:00,66,,
889,2024-02-29 11:00:00,66,,
890,2024-02-29 11:00:00,66,,
891,2024-02-29 11:00:00,66,,
892,2024-02-29 11:00:00,66,,
893,2024-02-29 11:00:00,66,,
894,2024-02-29 11:00:00,66,,
895,2024-02-29 11:00:00,66,,
896,2024-02-29 11:00:00,66,,
897,2024-02-29 11:00:00,66,,
898,2024-02-29 11:00:00,66,,
899,2024-02-29 11:00:00,66,,
900,2024-02-29 11:00:00,66,,
901,2024-02-29 11:00:00,66,,
902,2024-02-29 11:00:00,66,,
903,2024-02-29 11:00:00,66,,
904,2024-02-29 11:00:00,66,,
905,2024-02-29 11:00:00,66,,
906,2024-02-29 11:00:00,66,,
907,2024-02-29 11:00:00,66,,
908,2024-02-29 11:00:00,66,,
909,2024-02-29 11:00:00,66,,
910,2024-02-29 11:00:00,66,,
911,2024-02-29 11:00:00,66,,
912,2024-02-29 11:00:00,66,,
913,2024-02-29 11:00:00,66,,
914,2024-02-29 11:00:00,66,,
915,2024-02-29 11:00:00,66,,
916,2024-02-29 11:00:00,66,,
917,2024-02-29 11:00:00,66,,
918,2024-02-29 11:00:00,66,,
919,2024-02-29 11:00:00,66,,
920,2024-02-29 11:00:00,66,,
921,2024-02-29 11:00:00,66,,
922,2024-02-29 11:00:00,66,,
923,2024-02-29 11:00:00,66,,
924,2024-02-29 11:00:00,66,,
925,2024-02-29 11:00:00,66,,
926,2024-02-29 11:00:00,66,,
927,2024-02-29 11:00:00,66,,
928,2024-02-29 11:00:00,66,,
929,2024-02-29 11:00:00,66,,
930,2024-02-29 11:00:00,66,,
931,2024-02-29 11:00:00,66,,
932,2024-02-29 11:00:00,66,,
933,2024-02-29 11:00:00,66,,
934,2024-02-29 11:00:00,66,,
935,2024-02-29 11:00:00,66,,
936,2024-02-29 11:00:00,66,,
937,2024-02-29 11:00:00,66,,
938,2024-02-29 11:00:00,66,,
939,2024-02-29 11:00:00,66,,
940,2024-02-29 11:00:00,66,,
941,2024-02-29 11:00:00,66,,
942,2024-02-29 11:00:00,66,,
943,2024-02-29 11:00:00,66,,
944,2024-02-29 11:00:00,66,,
945,2024-02-29 11:00:00,66,,
946,2024-02-29 11:00:00,66,,
947,2024-02-29 11:00:00,66,,
948,2024-02-29 11:00:00,66,,
949,2024-02-29 11:00:00,66,,
950,2024-02-29 11:00:00,66,,
951,2024-02-29 11:00:00,66,,
952,2024-02-29 11:00:00,66,,
953,2024-02-29 11:00:00,66,,
954,2024-02-29 11:00:00,66,,
955,2024-02-29 11:00:00,66,,
956,2024-02-29 11:00:00,66,,
957,2024-02-29 11:00:00,66,,
958,2024-02-29 11:00:00,66,,
959,2024-02-29 11:00:00,66,,
960,2024-02-29 11:00:00,66,,
961,2024-02-29 11:00:00,66,,
962,2024-02-29 11:00:00,66,,
963,2024-02-29 11:00:00,66,,
964,2024-02-29 11:00:00,66,,
965,2024-02-29 11:00:00,66,,
966,2024-02-29 11:00:00,66,,
967,2024-02-29 11:00:00,66,,
968,2024-02-29 11:00:00,66,,
969,2024-02-29 11:00:00,66,,
970,2024-02-29 11:00:00,66,,
971,2024-02-29 11:00:00,66,,
972,2024-02-29 11:00:00,66,,
973,2024-02-29 11:00:00,66,,
974,2024-02-29 11:00:00,66,,
975,2024-02-29 11:00:00,66,,
976,2024-02-29 11:00:00,66,,
977,2024-02-29 11:00:00,66,,
978,2024-02-29 11:00:00,66,,
979,2024-02-29 11:00:00,66,,
980,2024-02-29 11:00:00,66,,
981,2024-02-29 11:00:00,66,,
982,2024-02-29 11:00:00,66,,
983,2024-02-29 11:00:00,66,,
984,2024-02-29 11:00:00,66,,
985,2024-02-29 11:00:00,66,,
986,2024-02-29 11:00:00,66,,
987,2024-02-29 11:00:00,66,,
988,2024-02-29 11:00:00,66,,
989,2024-02-29 11:00:00,66,,
990,2024-02-29 11:00:00,66,,
991,2024-02-29 11:00:00,66,,
992,2024-02-29 11:00:00,66,,
993,2024-02-29 11:00:00,66,,
994,2024-02-29 11:00:00,66,,
995,2024-02-29 11:00:00,66,,
996,2024-02-29 11:00:00,66,,
997,2024-02-29 11:00:00,66,,
998,2024-02-29 11:00:00,66,,
999,2024-02-29 11:00:00,66,,
1000,2024-02-29 11:00:00,66,,
1001,2024-02-29 11:00:00,66,,
1002,2024-02-29 11:00:00,66,,
1003,2024-02-29 11:00:00,66,,
1004,2024-02-29 11:00:00,66,,
1005,2024-02-29 11:00:00,66,,
1006,2024-02-29 11:00:00,66,,
792,2024-02-29 11:10:00,67,,
793,2024-02-29 11:10:00,67,,
794,2024-02-29 11:10:00,67,,
795,2024-02-29 11:10:00,67,,
796,2024-02-29 11:10:00,67,,
797,2024-02-29 11:10:00,67,,
798,2024-02-29 11:10:00,67,,
799,2024-02-29 11:10:00,67,,
800,2024-02-29 11:10:00,67,,
801,2024-02-29 11:10:00,67,,
802,2024-02-29 11:10:00,67,,
803,2024-02-29 11:10:00,67,,
804,2024-02-29 11:10:00,67,,
805,2024-02-29 11:10:00,67,,
806,2024-02-29 11:10:00,67,,
807,2024-02-29 11:10:00,67,,
808,2024-02-29 11:10:00,67,,
809,2024-02-29 11:10:00,67,,
810,2024-02-29 11:10:00,67,,
811,2024-02-29 11:10:00,67,,
812,2024-02-29 11:10:00,67,,
813,2024-02-29 11:10:00,67,,
814,2024-02-29 11:10:00,67,,
815,2024-02-29 11:10:00,67,,
816,2024-02-29 11:10:00,67,,
817,2024-02-29 11:10:00,67,,
818,2024-02-29 11:10:00,67,,
819,2024-02-29 11:10:00,67,,
820,2024-02-29 11:10:00,67,,
821,2024-02-29 11:10:00,67,,
822,2024-02-29 11:10:00,67,,
823,2024-02-29 11:10:00,67,,
824,2024-02-29 11:10:00,67,,
825,2024-02-29 11:10:00,67,,
826,2024-02-29 11:10:00,67,,
827,2024-02-29 11:10:00,67,,
828,2024-02-29 11:10:00,67,,
829,2024-02-29 11:10:00,67,,
830,2024-02-29 11:10:00,67,,
831,2024-02-29 11:10:00,67,,
832,2024-02-29 11:10:00,67,,
833,2024-02-29 11:10:00,67,,
834,2024-02-29 11:10:00,67,,
835,2024-02-29 11:10:00,67,,
836,2024-02-29 11:10:00,67,,
837,2024-02-29 11:10:00,67,,
838,2024-02-29 11:10:00,67,,
839,2024-02-29 11:10:00,67,,
840,2024-02-29 11:10:00,67,,
841,2024-02-29 11:10:00,67,,
842,2024-02-29 11:10:00,67,,
843,2024-02-29 11:10:00,67,,
844,2024-02-29 11:10:00,67,,
845,2024-02-29 11:10:00,67,,
846,2024-02-29 11:10:00,67,,
847,2024-02-29 11:10:00,67,,
848,2024-02-29 11:10:00,67,,
849,2024-02-29 11:10:00,67,,
850,2024-02-29 11:10:00,67,,
851,2024-02-29 11:10:00,67,,
852,2024-02-29 11:10:00,67,,
853,2024-02-29 11:10:00,67,,
854,2024-02-29 11:10:00,67,,
855,2024-02-29 11:10:00,67,,
856,2024-02-29 11:10:00,67,,
857,2024-02-29 11:10:00,67,,
858,2024-02-29 11:10:00,67,,
859,2024-02-29 11:10:00,67,,
860,2024-02-29 11:10:00,67,,
861,2024-02-29 11:10:00,67,,
862,2024-02-29 11:10:00,67,,
863,2024-02-29 11:10:00,67,,
864,2024-02-29 11:10:00,67,,
865,2024-02-29 11:10:00,67,,
866,2024-02-29 11:10:00,67,,
867,2024-02-29 11:10:00,67,,
868,2024-02-29 11:10:00,67,,
869,2024-02-29 11:10:00,67,,
870,2024-02-29 11:10:00,67,,
871,2024-02-29 11:10:00,67,,
872,2024-02-29 11:10:00,67,,
873,2024-02-29 11:10:00,67,,
874,2024-02-29 11:10:00,67,,
875,2024-02-29 11:10:00,67,,
876,2024-02-29 11:10:00,67,,
877,2024-02-29 11:10:00,67,,
878,2024-02-29 11:10:00,67,,
879,2024-02-29 11:10:00,67,,
880,2024-02-29 11:10:00,67,,
881,2024-02-29 11:10:00,67,,
882,2024-02-29 11:10:00,67,,
883,2024-02-29 11:10:00,67,,
884,2024-02-29 11:10:00,67,,
885,2024-02-29 11:10:00,67,,
886,2024-02-29 11:10:00,67,,
887,2024-02-29 11:10:00,67,,
888,2024-02-29 11:10:00,67,,
889,2024-02-29 11:10:00,67,,
890,2024-02-29 11:10:00,67,,
891,2024-02-29 11:10:00,67,,
892,2024-02-29 11:10:00,67,,
893,2024-02-29 11:10:00,67,,
894,2024-02-29 11:10:00,67,,
895,2024-02-29 11:10:00,67,,
896,2024-02-29 11:10:00,67,,
897,2024-02-29 11:10:00,67,,
898,2024-02-29 11:10:00,67,,
899,2024-02-29 11:10:00,67,,
900,2024-02-29 11:10:00,67,,
901,2024-02-29 11:10:00,67,,
902,2024-02-29 11:10:00,67,,
903,2024-02-29 11:10:00,67,,
904,2024-02-29 11:10:00,67,,
905,2024-02-29 11:10:00,67,,
906,2024-02-29 11:10:00,67,,
907,2024-02-29 11:10:00,67,,
908,2024-02-29 11:10:00,67,,
909,2024-02-29 11:10:00,67,,
910,2024-02-29 11:10:00,67,,
911,2024-02-29 11:10:00,67,,
912,2024-02-29 11:10:00,67,,
913,2024-02-29 11:10:00,67,,
914,2024-02-29 11:10:00,67,,
915,2024-02-29 11:10:00,67,,
916,2024-02-29 11:10:00,67,,
917,2024-02-29 11:10:00,67,,
918,2024-02-29 11:10:00,67,,
919,2024-02-29 11:10:00,67,,
920,2024-02-29 11:10:00,67,,
921,2024-02-29 11:10:00,67,,
922,2024-02-29 11:10:00,67,,
923,2024-02-29 11:10:00,67,,
924,2024-02-29 11:10:00,67,,
925,2024-02-29 11:10:00,67,,
926,2024-02-29 11:10:00,67,,
927,2024-02-29 11:10:00,67,,
928,2024-02-29 11:10:00,67,,
929,2024-02-29 11:10:00,67,,
930,2024-02-29 11:10:00,67,,
931,2024-02-29 11:10:00,67,,
932,2024-02-29 11:10:00,67,,
933,2024-02-29 11:10:00,67,,
934,2024-02-29 11:10:00,67,,
935,2024-02-29 11:10:00,67,,
936,2024-02-29 11:10:00,67,,
937,2024-02-29 11:10:00,67,,
938,2024-02-29 11:10:00,67,,
939,2024-02-29 11:10:00,67,,
940,2024-02-29 11:10:00,67,,
941,2024-02-29 11:10:00,67,,
942,2024-02-29 11:10:00,67,,
943,2024-02-29 11:10:00,67,,
944,2024-02-29 11:10:00,67,,
945,2024-02-29 11:10:00,67,,
946,2024-02-29 11:10:00,67,,
947,2024-02-29 11:10:00,67,,
948,2024-02-29 11:10:00,67,,
949,2024-02-29 11:10:00,67,,
950,2024-02-29 11:10:00,67,,
951,2024-02-29 11:10:00,67,,
952,2024-02-29 11:10:00,67,,
953,2024-02-29 11:10:00,67,,
954,2024-02-29 11:10:00,67,,
955,2024-02-29 11:10:00,67,,
956,2024-02-29 11:10:00,67,,
957,2024-02-29 11:10:00,67,,
958,2024-02-29 11:10:00,67,,
959,2024-02-29 11:10:00,67,,
960,2024-02-29 11:10:00,67,,
961,2024-02-29 11:10:00,67,,
962,2024-02-29 11:10:00,67,,
963,2024-02-29 11:10:00,67,,
964,2024-02-29 11:10:00,67,,
965,2024-02-29 11:10:00,67,,
966,2024-02-29 11:10:00,67,,
967,2024-02-29 11:10:00,67,,
968,2024-02-29 11:10:00,67,,
969,2024-02-29 11:10:00,67,,
970,2024-02-29 11:10:00,67,,
971,2024-02-29 11:10:00,67,,
972,2024-02-29 11:10:00,67,,
973,2024-02-29 11:10:00,67,,
974,2024-02-29 11:10:00,67,,
975,2024-02-29 11:10:00,67,,
976,2024-02-29 11:10:00,67,,
977,2024-02-29 11:10:00,67,,
978,2024-02-29 11:10:00,67,,
979,2024-02-29 11:10:00,67,,
980,2024-02-29 11:10:00,67,,
981,2024-02-29 11:10:00,67,,
982,2024-02-29 11:10:00,67,,
983,2024-02-29 11:10:00,67,,
984,2024-02-29 11:10:00,67,,
985,2024-02-29 11:10:00,67,,
986,2024-02-29 11:10:00,67,,
987,2024-02-29 11:10:00,67,,
988,2024-02-29 11:10:00,67,,
989,2024-02-29 11:10:00,67,,
990,2024-02-29 11:10:00,67,,
991,2024-02-29 11:10:00,67,,
992,2024-02-29 11:10:00,67,,
993,2024-02-29 11:10:00,67,,
994,2024-02-29 11:10:00,67,,
995,2024-02-29 11:10:00,67,,
996,2024-02-29 11:10:00,67,,
997,2024-02-29 11:10:00,67,,
998,2024-02-29 11:10:00,67,,
999,2024-02-29 11:10:00,67,,
1000,2024-02-29 11:10:00,67,,
1001,2024-02-29 11:10:00,67,,
1002,2024-02-29 11:10:00,67,,
1003,2024-02-29 11:10:00,67,,
1004,2024-02-29 11:10:00,67,,
1005,2024-02-29 11:10:00,67,,
1006,2024-02-29 11:10:00,67,,
792,2024-02-29 11:20:00,68,,
793,2024-02-29 11:20:00,68,,
794,2024-02-29 11:20:00,68,,
795,2024-02-29 11:20:00,68,,
796,2024-02-29 11:20:00,68,,
797,2024-02-29 11:20:00,68,,
798,2024-02-29 11:20:00,68,,
799,2024-02-29 11:20:00,68,,
800,2024-02-29 11:20:00,68,,
801,2024-02-29 11:20:00,68,,
802,2024-02-29 11:20:00,68,,
803,2024-02-29 11:20:00,68,,
804,2024-02-29 11:20:00,68,,
805,2024-02-29 11:20:00,68,,
806,2024-02-29 11:20:00,68,,
807,2024-02-29 11:20:00,68,,
808,2024-02-29 11:20:00,68,,
809,2024-02-29 11:20:00,68,,
810,2024-02-29 11:20:00,68,,
811,2024-02-29 11:20:00,68,,
812,2024-02-29 11:20:00,68,,
813,2024-02-29 11:20:00,68,,
814,2024-02-29 11:20:00,68,,
815,2024-02-29 11:20:00,68,,
816,2024-02-29 11:20:00,68,,
817,2024-02-29 11:20:00,68,,
818,2024-02-29 11:20:00,68,,
819,2024-02-29 11:20:00,68,,
820,2024-02-29 11:20:00,68,,
821,2024-02-29 11:20:00,68,,
822,2024-02-29 11:20:00,68,,
823,2024-02-29 11:20:00,68,,
824,2024-02-29 11:20:00,68,,
825,2024-02-29 11:20:00,68,,
826,2024-02-29 11:20:00,68,,
827,2024-02-29 11:20:00,68,,
828,2024-02-29 11:20:00,68,,
829,2024-02-29 11:20:00,68,,
830,2024-02-29 11:20:00,68,,
831,2024-02-29 11:20:00,68,,
832,2024-02-29 11:20:00,68,,
833,2024-02-29 11:20:00,68,,
834,2024-02-29 11:20:00,68,,
835,2024-02-29 11:20:00,68,,
836,2024-02-29 11:20:00,68,,
837,2024-02-29 11:20:00,68,,
838,2024-02-29 11:20:00,68,,
839,2024-02-29 11:20:00,68,,
840,2024-02-29 11:20:00,68,,
841,2024-02-29 11:20:00,68,,
842,2024-02-29 11:20:00,68,,
843,2024-02-29 11:20:00,68,,
844,2024-02-29 11:20:00,68,,
845,2024-02-29 11:20:00,68,,
846,2024-02-29 11:20:00,68,,
847,2024-02-29 11:20:00,68,,
848,2024-02-29 11:20:00,68,,
849,2024-02-29 11:20:00,68,,
850,2024-02-29 11:20:00,68,,
851,2024-02-29 11:20:00,68,,
852,2024-02-29 11:20:00,68,,
853,2024-02-29 11:20:00,68,,
854,2024-02-29 11:20:00,68,,
855,2024-02-29 11:20:00,68,,
856,2024-02-29 11:20:00,68,,
857,2024-02-29 11:20:00,68,,
858,2024-02-29 11:20:00,68,,
859,2024-02-29 11:20:00,68,,
860,2024-02-29 11:20:00,68,,
861,2024-02-29 11:20:00,68,,
862,2024-02-29 11:20:00,68,,
863,2024-02-29 11:20:00,68,,
864,2024-02-29 11:20:00,68,,
865,2024-02-29 11:20:00,68,,
866,2024-02-29 11:20:00,68,,
867,2024-02-29 11:20:00,68,,
868,2024-02-29 11:20:00,68,,
869,2024-02-29 11:20:00,68,,
870,2024-02-29 11:20:00,68,,
871,2024-02-29 11:20:00,68,,
872,2024-02-29 11:20:00,68,,
873,2024-02-29 11:20:00,68,,
874,2024-02-29 11:20:00,68,,
875,2024-02-29 11:20:00,68,,
876,2024-02-29 11:20:00,68,,
877,2024-02-29 11:20:00,68,,
878,2024-02-29 11:20:00,68,,
879,2024-02-29 11:20:00,68,,
880,2024-02-29 11:20:00,68,,
881,2024-02-29 11:20:00,68,,
882,2024-02-29 11:20:00,68,,
883,2024-02-29 11:20:00,68,,
884,2024-02-29 11:20:00,68,,
885,2024-02-29 11:20:00,68,,
886,2024-02-29 11:20:00,68,,
887,2024-02-29 11:20:00,68,,
888,2024-02-29 11:20:00,68,,
889,2024-02-29 11:20:00,68,,
890,2024-02-29 11:20:00,68,,
891,2024-02-29 11:20:00,68,,
892,2024-02-29 11:20:00,68,,
893,2024-02-29 11:20:00,68,,
894,2024-02-29 11:20:00,68,,
895,2024-02-29 11:20:00,68,,
896,2024-02-29 11:20:00,68,,
897,2024-02-29 11:20:00,68,,
898,2024-02-29 11:20:00,68,,
899,2024-02-29 11:20:00,68,,
900,2024-02-29 11:20:00,68,,
901,2024-02-29 11:20:00,68,,
902,2024-02-29 11:20:00,68,,
903,2024-02-29 11:20:00,68,,
904,2024-02-29 11:20:00,68,,
905,2024-02-29 11:20:00,68,,
906,2024-02-29 11:20:00,68,,
907,2024-02-29 11:20:00,68,,
908,2024-02-29 11:20:00,68,,
909,2024-02-29 11:20:00,68,,
910,2024-02-29 11:20:00,68,,
911,2024-02-29 11:20:00,68,,
912,2024-02-29 11:20:00,68,,
913,2024-02-29 11:20:00,68,,
914,2024-02-29 11:20:00,68,,
915,2024-02-29 11:20:00,68,,
916,2024-02-29 11:20:00,68,,
917,2024-02-29 11:20:00,68,,
918,2024-02-29 11:20:00,68,,
919,2024-02-29 11:20:00,68,,
920,2024-02-29 11:20:00,68,,
921,2024-02-29 11:20:00,68,,
922,2024-02-29 11:20:00,68,,
923,2024-02-29 11:20:00,68,,
924,2024-02-29 11:20:00,68,,
925,2024-02-29 11:20:00,68,,
926,2024-02-29 11:20:00,68,,
927,2024-02-29 11:20:00,68,,
928,2024-02-29 11:20:00,68,,
929,2024-02-29 11:20:00,68,,
930,2024-02-29 11:20:00,68,,
931,2024-02-29 11:20:00,68,,
932,2024-02-29 11:20:00,68,,
933,2024-02-29 11:20:00,68,,
934,2024-02-29 11:20:00,68,,
935,2024-02-29 11:20:00,68,,
936,2024-02-29 11:20:00,68,,
937,2024-02-29 11:20:00,68,,
938,2024-02-29 11:20:00,68,,
939,2024-02-29 11:20:00,68,,
940,2024-02-29 11:20:00,68,,
941,2024-02-29 11:20:00,68,,
942,2024-02-29 11:20:00,68,,
943,2024-02-29 11:20:00,68,,
944,2024-02-29 11:20:00,68,,
945,2024-02-29 11:20:00,68,,
946,2024-02-29 11:20:00,68,,
947,2024-02-29 11:20:00,68,,
948,2024-02-29 11:20:00,68,,
949,2024-02-29 11:20:00,68,,
950,2024-02-29 11:20:00,68,,
951,2024-02-29 11:20:00,68,,
952,2024-02-29 11:20:00,68,,
953,2024-02-29 11:20:00,68,,
954,2024-02-29 11:20:00,68,,
955,2024-02-29 11:20:00,68,,
956,2024-02-29 11:20:00,68,,
957,2024-02-29 11:20:00,68,,
958,2024-02-29 11:20:00,68,,
959,2024-02-29 11:20:00,68,,
960,2024-02-29 11:20:00,68,,
961,2024-02-29 11:20:00,68,,
962,2024-02-29 11:20:00,68,,
963,2024-02-29 11:20:00,68,,
964,2024-02-29 11:20:00,68,,
965,2024-02-29 11:20:00,68,,
966,2024-02-29 11:20:00,68,,
967,2024-02-29 11:20:00,68,,
968,2024-02-29 11:20:00,68,,
969,2024-02-29 11:20:00,68,,
970,2024-02-29 11:20:00,68,,
971,2024-02-29 11:20:00,68,,
972,2024-02-29 11:20:00,68,,
973,2024-02-29 11:20:00,68,,
974,2024-02-29 11:20:00,68,,
975,2024-02-29 11:20:00,68,,
976,2024-02-29 11:20:00,68,,
977,2024-02-29 11:20:00,68,,
978,2024-02-29 11:20:00,68,,
979,2024-02-29 11:20:00,68,,
980,2024-02-29 11:20:00,68,,
981,2024-02-29 11:20:00,68,,
982,2024-02-29 11:20:00,68,,
983,2024-02-29 11:20:00,68,,
984,2024-02-29 11:20:00,68,,
985,2024-02-29 11:20:00,68,,
986,2024-02-29 11:20:00,68,,
987,2024-02-29 11:20:00,68,,
988,2024-02-29 11:20:00,68,,
989,2024-02-29 11:20:00,68,,
990,2024-02-29 11:20:00,68,,
991,2024-02-29 11:20:00,68,,
992,2024-02-29 11:20:00,68,,
993,2024-02-29 11:20:00,68,,
994,2024-02-29 11:20:00,68,,
995,2024-02-29 11:20:00,68,,
996,2024-02-29 11:20:00,68,,
997,2024-02-29 11:20:00,68,,
998,2024-02-29 11:20:00,68,,
999,2024-02-29 11:20:00,68,,
1000,2024-02-29 11:20:00,68,,
1001,2024-02-29 11:20:00,68,,
1002,2024-02-29 11:20:00,68,,
1003,2024-02-29 11:20:00,68,,
1004,2024-02-29 11:20:00,68,,
1005,2024-02-29 11:20:00,68,,
1006,2024-02-29 11:20:00,68,,
792,2024-02-29 11:30:00,69,,
793,2024-02-29 11:30:00,69,,
794,2024-02-29 11:30:00,69,,
795,2024-02-29 11:30:00,69,,
796,2024-02-29 11:30:00,69,,
797,2024-02-29 11:30:00,69,,
798,2024-02-29 11:30:00,69,,
799,2024-02-29 11:30:00,69,,
800,2024-02-29 11:30:00,69,,
801,2024-02-29 11:30:00,69,,
802,2024-02-29 11:30:00,69,,
803,2024-02-29 11:30:00,69,,
804,2024-02-29 11:30:00,69,,
805,2024-02-29 11:30:00,69,,
806,2024-02-29 11:30:00,69,,
807,2024-02-29 11:30:00,69,,
808,2024-02-29 11:30:00,69,,
809,2024-02-29 11:30:00,69,,
810,2024-02-29 11:30:00,69,,
811,2024-02-29 11:30:00,69,,
812,2024-02-29 11:30:00,69,,
813,2024-02-29 11:30:00,69,,
814,2024-02-29 11:30:00,69,,
815,2024-02-29 11:30:00,69,,
816,2024-02-29 11:30:00,69,,
817,2024-02-29 11:30:00,69,,
818,2024-02-29 11:30:00,69,,
819,2024-02-29 11:30:00,69,,
820,2024-02-29 11:30:00,69,,
821,2024-02-29 11:30:00,69,,
822,2024-02-29 11:30:00,69,,
823,2024-02-29 11:30:00,69,,
824,2024-02-29 11:30:00,69,,
825,2024-02-29 11:30:00,69,,
826,2024-02-29 11:30:00,69,,
827,2024-02-29 11:30:00,69,,
828,2024-02-29 11:30:00,69,,
829,2024-02-29 11:30:00,69,,
830,2024-02-29 11:30:00,69,,
831,2024-02-29 11:30:00,69,,
832,2024-02-29 11:30:00,69,,
833,2024-02-29 11:30:00,69,,
834,2024-02-29 11:30:00,69,,
835,2024-02-29 11:30:00,69,,
836,2024-02-29 11:30:00,69,,
837,2024-02-29 11:30:00,69,,
838,2024-02-29 11:30:00,69,,
839,2024-02-29 11:30:00,69,,
840,2024-02-29 11:30:00,69,,
841,2024-02-29 11:30:00,69,,
842,2024-02-29 11:30:00,69,,
843,2024-02-29 11:30:00,69,,
844,2024-02-29 11:30:00,69,,
845,2024-02-29 11:30:00,69,,
846,2024-02-29 11:30:00,69,,
847,2024-02-29 11:30:00,69,,
848,2024-02-29 11:30:00,69,,
849,2024-02-29 11:30:00,69,,
850,2024-02-29 11:30:00,69,,
851,2024-02-29 11:30:00,69,,
852,2024-02-29 11:30:00,69,,
853,2024-02-29 11:30:00,69,,
854,2024-02-29 11:30:00,69,,
855,2024-02-29 11:30:00,69,,
856,2024-02-29 11:30:00,69,,
857,2024-02-29 11:30:00,69,,
858,2024-02-29 11:30:00,69,,
859,2024-02-29 11:30:00,69,,
860,2024-02-29 11:30:00,69,,
861,2024-02-29 11:30:00,69,,
862,2024-02-29 11:30:00,69,,
863,2024-02-29 11:30:00,69,,
864,2024-02-29 11:30:00,69,,
865,2024-02-29 11:30:00,69,,
866,2024-02-29 11:30:00,69,,
867,2024-02-29 11:30:00,69,,
868,2024-02-29 11:30:00,69,,
869,2024-02-29 11:30:00,69,,
870,2024-02-29 11:30:00,69,,
871,2024-02-29 11:30:00,69,,
872,2024-02-29 11:30:00,69,,
873,2024-02-29 11:30:00,69,,
874,2024-02-29 11:30:00,69,,
875,2024-02-29 11:30:00,69,,
876,2024-02-29 11:30:00,69,,
877,2024-02-29 11:30:00,69,,
878,2024-02-29 11:30:00,69,,
879,2024-02-29 11:30:00,69,,
880,2024-02-29 11:30:00,69,,
881,2024-02-29 11:30:00,69,,
882,2024-02-29 11:30:00,69,,
883,2024-02-29 11:30:00,69,,
884,2024-02-29 11:30:00,69,,
885,2024-02-29 11:30:00,69,,
886,2024-02-29 11:30:00,69,,
887,2024-02-29 11:30:00,69,,
888,2024-02-29 11:30:00,69,,
889,2024-02-29 11:30:00,69,,
890,2024-02-29 11:30:00,69,,
891,2024-02-29 11:30:00,69,,
892,2024-02-29 11:30:00,69,,
893,2024-02-29 11:30:00,69,,
894,2024-02-29 11:30:00,69,,
895,2024-02-29 11:30:00,69,,
896,2024-02-29 11:30:00,69,,
897,2024-02-29 11:30:00,69,,
898,2024-02-29 11:30:00,69,,
899,2024-02-29 11:30:00,69,,
900,2024-02-29 11:30:00,69,,
901,2024-02-29 11:30:00,69,,
902,2024-02-29 11:30:00,69,,
903,2024-02-29 11:30:00,69,,
904,2024-02-29 11:30:00,69,,
905,2024-02-29 11:30:00,69,,
906,2024-02-29 11:30:00,69,,
907,2024-02-29 11:30:00,69,,
908,2024-02-29 11:30:00,69,,
909,2024-02-29 11:30:00,69,,
910,2024-02-29 11:30:00,69,,
911,2024-02-29 11:30:00,69,,
912,2024-02-29 11:30:00,69,,
913,2024-02-29 11:30:00,69,,
914,2024-02-29 11:30:00,69,,
915,2024-02-29 11:30:00,69,,
916,2024-02-29 11:30:00,69,,
917,2024-02-29 11:30:00,69,,
918,2024-02-29 11:30:00,69,,
919,2024-02-29 11:30:00,69,,
920,2024-02-29 11:30:00,69,,
921,2024-02-29 11:30:00,69,,
922,2024-02-29 11:30:00,69,,
923,2024-02-29 11:30:00,69,,
924,2024-02-29 11:30:00,69,,
925,2024-02-29 11:30:00,69,,
926,2024-02-29 11:30:00,69,,
927,2024-02-29 11:30:00,69,,
928,2024-02-29 11:30:00,69,,
929,2024-02-29 11:30:00,69,,
930,2024-02-29 11:30:00,69,,
931,2024-02-29 11:30:00,69,,
932,2024-02-29 11:30:00,69,,
933,2024-02-29 11:30:00,69,,
934,2024-02-29 11:30:00,69,,
935,2024-02-29 11:30:00,69,,
936,2024-02-29 11:30:00,69,,
937,2024-02-29 11:30:00,69,,
938,2024-02-29 11:30:00,69,,
939,2024-02-29 11:30:00,69,,
940,2024-02-29 11:30:00,69,,
941,2024-02-29 11:30:00,69,,
942,2024-02-29 11:30:00,69,,
943,2024-02-29 11:30:00,69,,
944,2024-02-29 11:30:00,69,,
945,2024-02-29 11:30:00,69,,
946,2024-02-29 11:30:00,69,,
947,2024-02-29 11:30:00,69,,
948,2024-02-29 11:30:00,69,,
949,2024-02-29 11:30:00,69,,
950,2024-02-29 11:30:00,69,,
951,2024-02-29 11:30:00,69,,
952,2024-02-29 11:30:00,69,,
953,2024-02-29 11:30:00,69,,
954,2024-02-29 11:30:00,69,,
955,2024-02-29 11:30:00,69,,
956,2024-02-29 11:30:00,69,,
957,2024-02-29 11:30:00,69,,
958,2024-02-29 11:30:00,69,,
959,2024-02-29 11:30:00,69,,
960,2024-02-29 11:30:00,69,,
961,2024-02-29 11:30:00,69,,
962,2024-02-29 11:30:00,69,,
963,2024-02-29 11:30:00,69,,
964,2024-02-29 11:30:00,69,,
965,2024-02-29 11:30:00,69,,
966,2024-02-29 11:30:00,69,,
967,2024-02-29 11:30:00,69,,
968,2024-02-29 11:30:00,69,,
969,2024-02-29 11:30:00,69,,
970,2024-02-29 11:30:00,69,,
971,2024-02-29 11:30:00,69,,
972,2024-02-29 11:30:00,69,,
973,2024-02-29 11:30:00,69,,
974,2024-02-29 11:30:00,69,,
975,2024-02-29 11:30:00,69,,
976,2024-02-29 11:30:00,69,,
977,2024-02-29 11:30:00,69,,
978,2024-02-29 11:30:00,69,,
979,2024-02-29 11:30:00,69,,
980,2024-02-29 11:30:00,69,,
981,2024-02-29 11:30:00,69,,
982,2024-02-29 11:30:00,69,,
983,2024-02-29 11:30:00,69,,
984,2024-02-29 11:30:00,69,,
985,2024-02-29 11:30:00,69,,
986,2024-02-29 11:30:00,69,,
987,2024-02-29 11:30:00,69,,
988,2024-02-29 11:30:00,69,,
989,2024-02-29 11:30:00,69,,
990,2024-02-29 11:30:00,69,,
991,2024-02-29 11:30:00,69,,
992,2024-02-29 11:30:00,69,,
993,2024-02-29 11:30:00,69,,
994,2024-02-29 11:30:00,69,,
995,2024-02-29 11:30:00,69,,
996,2024-02-29 11:30:00,69,,
997,2024-02-29 11:30:00,69,,
998,2024-02-29 11:30:00,69,,
999,2024-02-29 11:30:00,69,,
1000,2024-02-29 11:30:00,69,,
1001,2024-02-29 11:30:00,69,,
1002,2024-02-29 11:30:00,69,,
1003,2024-02-29 11:30:00,69,,
1004,2024-02-29 11:30:00,69,,
1005,2024-02-29 11:30:00,69,,
1006,2024-02-29 11:30:00,69,,
792,2024-02-29 11:40:00,70,,
793,2024-02-29 11:40:00,70,,
794,2024-02-29 11:40:00,70,,
795,2024-02-29 11:40:00,70,,
796,2024-02-29 11:40:00,70,,
797,2024-02-29 11:40:00,70,,
798,2024-02-29 11:40:00,70,,
799,2024-02-29 11:40:00,70,,
800,2024-02-29 11:40:00,70,,
801,2024-02-29 11:40:00,70,,
802,2024-02-29 11:40:00,70,,
803,2024-02-29 11:40:00,70,,
804,2024-02-29 11:40:00,70,,
805,2024-02-29 11:40:00,70,,
806,2024-02-29 11:40:00,70,,
807,2024-02-29 11:40:00,70,,
808,2024-02-29 11:40:00,70,,
809,2024-02-29 11:40:00,70,,
810,2024-02-29 11:40:00,70,,
811,2024-02-29 11:40:00,70,,
812,2024-02-29 11:40:00,70,,
813,2024-02-29 11:40:00,70,,
814,2024-02-29 11:40:00,70,,
815,2024-02-29 11:40:00,70,,
816,2024-02-29 11:40:00,70,,
817,2024-02-29 11:40:00,70,,
818,2024-02-29 11:40:00,70,,
819,2024-02-29 11:40:00,70,,
820,2024-02-29 11:40:00,70,,
821,2024-02-29 11:40:00,70,,
822,2024-02-29 11:40:00,70,,
823,2024-02-29 11:40:00,70,,
824,2024-02-29 11:40:00,70,,
825,2024-02-29 11:40:00,70,,
826,2024-02-29 11:40:00,70,,
827,2024-02-29 11:40:00,70,,
828,2024-02-29 11:40:00,70,,
829,2024-02-29 11:40:00,70,,
830,2024-02-29 11:40:00,70,,
831,2024-02-29 11:40:00,70,,
832,2024-02-29 11:40:00,70,,
833,2024-02-29 11:40:00,70,,
834,2024-02-29 11:40:00,70,,
835,2024-02-29 11:40:00,70,,
836,2024-02-29 11:40:00,70,,
837,2024-02-29 11:40:00,70,,
838,2024-02-29 11:40:00,70,,
839,2024-02-29 11:40:00,70,,
840,2024-02-29 11:40:00,70,,
841,2024-02-29 11:40:00,70,,
842,2024-02-29 11:40:00,70,,
843,2024-02-29 11:40:00,70,,
844,2024-02-29 11:40:00,70,,
845,2024-02-29 11:40:00,70,,
846,2024-02-29 11:40:00,70,,
847,2024-02-29 11:40:00,70,,
848,2024-02-29 11:40:00,70,,
849,2024-02-29 11:40:00,70,,
850,2024-02-29 11:40:00,70,,
851,2024-02-29 11:40:00,70,,
852,2024-02-29 11:40:00,70,,
853,2024-02-29 11:40:00,70,,
854,2024-02-29 11:40:00,70,,
855,2024-02-29 11:40:00,70,,
856,2024-02-29 11:40:00,70,,
857,2024-02-29 11:40:00,70,,
858,2024-02-29 11:40:00,70,,
859,2024-02-29 11:40:00,70,,
860,2024-02-29 11:40:00,70,,
861,2024-02-29 11:40:00,70,,
862,2024-02-29 11:40:00,70,,
863,2024-02-29 11:40:00,70,,
864,2024-02-29 11:40:00,70,,
865,2024-02-29 11:40:00,70,,
866,2024-02-29 11:40:00,70,,
867,2024-02-29 11:40:00,70,,
868,2024-02-29 11:40:00,70,,
869,2024-02-29 11:40:00,70,,
870,2024-02-29 11:40:00,70,,
871,2024-02-29 11:40:00,70,,
872,2024-02-29 11:40:00,70,,
873,2024-02-29 11:40:00,70,,
874,2024-02-29 11:40:00,70,,
875,2024-02-29 11:40:00,70,,
876,2024-02-29 11:40:00,70,,
877,2024-02-29 11:40:00,70,,
878,2024-02-29 11:40:00,70,,
879,2024-02-29 11:40:00,70,,
880,2024-02-29 11:40:00,70,,
881,2024-02-29 11:40:00,70,,
882,2024-02-29 11:40:00,70,,
883,2024-02-29 11:40:00,70,,
884,2024-02-29 11:40:00,70,,
885,2024-02-29 11:40:00,70,,
886,2024-02-29 11:40:00,70,,
887,2024-02-29 11:40:00,70,,
888,2024-02-29 11:40:00,70,,
889,2024-02-29 11:40:00,70,,
890,2024-02-29 11:40:00,70,,
891,2024-02-29 11:40:00,70,,
892,2024-02-29 11:40:00,70,,
893,2024-02-29 11:40:00,70,,
894,2024-02-29 11:40:00,70,,
895,2024-02-29 11:40:00,70,,
896,2024-02-29 11:40:00,70,,
897,2024-02-29 11:40:00,70,,
898,2024-02-29 11:40:00,70,,
899,2024-02-29 11:40:00,70,,
900,2024-02-29 11:40:00,70,,
901,2024-02-29 11:40:00,70,,
902,2024-02-29 11:40:00,70,,
903,2024-02-29 11:40:00,70,,
904,2024-02-29 11:40:00,70,,
905,2024-02-29 11:40:00,70,,
906,2024-02-29 11:40:00,70,,
907,2024-02-29 11:40:00,70,,
908,2024-02-29 11:40:00,70,,
909,2024-02-29 11:40:00,70,,
910,2024-02-29 11:40:00,70,,
911,2024-02-29 11:40:00,70,,
912,2024-02-29 11:40:00,70,,
913,2024-02-29 11:40:00,70,,
914,2024-02-29 11:40:00,70,,
915,2024-02-29 11:40:00,70,,
916,2024-02-29 11:40:00,70,,
917,2024-02-29 11:40:00,70,,
918,2024-02-29 11:40:00,70,,
919,2024-02-29 11:40:00,70,,
920,2024-02-29 11:40:00,70,,
921,2024-02-29 11:40:00,70,,
922,2024-02-29 11:40:00,70,,
923,2024-02-29 11:40:00,70,,
924,2024-02-29 11:40:00,70,,
925,2024-02-29 11:40:00,70,,
926,2024-02-29 11:40:00,70,,
927,2024-02-29 11:40:00,70,,
928,2024-02-29 11:40:00,70,,
929,2024-02-29 11:40:00,70,,
930,2024-02-29 11:40:00,70,,
931,2024-02-29 11:40:00,70,,
932,2024-02-29 11:40:00,70,,
933,2024-02-29 11:40:00,70,,
934,2024-02-29 11:40:00,70,,
935,2024-02-29 11:40:00,70,,
936,2024-02-29 11:40:00,70,,
937,2024-02-29 11:40:00,70,,
938,2024-02-29 11:40:00,70,,
939,2024-02-29 11:40:00,70,,
940,2024-02-29 11:40:00,70,,
941,2024-02-29 11:40:00,70,,
942,2024-02-29 11:40:00,70,,
943,2024-02-29 11:40:00,70,,
944,2024-02-29 11:40:00,70,,
945,2024-02-29 11:40:00,70,,
946,2024-02-29 11:40:00,70,,
947,2024-02-29 11:40:00,70,,
948,2024-02-29 11:40:00,70,,
949,2024-02-29 11:40:00,70,,
950,2024-02-29 11:40:00,70,,
951,2024-02-29 11:40:00,70,,
952,2024-02-29 11:40:00,70,,
953,2024-02-29 11:40:00,70,,
954,2024-02-29 11:40:00,70,,
955,2024-02-29 11:40:00,70,,
956,2024-02-29 11:40:00,70,,
957,2024-02-29 11:40:00,70,,
958,2024-02-29 11:40:00,70,,
959,2024-02-29 11:40:00,70,,
960,2024-02-29 11:40:00,70,,
961,2024-02-29 11:40:00,70,,
962,2024-02-29 11:40:00,70,,
963,2024-02-29 11:40:00,70,,
964,2024-02-29 11:40:00,70,,
965,2024-02-29 11:40:00,70,,
966,2024-02-29 11:40:00,70,,
967,2024-02-29 11:40:00,70,,
968,2024-02-29 11:40:00,70,,
969,2024-02-29 11:40:00,70,,
970,2024-02-29 11:40:00,70,,
971,2024-02-29 11:40:00,70,,
972,2024-02-29 11:40:00,70,,
973,2024-02-29 11:40:00,70,,
974,2024-02-29 11:40:00,70,,
975,2024-02-29 11:40:00,70,,
976,2024-02-29 11:40:00,70,,
977,2024-02-29 11:40:00,70,,
978,2024-02-29 11:40:00,70,,
979,2024-02-29 11:40:00,70,,
980,2024-02-29 11:40:00,70,,
981,2024-02-29 11:40:00,70,,
982,2024-02-29 11:40:00,70,,
983,2024-02-29 11:40:00,70,,
984,2024-02-29 11:40:00,70,,
985,2024-02-29 11:40:00,70,,
986,2024-02-29 11:40:00,70,,
987,2024-02-29 11:40:00,70,,
988,2024-02-29 11:40:00,70,,
989,2024-02-29 11:40:00,70,,
990,2024-02-29 11:40:00,70,,
991,2024-02-29 11:40:00,70,,
992,2024-02-29 11:40:00,70,,
993,2024-02-29 11:40:00,70,,
994,2024-02-29 11:40:00,70,,
995,2024-02-29 11:40:00,70,,
996,2024-02-29 11:40:00,70,,
997,2024-02-29 11:40:00,70,,
998,2024-02-29 11:40:00,70,,
999,2024-02-29 11:40:00,70,,
1000,2024-02-29 11:40:00,70,,
1001,2024-02-29 11:40:00,70,,
1002,2024-02-29 11:40:00,70,,
1003,2024-02-29 11:40:00,70,,
1004,2024-02-29 11:40:00,70,,
1005,2024-02-29 11:40:00,70,,
1006,2024-02-29 11:40:00,70,,
792,2024-02-29 11:50:00,71,,
793,2024-02-29 11:50:00,71,,
794,2024-02-29 11:50:00,71,,
795,2024-02-29 11:50:00,71,,
796,2024-02-29 11:50:00,71,,
797,2024-02-29 11:50:00,71,,
798,2024-02-29 11:50:00,71,,
799,2024-02-29 11:50:00,71,,
800,2024-02-29 11:50:00,71,,
801,2024-02-29 11:50:00,71,,
802,2024-02-29 11:50:00,71,,
803,2024-02-29 11:50:00,71,,
804,2024-02-29 11:50:00,71,,
805,2024-02-29 11:50:00,71,,
806,2024-02-29 11:50:00,71,,
807,2024-02-29 11:50:00,71,,
808,2024-02-29 11:50:00,71,,
809,2024-02-29 11:50:00,71,,
810,2024-02-29 11:50:00,71,,
811,2024-02-29 11:50:00,71,,
812,2024-02-29 11:50:00,71,,
813,2024-02-29 11:50:00,71,,
814,2024-02-29 11:50:00,71,,
815,2024-02-29 11:50:00,71,,
816,2024-02-29 11:50:00,71,,
817,2024-02-29 11:50:00,71,,
818,2024-02-29 11:50:00,71,,
819,2024-02-29 11:50:00,71,,
820,2024-02-29 11:50:00,71,,
821,2024-02-29 11:50:00,71,,
822,2024-02-29 11:50:00,71,,
823,2024-02-29 11:50:00,71,,
824,2024-02-29 11:50:00,71,,
825,2024-02-29 11:50:00,71,,
826,2024-02-29 11:50:00,71,,
827,2024-02-29 11:50:00,71,,
828,2024-02-29 11:50:00,71,,
829,2024-02-29 11:50:00,71,,
830,2024-02-29 11:50:00,71,,
831,2024-02-29 11:50:00,71,,
832,2024-02-29 11:50:00,71,,
833,2024-02-29 11:50:00,71,,
834,2024-02-29 11:50:00,71,,
835,2024-02-29 11:50:00,71,,
836,2024-02-29 11:50:00,71,,
837,2024-02-29 11:50:00,71,,
838,2024-02-29 11:50:00,71,,
839,2024-02-29 11:50:00,71,,
840,2024-02-29 11:50:00,71,,
841,2024-02-29 11:50:00,71,,
842,2024-02-29 11:50:00,71,,
843,2024-02-29 11:50:00,71,,
844,2024-02-29 11:50:00,71,,
845,2024-02-29 11:50:00,71,,
846,2024-02-29 11:50:00,71,,
847,2024-02-29 11:50:00,71,,
848,2024-02-29 11:50:00,71,,
849,2024-02-29 11:50:00,71,,
850,2024-02-29 11:50:00,71,,
851,2024-02-29 11:50:00,71,,
852,2024-02-29 11:50:00,71,,
853,2024-02-29 11:50:00,71,,
854,2024-02-29 11:50:00,71,,
855,2024-02-29 11:50:00,71,,
856,2024-02-29 11:50:00,71,,
857,2024-02-29 11:50:00,71,,
858,2024-02-29 11:50:00,71,,
859,2024-02-29 11:50:00,71,,
860,2024-02-29 11:50:00,71,,
861,2024-02-29 11:50:00,71,,
862,2024-02-29 11:50:00,71,,
863,2024-02-29 11:50:00,71,,
864,2024-02-29 11:50:00,71,,
865,2024-02-29 11:50:00,71,,
866,2024-02-29 11:50:00,71,,
867,2024-02-29 11:50:00,71,,
868,2024-02-29 11:50:00,71,,
869,2024-02-29 11:50:00,71,,
870,2024-02-29 11:50:00,71,,
871,2024-02-29 11:50:00,71,,
872,2024-02-29 11:50:00,71,,
873,2024-02-29 11:50:00,71,,
874,2024-02-29 11:50:00,71,,
875,2024-02-29 11:50:00,71,,
876,2024-02-29 11:50:00,71,,
877,2024-02-29 11:50:00,71,,
878,2024-02-29 11:50:00,71,,
879,2024-02-29 11:50:00,71,,
880,2024-02-29 11:50:00,71,,
881,2024-02-29 11:50:00,71,,
882,2024-02-29 11:50:00,71,,
883,2024-02-29 11:50:00,71,,
884,2024-02-29 11:50:00,71,,
885,2024-02-29 11:50:00,71,,
886,2024-02-29 11:50:00,71,,
887,2024-02-29 11:50:00,71,,
888,2024-02-29 11:50:00,71,,
889,2024-02-29 11:50:00,71,,
890,2024-02-29 11:50:00,71,,
891,2024-02-29 11:50:00,71,,
892,2024-02-29 11:50:00,71,,
893,2024-02-29 11:50:00,71,,
894,2024-02-29 11:50:00,71,,
895,2024-02-29 11:50:00,71,,
896,2024-02-29 11:50:00,71,,
897,2024-02-29 11:50:00,71,,
898,2024-02-29 11:50:00,71,,
899,2024-02-29 11:50:00,71,,
900,2024-02-29 11:50:00,71,,
901,2024-02-29 11:50:00,71,,
902,2024-02-29 11:50:00,71,,
903,2024-02-29 11:50:00,71,,
904,2024-02-29 11:50:00,71,,
905,2024-02-29 11:50:00,71,,
906,2024-02-29 11:50:00,71,,
907,2024-02-29 11:50:00,71,,
908,2024-02-29 11:50:00,71,,
909,2024-02-29 11:50:00,71,,
910,2024-02-29 11:50:00,71,,
911,2024-02-29 11:50:00,71,,
912,2024-02-29 11:50:00,71,,
913,2024-02-29 11:50:00,71,,
914,2024-02-29 11:50:00,71,,
915,2024-02-29 11:50:00,71,,
916,2024-02-29 11:50:00,71,,
917,2024-02-29 11:50:00,71,,
918,2024-02-29 11:50:00,71,,
919,2024-02-29 11:50:00,71,,
920,2024-02-29 11:50:00,71,,
921,2024-02-29 11:50:00,71,,
922,2024-02-29 11:50:00,71,,
923,2024-02-29 11:50:00,71,,
924,2024-02-29 11:50:00,71,,
925,2024-02-29 11:50:00,71,,
926,2024-02-29 11:50:00,71,,
927,2024-02-29 11:50:00,71,,
928,2024-02-29 11:50:00,71,,
929,2024-02-29 11:50:00,71,,
930,2024-02-29 11:50:00,71,,
931,2024-02-29 11:50:00,71,,
932,2024-02-29 11:50:00,71,,
933,2024-02-29 11:50:00,71,,
934,2024-02-29 11:50:00,71,,
935,2024-02-29 11:50:00,71,,
936,2024-02-29 11:50:00,71,,
937,2024-02-29 11:50:00,71,,
938,2024-02-29 11:50:00,71,,
939,2024-02-29 11:50:00,71,,
940,2024-02-29 11:50:00,71,,
941,2024-02-29 11:50:00,71,,
942,2024-02-29 11:50:00,71,,
943,2024-02-29 11:50:00,71,,
944,2024-02-29 11:50:00,71,,
945,2024-02-29 11:50:00,71,,
946,2024-02-29 11:50:00,71,,
947,2024-02-29 11:50:00,71,,
948,2024-02-29 11:50:00,71,,
949,2024-02-29 11:50:00,71,,
950,2024-02-29 11:50:00,71,,
951,2024-02-29 11:50:00,71,,
952,2024-02-29 11:50:00,71,,
953,2024-02-29 11:50:00,71,,
954,2024-02-29 11:50:00,71,,
955,2024-02-29 11:50:00,71,,
956,2024-02-29 11:50:00,71,,
957,2024-02-29 11:50:00,71,,
958,2024-02-29 11:50:00,71,,
959,2024-02-29 11:50:00,71,,
960,2024-02-29 11:50:00,71,,
961,2024-02-29 11:50:00,71,,
962,2024-02-29 11:50:00,71,,
963,2024-02-29 11:50:00,71,,
964,2024-02-29 11:50:00,71,,
965,2024-02-29 11:50:00,71,,
966,2024-02-29 11:50:00,71,,
967,2024-02-29 11:50:00,71,,
968,2024-02-29 11:50:00,71,,
969,2024-02-29 11:50:00,71,,
970,2024-02-29 11:50:00,71,,
971,2024-02-29 11:50:00,71,,
972,2024-02-29 11:50:00,71,,
973,2024-02-29 11:50:00,71,,
974,2024-02-29 11:50:00,71,,
975,2024-02-29 11:50:00,71,,
976,2024-02-29 11:50:00,71,,
977,2024-02-29 11:50:00,71,,
978,2024-02-29 11:50:00,71,,
979,2024-02-29 11:50:00,71,,
980,2024-02-29 11:50:00,71,,
981,2024-02-29 11:50:00,71,,
982,2024-02-29 11:50:00,71,,
983,2024-02-29 11:50:00,71,,
984,2024-02-29 11:50:00,71,,
985,2024-02-29 11:50:00,71,,
986,2024-02-29 11:50:00,71,,
987,2024-02-29 11:50:00,71,,
988,2024-02-29 11:50:00,71,,
989,2024-02-29 11:50:00,71,,
990,2024-02-29 11:50:00,71,,
991,2024-02-29 11:50:00,71,,
992,2024-02-29 11:50:00,71,,
993,2024-02-29 11:50:00,71,,
994,2024-02-29 11:50:00,71,,
995,2024-02-29 11:50:00,71,,
996,2024-02-29 11:50:00,71,,
997,2024-02-29 11:50:00,71,,
998,2024-02-29 11:50:00,71,,
999,2024-02-29 11:50:00,71,,
1000,2024-02-29 11:50:00,71,,
1001,2024-02-29 11:50:00,71,,
1002,2024-02-29 11:50:00,71,,
1003,2024-02-29 11:50:00,71,,
1004,2024-02-29 11:50:00,71,,
1005,2024-02-29 11:50:00,71,,
1006,2024-02-29 11:50:00,71,,
792,2024-02-29 12:00:00,72,,
793,2024-02-29 12:00:00,72,,
794,2024-02-29 12:00:00,72,,
795,2024-02-29 12:00:00,72,,
796,2024-02-29 12:00:00,72,,
797,2024-02-29 12:00:00,72,,
798,2024-02-29 12:00:00,72,,
799,2024-02-29 12:00:00,72,,
800,2024-02-29 12:00:00,72,,
801,2024-02-29 12:00:00,72,,
802,2024-02-29 12:00:00,72,,
803,2024-02-29 12:00:00,72,,
804,2024-02-29 12:00:00,72,,
805,2024-02-29 12:00:00,72,,
806,2024-02-29 12:00:00,72,,
807,2024-02-29 12:00:00,72,,
808,2024-02-29 12:00:00,72,,
809,2024-02-29 12:00:00,72,,
810,2024-02-29 12:00:00,72,,
811,2024-02-29 12:00:00,72,,
812,2024-02-29 12:00:00,72,,
813,2024-02-29 12:00:00,72,,
814,2024-02-29 12:00:00,72,,
815,2024-02-29 12:00:00,72,,
816,2024-02-29 12:00:00,72,,
817,2024-02-29 12:00:00,72,,
818,2024-02-29 12:00:00,72,,
819,2024-02-29 12:00:00,72,,
820,2024-02-29 12:00:00,72,,
821,2024-02-29 12:00:00,72,,
822,2024-02-29 12:00:00,72,,
823,2024-02-29 12:00:00,72,,
824,2024-02-29 12:00:00,72,,
825,2024-02-29 12:00:00,72,,
826,2024-02-29 12:00:00,72,,
827,2024-02-29 12:00:00,72,,
828,2024-02-29 12:00:00,72,,
829,2024-02-29 12:00:00,72,,
830,2024-02-29 12:00:00,72,,
831,2024-02-29 12:00:00,72,,
832,2024-02-29 12:00:00,72,,
833,2024-02-29 12:00:00,72,,
834,2024-02-29 12:00:00,72,,
835,2024-02-29 12:00:00,72,,
836,2024-02-29 12:00:00,72,,
837,2024-02-29 12:00:00,72,,
838,2024-02-29 12:00:00,72,,
839,2024-02-29 12:00:00,72,,
840,2024-02-29 12:00:00,72,,
841,2024-02-29 12:00:00,72,,
842,2024-02-29 12:00:00,72,,
843,2024-02-29 12:00:00,72,,
844,2024-02-29 12:00:00,72,,
845,2024-02-29 12:00:00,72,,
846,2024-02-29 12:00:00,72,,
847,2024-02-29 12:00:00,72,,
848,2024-02-29 12:00:00,72,,
849,2024-02-29 12:00:00,72,,
850,2024-02-29 12:00:00,72,,
851,2024-02-29 12:00:00,72,,
852,2024-02-29 12:00:00,72,,
853,2024-02-29 12:00:00,72,,
854,2024-02-29 12:00:00,72,,
855,2024-02-29 12:00:00,72,,
856,2024-02-29 12:00:00,72,,
857,2024-02-29 12:00:00,72,,
858,2024-02-29 12:00:00,72,,
859,2024-02-29 12:00:00,72,,
860,2024-02-29 12:00:00,72,,
861,2024-02-29 12:00:00,72,,
862,2024-02-29 12:00:00,72,,
863,2024-02-29 12:00:00,72,,
864,2024-02-29 12:00:00,72,,
865,2024-02-29 12:00:00,72,,
866,2024-02-29 12:00:00,72,,
867,2024-02-29 12:00:00,72,,
868,2024-02-29 12:00:00,72,,
869,2024-02-29 12:00:00,72,,
870,2024-02-29 12:00:00,72,,
871,2024-02-29 12:00:00,72,,
872,2024-02-29 12:00:00,72,,
873,2024-02-29 12:00:00,72,,
874,2024-02-29 12:00:00,72,,
875,2024-02-29 12:00:00,72,,
876,2024-02-29 12:00:00,72,,
877,2024-02-29 12:00:00,72,,
878,2024-02-29 12:00:00,72,,
879,2024-02-29 12:00:00,72,,
880,2024-02-29 12:00:00,72,,
881,2024-02-29 12:00:00,72,,
882,2024-02-29 12:00:00,72,,
883,2024-02-29 12:00:00,72,,
884,2024-02-29 12:00:00,72,,
885,2024-02-29 12:00:00,72,,
886,2024-02-29 12:00:00,72,,
887,2024-02-29 12:00:00,72,,
888,2024-02-29 12:00:00,72,,
889,2024-02-29 12:00:00,72,,
890,2024-02-29 12:00:00,72,,
891,2024-02-29 12:00:00,72,,
892,2024-02-29 12:00:00,72,,
893,2024-02-29 12:00:00,72,,
894,2024-02-29 12:00:00,72,,
895,2024-02-29 12:00:00,72,,
896,2024-02-29 12:00:00,72,,
897,2024-02-29 12:00:00,72,,
898,2024-02-29 12:00:00,72,,
899,2024-02-29 12:00:00,72,,
900,2024-02-29 12:00:00,72,,
901,2024-02-29 12:00:00,72,,
902,2024-02-29 12:00:00,72,,
903,2024-02-29 12:00:00,72,,
904,2024-02-29 12:00:00,72,,
905,2024-02-29 12:00:00,72,,
906,2024-02-29 12:00:00,72,,
907,2024-02-29 12:00:00,72,,
908,2024-02-29 12:00:00,72,,
909,2024-02-29 12:00:00,72,,
910,2024-02-29 12:00:00,72,,
911,2024-02-29 12:00:00,72,,
912,2024-02-29 12:00:00,72,,
913,2024-02-29 12:00:00,72,,
914,2024-02-29 12:00:00,72,,
915,2024-02-29 12:00:00,72,,
916,2024-02-29 12:00:00,72,,
917,2024-02-29 12:00:00,72,,
918,2024-02-29 12:00:00,72,,
919,2024-02-29 12:00:00,72,,
920,2024-02-29 12:00:00,72,,
921,2024-02-29 12:00:00,72,,
922,2024-02-29 12:00:00,72,,
923,2024-02-29 12:00:00,72,,
924,2024-02-29 12:00:00,72,,
925,2024-02-29 12:00:00,72,,
926,2024-02-29 12:00:00,72,,
927,2024-02-29 12:00:00,72,,
928,2024-02-29 12:00:00,72,,
929,2024-02-29 12:00:00,72,,
930,2024-02-29 12:00:00,72,,
931,2024-02-29 12:00:00,72,,
932,2024-02-29 12:00:00,72,,
933,2024-02-29 12:00:00,72,,
934,2024-02-29 12:00:00,72,,
935,2024-02-29 12:00:00,72,,
936,2024-02-29 12:00:00,72,,
937,2024-02-29 12:00:00,72,,
938,2024-02-29 12:00:00,72,,
939,2024-02-29 12:00:00,72,,
940,2024-02-29 12:00:00,72,,
941,2024-02-29 12:00:00,72,,
942,2024-02-29 12:00:00,72,,
943,2024-02-29 12:00:00,72,,
944,2024-02-29 12:00:00,72,,
945,2024-02-29 12:00:00,72,,
946,2024-02-29 12:00:00,72,,
947,2024-02-29 12:00:00,72,,
948,2024-02-29 12:00:00,72,,
949,2024-02-29 12:00:00,72,,
950,2024-02-29 12:00:00,72,,
951,2024-02-29 12:00:00,72,,
952,2024-02-29 12:00:00,72,,
953,2024-02-29 12:00:00,72,,
954,2024-02-29 12:00:00,72,,
955,2024-02-29 12:00:00,72,,
956,2024-02-29 12:00:00,72,,
957,2024-02-29 12:00:00,72,,
958,2024-02-29 12:00:00,72,,
959,2024-02-29 12:00:00,72,,
960,2024-02-29 12:00:00,72,,
961,2024-02-29 12:00:00,72,,
962,2024-02-29 12:00:00,72,,
963,2024-02-29 12:00:00,72,,
964,2024-02-29 12:00:00,72,,
965,2024-02-29 12:00:00,72,,
966,2024-02-29 12:00:00,72,,
967,2024-02-29 12:00:00,72,,
968,2024-02-29 12:00:00,72,,
969,2024-02-29 12:00:00,72,,
970,2024-02-29 12:00:00,72,,
971,2024-02-29 12:00:00,72,,
972,2024-02-29 12:00:00,72,,
973,2024-02-29 12:00:00,72,,
974,2024-02-29 12:00:00,72,,
975,2024-02-29 12:00:00,72,,
976,2024-02-29 12:00:00,72,,
977,2024-02-29 12:00:00,72,,
978,2024-02-29 12:00:00,72,,
979,2024-02-29 12:00:00,72,,
980,2024-02-29 12:00:00,72,,
981,2024-02-29 12:00:00,72,,
982,2024-02-29 12:00:00,72,,
983,2024-02-29 12:00:00,72,,
984,2024-02-29 12:00:00,72,,
985,2024-02-29 12:00:00,72,,
986,2024-02-29 12:00:00,72,,
987,2024-02-29 12:00:00,72,,
988,2024-02-29 12:00:00,72,,
989,2024-02-29 12:00:00,72,,
990,2024-02-29 12:00:00,72,,
991,2024-02-29 12:00:00,72,,
992,2024-02-29 12:00:00,72,,
993,2024-02-29 12:00:00,72,,
994,2024-02-29 12:00:00,72,,
995,2024-02-29 12:00:00,72,,
996,2024-02-29 12:00:00,72,,
997,2024-02-29 12:00:00,72,,
998,2024-02-29 12:00:00,72,,
999,2024-02-29 12:00:00,72,,
1000,2024-02-29 12:00:00,72,,
1001,2024-02-29 12:00:00,72,,
1002,2024-02-29 12:00:00,72,,
1003,2024-02-29 12:00:00,72,,
1004,2024-02-29 12:00:00,72,,
1005,2024-02-29 12:00:00,72,,
1006,2024-02-29 12:00:00,72,,
792,2024-02-29 12:10:00,73,,
793,2024-02-29 12:10:00,73,,
794,2024-02-29 12:10:00,73,,
795,2024-02-29 12:10:00,73,,
796,2024-02-29 12:10:00,73,,
797,2024-02-29 12:10:00,73,,
798,2024-02-29 12:10:00,73,,
799,2024-02-29 12:10:00,73,,
800,2024-02-29 12:10:00,73,,
801,2024-02-29 12:10:00,73,,
802,2024-02-29 12:10:00,73,,
803,2024-02-29 12:10:00,73,,
804,2024-02-29 12:10:00,73,,
805,2024-02-29 12:10:00,73,,
806,2024-02-29 12:10:00,73,,
807,2024-02-29 12:10:00,73,,
808,2024-02-29 12:10:00,73,,
809,2024-02-29 12:10:00,73,,
810,2024-02-29 12:10:00,73,,
811,2024-02-29 12:10:00,73,,
812,2024-02-29 12:10:00,73,,
813,2024-02-29 12:10:00,73,,
814,2024-02-29 12:10:00,73,,
815,2024-02-29 12:10:00,73,,
816,2024-02-29 12:10:00,73,,
817,2024-02-29 12:10:00,73,,
818,2024-02-29 12:10:00,73,,
819,2024-02-29 12:10:00,73,,
820,2024-02-29 12:10:00,73,,
821,2024-02-29 12:10:00,73,,
822,2024-02-29 12:10:00,73,,
823,2024-02-29 12:10:00,73,,
824,2024-02-29 12:10:00,73,,
825,2024-02-29 12:10:00,73,,
826,2024-02-29 12:10:00,73,,
827,2024-02-29 12:10:00,73,,
828,2024-02-29 12:10:00,73,,
829,2024-02-29 12:10:00,73,,
830,2024-02-29 12:10:00,73,,
831,2024-02-29 12:10:00,73,,
832,2024-02-29 12:10:00,73,,
833,2024-02-29 12:10:00,73,,
834,2024-02-29 12:10:00,73,,
835,2024-02-29 12:10:00,73,,
836,2024-02-29 12:10:00,73,,
837,2024-02-29 12:10:00,73,,
838,2024-02-29 12:10:00,73,,
839,2024-02-29 12:10:00,73,,
840,2024-02-29 12:10:00,73,,
841,2024-02-29 12:10:00,73,,
842,2024-02-29 12:10:00,73,,
843,2024-02-29 12:10:00,73,,
844,2024-02-29 12:10:00,73,,
845,2024-02-29 12:10:00,73,,
846,2024-02-29 12:10:00,73,,
847,2024-02-29 12:10:00,73,,
848,2024-02-29 12:10:00,73,,
849,2024-02-29 12:10:00,73,,
850,2024-02-29 12:10:00,73,,
851,2024-02-29 12:10:00,73,,
852,2024-02-29 12:10:00,73,,
853,2024-02-29 12:10:00,73,,
854,2024-02-29 12:10:00,73,,
855,2024-02-29 12:10:00,73,,
856,2024-02-29 12:10:00,73,,
857,2024-02-29 12:10:00,73,,
858,2024-02-29 12:10:00,73,,
859,2024-02-29 12:10:00,73,,
860,2024-02-29 12:10:00,73,,
861,2024-02-29 12:10:00,73,,
862,2024-02-29 12:10:00,73,,
863,2024-02-29 12:10:00,73,,
864,2024-02-29 12:10:00,73,,
865,2024-02-29 12:10:00,73,,
866,2024-02-29 12:10:00,73,,
867,2024-02-29 12:10:00,73,,
868,2024-02-29 12:10:00,73,,
869,2024-02-29 12:10:00,73,,
870,2024-02-29 12:10:00,73,,
871,2024-02-29 12:10:00,73,,
872,2024-02-29 12:10:00,73,,
873,2024-02-29 12:10:00,73,,
874,2024-02-29 12:10:00,73,,
875,2024-02-29 12:10:00,73,,
876,2024-02-29 12:10:00,73,,
877,2024-02-29 12:10:00,73,,
878,2024-02-29 12:10:00,73,,
879,2024-02-29 12:10:00,73,,
880,2024-02-29 12:10:00,73,,
881,2024-02-29 12:10:00,73,,
882,2024-02-29 12:10:00,73,,
883,2024-02-29 12:10:00,73,,
884,2024-02-29 12:10:00,73,,
885,2024-02-29 12:10:00,73,,
886,2024-02-29 12:10:00,73,,
887,2024-02-29 12:10:00,73,,
888,2024-02-29 12:10:00,73,,
889,2024-02-29 12:10:00,73,,
890,2024-02-29 12:10:00,73,,
891,2024-02-29 12:10:00,73,,
892,2024-02-29 12:10:00,73,,
893,2024-02-29 12:10:00,73,,
894,2024-02-29 12:10:00,73,,
895,2024-02-29 12:10:00,73,,
896,2024-02-29 12:10:00,73,,
897,2024-02-29 12:10:00,73,,
898,2024-02-29 12:10:00,73,,
899,2024-02-29 12:10:00,73,,
900,2024-02-29 12:10:00,73,,
901,2024-02-29 12:10:00,73,,
902,2024-02-29 12:10:00,73,,
903,2024-02-29 12:10:00,73,,
904,2024-02-29 12:10:00,73,,
905,2024-02-29 12:10:00,73,,
906,2024-02-29 12:10:00,73,,
907,2024-02-29 12:10:00,73,,
908,2024-02-29 12:10:00,73,,
909,2024-02-29 12:10:00,73,,
910,2024-02-29 12:10:00,73,,
911,2024-02-29 12:10:00,73,,
912,2024-02-29 12:10:00,73,,
913,2024-02-29 12:10:00,73,,
914,2024-02-29 12:10:00,73,,
915,2024-02-29 12:10:00,73,,
916,2024-02-29 12:10:00,73,,
917,2024-02-29 12:10:00,73,,
918,2024-02-29 12:10:00,73,,
919,2024-02-29 12:10:00,73,,
920,2024-02-29 12:10:00,73,,
921,2024-02-29 12:10:00,73,,
922,2024-02-29 12:10:00,73,,
923,2024-02-29 12:10:00,73,,
924,2024-02-29 12:10:00,73,,
925,2024-02-29 12:10:00,73,,
926,2024-02-29 12:10:00,73,,
927,2024-02-29 12:10:00,73,,
928,2024-02-29 12:10:00,73,,
929,2024-02-29 12:10:00,73,,
930,2024-02-29 12:10:00,73,,
931,2024-02-29 12:10:00,73,,
932,2024-02-29 12:10:00,73,,
933,2024-02-29 12:10:00,73,,
934,2024-02-29 12:10:00,73,,
935,2024-02-29 12:10:00,73,,
936,2024-02-29 12:10:00,73,,
937,2024-02-29 12:10:00,73,,
938,2024-02-29 12:10:00,73,,
939,2024-02-29 12:10:00,73,,
940,2024-02-29 12:10:00,73,,
941,2024-02-29 12:10:00,73,,
942,2024-02-29 12:10:00,73,,
943,2024-02-29 12:10:00,73,,
944,2024-02-29 12:10:00,73,,
945,2024-02-29 12:10:00,73,,
946,2024-02-29 12:10:00,73,,
947,2024-02-29 12:10:00,73,,
948,2024-02-29 12:10:00,73,,
949,2024-02-29 12:10:00,73,,
950,2024-02-29 12:10:00,73,,
951,2024-02-29 12:10:00,73,,
952,2024-02-29 12:10:00,73,,
953,2024-02-29 12:10:00,73,,
954,2024-02-29 12:10:00,73,,
955,2024-02-29 12:10:00,73,,
956,2024-02-29 12:10:00,73,,
957,2024-02-29 12:10:00,73,,
958,2024-02-29 12:10:00,73,,
959,2024-02-29 12:10:00,73,,
960,2024-02-29 12:10:00,73,,
961,2024-02-29 12:10:00,73,,
962,2024-02-29 12:10:00,73,,
963,2024-02-29 12:10:00,73,,
964,2024-02-29 12:10:00,73,,
965,2024-02-29 12:10:00,73,,
966,2024-02-29 12:10:00,73,,
967,2024-02-29 12:10:00,73,,
968,2024-02-29 12:10:00,73,,
969,2024-02-29 12:10:00,73,,
970,2024-02-29 12:10:00,73,,
971,2024-02-29 12:10:00,73,,
972,2024-02-29 12:10:00,73,,
973,2024-02-29 12:10:00,73,,
974,2024-02-29 12:10:00,73,,
975,2024-02-29 12:10:00,73,,
976,2024-02-29 12:10:00,73,,
977,2024-02-29 12:10:00,73,,
978,2024-02-29 12:10:00,73,,
979,2024-02-29 12:10:00,73,,
980,2024-02-29 12:10:00,73,,
981,2024-02-29 12:10:00,73,,
982,2024-02-29 12:10:00,73,,
983,2024-02-29 12:10:00,73,,
984,2024-02-29 12:10:00,73,,
985,2024-02-29 12:10:00,73,,
986,2024-02-29 12:10:00,73,,
987,2024-02-29 12:10:00,73,,
988,2024-02-29 12:10:00,73,,
989,2024-02-29 12:10:00,73,,
990,2024-02-29 12:10:00,73,,
991,2024-02-29 12:10:00,73,,
992,2024-02-29 12:10:00,73,,
993,2024-02-29 12:10:00,73,,
994,2024-02-29 12:10:00,73,,
995,2024-02-29 12:10:00,73,,
996,2024-02-29 12:10:00,73,,
997,2024-02-29 12:10:00,73,,
998,2024-02-29 12:10:00,73,,
999,2024-02-29 12:10:00,73,,
1000,2024-02-29 12:10:00,73,,
1001,2024-02-29 12:10:00,73,,
1002,2024-02-29 12:10:00,73,,
1003,2024-02-29 12:10:00,73,,
1004,2024-02-29 12:10:00,73,,
1005,2024-02-29 12:10:00,73,,
1006,2024-02-29 12:10:00,73,,
792,2024-02-29 12:20:00,74,,
793,2024-02-29 12:20:00,74,,
794,2024-02-29 12:20:00,74,,
795,2024-02-29 12:20:00,74,,
796,2024-02-29 12:20:00,74,,
797,2024-02-29 12:20:00,74,,
798,2024-02-29 12:20:00,74,,
799,2024-02-29 12:20:00,74,,
800,2024-02-29 12:20:00,74,,
801,2024-02-29 12:20:00,74,,
802,2024-02-29 12:20:00,74,,
803,2024-02-29 12:20:00,74,,
804,2024-02-29 12:20:00,74,,
805,2024-02-29 12:20:00,74,,
806,2024-02-29 12:20:00,74,,
807,2024-02-29 12:20:00,74,,
808,2024-02-29 12:20:00,74,,
809,2024-02-29 12:20:00,74,,
810,2024-02-29 12:20:00,74,,
811,2024-02-29 12:20:00,74,,
812,2024-02-29 12:20:00,74,,
813,2024-02-29 12:20:00,74,,
814,2024-02-29 12:20:00,74,,
815,2024-02-29 12:20:00,74,,
816,2024-02-29 12:20:00,74,,
817,2024-02-29 12:20:00,74,,
818,2024-02-29 12:20:00,74,,
819,2024-02-29 12:20:00,74,,
820,2024-02-29 12:20:00,74,,
821,2024-02-29 12:20:00,74,,
822,2024-02-29 12:20:00,74,,
823,2024-02-29 12:20:00,74,,
824,2024-02-29 12:20:00,74,,
825,2024-02-29 12:20:00,74,,
826,2024-02-29 12:20:00,74,,
827,2024-02-29 12:20:00,74,,
828,2024-02-29 12:20:00,74,,
829,2024-02-29 12:20:00,74,,
830,2024-02-29 12:20:00,74,,
831,2024-02-29 12:20:00,74,,
832,2024-02-29 12:20:00,74,,
833,2024-02-29 12:20:00,74,,
834,2024-02-29 12:20:00,74,,
835,2024-02-29 12:20:00,74,,
836,2024-02-29 12:20:00,74,,
837,2024-02-29 12:20:00,74,,
838,2024-02-29 12:20:00,74,,
839,2024-02-29 12:20:00,74,,
840,2024-02-29 12:20:00,74,,
841,2024-02-29 12:20:00,74,,
842,2024-02-29 12:20:00,74,,
843,2024-02-29 12:20:00,74,,
844,2024-02-29 12:20:00,74,,
845,2024-02-29 12:20:00,74,,
846,2024-02-29 12:20:00,74,,
847,2024-02-29 12:20:00,74,,
848,2024-02-29 12:20:00,74,,
849,2024-02-29 12:20:00,74,,
850,2024-02-29 12:20:00,74,,
851,2024-02-29 12:20:00,74,,
852,2024-02-29 12:20:00,74,,
853,2024-02-29 12:20:00,74,,
854,2024-02-29 12:20:00,74,,
855,2024-02-29 12:20:00,74,,
856,2024-02-29 12:20:00,74,,
857,2024-02-29 12:20:00,74,,
858,2024-02-29 12:20:00,74,,
859,2024-02-29 12:20:00,74,,
860,2024-02-29 12:20:00,74,,
861,2024-02-29 12:20:00,74,,
862,2024-02-29 12:20:00,74,,
863,2024-02-29 12:20:00,74,,
864,2024-02-29 12:20:00,74,,
865,2024-02-29 12:20:00,74,,
866,2024-02-29 12:20:00,74,,
867,2024-02-29 12:20:00,74,,
868,2024-02-29 12:20:00,74,,
869,2024-02-29 12:20:00,74,,
870,2024-02-29 12:20:00,74,,
871,2024-02-29 12:20:00,74,,
872,2024-02-29 12:20:00,74,,
873,2024-02-29 12:20:00,74,,
874,2024-02-29 12:20:00,74,,
875,2024-02-29 12:20:00,74,,
876,2024-02-29 12:20:00,74,,
877,2024-02-29 12:20:00,74,,
878,2024-02-29 12:20:00,74,,
879,2024-02-29 12:20:00,74,,
880,2024-02-29 12:20:00,74,,
881,2024-02-29 12:20:00,74,,
882,2024-02-29 12:20:00,74,,
883,2024-02-29 12:20:00,74,,
884,2024-02-29 12:20:00,74,,
885,2024-02-29 12:20:00,74,,
886,2024-02-29 12:20:00,74,,
887,2024-02-29 12:20:00,74,,
888,2024-02-29 12:20:00,74,,
889,2024-02-29 12:20:00,74,,
890,2024-02-29 12:20:00,74,,
891,2024-02-29 12:20:00,74,,
892,2024-02-29 12:20:00,74,,
893,2024-02-29 12:20:00,74,,
894,2024-02-29 12:20:00,74,,
895,2024-02-29 12:20:00,74,,
896,2024-02-29 12:20:00,74,,
897,2024-02-29 12:20:00,74,,
898,2024-02-29 12:20:00,74,,
899,2024-02-29 12:20:00,74,,
900,2024-02-29 12:20:00,74,,
901,2024-02-29 12:20:00,74,,
902,2024-02-29 12:20:00,74,,
903,2024-02-29 12:20:00,74,,
904,2024-02-29 12:20:00,74,,
905,2024-02-29 12:20:00,74,,
906,2024-02-29 12:20:00,74,,
907,2024-02-29 12:20:00,74,,
908,2024-02-29 12:20:00,74,,
909,2024-02-29 12:20:00,74,,
910,2024-02-29 12:20:00,74,,
911,2024-02-29 12:20:00,74,,
912,2024-02-29 12:20:00,74,,
913,2024-02-29 12:20:00,74,,
914,2024-02-29 12:20:00,74,,
915,2024-02-29 12:20:00,74,,
916,2024-02-29 12:20:00,74,,
917,2024-02-29 12:20:00,74,,
918,2024-02-29 12:20:00,74,,
919,2024-02-29 12:20:00,74,,
920,2024-02-29 12:20:00,74,,
921,2024-02-29 12:20:00,74,,
922,2024-02-29 12:20:00,74,,
923,2024-02-29 12:20:00,74,,
924,2024-02-29 12:20:00,74,,
925,2024-02-29 12:20:00,74,,
926,2024-02-29 12:20:00,74,,
927,2024-02-29 12:20:00,74,,
928,2024-02-29 12:20:00,74,,
929,2024-02-29 12:20:00,74,,
930,2024-02-29 12:20:00,74,,
931,2024-02-29 12:20:00,74,,
932,2024-02-29 12:20:00,74,,
933,2024-02-29 12:20:00,74,,
934,2024-02-29 12:20:00,74,,
935,2024-02-29 12:20:00,74,,
936,2024-02-29 12:20:00,74,,
937,2024-02-29 12:20:00,74,,
938,2024-02-29 12:20:00,74,,
939,2024-02-29 12:20:00,74,,
940,2024-02-29 12:20:00,74,,
941,2024-02-29 12:20:00,74,,
942,2024-02-29 12:20:00,74,,
943,2024-02-29 12:20:00,74,,
944,2024-02-29 12:20:00,74,,
945,2024-02-29 12:20:00,74,,
946,2024-02-29 12:20:00,74,,
947,2024-02-29 12:20:00,74,,
948,2024-02-29 12:20:00,74,,
949,2024-02-29 12:20:00,74,,
950,2024-02-29 12:20:00,74,,
951,2024-02-29 12:20:00,74,,
952,2024-02-29 12:20:00,74,,
953,2024-02-29 12:20:00,74,,
954,2024-02-29 12:20:00,74,,
955,2024-02-29 12:20:00,74,,
956,2024-02-29 12:20:00,74,,
957,2024-02-29 12:20:00,74,,
958,2024-02-29 12:20:00,74,,
959,2024-02-29 12:20:00,74,,
960,2024-02-29 12:20:00,74,,
961,2024-02-29 12:20:00,74,,
962,2024-02-29 12:20:00,74,,
963,2024-02-29 12:20:00,74,,
964,2024-02-29 12:20:00,74,,
965,2024-02-29 12:20:00,74,,
966,2024-02-29 12:20:00,74,,
967,2024-02-29 12:20:00,74,,
968,2024-02-29 12:20:00,74,,
969,2024-02-29 12:20:00,74,,
970,2024-02-29 12:20:00,74,,
971,2024-02-29 12:20:00,74,,
972,2024-02-29 12:20:00,74,,
973,2024-02-29 12:20:00,74,,
974,2024-02-29 12:20:00,74,,
975,2024-02-29 12:20:00,74,,
976,2024-02-29 12:20:00,74,,
977,2024-02-29 12:20:00,74,,
978,2024-02-29 12:20:00,74,,
979,2024-02-29 12:20:00,74,,
980,2024-02-29 12:20:00,74,,
981,2024-02-29 12:20:00,74,,
982,2024-02-29 12:20:00,74,,
983,2024-02-29 12:20:00,74,,
984,2024-02-29 12:20:00,74,,
985,2024-02-29 12:20:00,74,,
986,2024-02-29 12:20:00,74,,
987,2024-02-29 12:20:00,74,,
988,2024-02-29 12:20:00,74,,
989,2024-02-29 12:20:00,74,,
990,2024-02-29 12:20:00,74,,
991,2024-02-29 12:20:00,74,,
992,2024-02-29 12:20:00,74,,
993,2024-02-29 12:20:00,74,,
994,2024-02-29 12:20:00,74,,
995,2024-02-29 12:20:00,74,,
996,2024-02-29 12:20:00,74,,
997,2024-02-29 12:20:00,74,,
998,2024-02-29 12:20:00,74,,
999,2024-02-29 12:20:00,74,,
1000,2024-02-29 12:20:00,74,,
1001,2024-02-29 12:20:00,74,,
1002,2024-02-29 12:20:00,74,,
1003,2024-02-29 12:20:00,74,,
1004,2024-02-29 12:20:00,74,,
1005,2024-02-29 12:20:00,74,,
1006,2024-02-29 12:20:00,74,,
792,2024-02-29 12:30:00,75,,
793,2024-02-29 12:30:00,75,,
794,2024-02-29 12:30:00,75,,
795,2024-02-29 12:30:00,75,,
796,2024-02-29 12:30:00,75,,
797,2024-02-29 12:30:00,75,,
798,2024-02-29 12:30:00,75,,
799,2024-02-29 12:30:00,75,,
800,2024-02-29 12:30:00,75,,
801,2024-02-29 12:30:00,75,,
802,2024-02-29 12:30:00,75,,
803,2024-02-29 12:30:00,75,,
804,2024-02-29 12:30:00,75,,
805,2024-02-29 12:30:00,75,,
806,2024-02-29 12:30:00,75,,
807,2024-02-29 12:30:00,75,,
808,2024-02-29 12:30:00,75,,
809,2024-02-29 12:30:00,75,,
810,2024-02-29 12:30:00,75,,
811,2024-02-29 12:30:00,75,,
812,2024-02-29 12:30:00,75,,
813,2024-02-29 12:30:00,75,,
814,2024-02-29 12:30:00,75,,
815,2024-02-29 12:30:00,75,,
816,2024-02-29 12:30:00,75,,
817,2024-02-29 12:30:00,75,,
818,2024-02-29 12:30:00,75,,
819,2024-02-29 12:30:00,75,,
820,2024-02-29 12:30:00,75,,
821,2024-02-29 12:30:00,75,,
822,2024-02-29 12:30:00,75,,
823,2024-02-29 12:30:00,75,,
824,2024-02-29 12:30:00,75,,
825,2024-02-29 12:30:00,75,,
826,2024-02-29 12:30:00,75,,
827,2024-02-29 12:30:00,75,,
828,2024-02-29 12:30:00,75,,
829,2024-02-29 12:30:00,75,,
830,2024-02-29 12:30:00,75,,
831,2024-02-29 12:30:00,75,,
832,2024-02-29 12:30:00,75,,
833,2024-02-29 12:30:00,75,,
834,2024-02-29 12:30:00,75,,
835,2024-02-29 12:30:00,75,,
836,2024-02-29 12:30:00,75,,
837,2024-02-29 12:30:00,75,,
838,2024-02-29 12:30:00,75,,
839,2024-02-29 12:30:00,75,,
840,2024-02-29 12:30:00,75,,
841,2024-02-29 12:30:00,75,,
842,2024-02-29 12:30:00,75,,
843,2024-02-29 12:30:00,75,,
844,2024-02-29 12:30:00,75,,
845,2024-02-29 12:30:00,75,,
846,2024-02-29 12:30:00,75,,
847,2024-02-29 12:30:00,75,,
848,2024-02-29 12:30:00,75,,
849,2024-02-29 12:30:00,75,,
850,2024-02-29 12:30:00,75,,
851,2024-02-29 12:30:00,75,,
852,2024-02-29 12:30:00,75,,
853,2024-02-29 12:30:00,75,,
854,2024-02-29 12:30:00,75,,
855,2024-02-29 12:30:00,75,,
856,2024-02-29 12:30:00,75,,
857,2024-02-29 12:30:00,75,,
858,2024-02-29 12:30:00,75,,
859,2024-02-29 12:30:00,75,,
860,2024-02-29 12:30:00,75,,
861,2024-02-29 12:30:00,75,,
862,2024-02-29 12:30:00,75,,
863,2024-02-29 12:30:00,75,,
864,2024-02-29 12:30:00,75,,
865,2024-02-29 12:30:00,75,,
866,2024-02-29 12:30:00,75,,
867,2024-02-29 12:30:00,75,,
868,2024-02-29 12:30:00,75,,
869,2024-02-29 12:30:00,75,,
870,2024-02-29 12:30:00,75,,
871,2024-02-29 12:30:00,75,,
872,2024-02-29 12:30:00,75,,
873,2024-02-29 12:30:00,75,,
874,2024-02-29 12:30:00,75,,
875,2024-02-29 12:30:00,75,,
876,2024-02-29 12:30:00,75,,
877,2024-02-29 12:30:00,75,,
878,2024-02-29 12:30:00,75,,
879,2024-02-29 12:30:00,75,,
880,2024-02-29 12:30:00,75,,
881,2024-02-29 12:30:00,75,,
882,2024-02-29 12:30:00,75,,
883,2024-02-29 12:30:00,75,,
884,2024-02-29 12:30:00,75,,
885,2024-02-29 12:30:00,75,,
886,2024-02-29 12:30:00,75,,
887,2024-02-29 12:30:00,75,,
888,2024-02-29 12:30:00,75,,
889,2024-02-29 12:30:00,75,,
890,2024-02-29 12:30:00,75,,
891,2024-02-29 12:30:00,75,,
892,2024-02-29 12:30:00,75,,
893,2024-02-29 12:30:00,75,,
894,2024-02-29 12:30:00,75,,
895,2024-02-29 12:30:00,75,,
896,2024-02-29 12:30:00,75,,
897,2024-02-29 12:30:00,75,,
898,2024-02-29 12:30:00,75,,
899,2024-02-29 12:30:00,75,,
900,2024-02-29 12:30:00,75,,
901,2024-02-29 12:30:00,75,,
902,2024-02-29 12:30:00,75,,
903,2024-02-29 12:30:00,75,,
904,2024-02-29 12:30:00,75,,
905,2024-02-29 12:30:00,75,,
906,2024-02-29 12:30:00,75,,
907,2024-02-29 12:30:00,75,,
908,2024-02-29 12:30:00,75,,
909,2024-02-29 12:30:00,75,,
910,2024-02-29 12:30:00,75,,
911,2024-02-29 12:30:00,75,,
912,2024-02-29 12:30:00,75,,
913,2024-02-29 12:30:00,75,,
914,2024-02-29 12:30:00,75,,
915,2024-02-29 12:30:00,75,,
916,2024-02-29 12:30:00,75,,
917,2024-02-29 12:30:00,75,,
918,2024-02-29 12:30:00,75,,
919,2024-02-29 12:30:00,75,,
920,2024-02-29 12:30:00,75,,
921,2024-02-29 12:30:00,75,,
922,2024-02-29 12:30:00,75,,
923,2024-02-29 12:30:00,75,,
924,2024-02-29 12:30:00,75,,
925,2024-02-29 12:30:00,75,,
926,2024-02-29 12:30:00,75,,
927,2024-02-29 12:30:00,75,,
928,2024-02-29 12:30:00,75,,
929,2024-02-29 12:30:00,75,,
930,2024-02-29 12:30:00,75,,
931,2024-02-29 12:30:00,75,,
932,2024-02-29 12:30:00,75,,
933,2024-02-29 12:30:00,75,,
934,2024-02-29 12:30:00,75,,
935,2024-02-29 12:30:00,75,,
936,2024-02-29 12:30:00,75,,
937,2024-02-29 12:30:00,75,,
938,2024-02-29 12:30:00,75,,
939,2024-02-29 12:30:00,75,,
940,2024-02-29 12:30:00,75,,
941,2024-02-29 12:30:00,75,,
942,2024-02-29 12:30:00,75,,
943,2024-02-29 12:30:00,75,,
944,2024-02-29 12:30:00,75,,
945,2024-02-29 12:30:00,75,,
946,2024-02-29 12:30:00,75,,
947,2024-02-29 12:30:00,75,,
948,2024-02-29 12:30:00,75,,
949,2024-02-29 12:30:00,75,,
950,2024-02-29 12:30:00,75,,
951,2024-02-29 12:30:00,75,,
952,2024-02-29 12:30:00,75,,
953,2024-02-29 12:30:00,75,,
954,2024-02-29 12:30:00,75,,
955,2024-02-29 12:30:00,75,,
956,2024-02-29 12:30:00,75,,
957,2024-02-29 12:30:00,75,,
958,2024-02-29 12:30:00,75,,
959,2024-02-29 12:30:00,75,,
960,2024-02-29 12:30:00,75,,
961,2024-02-29 12:30:00,75,,
962,2024-02-29 12:30:00,75,,
963,2024-02-29 12:30:00,75,,
964,2024-02-29 12:30:00,75,,
965,2024-02-29 12:30:00,75,,
966,2024-02-29 12:30:00,75,,
967,2024-02-29 12:30:00,75,,
968,2024-02-29 12:30:00,75,,
969,2024-02-29 12:30:00,75,,
970,2024-02-29 12:30:00,75,,
971,2024-02-29 12:30:00,75,,
972,2024-02-29 12:30:00,75,,
973,2024-02-29 12:30:00,75,,
974,2024-02-29 12:30:00,75,,
975,2024-02-29 12:30:00,75,,
976,2024-02-29 12:30:00,75,,
977,2024-02-29 12:30:00,75,,
978,2024-02-29 12:30:00,75,,
979,2024-02-29 12:30:00,75,,
980,2024-02-29 12:30:00,75,,
981,2024-02-29 12:30:00,75,,
982,2024-02-29 12:30:00,75,,
983,2024-02-29 12:30:00,75,,
984,2024-02-29 12:30:00,75,,
985,2024-02-29 12:30:00,75,,
986,2024-02-29 12:30:00,75,,
987,2024-02-29 12:30:00,75,,
988,2024-02-29 12:30:00,75,,
989,2024-02-29 12:30:00,75,,
990,2024-02-29 12:30:00,75,,
991,2024-02-29 12:30:00,75,,
992,2024-02-29 12:30:00,75,,
993,2024-02-29 12:30:00,75,,
994,2024-02-29 12:30:00,75,,
995,2024-02-29 12:30:00,75,,
996,2024-02-29 12:30:00,75,,
997,2024-02-29 12:30:00,75,,
998,2024-02-29 12:30:00,75,,
999,2024-02-29 12:30:00,75,,
1000,2024-02-29 12:30:00,75,,
1001,2024-02-29 12:30:00,75,,
1002,2024-02-29 12:30:00,75,,
1003,2024-02-29 12:30:00,75,,
1004,2024-02-29 12:30:00,75,,
1005,2024-02-29 12:30:00,75,,
1006,2024-02-29 12:30:00,75,,
792,2024-02-29 12:40:00,76,,
793,2024-02-29 12:40:00,76,,
794,2024-02-29 12:40:00,76,,
795,2024-02-29 12:40:00,76,,
796,2024-02-29 12:40:00,76,,
797,2024-02-29 12:40:00,76,,
798,2024-02-29 12:40:00,76,,
799,2024-02-29 12:40:00,76,,
800,2024-02-29 12:40:00,76,,
801,2024-02-29 12:40:00,76,,
802,2024-02-29 12:40:00,76,,
803,2024-02-29 12:40:00,76,,
804,2024-02-29 12:40:00,76,,
805,2024-02-29 12:40:00,76,,
806,2024-02-29 12:40:00,76,,
807,2024-02-29 12:40:00,76,,
808,2024-02-29 12:40:00,76,,
809,2024-02-29 12:40:00,76,,
810,2024-02-29 12:40:00,76,,
811,2024-02-29 12:40:00,76,,
812,2024-02-29 12:40:00,76,,
813,2024-02-29 12:40:00,76,,
814,2024-02-29 12:40:00,76,,
815,2024-02-29 12:40:00,76,,
816,2024-02-29 12:40:00,76,,
817,2024-02-29 12:40:00,76,,
818,2024-02-29 12:40:00,76,,
819,2024-02-29 12:40:00,76,,
820,2024-02-29 12:40:00,76,,
821,2024-02-29 12:40:00,76,,
822,2024-02-29 12:40:00,76,,
823,2024-02-29 12:40:00,76,,
824,2024-02-29 12:40:00,76,,
825,2024-02-29 12:40:00,76,,
826,2024-02-29 12:40:00,76,,
827,2024-02-29 12:40:00,76,,
828,2024-02-29 12:40:00,76,,
829,2024-02-29 12:40:00,76,,
830,2024-02-29 12:40:00,76,,
831,2024-02-29 12:40:00,76,,
832,2024-02-29 12:40:00,76,,
833,2024-02-29 12:40:00,76,,
834,2024-02-29 12:40:00,76,,
835,2024-02-29 12:40:00,76,,
836,2024-02-29 12:40:00,76,,
837,2024-02-29 12:40:00,76,,
838,2024-02-29 12:40:00,76,,
839,2024-02-29 12:40:00,76,,
840,2024-02-29 12:40:00,76,,
841,2024-02-29 12:40:00,76,,
842,2024-02-29 12:40:00,76,,
843,2024-02-29 12:40:00,76,,
844,2024-02-29 12:40:00,76,,
845,2024-02-29 12:40:00,76,,
846,2024-02-29 12:40:00,76,,
847,2024-02-29 12:40:00,76,,
848,2024-02-29 12:40:00,76,,
849,2024-02-29 12:40:00,76,,
850,2024-02-29 12:40:00,76,,
851,2024-02-29 12:40:00,76,,
852,2024-02-29 12:40:00,76,,
853,2024-02-29 12:40:00,76,,
854,2024-02-29 12:40:00,76,,
855,2024-02-29 12:40:00,76,,
856,2024-02-29 12:40:00,76,,
857,2024-02-29 12:40:00,76,,
858,2024-02-29 12:40:00,76,,
859,2024-02-29 12:40:00,76,,
860,2024-02-29 12:40:00,76,,
861,2024-02-29 12:40:00,76,,
862,2024-02-29 12:40:00,76,,
863,2024-02-29 12:40:00,76,,
864,2024-02-29 12:40:00,76,,
865,2024-02-29 12:40:00,76,,
866,2024-02-29 12:40:00,76,,
867,2024-02-29 12:40:00,76,,
868,2024-02-29 12:40:00,76,,
869,2024-02-29 12:40:00,76,,
870,2024-02-29 12:40:00,76,,
871,2024-02-29 12:40:00,76,,
872,2024-02-29 12:40:00,76,,
873,2024-02-29 12:40:00,76,,
874,2024-02-29 12:40:00,76,,
875,2024-02-29 12:40:00,76,,
876,2024-02-29 12:40:00,76,,
877,2024-02-29 12:40:00,76,,
878,2024-02-29 12:40:00,76,,
879,2024-02-29 12:40:00,76,,
880,2024-02-29 12:40:00,76,,
881,2024-02-29 12:40:00,76,,
882,2024-02-29 12:40:00,76,,
883,2024-02-29 12:40:00,76,,
884,2024-02-29 12:40:00,76,,
885,2024-02-29 12:40:00,76,,
886,2024-02-29 12:40:00,76,,
887,2024-02-29 12:40:00,76,,
888,2024-02-29 12:40:00,76,,
889,2024-02-29 12:40:00,76,,
890,2024-02-29 12:40:00,76,,
891,2024-02-29 12:40:00,76,,
892,2024-02-29 12:40:00,76,,
893,2024-02-29 12:40:00,76,,
894,2024-02-29 12:40:00,76,,
895,2024-02-29 12:40:00,76,,
896,2024-02-29 12:40:00,76,,
897,2024-02-29 12:40:00,76,,
898,2024-02-29 12:40:00,76,,
899,2024-02-29 12:40:00,76,,
900,2024-02-29 12:40:00,76,,
901,2024-02-29 12:40:00,76,,
902,2024-02-29 12:40:00,76,,
903,2024-02-29 12:40:00,76,,
904,2024-02-29 12:40:00,76,,
905,2024-02-29 12:40:00,76,,
906,2024-02-29 12:40:00,76,,
907,2024-02-29 12:40:00,76,,
908,2024-02-29 12:40:00,76,,
909,2024-02-29 12:40:00,76,,
910,2024-02-29 12:40:00,76,,
911,2024-02-29 12:40:00,76,,
912,2024-02-29 12:40:00,76,,
913,2024-02-29 12:40:00,76,,
914,2024-02-29 12:40:00,76,,
915,2024-02-29 12:40:00,76,,
916,2024-02-29 12:40:00,76,,
917,2024-02-29 12:40:00,76,,
918,2024-02-29 12:40:00,76,,
919,2024-02-29 12:40:00,76,,
920,2024-02-29 12:40:00,76,,
921,2024-02-29 12:40:00,76,,
922,2024-02-29 12:40:00,76,,
923,2024-02-29 12:40:00,76,,
924,2024-02-29 12:40:00,76,,
925,2024-02-29 12:40:00,76,,
926,2024-02-29 12:40:00,76,,
927,2024-02-29 12:40:00,76,,
928,2024-02-29 12:40:00,76,,
929,2024-02-29 12:40:00,76,,
930,2024-02-29 12:40:00,76,,
931,2024-02-29 12:40:00,76,,
932,2024-02-29 12:40:00,76,,
933,2024-02-29 12:40:00,76,,
934,2024-02-29 12:40:00,76,,
935,2024-02-29 12:40:00,76,,
936,2024-02-29 12:40:00,76,,
937,2024-02-29 12:40:00,76,,
938,2024-02-29 12:40:00,76,,
939,2024-02-29 12:40:00,76,,
940,2024-02-29 12:40:00,76,,
941,2024-02-29 12:40:00,76,,
942,2024-02-29 12:40:00,76,,
943,2024-02-29 12:40:00,76,,
944,2024-02-29 12:40:00,76,,
945,2024-02-29 12:40:00,76,,
946,2024-02-29 12:40:00,76,,
947,2024-02-29 12:40:00,76,,
948,2024-02-29 12:40:00,76,,
949,2024-02-29 12:40:00,76,,
950,2024-02-29 12:40:00,76,,
951,2024-02-29 12:40:00,76,,
952,2024-02-29 12:40:00,76,,
953,2024-02-29 12:40:00,76,,
954,2024-02-29 12:40:00,76,,
955,2024-02-29 12:40:00,76,,
956,2024-02-29 12:40:00,76,,
957,2024-02-29 12:40:00,76,,
958,2024-02-29 12:40:00,76,,
959,2024-02-29 12:40:00,76,,
960,2024-02-29 12:40:00,76,,
961,2024-02-29 12:40:00,76,,
962,2024-02-29 12:40:00,76,,
963,2024-02-29 12:40:00,76,,
964,2024-02-29 12:40:00,76,,
965,2024-02-29 12:40:00,76,,
966,2024-02-29 12:40:00,76,,
967,2024-02-29 12:40:00,76,,
968,2024-02-29 12:40:00,76,,
969,2024-02-29 12:40:00,76,,
970,2024-02-29 12:40:00,76,,
971,2024-02-29 12:40:00,76,,
972,2024-02-29 12:40:00,76,,
973,2024-02-29 12:40:00,76,,
974,2024-02-29 12:40:00,76,,
975,2024-02-29 12:40:00,76,,
976,2024-02-29 12:40:00,76,,
977,2024-02-29 12:40:00,76,,
978,2024-02-29 12:40:00,76,,
979,2024-02-29 12:40:00,76,,
980,2024-02-29 12:40:00,76,,
981,2024-02-29 12:40:00,76,,
982,2024-02-29 12:40:00,76,,
983,2024-02-29 12:40:00,76,,
984,2024-02-29 12:40:00,76,,
985,2024-02-29 12:40:00,76,,
986,2024-02-29 12:40:00,76,,
987,2024-02-29 12:40:00,76,,
988,2024-02-29 12:40:00,76,,
989,2024-02-29 12:40:00,76,,
990,2024-02-29 12:40:00,76,,
991,2024-02-29 12:40:00,76,,
992,2024-02-29 12:40:00,76,,
993,2024-02-29 12:40:00,76,,
994,2024-02-29 12:40:00,76,,
995,2024-02-29 12:40:00,76,,
996,2024-02-29 12:40:00,76,,
997,2024-02-29 12:40:00,76,,
998,2024-02-29 12:40:00,76,,
999,2024-02-29 12:40:00,76,,
1000,2024-02-29 12:40:00,76,,
1001,2024-02-29 12:40:00,76,,
1002,2024-02-29 12:40:00,76,,
1003,2024-02-29 12:40:00,76,,
1004,2024-02-29 12:40:00,76,,
1005,2024-02-29 12:40:00,76,,
1006,2024-02-29 12:40:00,76,,
792,2024-02-29 12:50:00,77,,
793,2024-02-29 12:50:00,77,,
794,2024-02-29 12:50:00,77,,
795,2024-02-29 12:50:00,77,,
796,2024-02-29 12:50:00,77,,
797,2024-02-29 12:50:00,77,,
798,2024-02-29 12:50:00,77,,
799,2024-02-29 12:50:00,77,,
800,2024-02-29 12:50:00,77,,
801,2024-02-29 12:50:00,77,,
802,2024-02-29 12:50:00,77,,
803,2024-02-29 12:50:00,77,,
804,2024-02-29 12:50:00,77,,
805,2024-02-29 12:50:00,77,,
806,2024-02-29 12:50:00,77,,
807,2024-02-29 12:50:00,77,,
808,2024-02-29 12:50:00,77,,
809,2024-02-29 12:50:00,77,,
810,2024-02-29 12:50:00,77,,
811,2024-02-29 12:50:00,77,,
812,2024-02-29 12:50:00,77,,
813,2024-02-29 12:50:00,77,,
814,2024-02-29 12:50:00,77,,
815,2024-02-29 12:50:00,77,,
816,2024-02-29 12:50:00,77,,
817,2024-02-29 12:50:00,77,,
818,2024-02-29 12:50:00,77,,
819,2024-02-29 12:50:00,77,,
820,2024-02-29 12:50:00,77,,
821,2024-02-29 12:50:00,77,,
822,2024-02-29 12:50:00,77,,
823,2024-02-29 12:50:00,77,,
824,2024-02-29 12:50:00,77,,
825,2024-02-29 12:50:00,77,,
826,2024-02-29 12:50:00,77,,
827,2024-02-29 12:50:00,77,,
828,2024-02-29 12:50:00,77,,
829,2024-02-29 12:50:00,77,,
830,2024-02-29 12:50:00,77,,
831,2024-02-29 12:50:00,77,,
832,2024-02-29 12:50:00,77,,
833,2024-02-29 12:50:00,77,,
834,2024-02-29 12:50:00,77,,
835,2024-02-29 12:50:00,77,,
836,2024-02-29 12:50:00,77,,
837,2024-02-29 12:50:00,77,,
838,2024-02-29 12:50:00,77,,
839,2024-02-29 12:50:00,77,,
840,2024-02-29 12:50:00,77,,
841,2024-02-29 12:50:00,77,,
842,2024-02-29 12:50:00,77,,
843,2024-02-29 12:50:00,77,,
844,2024-02-29 12:50:00,77,,
845,2024-02-29 12:50:00,77,,
846,2024-02-29 12:50:00,77,,
847,2024-02-29 12:50:00,77,,
848,2024-02-29 12:50:00,77,,
849,2024-02-29 12:50:00,77,,
850,2024-02-29 12:50:00,77,,
851,2024-02-29 12:50:00,77,,
852,2024-02-29 12:50:00,77,,
853,2024-02-29 12:50:00,77,,
854,2024-02-29 12:50:00,77,,
855,2024-02-29 12:50:00,77,,
856,2024-02-29 12:50:00,77,,
857,2024-02-29 12:50:00,77,,
858,2024-02-29 12:50:00,77,,
859,2024-02-29 12:50:00,77,,
860,2024-02-29 12:50:00,77,,
861,2024-02-29 12:50:00,77,,
862,2024-02-29 12:50:00,77,,
863,2024-02-29 12:50:00,77,,
864,2024-02-29 12:50:00,77,,
865,2024-02-29 12:50:00,77,,
866,2024-02-29 12:50:00,77,,
867,2024-02-29 12:50:00,77,,
868,2024-02-29 12:50:00,77,,
869,2024-02-29 12:50:00,77,,
870,2024-02-29 12:50:00,77,,
871,2024-02-29 12:50:00,77,,
872,2024-02-29 12:50:00,77,,
873,2024-02-29 12:50:00,77,,
874,2024-02-29 12:50:00,77,,
875,2024-02-29 12:50:00,77,,
876,2024-02-29 12:50:00,77,,
877,2024-02-29 12:50:00,77,,
878,2024-02-29 12:50:00,77,,
879,2024-02-29 12:50:00,77,,
880,2024-02-29 12:50:00,77,,
881,2024-02-29 12:50:00,77,,
882,2024-02-29 12:50:00,77,,
883,2024-02-29 12:50:00,77,,
884,2024-02-29 12:50:00,77,,
885,2024-02-29 12:50:00,77,,
886,2024-02-29 12:50:00,77,,
887,2024-02-29 12:50:00,77,,
888,2024-02-29 12:50:00,77,,
889,2024-02-29 12:50:00,77,,
890,2024-02-29 12:50:00,77,,
891,2024-02-29 12:50:00,77,,
892,2024-02-29 12:50:00,77,,
893,2024-02-29 12:50:00,77,,
894,2024-02-29 12:50:00,77,,
895,2024-02-29 12:50:00,77,,
896,2024-02-29 12:50:00,77,,
897,2024-02-29 12:50:00,77,,
898,2024-02-29 12:50:00,77,,
899,2024-02-29 12:50:00,77,,
900,2024-02-29 12:50:00,77,,
901,2024-02-29 12:50:00,77,,
902,2024-02-29 12:50:00,77,,
903,2024-02-29 12:50:00,77,,
904,2024-02-29 12:50:00,77,,
905,2024-02-29 12:50:00,77,,
906,2024-02-29 12:50:00,77,,
907,2024-02-29 12:50:00,77,,
908,2024-02-29 12:50:00,77,,
909,2024-02-29 12:50:00,77,,
910,2024-02-29 12:50:00,77,,
911,2024-02-29 12:50:00,77,,
912,2024-02-29 12:50:00,77,,
913,2024-02-29 12:50:00,77,,
914,2024-02-29 12:50:00,77,,
915,2024-02-29 12:50:00,77,,
916,2024-02-29 12:50:00,77,,
917,2024-02-29 12:50:00,77,,
918,2024-02-29 12:50:00,77,,
919,2024-02-29 12:50:00,77,,
920,2024-02-29 12:50:00,77,,
921,2024-02-29 12:50:00,77,,
922,2024-02-29 12:50:00,77,,
923,2024-02-29 12:50:00,77,,
924,2024-02-29 12:50:00,77,,
925,2024-02-29 12:50:00,77,,
926,2024-02-29 12:50:00,77,,
927,2024-02-29 12:50:00,77,,
928,2024-02-29 12:50:00,77,,
929,2024-02-29 12:50:00,77,,
930,2024-02-29 12:50:00,77,,
931,2024-02-29 12:50:00,77,,
932,2024-02-29 12:50:00,77,,
933,2024-02-29 12:50:00,77,,
934,2024-02-29 12:50:00,77,,
935,2024-02-29 12:50:00,77,,
936,2024-02-29 12:50:00,77,,
937,2024-02-29 12:50:00,77,,
938,2024-02-29 12:50:00,77,,
939,2024-02-29 12:50:00,77,,
940,2024-02-29 12:50:00,77,,
941,2024-02-29 12:50:00,77,,
942,2024-02-29 12:50:00,77,,
943,2024-02-29 12:50:00,77,,
944,2024-02-29 12:50:00,77,,
945,2024-02-29 12:50:00,77,,
946,2024-02-29 12:50:00,77,,
947,2024-02-29 12:50:00,77,,
948,2024-02-29 12:50:00,77,,
949,2024-02-29 12:50:00,77,,
950,2024-02-29 12:50:00,77,,
951,2024-02-29 12:50:00,77,,
952,2024-02-29 12:50:00,77,,
953,2024-02-29 12:50:00,77,,
954,2024-02-29 12:50:00,77,,
955,2024-02-29 12:50:00,77,,
956,2024-02-29 12:50:00,77,,
957,2024-02-29 12:50:00,77,,
958,2024-02-29 12:50:00,77,,
959,2024-02-29 12:50:00,77,,
960,2024-02-29 12:50:00,77,,
961,2024-02-29 12:50:00,77,,
962,2024-02-29 12:50:00,77,,
963,2024-02-29 12:50:00,77,,
964,2024-02-29 12:50:00,77,,
965,2024-02-29 12:50:00,77,,
966,2024-02-29 12:50:00,77,,
967,2024-02-29 12:50:00,77,,
968,2024-02-29 12:50:00,77,,
969,2024-02-29 12:50:00,77,,
970,2024-02-29 12:50:00,77,,
971,2024-02-29 12:50:00,77,,
972,2024-02-29 12:50:00,77,,
973,2024-02-29 12:50:00,77,,
974,2024-02-29 12:50:00,77,,
975,2024-02-29 12:50:00,77,,
976,2024-02-29 12:50:00,77,,
977,2024-02-29 12:50:00,77,,
978,2024-02-29 12:50:00,77,,
979,2024-02-29 12:50:00,77,,
980,2024-02-29 12:50:00,77,,
981,2024-02-29 12:50:00,77,,
982,2024-02-29 12:50:00,77,,
983,2024-02-29 12:50:00,77,,
984,2024-02-29 12:50:00,77,,
985,2024-02-29 12:50:00,77,,
986,2024-02-29 12:50:00,77,,
987,2024-02-29 12:50:00,77,,
988,2024-02-29 12:50:00,77,,
989,2024-02-29 12:50:00,77,,
990,2024-02-29 12:50:00,77,,
991,2024-02-29 12:50:00,77,,
992,2024-02-29 12:50:00,77,,
993,2024-02-29 12:50:00,77,,
994,2024-02-29 12:50:00,77,,
995,2024-02-29 12:50:00,77,,
996,2024-02-29 12:50:00,77,,
997,2024-02-29 12:50:00,77,,
998,2024-02-29 12:50:00,77,,
999,2024-02-29 12:50:00,77,,
1000,2024-02-29 12:50:00,77,,
1001,2024-02-29 12:50:00,77,,
1002,2024-02-29 12:50:00,77,,
1003,2024-02-29 12:50:00,77,,
1004,2024-02-29 12:50:00,77,,
1005,2024-02-29 12:50:00,77,,
1006,2024-02-29 12:50:00,77,,
792,2024-02-29 13:00:00,78,,
793,2024-02-29 13:00:00,78,,
794,2024-02-29 13:00:00,78,,
795,2024-02-29 13:00:00,78,,
796,2024-02-29 13:00:00,78,,
797,2024-02-29 13:00:00,78,,
798,2024-02-29 13:00:00,78,,
799,2024-02-29 13:00:00,78,,
800,2024-02-29 13:00:00,78,,
801,2024-02-29 13:00:00,78,,
802,2024-02-29 13:00:00,78,,
803,2024-02-29 13:00:00,78,,
804,2024-02-29 13:00:00,78,,
805,2024-02-29 13:00:00,78,,
806,2024-02-29 13:00:00,78,,
807,2024-02-29 13:00:00,78,,
808,2024-02-29 13:00:00,78,,
809,2024-02-29 13:00:00,78,,
810,2024-02-29 13:00:00,78,,
811,2024-02-29 13:00:00,78,,
812,2024-02-29 13:00:00,78,,
813,2024-02-29 13:00:00,78,,
814,2024-02-29 13:00:00,78,,
815,2024-02-29 13:00:00,78,,
816,2024-02-29 13:00:00,78,,
817,2024-02-29 13:00:00,78,,
818,2024-02-29 13:00:00,78,,
819,2024-02-29 13:00:00,78,,
820,2024-02-29 13:00:00,78,,
821,2024-02-29 13:00:00,78,,
822,2024-02-29 13:00:00,78,,
823,2024-02-29 13:00:00,78,,
824,2024-02-29 13:00:00,78,,
825,2024-02-29 13:00:00,78,,
826,2024-02-29 13:00:00,78,,
827,2024-02-29 13:00:00,78,,
828,2024-02-29 13:00:00,78,,
829,2024-02-29 13:00:00,78,,
830,2024-02-29 13:00:00,78,,
831,2024-02-29 13:00:00,78,,
832,2024-02-29 13:00:00,78,,
833,2024-02-29 13:00:00,78,,
834,2024-02-29 13:00:00,78,,
835,2024-02-29 13:00:00,78,,
836,2024-02-29 13:00:00,78,,
837,2024-02-29 13:00:00,78,,
838,2024-02-29 13:00:00,78,,
839,2024-02-29 13:00:00,78,,
840,2024-02-29 13:00:00,78,,
841,2024-02-29 13:00:00,78,,
842,2024-02-29 13:00:00,78,,
843,2024-02-29 13:00:00,78,,
844,2024-02-29 13:00:00,78,,
845,2024-02-29 13:00:00,78,,
846,2024-02-29 13:00:00,78,,
847,2024-02-29 13:00:00,78,,
848,2024-02-29 13:00:00,78,,
849,2024-02-29 13:00:00,78,,
850,2024-02-29 13:00:00,78,,
851,2024-02-29 13:00:00,78,,
852,2024-02-29 13:00:00,78,,
853,2024-02-29 13:00:00,78,,
854,2024-02-29 13:00:00,78,,
855,2024-02-29 13:00:00,78,,
856,2024-02-29 13:00:00,78,,
857,2024-02-29 13:00:00,78,,
858,2024-02-29 13:00:00,78,,
859,2024-02-29 13:00:00,78,,
860,2024-02-29 13:00:00,78,,
861,2024-02-29 13:00:00,78,,
862,2024-02-29 13:00:00,78,,
863,2024-02-29 13:00:00,78,,
864,2024-02-29 13:00:00,78,,
865,2024-02-29 13:00:00,78,,
866,2024-02-29 13:00:00,78,,
867,2024-02-29 13:00:00,78,,
868,2024-02-29 13:00:00,78,,
869,2024-02-29 13:00:00,78,,
870,2024-02-29 13:00:00,78,,
871,2024-02-29 13:00:00,78,,
872,2024-02-29 13:00:00,78,,
873,2024-02-29 13:00:00,78,,
874,2024-02-29 13:00:00,78,,
875,2024-02-29 13:00:00,78,,
876,2024-02-29 13:00:00,78,,
877,2024-02-29 13:00:00,78,,
878,2024-02-29 13:00:00,78,,
879,2024-02-29 13:00:00,78,,
880,2024-02-29 13:00:00,78,,
881,2024-02-29 13:00:00,78,,
882,2024-02-29 13:00:00,78,,
883,2024-02-29 13:00:00,78,,
884,2024-02-29 13:00:00,78,,
885,2024-02-29 13:00:00,78,,
886,2024-02-29 13:00:00,78,,
887,2024-02-29 13:00:00,78,,
888,2024-02-29 13:00:00,78,,
889,2024-02-29 13:00:00,78,,
890,2024-02-29 13:00:00,78,,
891,2024-02-29 13:00:00,78,,
892,2024-02-29 13:00:00,78,,
893,2024-02-29 13:00:00,78,,
894,2024-02-29 13:00:00,78,,
895,2024-02-29 13:00:00,78,,
896,2024-02-29 13:00:00,78,,
897,2024-02-29 13:00:00,78,,
898,2024-02-29 13:00:00,78,,
899,2024-02-29 13:00:00,78,,
900,2024-02-29 13:00:00,78,,
901,2024-02-29 13:00:00,78,,
902,2024-02-29 13:00:00,78,,
903,2024-02-29 13:00:00,78,,
904,2024-02-29 13:00:00,78,,
905,2024-02-29 13:00:00,78,,
906,2024-02-29 13:00:00,78,,
907,2024-02-29 13:00:00,78,,
908,2024-02-29 13:00:00,78,,
909,2024-02-29 13:00:00,78,,
910,2024-02-29 13:00:00,78,,
911,2024-02-29 13:00:00,78,,
912,2024-02-29 13:00:00,78,,
913,2024-02-29 13:00:00,78,,
914,2024-02-29 13:00:00,78,,
915,2024-02-29 13:00:00,78,,
916,2024-02-29 13:00:00,78,,
917,2024-02-29 13:00:00,78,,
918,2024-02-29 13:00:00,78,,
919,2024-02-29 13:00:00,78,,
920,2024-02-29 13:00:00,78,,
921,2024-02-29 13:00:00,78,,
922,2024-02-29 13:00:00,78,,
923,2024-02-29 13:00:00,78,,
924,2024-02-29 13:00:00,78,,
925,2024-02-29 13:00:00,78,,
926,2024-02-29 13:00:00,78,,
927,2024-02-29 13:00:00,78,,
928,2024-02-29 13:00:00,78,,
929,2024-02-29 13:00:00,78,,
930,2024-02-29 13:00:00,78,,
931,2024-02-29 13:00:00,78,,
932,2024-02-29 13:00:00,78,,
933,2024-02-29 13:00:00,78,,
934,2024-02-29 13:00:00,78,,
935,2024-02-29 13:00:00,78,,
936,2024-02-29 13:00:00,78,,
937,2024-02-29 13:00:00,78,,
938,2024-02-29 13:00:00,78,,
939,2024-02-29 13:00:00,78,,
940,2024-02-29 13:00:00,78,,
941,2024-02-29 13:00:00,78,,
942,2024-02-29 13:00:00,78,,
943,2024-02-29 13:00:00,78,,
944,2024-02-29 13:00:00,78,,
945,2024-02-29 13:00:00,78,,
946,2024-02-29 13:00:00,78,,
947,2024-02-29 13:00:00,78,,
948,2024-02-29 13:00:00,78,,
949,2024-02-29 13:00:00,78,,
950,2024-02-29 13:00:00,78,,
951,2024-02-29 13:00:00,78,,
952,2024-02-29 13:00:00,78,,
953,2024-02-29 13:00:00,78,,
954,2024-02-29 13:00:00,78,,
955,2024-02-29 13:00:00,78,,
956,2024-02-29 13:00:00,78,,
957,2024-02-29 13:00:00,78,,
958,2024-02-29 13:00:00,78,,
959,2024-02-29 13:00:00,78,,
960,2024-02-29 13:00:00,78,,
961,2024-02-29 13:00:00,78,,
962,2024-02-29 13:00:00,78,,
963,2024-02-29 13:00:00,78,,
964,2024-02-29 13:00:00,78,,
965,2024-02-29 13:00:00,78,,
966,2024-02-29 13:00:00,78,,
967,2024-02-29 13:00:00,78,,
968,2024-02-29 13:00:00,78,,
969,2024-02-29 13:00:00,78,,
970,2024-02-29 13:00:00,78,,
971,2024-02-29 13:00:00,78,,
972,2024-02-29 13:00:00,78,,
973,2024-02-29 13:00:00,78,,
974,2024-02-29 13:00:00,78,,
975,2024-02-29 13:00:00,78,,
976,2024-02-29 13:00:00,78,,
977,2024-02-29 13:00:00,78,,
978,2024-02-29 13:00:00,78,,
979,2024-02-29 13:00:00,78,,
980,2024-02-29 13:00:00,78,,
981,2024-02-29 13:00:00,78,,
982,2024-02-29 13:00:00,78,,
983,2024-02-29 13:00:00,78,,
984,2024-02-29 13:00:00,78,,
985,2024-02-29 13:00:00,78,,
986,2024-02-29 13:00:00,78,,
987,2024-02-29 13:00:00,78,,
988,2024-02-29 13:00:00,78,,
989,2024-02-29 13:00:00,78,,
990,2024-02-29 13:00:00,78,,
991,2024-02-29 13:00:00,78,,
992,2024-02-29 13:00:00,78,,
993,2024-02-29 13:00:00,78,,
994,2024-02-29 13:00:00,78,,
995,2024-02-29 13:00:00,78,,
996,2024-02-29 13:00:00,78,,
997,2024-02-29 13:00:00,78,,
998,2024-02-29 13:00:00,78,,
999,2024-02-29 13:00:00,78,,
1000,2024-02-29 13:00:00,78,,
1001,2024-02-29 13:00:00,78,,
1002,2024-02-29 13:00:00,78,,
1003,2024-02-29 13:00:00,78,,
1004,2024-02-29 13:00:00,78,,
1005,2024-02-29 13:00:00,78,,
1006,2024-02-29 13:00:00,78,,
792,2024-02-29 13:10:00,79,,
793,2024-02-29 13:10:00,79,,
794,2024-02-29 13:10:00,79,,
795,2024-02-29 13:10:00,79,,
796,2024-02-29 13:10:00,79,,
797,2024-02-29 13:10:00,79,,
798,2024-02-29 13:10:00,79,,
799,2024-02-29 13:10:00,79,,
800,2024-02-29 13:10:00,79,,
801,2024-02-29 13:10:00,79,,
802,2024-02-29 13:10:00,79,,
803,2024-02-29 13:10:00,79,,
804,2024-02-29 13:10:00,79,,
805,2024-02-29 13:10:00,79,,
806,2024-02-29 13:10:00,79,,
807,2024-02-29 13:10:00,79,,
808,2024-02-29 13:10:00,79,,
809,2024-02-29 13:10:00,79,,
810,2024-02-29 13:10:00,79,,
811,2024-02-29 13:10:00,79,,
812,2024-02-29 13:10:00,79,,
813,2024-02-29 13:10:00,79,,
814,2024-02-29 13:10:00,79,,
815,2024-02-29 13:10:00,79,,
816,2024-02-29 13:10:00,79,,
817,2024-02-29 13:10:00,79,,
818,2024-02-29 13:10:00,79,,
819,2024-02-29 13:10:00,79,,
820,2024-02-29 13:10:00,79,,
821,2024-02-29 13:10:00,79,,
822,2024-02-29 13:10:00,79,,
823,2024-02-29 13:10:00,79,,
824,2024-02-29 13:10:00,79,,
825,2024-02-29 13:10:00,79,,
826,2024-02-29 13:10:00,79,,
827,2024-02-29 13:10:00,79,,
828,2024-02-29 13:10:00,79,,
829,2024-02-29 13:10:00,79,,
830,2024-02-29 13:10:00,79,,
831,2024-02-29 13:10:00,79,,
832,2024-02-29 13:10:00,79,,
833,2024-02-29 13:10:00,79,,
834,2024-02-29 13:10:00,79,,
835,2024-02-29 13:10:00,79,,
836,2024-02-29 13:10:00,79,,
837,2024-02-29 13:10:00,79,,
838,2024-02-29 13:10:00,79,,
839,2024-02-29 13:10:00,79,,
840,2024-02-29 13:10:00,79,,
841,2024-02-29 13:10:00,79,,
842,2024-02-29 13:10:00,79,,
843,2024-02-29 13:10:00,79,,
844,2024-02-29 13:10:00,79,,
845,2024-02-29 13:10:00,79,,
846,2024-02-29 13:10:00,79,,
847,2024-02-29 13:10:00,79,,
848,2024-02-29 13:10:00,79,,
849,2024-02-29 13:10:00,79,,
850,2024-02-29 13:10:00,79,,
851,2024-02-29 13:10:00,79,,
852,2024-02-29 13:10:00,79,,
853,2024-02-29 13:10:00,79,,
854,2024-02-29 13:10:00,79,,
855,2024-02-29 13:10:00,79,,
856,2024-02-29 13:10:00,79,,
857,2024-02-29 13:10:00,79,,
858,2024-02-29 13:10:00,79,,
859,2024-02-29 13:10:00,79,,
860,2024-02-29 13:10:00,79,,
861,2024-02-29 13:10:00,79,,
862,2024-02-29 13:10:00,79,,
863,2024-02-29 13:10:00,79,,
864,2024-02-29 13:10:00,79,,
865,2024-02-29 13:10:00,79,,
866,2024-02-29 13:10:00,79,,
867,2024-02-29 13:10:00,79,,
868,2024-02-29 13:10:00,79,,
869,2024-02-29 13:10:00,79,,
870,2024-02-29 13:10:00,79,,
871,2024-02-29 13:10:00,79,,
872,2024-02-29 13:10:00,79,,
873,2024-02-29 13:10:00,79,,
874,2024-02-29 13:10:00,79,,
875,2024-02-29 13:10:00,79,,
876,2024-02-29 13:10:00,79,,
877,2024-02-29 13:10:00,79,,
878,2024-02-29 13:10:00,79,,
879,2024-02-29 13:10:00,79,,
880,2024-02-29 13:10:00,79,,
881,2024-02-29 13:10:00,79,,
882,2024-02-29 13:10:00,79,,
883,2024-02-29 13:10:00,79,,
884,2024-02-29 13:10:00,79,,
885,2024-02-29 13:10:00,79,,
886,2024-02-29 13:10:00,79,,
887,2024-02-29 13:10:00,79,,
888,2024-02-29 13:10:00,79,,
889,2024-02-29 13:10:00,79,,
890,2024-02-29 13:10:00,79,,
891,2024-02-29 13:10:00,79,,
892,2024-02-29 13:10:00,79,,
893,2024-02-29 13:10:00,79,,
894,2024-02-29 13:10:00,79,,
895,2024-02-29 13:10:00,79,,
896,2024-02-29 13:10:00,79,,
897,2024-02-29 13:10:00,79,,
898,2024-02-29 13:10:00,79,,
899,2024-02-29 13:10:00,79,,
900,2024-02-29 13:10:00,79,,
901,2024-02-29 13:10:00,79,,
902,2024-02-29 13:10:00,79,,
903,2024-02-29 13:10:00,79,,
904,2024-02-29 13:10:00,79,,
905,2024-02-29 13:10:00,79,,
906,2024-02-29 13:10:00,79,,
907,2024-02-29 13:10:00,79,,
908,2024-02-29 13:10:00,79,,
909,2024-02-29 13:10:00,79,,
910,2024-02-29 13:10:00,79,,
911,2024-02-29 13:10:00,79,,
912,2024-02-29 13:10:00,79,,
913,2024-02-29 13:10:00,79,,
914,2024-02-29 13:10:00,79,,
915,2024-02-29 13:10:00,79,,
916,2024-02-29 13:10:00,79,,
917,2024-02-29 13:10:00,79,,
918,2024-02-29 13:10:00,79,,
919,2024-02-29 13:10:00,79,,
920,2024-02-29 13:10:00,79,,
921,2024-02-29 13:10:00,79,,
922,2024-02-29 13:10:00,79,,
923,2024-02-29 13:10:00,79,,
924,2024-02-29 13:10:00,79,,
925,2024-02-29 13:10:00,79,,
926,2024-02-29 13:10:00,79,,
927,2024-02-29 13:10:00,79,,
928,2024-02-29 13:10:00,79,,
929,2024-02-29 13:10:00,79,,
930,2024-02-29 13:10:00,79,,
931,2024-02-29 13:10:00,79,,
932,2024-02-29 13:10:00,79,,
933,2024-02-29 13:10:00,79,,
934,2024-02-29 13:10:00,79,,
935,2024-02-29 13:10:00,79,,
936,2024-02-29 13:10:00,79,,
937,2024-02-29 13:10:00,79,,
938,2024-02-29 13:10:00,79,,
939,2024-02-29 13:10:00,79,,
940,2024-02-29 13:10:00,79,,
941,2024-02-29 13:10:00,79,,
942,2024-02-29 13:10:00,79,,
943,2024-02-29 13:10:00,79,,
944,2024-02-29 13:10:00,79,,
945,2024-02-29 13:10:00,79,,
946,2024-02-29 13:10:00,79,,
947,2024-02-29 13:10:00,79,,
948,2024-02-29 13:10:00,79,,
949,2024-02-29 13:10:00,79,,
950,2024-02-29 13:10:00,79,,
951,2024-02-29 13:10:00,79,,
952,2024-02-29 13:10:00,79,,
953,2024-02-29 13:10:00,79,,
954,2024-02-29 13:10:00,79,,
955,2024-02-29 13:10:00,79,,
956,2024-02-29 13:10:00,79,,
957,2024-02-29 13:10:00,79,,
958,2024-02-29 13:10:00,79,,
959,2024-02-29 13:10:00,79,,
960,2024-02-29 13:10:00,79,,
961,2024-02-29 13:10:00,79,,
962,2024-02-29 13:10:00,79,,
963,2024-02-29 13:10:00,79,,
964,2024-02-29 13:10:00,79,,
965,2024-02-29 13:10:00,79,,
966,2024-02-29 13:10:00,79,,
967,2024-02-29 13:10:00,79,,
968,2024-02-29 13:10:00,79,,
969,2024-02-29 13:10:00,79,,
970,2024-02-29 13:10:00,79,,
971,2024-02-29 13:10:00,79,,
972,2024-02-29 13:10:00,79,,
973,2024-02-29 13:10:00,79,,
974,2024-02-29 13:10:00,79,,
975,2024-02-29 13:10:00,79,,
976,2024-02-29 13:10:00,79,,
977,2024-02-29 13:10:00,79,,
978,2024-02-29 13:10:00,79,,
979,2024-02-29 13:10:00,79,,
980,2024-02-29 13:10:00,79,,
981,2024-02-29 13:10:00,79,,
982,2024-02-29 13:10:00,79,,
983,2024-02-29 13:10:00,79,,
984,2024-02-29 13:10:00,79,,
985,2024-02-29 13:10:00,79,,
986,2024-02-29 13:10:00,79,,
987,2024-02-29 13:10:00,79,,
988,2024-02-29 13:10:00,79,,
989,2024-02-29 13:10:00,79,,
990,2024-02-29 13:10:00,79,,
991,2024-02-29 13:10:00,79,,
992,2024-02-29 13:10:00,79,,
993,2024-02-29 13:10:00,79,,
994,2024-02-29 13:10:00,79,,
995,2024-02-29 13:10:00,79,,
996,2024-02-29 13:10:00,79,,
997,2024-02-29 13:10:00,79,,
998,2024-02-29 13:10:00,79,,
999,2024-02-29 13:10:00,79,,
1000,2024-02-29 13:10:00,79,,
1001,2024-02-29 13:10:00,79,,
1002,2024-02-29 13:10:00,79,,
1003,2024-02-29 13:10:00,79,,
1004,2024-02-29 13:10:00,79,,
1005,2024-02-29 13:10:00,79,,
1006,2024-02-29 13:10:00,79,,
792,2024-02-29 13:20:00,80,,
793,2024-02-29 13:20:00,80,,
794,2024-02-29 13:20:00,80,,
795,2024-02-29 13:20:00,80,,
796,2024-02-29 13:20:00,80,,
797,2024-02-29 13:20:00,80,,
798,2024-02-29 13:20:00,80,,
799,2024-02-29 13:20:00,80,,
800,2024-02-29 13:20:00,80,,
801,2024-02-29 13:20:00,80,,
802,2024-02-29 13:20:00,80,,
803,2024-02-29 13:20:00,80,,
804,2024-02-29 13:20:00,80,,
805,2024-02-29 13:20:00,80,,
806,2024-02-29 13:20:00,80,,
807,2024-02-29 13:20:00,80,,
808,2024-02-29 13:20:00,80,,
809,2024-02-29 13:20:00,80,,
810,2024-02-29 13:20:00,80,,
811,2024-02-29 13:20:00,80,,
812,2024-02-29 13:20:00,80,,
813,2024-02-29 13:20:00,80,,
814,2024-02-29 13:20:00,80,,
815,2024-02-29 13:20:00,80,,
816,2024-02-29 13:20:00,80,,
817,2024-02-29 13:20:00,80,,
818,2024-02-29 13:20:00,80,,
819,2024-02-29 13:20:00,80,,
820,2024-02-29 13:20:00,80,,
821,2024-02-29 13:20:00,80,,
822,2024-02-29 13:20:00,80,,
823,2024-02-29 13:20:00,80,,
824,2024-02-29 13:20:00,80,,
825,2024-02-29 13:20:00,80,,
826,2024-02-29 13:20:00,80,,
827,2024-02-29 13:20:00,80,,
828,2024-02-29 13:20:00,80,,
829,2024-02-29 13:20:00,80,,
830,2024-02-29 13:20:00,80,,
831,2024-02-29 13:20:00,80,,
832,2024-02-29 13:20:00,80,,
833,2024-02-29 13:20:00,80,,
834,2024-02-29 13:20:00,80,,
835,2024-02-29 13:20:00,80,,
836,2024-02-29 13:20:00,80,,
837,2024-02-29 13:20:00,80,,
838,2024-02-29 13:20:00,80,,
839,2024-02-29 13:20:00,80,,
840,2024-02-29 13:20:00,80,,
841,2024-02-29 13:20:00,80,,
842,2024-02-29 13:20:00,80,,
843,2024-02-29 13:20:00,80,,
844,2024-02-29 13:20:00,80,,
845,2024-02-29 13:20:00,80,,
846,2024-02-29 13:20:00,80,,
847,2024-02-29 13:20:00,80,,
848,2024-02-29 13:20:00,80,,
849,2024-02-29 13:20:00,80,,
850,2024-02-29 13:20:00,80,,
851,2024-02-29 13:20:00,80,,
852,2024-02-29 13:20:00,80,,
853,2024-02-29 13:20:00,80,,
854,2024-02-29 13:20:00,80,,
855,2024-02-29 13:20:00,80,,
856,2024-02-29 13:20:00,80,,
857,2024-02-29 13:20:00,80,,
858,2024-02-29 13:20:00,80,,
859,2024-02-29 13:20:00,80,,
860,2024-02-29 13:20:00,80,,
861,2024-02-29 13:20:00,80,,
862,2024-02-29 13:20:00,80,,
863,2024-02-29 13:20:00,80,,
864,2024-02-29 13:20:00,80,,
865,2024-02-29 13:20:00,80,,
866,2024-02-29 13:20:00,80,,
867,2024-02-29 13:20:00,80,,
868,2024-02-29 13:20:00,80,,
869,2024-02-29 13:20:00,80,,
870,2024-02-29 13:20:00,80,,
871,2024-02-29 13:20:00,80,,
872,2024-02-29 13:20:00,80,,
873,2024-02-29 13:20:00,80,,
874,2024-02-29 13:20:00,80,,
875,2024-02-29 13:20:00,80,,
876,2024-02-29 13:20:00,80,,
877,2024-02-29 13:20:00,80,,
878,2024-02-29 13:20:00,80,,
879,2024-02-29 13:20:00,80,,
880,2024-02-29 13:20:00,80,,
881,2024-02-29 13:20:00,80,,
882,2024-02-29 13:20:00,80,,
883,2024-02-29 13:20:00,80,,
884,2024-02-29 13:20:00,80,,
885,2024-02-29 13:20:00,80,,
886,2024-02-29 13:20:00,80,,
887,2024-02-29 13:20:00,80,,
888,2024-02-29 13:20:00,80,,
889,2024-02-29 13:20:00,80,,
890,2024-02-29 13:20:00,80,,
891,2024-02-29 13:20:00,80,,
892,2024-02-29 13:20:00,80,,
893,2024-02-29 13:20:00,80,,
894,2024-02-29 13:20:00,80,,
895,2024-02-29 13:20:00,80,,
896,2024-02-29 13:20:00,80,,
897,2024-02-29 13:20:00,80,,
898,2024-02-29 13:20:00,80,,
899,2024-02-29 13:20:00,80,,
900,2024-02-29 13:20:00,80,,
901,2024-02-29 13:20:00,80,,
902,2024-02-29 13:20:00,80,,
903,2024-02-29 13:20:00,80,,
904,2024-02-29 13:20:00,80,,
905,2024-02-29 13:20:00,80,,
906,2024-02-29 13:20:00,80,,
907,2024-02-29 13:20:00,80,,
908,2024-02-29 13:20:00,80,,
909,2024-02-29 13:20:00,80,,
910,2024-02-29 13:20:00,80,,
911,2024-02-29 13:20:00,80,,
912,2024-02-29 13:20:00,80,,
913,2024-02-29 13:20:00,80,,
914,2024-02-29 13:20:00,80,,
915,2024-02-29 13:20:00,80,,
916,2024-02-29 13:20:00,80,,
917,2024-02-29 13:20:00,80,,
918,2024-02-29 13:20:00,80,,
919,2024-02-29 13:20:00,80,,
920,2024-02-29 13:20:00,80,,
921,2024-02-29 13:20:00,80,,
922,2024-02-29 13:20:00,80,,
923,2024-02-29 13:20:00,80,,
924,2024-02-29 13:20:00,80,,
925,2024-02-29 13:20:00,80,,
926,2024-02-29 13:20:00,80,,
927,2024-02-29 13:20:00,80,,
928,2024-02-29 13:20:00,80,,
929,2024-02-29 13:20:00,80,,
930,2024-02-29 13:20:00,80,,
931,2024-02-29 13:20:00,80,,
932,2024-02-29 13:20:00,80,,
933,2024-02-29 13:20:00,80,,
934,2024-02-29 13:20:00,80,,
935,2024-02-29 13:20:00,80,,
936,2024-02-29 13:20:00,80,,
937,2024-02-29 13:20:00,80,,
938,2024-02-29 13:20:00,80,,
939,2024-02-29 13:20:00,80,,
940,2024-02-29 13:20:00,80,,
941,2024-02-29 13:20:00,80,,
942,2024-02-29 13:20:00,80,,
943,2024-02-29 13:20:00,80,,
944,2024-02-29 13:20:00,80,,
945,2024-02-29 13:20:00,80,,
946,2024-02-29 13:20:00,80,,
947,2024-02-29 13:20:00,80,,
948,2024-02-29 13:20:00,80,,
949,2024-02-29 13:20:00,80,,
950,2024-02-29 13:20:00,80,,
951,2024-02-29 13:20:00,80,,
952,2024-02-29 13:20:00,80,,
953,2024-02-29 13:20:00,80,,
954,2024-02-29 13:20:00,80,,
955,2024-02-29 13:20:00,80,,
956,2024-02-29 13:20:00,80,,
957,2024-02-29 13:20:00,80,,
958,2024-02-29 13:20:00,80,,
959,2024-02-29 13:20:00,80,,
960,2024-02-29 13:20:00,80,,
961,2024-02-29 13:20:00,80,,
962,2024-02-29 13:20:00,80,,
963,2024-02-29 13:20:00,80,,
964,2024-02-29 13:20:00,80,,
965,2024-02-29 13:20:00,80,,
966,2024-02-29 13:20:00,80,,
967,2024-02-29 13:20:00,80,,
968,2024-02-29 13:20:00,80,,
969,2024-02-29 13:20:00,80,,
970,2024-02-29 13:20:00,80,,
971,2024-02-29 13:20:00,80,,
972,2024-02-29 13:20:00,80,,
973,2024-02-29 13:20:00,80,,
974,2024-02-29 13:20:00,80,,
975,2024-02-29 13:20:00,80,,
976,2024-02-29 13:20:00,80,,
977,2024-02-29 13:20:00,80,,
978,2024-02-29 13:20:00,80,,
979,2024-02-29 13:20:00,80,,
980,2024-02-29 13:20:00,80,,
981,2024-02-29 13:20:00,80,,
982,2024-02-29 13:20:00,80,,
983,2024-02-29 13:20:00,80,,
984,2024-02-29 13:20:00,80,,
985,2024-02-29 13:20:00,80,,
986,2024-02-29 13:20:00,80,,
987,2024-02-29 13:20:00,80,,
988,2024-02-29 13:20:00,80,,
989,2024-02-29 13:20:00,80,,
990,2024-02-29 13:20:00,80,,
991,2024-02-29 13:20:00,80,,
992,2024-02-29 13:20:00,80,,
993,2024-02-29 13:20:00,80,,
994,2024-02-29 13:20:00,80,,
995,2024-02-29 13:20:00,80,,
996,2024-02-29 13:20:00,80,,
997,2024-02-29 13:20:00,80,,
998,2024-02-29 13:20:00,80,,
999,2024-02-29 13:20:00,80,,
1000,2024-02-29 13:20:00,80,,
1001,2024-02-29 13:20:00,80,,
1002,2024-02-29 13:20:00,80,,
1003,2024-02-29 13:20:00,80,,
1004,2024-02-29 13:20:00,80,,
1005,2024-02-29 13:20:00,80,,
1006,2024-02-29 13:20:00,80,,
792,2024-02-29 13:30:00,81,,
793,2024-02-29 13:30:00,81,,
794,2024-02-29 13:30:00,81,,
795,2024-02-29 13:30:00,81,,
796,2024-02-29 13:30:00,81,,
797,2024-02-29 13:30:00,81,,
798,2024-02-29 13:30:00,81,,
799,2024-02-29 13:30:00,81,,
800,2024-02-29 13:30:00,81,,
801,2024-02-29 13:30:00,81,,
802,2024-02-29 13:30:00,81,,
803,2024-02-29 13:30:00,81,,
804,2024-02-29 13:30:00,81,,
805,2024-02-29 13:30:00,81,,
806,2024-02-29 13:30:00,81,,
807,2024-02-29 13:30:00,81,,
808,2024-02-29 13:30:00,81,,
809,2024-02-29 13:30:00,81,,
810,2024-02-29 13:30:00,81,,
811,2024-02-29 13:30:00,81,,
812,2024-02-29 13:30:00,81,,
813,2024-02-29 13:30:00,81,,
814,2024-02-29 13:30:00,81,,
815,2024-02-29 13:30:00,81,,
816,2024-02-29 13:30:00,81,,
817,2024-02-29 13:30:00,81,,
818,2024-02-29 13:30:00,81,,
819,2024-02-29 13:30:00,81,,
820,2024-02-29 13:30:00,81,,
821,2024-02-29 13:30:00,81,,
822,2024-02-29 13:30:00,81,,
823,2024-02-29 13:30:00,81,,
824,2024-02-29 13:30:00,81,,
825,2024-02-29 13:30:00,81,,
826,2024-02-29 13:30:00,81,,
827,2024-02-29 13:30:00,81,,
828,2024-02-29 13:30:00,81,,
829,2024-02-29 13:30:00,81,,
830,2024-02-29 13:30:00,81,,
831,2024-02-29 13:30:00,81,,
832,2024-02-29 13:30:00,81,,
833,2024-02-29 13:30:00,81,,
834,2024-02-29 13:30:00,81,,
835,2024-02-29 13:30:00,81,,
836,2024-02-29 13:30:00,81,,
837,2024-02-29 13:30:00,81,,
838,2024-02-29 13:30:00,81,,
839,2024-02-29 13:30:00,81,,
840,2024-02-29 13:30:00,81,,
841,2024-02-29 13:30:00,81,,
842,2024-02-29 13:30:00,81,,
843,2024-02-29 13:30:00,81,,
844,2024-02-29 13:30:00,81,,
845,2024-02-29 13:30:00,81,,
846,2024-02-29 13:30:00,81,,
847,2024-02-29 13:30:00,81,,
848,2024-02-29 13:30:00,81,,
849,2024-02-29 13:30:00,81,,
850,2024-02-29 13:30:00,81,,
851,2024-02-29 13:30:00,81,,
852,2024-02-29 13:30:00,81,,
853,2024-02-29 13:30:00,81,,
854,2024-02-29 13:30:00,81,,
855,2024-02-29 13:30:00,81,,
856,2024-02-29 13:30:00,81,,
857,2024-02-29 13:30:00,81,,
858,2024-02-29 13:30:00,81,,
859,2024-02-29 13:30:00,81,,
860,2024-02-29 13:30:00,81,,
861,2024-02-29 13:30:00,81,,
862,2024-02-29 13:30:00,81,,
863,2024-02-29 13:30:00,81,,
864,2024-02-29 13:30:00,81,,
865,2024-02-29 13:30:00,81,,
866,2024-02-29 13:30:00,81,,
867,2024-02-29 13:30:00,81,,
868,2024-02-29 13:30:00,81,,
869,2024-02-29 13:30:00,81,,
870,2024-02-29 13:30:00,81,,
871,2024-02-29 13:30:00,81,,
872,2024-02-29 13:30:00,81,,
873,2024-02-29 13:30:00,81,,
874,2024-02-29 13:30:00,81,,
875,2024-02-29 13:30:00,81,,
876,2024-02-29 13:30:00,81,,
877,2024-02-29 13:30:00,81,,
878,2024-02-29 13:30:00,81,,
879,2024-02-29 13:30:00,81,,
880,2024-02-29 13:30:00,81,,
881,2024-02-29 13:30:00,81,,
882,2024-02-29 13:30:00,81,,
883,2024-02-29 13:30:00,81,,
884,2024-02-29 13:30:00,81,,
885,2024-02-29 13:30:00,81,,
886,2024-02-29 13:30:00,81,,
887,2024-02-29 13:30:00,81,,
888,2024-02-29 13:30:00,81,,
889,2024-02-29 13:30:00,81,,
890,2024-02-29 13:30:00,81,,
891,2024-02-29 13:30:00,81,,
892,2024-02-29 13:30:00,81,,
893,2024-02-29 13:30:00,81,,
894,2024-02-29 13:30:00,81,,
895,2024-02-29 13:30:00,81,,
896,2024-02-29 13:30:00,81,,
897,2024-02-29 13:30:00,81,,
898,2024-02-29 13:30:00,81,,
899,2024-02-29 13:30:00,81,,
900,2024-02-29 13:30:00,81,,
901,2024-02-29 13:30:00,81,,
902,2024-02-29 13:30:00,81,,
903,2024-02-29 13:30:00,81,,
904,2024-02-29 13:30:00,81,,
905,2024-02-29 13:30:00,81,,
906,2024-02-29 13:30:00,81,,
907,2024-02-29 13:30:00,81,,
908,2024-02-29 13:30:00,81,,
909,2024-02-29 13:30:00,81,,
910,2024-02-29 13:30:00,81,,
911,2024-02-29 13:30:00,81,,
912,2024-02-29 13:30:00,81,,
913,2024-02-29 13:30:00,81,,
914,2024-02-29 13:30:00,81,,
915,2024-02-29 13:30:00,81,,
916,2024-02-29 13:30:00,81,,
917,2024-02-29 13:30:00,81,,
918,2024-02-29 13:30:00,81,,
919,2024-02-29 13:30:00,81,,
920,2024-02-29 13:30:00,81,,
921,2024-02-29 13:30:00,81,,
922,2024-02-29 13:30:00,81,,
923,2024-02-29 13:30:00,81,,
924,2024-02-29 13:30:00,81,,
925,2024-02-29 13:30:00,81,,
926,2024-02-29 13:30:00,81,,
927,2024-02-29 13:30:00,81,,
928,2024-02-29 13:30:00,81,,
929,2024-02-29 13:30:00,81,,
930,2024-02-29 13:30:00,81,,
931,2024-02-29 13:30:00,81,,
932,2024-02-29 13:30:00,81,,
933,2024-02-29 13:30:00,81,,
934,2024-02-29 13:30:00,81,,
935,2024-02-29 13:30:00,81,,
936,2024-02-29 13:30:00,81,,
937,2024-02-29 13:30:00,81,,
938,2024-02-29 13:30:00,81,,
939,2024-02-29 13:30:00,81,,
940,2024-02-29 13:30:00,81,,
941,2024-02-29 13:30:00,81,,
942,2024-02-29 13:30:00,81,,
943,2024-02-29 13:30:00,81,,
944,2024-02-29 13:30:00,81,,
945,2024-02-29 13:30:00,81,,
946,2024-02-29 13:30:00,81,,
947,2024-02-29 13:30:00,81,,
948,2024-02-29 13:30:00,81,,
949,2024-02-29 13:30:00,81,,
950,2024-02-29 13:30:00,81,,
951,2024-02-29 13:30:00,81,,
952,2024-02-29 13:30:00,81,,
953,2024-02-29 13:30:00,81,,
954,2024-02-29 13:30:00,81,,
955,2024-02-29 13:30:00,81,,
956,2024-02-29 13:30:00,81,,
957,2024-02-29 13:30:00,81,,
958,2024-02-29 13:30:00,81,,
959,2024-02-29 13:30:00,81,,
960,2024-02-29 13:30:00,81,,
961,2024-02-29 13:30:00,81,,
962,2024-02-29 13:30:00,81,,
963,2024-02-29 13:30:00,81,,
964,2024-02-29 13:30:00,81,,
965,2024-02-29 13:30:00,81,,
966,2024-02-29 13:30:00,81,,
967,2024-02-29 13:30:00,81,,
968,2024-02-29 13:30:00,81,,
969,2024-02-29 13:30:00,81,,
970,2024-02-29 13:30:00,81,,
971,2024-02-29 13:30:00,81,,
972,2024-02-29 13:30:00,81,,
973,2024-02-29 13:30:00,81,,
974,2024-02-29 13:30:00,81,,
975,2024-02-29 13:30:00,81,,
976,2024-02-29 13:30:00,81,,
977,2024-02-29 13:30:00,81,,
978,2024-02-29 13:30:00,81,,
979,2024-02-29 13:30:00,81,,
980,2024-02-29 13:30:00,81,,
981,2024-02-29 13:30:00,81,,
982,2024-02-29 13:30:00,81,,
983,2024-02-29 13:30:00,81,,
984,2024-02-29 13:30:00,81,,
985,2024-02-29 13:30:00,81,,
986,2024-02-29 13:30:00,81,,
987,2024-02-29 13:30:00,81,,
988,2024-02-29 13:30:00,81,,
989,2024-02-29 13:30:00,81,,
990,2024-02-29 13:30:00,81,,
991,2024-02-29 13:30:00,81,,
992,2024-02-29 13:30:00,81,,
993,2024-02-29 13:30:00,81,,
994,2024-02-29 13:30:00,81,,
995,2024-02-29 13:30:00,81,,
996,2024-02-29 13:30:00,81,,
997,2024-02-29 13:30:00,81,,
998,2024-02-29 13:30:00,81,,
999,2024-02-29 13:30:00,81,,
1000,2024-02-29 13:30:00,81,,
1001,2024-02-29 13:30:00,81,,
1002,2024-02-29 13:30:00,81,,
1003,2024-02-29 13:30:00,81,,
1004,2024-02-29 13:30:00,81,,
1005,2024-02-29 13:30:00,81,,
1006,2024-02-29 13:30:00,81,,
792,2024-02-29 13:40:00,82,,
793,2024-02-29 13:40:00,82,,
794,2024-02-29 13:40:00,82,,
795,2024-02-29 13:40:00,82,,
796,2024-02-29 13:40:00,82,,
797,2024-02-29 13:40:00,82,,
798,2024-02-29 13:40:00,82,,
799,2024-02-29 13:40:00,82,,
800,2024-02-29 13:40:00,82,,
801,2024-02-29 13:40:00,82,,
802,2024-02-29 13:40:00,82,,
803,2024-02-29 13:40:00,82,,
804,2024-02-29 13:40:00,82,,
805,2024-02-29 13:40:00,82,,
806,2024-02-29 13:40:00,82,,
807,2024-02-29 13:40:00,82,,
808,2024-02-29 13:40:00,82,,
809,2024-02-29 13:40:00,82,,
810,2024-02-29 13:40:00,82,,
811,2024-02-29 13:40:00,82,,
812,2024-02-29 13:40:00,82,,
813,2024-02-29 13:40:00,82,,
814,2024-02-29 13:40:00,82,,
815,2024-02-29 13:40:00,82,,
816,2024-02-29 13:40:00,82,,
817,2024-02-29 13:40:00,82,,
818,2024-02-29 13:40:00,82,,
819,2024-02-29 13:40:00,82,,
820,2024-02-29 13:40:00,82,,
821,2024-02-29 13:40:00,82,,
822,2024-02-29 13:40:00,82,,
823,2024-02-29 13:40:00,82,,
824,2024-02-29 13:40:00,82,,
825,2024-02-29 13:40:00,82,,
826,2024-02-29 13:40:00,82,,
827,2024-02-29 13:40:00,82,,
828,2024-02-29 13:40:00,82,,
829,2024-02-29 13:40:00,82,,
830,2024-02-29 13:40:00,82,,
831,2024-02-29 13:40:00,82,,
832,2024-02-29 13:40:00,82,,
833,2024-02-29 13:40:00,82,,
834,2024-02-29 13:40:00,82,,
835,2024-02-29 13:40:00,82,,
836,2024-02-29 13:40:00,82,,
837,2024-02-29 13:40:00,82,,
838,2024-02-29 13:40:00,82,,
839,2024-02-29 13:40:00,82,,
840,2024-02-29 13:40:00,82,,
841,2024-02-29 13:40:00,82,,
842,2024-02-29 13:40:00,82,,
843,2024-02-29 13:40:00,82,,
844,2024-02-29 13:40:00,82,,
845,2024-02-29 13:40:00,82,,
846,2024-02-29 13:40:00,82,,
847,2024-02-29 13:40:00,82,,
848,2024-02-29 13:40:00,82,,
849,2024-02-29 13:40:00,82,,
850,2024-02-29 13:40:00,82,,
851,2024-02-29 13:40:00,82,,
852,2024-02-29 13:40:00,82,,
853,2024-02-29 13:40:00,82,,
854,2024-02-29 13:40:00,82,,
855,2024-02-29 13:40:00,82,,
856,2024-02-29 13:40:00,82,,
857,2024-02-29 13:40:00,82,,
858,2024-02-29 13:40:00,82,,
859,2024-02-29 13:40:00,82,,
860,2024-02-29 13:40:00,82,,
861,2024-02-29 13:40:00,82,,
862,2024-02-29 13:40:00,82,,
863,2024-02-29 13:40:00,82,,
864,2024-02-29 13:40:00,82,,
865,2024-02-29 13:40:00,82,,
866,2024-02-29 13:40:00,82,,
867,2024-02-29 13:40:00,82,,
868,2024-02-29 13:40:00,82,,
869,2024-02-29 13:40:00,82,,
870,2024-02-29 13:40:00,82,,
871,2024-02-29 13:40:00,82,,
872,2024-02-29 13:40:00,82,,
873,2024-02-29 13:40:00,82,,
874,2024-02-29 13:40:00,82,,
875,2024-02-29 13:40:00,82,,
876,2024-02-29 13:40:00,82,,
877,2024-02-29 13:40:00,82,,
878,2024-02-29 13:40:00,82,,
879,2024-02-29 13:40:00,82,,
880,2024-02-29 13:40:00,82,,
881,2024-02-29 13:40:00,82,,
882,2024-02-29 13:40:00,82,,
883,2024-02-29 13:40:00,82,,
884,2024-02-29 13:40:00,82,,
885,2024-02-29 13:40:00,82,,
886,2024-02-29 13:40:00,82,,
887,2024-02-29 13:40:00,82,,
888,2024-02-29 13:40:00,82,,
889,2024-02-29 13:40:00,82,,
890,2024-02-29 13:40:00,82,,
891,2024-02-29 13:40:00,82,,
892,2024-02-29 13:40:00,82,,
893,2024-02-29 13:40:00,82,,
894,2024-02-29 13:40:00,82,,
895,2024-02-29 13:40:00,82,,
896,2024-02-29 13:40:00,82,,
897,2024-02-29 13:40:00,82,,
898,2024-02-29 13:40:00,82,,
899,2024-02-29 13:40:00,82,,
900,2024-02-29 13:40:00,82,,
901,2024-02-29 13:40:00,82,,
902,2024-02-29 13:40:00,82,,
903,2024-02-29 13:40:00,82,,
904,2024-02-29 13:40:00,82,,
905,2024-02-29 13:40:00,82,,
906,2024-02-29 13:40:00,82,,
907,2024-02-29 13:40:00,82,,
908,2024-02-29 13:40:00,82,,
909,2024-02-29 13:40:00,82,,
910,2024-02-29 13:40:00,82,,
911,2024-02-29 13:40:00,82,,
912,2024-02-29 13:40:00,82,,
913,2024-02-29 13:40:00,82,,
914,2024-02-29 13:40:00,82,,
915,2024-02-29 13:40:00,82,,
916,2024-02-29 13:40:00,82,,
917,2024-02-29 13:40:00,82,,
918,2024-02-29 13:40:00,82,,
919,2024-02-29 13:40:00,82,,
920,2024-02-29 13:40:00,82,,
921,2024-02-29 13:40:00,82,,
922,2024-02-29 13:40:00,82,,
923,2024-02-29 13:40:00,82,,
924,2024-02-29 13:40:00,82,,
925,2024-02-29 13:40:00,82,,
926,2024-02-29 13:40:00,82,,
927,2024-02-29 13:40:00,82,,
928,2024-02-29 13:40:00,82,,
929,2024-02-29 13:40:00,82,,
930,2024-02-29 13:40:00,82,,
931,2024-02-29 13:40:00,82,,
932,2024-02-29 13:40:00,82,,
933,2024-02-29 13:40:00,82,,
934,2024-02-29 13:40:00,82,,
935,2024-02-29 13:40:00,82,,
936,2024-02-29 13:40:00,82,,
937,2024-02-29 13:40:00,82,,
938,2024-02-29 13:40:00,82,,
939,2024-02-29 13:40:00,82,,
940,2024-02-29 13:40:00,82,,
941,2024-02-29 13:40:00,82,,
942,2024-02-29 13:40:00,82,,
943,2024-02-29 13:40:00,82,,
944,2024-02-29 13:40:00,82,,
945,2024-02-29 13:40:00,82,,
946,2024-02-29 13:40:00,82,,
947,2024-02-29 13:40:00,82,,
948,2024-02-29 13:40:00,82,,
949,2024-02-29 13:40:00,82,,
950,2024-02-29 13:40:00,82,,
951,2024-02-29 13:40:00,82,,
952,2024-02-29 13:40:00,82,,
953,2024-02-29 13:40:00,82,,
954,2024-02-29 13:40:00,82,,
955,2024-02-29 13:40:00,82,,
956,2024-02-29 13:40:00,82,,
957,2024-02-29 13:40:00,82,,
958,2024-02-29 13:40:00,82,,
959,2024-02-29 13:40:00,82,,
960,2024-02-29 13:40:00,82,,
961,2024-02-29 13:40:00,82,,
962,2024-02-29 13:40:00,82,,
963,2024-02-29 13:40:00,82,,
964,2024-02-29 13:40:00,82,,
965,2024-02-29 13:40:00,82,,
966,2024-02-29 13:40:00,82,,
967,2024-02-29 13:40:00,82,,
968,2024-02-29 13:40:00,82,,
969,2024-02-29 13:40:00,82,,
970,2024-02-29 13:40:00,82,,
971,2024-02-29 13:40:00,82,,
972,2024-02-29 13:40:00,82,,
973,2024-02-29 13:40:00,82,,
974,2024-02-29 13:40:00,82,,
975,2024-02-29 13:40:00,82,,
976,2024-02-29 13:40:00,82,,
977,2024-02-29 13:40:00,82,,
978,2024-02-29 13:40:00,82,,
979,2024-02-29 13:40:00,82,,
980,2024-02-29 13:40:00,82,,
981,2024-02-29 13:40:00,82,,
982,2024-02-29 13:40:00,82,,
983,2024-02-29 13:40:00,82,,
984,2024-02-29 13:40:00,82,,
985,2024-02-29 13:40:00,82,,
986,2024-02-29 13:40:00,82,,
987,2024-02-29 13:40:00,82,,
988,2024-02-29 13:40:00,82,,
989,2024-02-29 13:40:00,82,,
990,2024-02-29 13:40:00,82,,
991,2024-02-29 13:40:00,82,,
992,2024-02-29 13:40:00,82,,
993,2024-02-29 13:40:00,82,,
994,2024-02-29 13:40:00,82,,
995,2024-02-29 13:40:00,82,,
996,2024-02-29 13:40:00,82,,
997,2024-02-29 13:40:00,82,,
998,2024-02-29 13:40:00,82,,
999,2024-02-29 13:40:00,82,,
1000,2024-02-29 13:40:00,82,,
1001,2024-02-29 13:40:00,82,,
1002,2024-02-29 13:40:00,82,,
1003,2024-02-29 13:40:00,82,,
1004,2024-02-29 13:40:00,82,,
1005,2024-02-29 13:40:00,82,,
1006,2024-02-29 13:40:00,82,,
792,2024-02-29 13:50:00,83,,
793,2024-02-29 13:50:00,83,,
794,2024-02-29 13:50:00,83,,
795,2024-02-29 13:50:00,83,,
796,2024-02-29 13:50:00,83,,
797,2024-02-29 13:50:00,83,,
798,2024-02-29 13:50:00,83,,
799,2024-02-29 13:50:00,83,,
800,2024-02-29 13:50:00,83,,
801,2024-02-29 13:50:00,83,,
802,2024-02-29 13:50:00,83,,
803,2024-02-29 13:50:00,83,,
804,2024-02-29 13:50:00,83,,
805,2024-02-29 13:50:00,83,,
806,2024-02-29 13:50:00,83,,
807,2024-02-29 13:50:00,83,,
808,2024-02-29 13:50:00,83,,
809,2024-02-29 13:50:00,83,,
810,2024-02-29 13:50:00,83,,
811,2024-02-29 13:50:00,83,,
812,2024-02-29 13:50:00,83,,
813,2024-02-29 13:50:00,83,,
814,2024-02-29 13:50:00,83,,
815,2024-02-29 13:50:00,83,,
816,2024-02-29 13:50:00,83,,
817,2024-02-29 13:50:00,83,,
818,2024-02-29 13:50:00,83,,
819,2024-02-29 13:50:00,83,,
820,2024-02-29 13:50:00,83,,
821,2024-02-29 13:50:00,83,,
822,2024-02-29 13:50:00,83,,
823,2024-02-29 13:50:00,83,,
824,2024-02-29 13:50:00,83,,
825,2024-02-29 13:50:00,83,,
826,2024-02-29 13:50:00,83,,
827,2024-02-29 13:50:00,83,,
828,2024-02-29 13:50:00,83,,
829,2024-02-29 13:50:00,83,,
830,2024-02-29 13:50:00,83,,
831,2024-02-29 13:50:00,83,,
832,2024-02-29 13:50:00,83,,
833,2024-02-29 13:50:00,83,,
834,2024-02-29 13:50:00,83,,
835,2024-02-29 13:50:00,83,,
836,2024-02-29 13:50:00,83,,
837,2024-02-29 13:50:00,83,,
838,2024-02-29 13:50:00,83,,
839,2024-02-29 13:50:00,83,,
840,2024-02-29 13:50:00,83,,
841,2024-02-29 13:50:00,83,,
842,2024-02-29 13:50:00,83,,
843,2024-02-29 13:50:00,83,,
844,2024-02-29 13:50:00,83,,
845,2024-02-29 13:50:00,83,,
846,2024-02-29 13:50:00,83,,
847,2024-02-29 13:50:00,83,,
848,2024-02-29 13:50:00,83,,
849,2024-02-29 13:50:00,83,,
850,2024-02-29 13:50:00,83,,
851,2024-02-29 13:50:00,83,,
852,2024-02-29 13:50:00,83,,
853,2024-02-29 13:50:00,83,,
854,2024-02-29 13:50:00,83,,
855,2024-02-29 13:50:00,83,,
856,2024-02-29 13:50:00,83,,
857,2024-02-29 13:50:00,83,,
858,2024-02-29 13:50:00,83,,
859,2024-02-29 13:50:00,83,,
860,2024-02-29 13:50:00,83,,
861,2024-02-29 13:50:00,83,,
862,2024-02-29 13:50:00,83,,
863,2024-02-29 13:50:00,83,,
864,2024-02-29 13:50:00,83,,
865,2024-02-29 13:50:00,83,,
866,2024-02-29 13:50:00,83,,
867,2024-02-29 13:50:00,83,,
868,2024-02-29 13:50:00,83,,
869,2024-02-29 13:50:00,83,,
870,2024-02-29 13:50:00,83,,
871,2024-02-29 13:50:00,83,,
872,2024-02-29 13:50:00,83,,
873,2024-02-29 13:50:00,83,,
874,2024-02-29 13:50:00,83,,
875,2024-02-29 13:50:00,83,,
876,2024-02-29 13:50:00,83,,
877,2024-02-29 13:50:00,83,,
878,2024-02-29 13:50:00,83,,
879,2024-02-29 13:50:00,83,,
880,2024-02-29 13:50:00,83,,
881,2024-02-29 13:50:00,83,,
882,2024-02-29 13:50:00,83,,
883,2024-02-29 13:50:00,83,,
884,2024-02-29 13:50:00,83,,
885,2024-02-29 13:50:00,83,,
886,2024-02-29 13:50:00,83,,
887,2024-02-29 13:50:00,83,,
888,2024-02-29 13:50:00,83,,
889,2024-02-29 13:50:00,83,,
890,2024-02-29 13:50:00,83,,
891,2024-02-29 13:50:00,83,,
892,2024-02-29 13:50:00,83,,
893,2024-02-29 13:50:00,83,,
894,2024-02-29 13:50:00,83,,
895,2024-02-29 13:50:00,83,,
896,2024-02-29 13:50:00,83,,
897,2024-02-29 13:50:00,83,,
898,2024-02-29 13:50:00,83,,
899,2024-02-29 13:50:00,83,,
900,2024-02-29 13:50:00,83,,
901,2024-02-29 13:50:00,83,,
902,2024-02-29 13:50:00,83,,
903,2024-02-29 13:50:00,83,,
904,2024-02-29 13:50:00,83,,
905,2024-02-29 13:50:00,83,,
906,2024-02-29 13:50:00,83,,
907,2024-02-29 13:50:00,83,,
908,2024-02-29 13:50:00,83,,
909,2024-02-29 13:50:00,83,,
910,2024-02-29 13:50:00,83,,
911,2024-02-29 13:50:00,83,,
912,2024-02-29 13:50:00,83,,
913,2024-02-29 13:50:00,83,,
914,2024-02-29 13:50:00,83,,
915,2024-02-29 13:50:00,83,,
916,2024-02-29 13:50:00,83,,
917,2024-02-29 13:50:00,83,,
918,2024-02-29 13:50:00,83,,
919,2024-02-29 13:50:00,83,,
920,2024-02-29 13:50:00,83,,
921,2024-02-29 13:50:00,83,,
922,2024-02-29 13:50:00,83,,
923,2024-02-29 13:50:00,83,,
924,2024-02-29 13:50:00,83,,
925,2024-02-29 13:50:00,83,,
926,2024-02-29 13:50:00,83,,
927,2024-02-29 13:50:00,83,,
928,2024-02-29 13:50:00,83,,
929,2024-02-29 13:50:00,83,,
930,2024-02-29 13:50:00,83,,
931,2024-02-29 13:50:00,83,,
932,2024-02-29 13:50:00,83,,
933,2024-02-29 13:50:00,83,,
934,2024-02-29 13:50:00,83,,
935,2024-02-29 13:50:00,83,,
936,2024-02-29 13:50:00,83,,
937,2024-02-29 13:50:00,83,,
938,2024-02-29 13:50:00,83,,
939,2024-02-29 13:50:00,83,,
940,2024-02-29 13:50:00,83,,
941,2024-02-29 13:50:00,83,,
942,2024-02-29 13:50:00,83,,
943,2024-02-29 13:50:00,83,,
944,2024-02-29 13:50:00,83,,
945,2024-02-29 13:50:00,83,,
946,2024-02-29 13:50:00,83,,
947,2024-02-29 13:50:00,83,,
948,2024-02-29 13:50:00,83,,
949,2024-02-29 13:50:00,83,,
950,2024-02-29 13:50:00,83,,
951,2024-02-29 13:50:00,83,,
952,2024-02-29 13:50:00,83,,
953,2024-02-29 13:50:00,83,,
954,2024-02-29 13:50:00,83,,
955,2024-02-29 13:50:00,83,,
956,2024-02-29 13:50:00,83,,
957,2024-02-29 13:50:00,83,,
958,2024-02-29 13:50:00,83,,
959,2024-02-29 13:50:00,83,,
960,2024-02-29 13:50:00,83,,
961,2024-02-29 13:50:00,83,,
962,2024-02-29 13:50:00,83,,
963,2024-02-29 13:50:00,83,,
964,2024-02-29 13:50:00,83,,
965,2024-02-29 13:50:00,83,,
966,2024-02-29 13:50:00,83,,
967,2024-02-29 13:50:00,83,,
968,2024-02-29 13:50:00,83,,
969,2024-02-29 13:50:00,83,,
970,2024-02-29 13:50:00,83,,
971,2024-02-29 13:50:00,83,,
972,2024-02-29 13:50:00,83,,
973,2024-02-29 13:50:00,83,,
974,2024-02-29 13:50:00,83,,
975,2024-02-29 13:50:00,83,,
976,2024-02-29 13:50:00,83,,
977,2024-02-29 13:50:00,83,,
978,2024-02-29 13:50:00,83,,
979,2024-02-29 13:50:00,83,,
980,2024-02-29 13:50:00,83,,
981,2024-02-29 13:50:00,83,,
982,2024-02-29 13:50:00,83,,
983,2024-02-29 13:50:00,83,,
984,2024-02-29 13:50:00,83,,
985,2024-02-29 13:50:00,83,,
986,2024-02-29 13:50:00,83,,
987,2024-02-29 13:50:00,83,,
988,2024-02-29 13:50:00,83,,
989,2024-02-29 13:50:00,83,,
990,2024-02-29 13:50:00,83,,
991,2024-02-29 13:50:00,83,,
992,2024-02-29 13:50:00,83,,
993,2024-02-29 13:50:00,83,,
994,2024-02-29 13:50:00,83,,
995,2024-02-29 13:50:00,83,,
996,2024-02-29 13:50:00,83,,
997,2024-02-29 13:50:00,83,,
998,2024-02-29 13:50:00,83,,
999,2024-02-29 13:50:00,83,,
1000,2024-02-29 13:50:00,83,,
1001,2024-02-29 13:50:00,83,,
1002,2024-02-29 13:50:00,83,,
1003,2024-02-29 13:50:00,83,,
1004,2024-02-29 13:50:00,83,,
1005,2024-02-29 13:50:00,83,,
1006,2024-02-29 13:50:00,83,,
792,2024-02-29 14:00:00,84,,
793,2024-02-29 14:00:00,84,,
794,2024-02-29 14:00:00,84,,
795,2024-02-29 14:00:00,84,,
796,2024-02-29 14:00:00,84,,
797,2024-02-29 14:00:00,84,,
798,2024-02-29 14:00:00,84,,
799,2024-02-29 14:00:00,84,,
800,2024-02-29 14:00:00,84,,
801,2024-02-29 14:00:00,84,,
802,2024-02-29 14:00:00,84,,
803,2024-02-29 14:00:00,84,,
804,2024-02-29 14:00:00,84,,
805,2024-02-29 14:00:00,84,,
806,2024-02-29 14:00:00,84,,
807,2024-02-29 14:00:00,84,,
808,2024-02-29 14:00:00,84,,
809,2024-02-29 14:00:00,84,,
810,2024-02-29 14:00:00,84,,
811,2024-02-29 14:00:00,84,,
812,2024-02-29 14:00:00,84,,
813,2024-02-29 14:00:00,84,,
814,2024-02-29 14:00:00,84,,
815,2024-02-29 14:00:00,84,,
816,2024-02-29 14:00:00,84,,
817,2024-02-29 14:00:00,84,,
818,2024-02-29 14:00:00,84,,
819,2024-02-29 14:00:00,84,,
820,2024-02-29 14:00:00,84,,
821,2024-02-29 14:00:00,84,,
822,2024-02-29 14:00:00,84,,
823,2024-02-29 14:00:00,84,,
824,2024-02-29 14:00:00,84,,
825,2024-02-29 14:00:00,84,,
826,2024-02-29 14:00:00,84,,
827,2024-02-29 14:00:00,84,,
828,2024-02-29 14:00:00,84,,
829,2024-02-29 14:00:00,84,,
830,2024-02-29 14:00:00,84,,
831,2024-02-29 14:00:00,84,,
832,2024-02-29 14:00:00,84,,
833,2024-02-29 14:00:00,84,,
834,2024-02-29 14:00:00,84,,
835,2024-02-29 14:00:00,84,,
836,2024-02-29 14:00:00,84,,
837,2024-02-29 14:00:00,84,,
838,2024-02-29 14:00:00,84,,
839,2024-02-29 14:00:00,84,,
840,2024-02-29 14:00:00,84,,
841,2024-02-29 14:00:00,84,,
842,2024-02-29 14:00:00,84,,
843,2024-02-29 14:00:00,84,,
844,2024-02-29 14:00:00,84,,
845,2024-02-29 14:00:00,84,,
846,2024-02-29 14:00:00,84,,
847,2024-02-29 14:00:00,84,,
848,2024-02-29 14:00:00,84,,
849,2024-02-29 14:00:00,84,,
850,2024-02-29 14:00:00,84,,
851,2024-02-29 14:00:00,84,,
852,2024-02-29 14:00:00,84,,
853,2024-02-29 14:00:00,84,,
854,2024-02-29 14:00:00,84,,
855,2024-02-29 14:00:00,84,,
856,2024-02-29 14:00:00,84,,
857,2024-02-29 14:00:00,84,,
858,2024-02-29 14:00:00,84,,
859,2024-02-29 14:00:00,84,,
860,2024-02-29 14:00:00,84,,
861,2024-02-29 14:00:00,84,,
862,2024-02-29 14:00:00,84,,
863,2024-02-29 14:00:00,84,,
864,2024-02-29 14:00:00,84,,
865,2024-02-29 14:00:00,84,,
866,2024-02-29 14:00:00,84,,
867,2024-02-29 14:00:00,84,,
868,2024-02-29 14:00:00,84,,
869,2024-02-29 14:00:00,84,,
870,2024-02-29 14:00:00,84,,
871,2024-02-29 14:00:00,84,,
872,2024-02-29 14:00:00,84,,
873,2024-02-29 14:00:00,84,,
874,2024-02-29 14:00:00,84,,
875,2024-02-29 14:00:00,84,,
876,2024-02-29 14:00:00,84,,
877,2024-02-29 14:00:00,84,,
878,2024-02-29 14:00:00,84,,
879,2024-02-29 14:00:00,84,,
880,2024-02-29 14:00:00,84,,
881,2024-02-29 14:00:00,84,,
882,2024-02-29 14:00:00,84,,
883,2024-02-29 14:00:00,84,,
884,2024-02-29 14:00:00,84,,
885,2024-02-29 14:00:00,84,,
886,2024-02-29 14:00:00,84,,
887,2024-02-29 14:00:00,84,,
888,2024-02-29 14:00:00,84,,
889,2024-02-29 14:00:00,84,,
890,2024-02-29 14:00:00,84,,
891,2024-02-29 14:00:00,84,,
892,2024-02-29 14:00:00,84,,
893,2024-02-29 14:00:00,84,,
894,2024-02-29 14:00:00,84,,
895,2024-02-29 14:00:00,84,,
896,2024-02-29 14:00:00,84,,
897,2024-02-29 14:00:00,84,,
898,2024-02-29 14:00:00,84,,
899,2024-02-29 14:00:00,84,,
900,2024-02-29 14:00:00,84,,
901,2024-02-29 14:00:00,84,,
902,2024-02-29 14:00:00,84,,
903,2024-02-29 14:00:00,84,,
904,2024-02-29 14:00:00,84,,
905,2024-02-29 14:00:00,84,,
906,2024-02-29 14:00:00,84,,
907,2024-02-29 14:00:00,84,,
908,2024-02-29 14:00:00,84,,
909,2024-02-29 14:00:00,84,,
910,2024-02-29 14:00:00,84,,
911,2024-02-29 14:00:00,84,,
912,2024-02-29 14:00:00,84,,
913,2024-02-29 14:00:00,84,,
914,2024-02-29 14:00:00,84,,
915,2024-02-29 14:00:00,84,,
916,2024-02-29 14:00:00,84,,
917,2024-02-29 14:00:00,84,,
918,2024-02-29 14:00:00,84,,
919,2024-02-29 14:00:00,84,,
920,2024-02-29 14:00:00,84,,
921,2024-02-29 14:00:00,84,,
922,2024-02-29 14:00:00,84,,
923,2024-02-29 14:00:00,84,,
924,2024-02-29 14:00:00,84,,
925,2024-02-29 14:00:00,84,,
926,2024-02-29 14:00:00,84,,
927,2024-02-29 14:00:00,84,,
928,2024-02-29 14:00:00,84,,
929,2024-02-29 14:00:00,84,,
930,2024-02-29 14:00:00,84,,
931,2024-02-29 14:00:00,84,,
932,2024-02-29 14:00:00,84,,
933,2024-02-29 14:00:00,84,,
934,2024-02-29 14:00:00,84,,
935,2024-02-29 14:00:00,84,,
936,2024-02-29 14:00:00,84,,
937,2024-02-29 14:00:00,84,,
938,2024-02-29 14:00:00,84,,
939,2024-02-29 14:00:00,84,,
940,2024-02-29 14:00:00,84,,
941,2024-02-29 14:00:00,84,,
942,2024-02-29 14:00:00,84,,
943,2024-02-29 14:00:00,84,,
944,2024-02-29 14:00:00,84,,
945,2024-02-29 14:00:00,84,,
946,2024-02-29 14:00:00,84,,
947,2024-02-29 14:00:00,84,,
948,2024-02-29 14:00:00,84,,
949,2024-02-29 14:00:00,84,,
950,2024-02-29 14:00:00,84,,
951,2024-02-29 14:00:00,84,,
952,2024-02-29 14:00:00,84,,
953,2024-02-29 14:00:00,84,,
954,2024-02-29 14:00:00,84,,
955,2024-02-29 14:00:00,84,,
956,2024-02-29 14:00:00,84,,
957,2024-02-29 14:00:00,84,,
958,2024-02-29 14:00:00,84,,
959,2024-02-29 14:00:00,84,,
960,2024-02-29 14:00:00,84,,
961,2024-02-29 14:00:00,84,,
962,2024-02-29 14:00:00,84,,
963,2024-02-29 14:00:00,84,,
964,2024-02-29 14:00:00,84,,
965,2024-02-29 14:00:00,84,,
966,2024-02-29 14:00:00,84,,
967,2024-02-29 14:00:00,84,,
968,2024-02-29 14:00:00,84,,
969,2024-02-29 14:00:00,84,,
970,2024-02-29 14:00:00,84,,
971,2024-02-29 14:00:00,84,,
972,2024-02-29 14:00:00,84,,
973,2024-02-29 14:00:00,84,,
974,2024-02-29 14:00:00,84,,
975,2024-02-29 14:00:00,84,,
976,2024-02-29 14:00:00,84,,
977,2024-02-29 14:00:00,84,,
978,2024-02-29 14:00:00,84,,
979,2024-02-29 14:00:00,84,,
980,2024-02-29 14:00:00,84,,
981,2024-02-29 14:00:00,84,,
982,2024-02-29 14:00:00,84,,
983,2024-02-29 14:00:00,84,,
984,2024-02-29 14:00:00,84,,
985,2024-02-29 14:00:00,84,,
986,2024-02-29 14:00:00,84,,
987,2024-02-29 14:00:00,84,,
988,2024-02-29 14:00:00,84,,
989,2024-02-29 14:00:00,84,,
990,2024-02-29 14:00:00,84,,
991,2024-02-29 14:00:00,84,,
992,2024-02-29 14:00:00,84,,
993,2024-02-29 14:00:00,84,,
994,2024-02-29 14:00:00,84,,
995,2024-02-29 14:00:00,84,,
996,2024-02-29 14:00:00,84,,
997,2024-02-29 14:00:00,84,,
998,2024-02-29 14:00:00,84,,
999,2024-02-29 14:00:00,84,,
1000,2024-02-29 14:00:00,84,,
1001,2024-02-29 14:00:00,84,,
1002,2024-02-29 14:00:00,84,,
1003,2024-02-29 14:00:00,84,,
1004,2024-02-29 14:00:00,84,,
1005,2024-02-29 14:00:00,84,,
1006,2024-02-29 14:00:00,84,,
792,2024-02-29 14:10:00,85,,
793,2024-02-29 14:10:00,85,,
794,2024-02-29 14:10:00,85,,
795,2024-02-29 14:10:00,85,,
796,2024-02-29 14:10:00,85,,
797,2024-02-29 14:10:00,85,,
798,2024-02-29 14:10:00,85,,
799,2024-02-29 14:10:00,85,,
800,2024-02-29 14:10:00,85,,
801,2024-02-29 14:10:00,85,,
802,2024-02-29 14:10:00,85,,
803,2024-02-29 14:10:00,85,,
804,2024-02-29 14:10:00,85,,
805,2024-02-29 14:10:00,85,,
806,2024-02-29 14:10:00,85,,
807,2024-02-29 14:10:00,85,,
808,2024-02-29 14:10:00,85,,
809,2024-02-29 14:10:00,85,,
810,2024-02-29 14:10:00,85,,
811,2024-02-29 14:10:00,85,,
812,2024-02-29 14:10:00,85,,
813,2024-02-29 14:10:00,85,,
814,2024-02-29 14:10:00,85,,
815,2024-02-29 14:10:00,85,,
816,2024-02-29 14:10:00,85,,
817,2024-02-29 14:10:00,85,,
818,2024-02-29 14:10:00,85,,
819,2024-02-29 14:10:00,85,,
820,2024-02-29 14:10:00,85,,
821,2024-02-29 14:10:00,85,,
822,2024-02-29 14:10:00,85,,
823,2024-02-29 14:10:00,85,,
824,2024-02-29 14:10:00,85,,
825,2024-02-29 14:10:00,85,,
826,2024-02-29 14:10:00,85,,
827,2024-02-29 14:10:00,85,,
828,2024-02-29 14:10:00,85,,
829,2024-02-29 14:10:00,85,,
830,2024-02-29 14:10:00,85,,
831,2024-02-29 14:10:00,85,,
832,2024-02-29 14:10:00,85,,
833,2024-02-29 14:10:00,85,,
834,2024-02-29 14:10:00,85,,
835,2024-02-29 14:10:00,85,,
836,2024-02-29 14:10:00,85,,
837,2024-02-29 14:10:00,85,,
838,2024-02-29 14:10:00,85,,
839,2024-02-29 14:10:00,85,,
840,2024-02-29 14:10:00,85,,
841,2024-02-29 14:10:00,85,,
842,2024-02-29 14:10:00,85,,
843,2024-02-29 14:10:00,85,,
844,2024-02-29 14:10:00,85,,
845,2024-02-29 14:10:00,85,,
846,2024-02-29 14:10:00,85,,
847,2024-02-29 14:10:00,85,,
848,2024-02-29 14:10:00,85,,
849,2024-02-29 14:10:00,85,,
850,2024-02-29 14:10:00,85,,
851,2024-02-29 14:10:00,85,,
852,2024-02-29 14:10:00,85,,
853,2024-02-29 14:10:00,85,,
854,2024-02-29 14:10:00,85,,
855,2024-02-29 14:10:00,85,,
856,2024-02-29 14:10:00,85,,
857,2024-02-29 14:10:00,85,,
858,2024-02-29 14:10:00,85,,
859,2024-02-29 14:10:00,85,,
860,2024-02-29 14:10:00,85,,
861,2024-02-29 14:10:00,85,,
862,2024-02-29 14:10:00,85,,
863,2024-02-29 14:10:00,85,,
864,2024-02-29 14:10:00,85,,
865,2024-02-29 14:10:00,85,,
866,2024-02-29 14:10:00,85,,
867,2024-02-29 14:10:00,85,,
868,2024-02-29 14:10:00,85,,
869,2024-02-29 14:10:00,85,,
870,2024-02-29 14:10:00,85,,
871,2024-02-29 14:10:00,85,,
872,2024-02-29 14:10:00,85,,
873,2024-02-29 14:10:00,85,,
874,2024-02-29 14:10:00,85,,
875,2024-02-29 14:10:00,85,,
876,2024-02-29 14:10:00,85,,
877,2024-02-29 14:10:00,85,,
878,2024-02-29 14:10:00,85,,
879,2024-02-29 14:10:00,85,,
880,2024-02-29 14:10:00,85,,
881,2024-02-29 14:10:00,85,,
882,2024-02-29 14:10:00,85,,
883,2024-02-29 14:10:00,85,,
884,2024-02-29 14:10:00,85,,
885,2024-02-29 14:10:00,85,,
886,2024-02-29 14:10:00,85,,
887,2024-02-29 14:10:00,85,,
888,2024-02-29 14:10:00,85,,
889,2024-02-29 14:10:00,85,,
890,2024-02-29 14:10:00,85,,
891,2024-02-29 14:10:00,85,,
892,2024-02-29 14:10:00,85,,
893,2024-02-29 14:10:00,85,,
894,2024-02-29 14:10:00,85,,
895,2024-02-29 14:10:00,85,,
896,2024-02-29 14:10:00,85,,
897,2024-02-29 14:10:00,85,,
898,2024-02-29 14:10:00,85,,
899,2024-02-29 14:10:00,85,,
900,2024-02-29 14:10:00,85,,
901,2024-02-29 14:10:00,85,,
902,2024-02-29 14:10:00,85,,
903,2024-02-29 14:10:00,85,,
904,2024-02-29 14:10:00,85,,
905,2024-02-29 14:10:00,85,,
906,2024-02-29 14:10:00,85,,
907,2024-02-29 14:10:00,85,,
908,2024-02-29 14:10:00,85,,
909,2024-02-29 14:10:00,85,,
910,2024-02-29 14:10:00,85,,
911,2024-02-29 14:10:00,85,,
912,2024-02-29 14:10:00,85,,
913,2024-02-29 14:10:00,85,,
914,2024-02-29 14:10:00,85,,
915,2024-02-29 14:10:00,85,,
916,2024-02-29 14:10:00,85,,
917,2024-02-29 14:10:00,85,,
918,2024-02-29 14:10:00,85,,
919,2024-02-29 14:10:00,85,,
920,2024-02-29 14:10:00,85,,
921,2024-02-29 14:10:00,85,,
922,2024-02-29 14:10:00,85,,
923,2024-02-29 14:10:00,85,,
924,2024-02-29 14:10:00,85,,
925,2024-02-29 14:10:00,85,,
926,2024-02-29 14:10:00,85,,
927,2024-02-29 14:10:00,85,,
928,2024-02-29 14:10:00,85,,
929,2024-02-29 14:10:00,85,,
930,2024-02-29 14:10:00,85,,
931,2024-02-29 14:10:00,85,,
932,2024-02-29 14:10:00,85,,
933,2024-02-29 14:10:00,85,,
934,2024-02-29 14:10:00,85,,
935,2024-02-29 14:10:00,85,,
936,2024-02-29 14:10:00,85,,
937,2024-02-29 14:10:00,85,,
938,2024-02-29 14:10:00,85,,
939,2024-02-29 14:10:00,85,,
940,2024-02-29 14:10:00,85,,
941,2024-02-29 14:10:00,85,,
942,2024-02-29 14:10:00,85,,
943,2024-02-29 14:10:00,85,,
944,2024-02-29 14:10:00,85,,
945,2024-02-29 14:10:00,85,,
946,2024-02-29 14:10:00,85,,
947,2024-02-29 14:10:00,85,,
948,2024-02-29 14:10:00,85,,
949,2024-02-29 14:10:00,85,,
950,2024-02-29 14:10:00,85,,
951,2024-02-29 14:10:00,85,,
952,2024-02-29 14:10:00,85,,
953,2024-02-29 14:10:00,85,,
954,2024-02-29 14:10:00,85,,
955,2024-02-29 14:10:00,85,,
956,2024-02-29 14:10:00,85,,
957,2024-02-29 14:10:00,85,,
958,2024-02-29 14:10:00,85,,
959,2024-02-29 14:10:00,85,,
960,2024-02-29 14:10:00,85,,
961,2024-02-29 14:10:00,85,,
962,2024-02-29 14:10:00,85,,
963,2024-02-29 14:10:00,85,,
964,2024-02-29 14:10:00,85,,
965,2024-02-29 14:10:00,85,,
966,2024-02-29 14:10:00,85,,
967,2024-02-29 14:10:00,85,,
968,2024-02-29 14:10:00,85,,
969,2024-02-29 14:10:00,85,,
970,2024-02-29 14:10:00,85,,
971,2024-02-29 14:10:00,85,,
972,2024-02-29 14:10:00,85,,
973,2024-02-29 14:10:00,85,,
974,2024-02-29 14:10:00,85,,
975,2024-02-29 14:10:00,85,,
976,2024-02-29 14:10:00,85,,
977,2024-02-29 14:10:00,85,,
978,2024-02-29 14:10:00,85,,
979,2024-02-29 14:10:00,85,,
980,2024-02-29 14:10:00,85,,
981,2024-02-29 14:10:00,85,,
982,2024-02-29 14:10:00,85,,
983,2024-02-29 14:10:00,85,,
984,2024-02-29 14:10:00,85,,
985,2024-02-29 14:10:00,85,,
986,2024-02-29 14:10:00,85,,
987,2024-02-29 14:10:00,85,,
988,2024-02-29 14:10:00,85,,
989,2024-02-29 14:10:00,85,,
990,2024-02-29 14:10:00,85,,
991,2024-02-29 14:10:00,85,,
992,2024-02-29 14:10:00,85,,
993,2024-02-29 14:10:00,85,,
994,2024-02-29 14:10:00,85,,
995,2024-02-29 14:10:00,85,,
996,2024-02-29 14:10:00,85,,
997,2024-02-29 14:10:00,85,,
998,2024-02-29 14:10:00,85,,
999,2024-02-29 14:10:00,85,,
1000,2024-02-29 14:10:00,85,,
1001,2024-02-29 14:10:00,85,,
1002,2024-02-29 14:10:00,85,,
1003,2024-02-29 14:10:00,85,,
1004,2024-02-29 14:10:00,85,,
1005,2024-02-29 14:10:00,85,,
1006,2024-02-29 14:10:00,85,,
792,2024-02-29 14:20:00,86,,
793,2024-02-29 14:20:00,86,,
794,2024-02-29 14:20:00,86,,
795,2024-02-29 14:20:00,86,,
796,2024-02-29 14:20:00,86,,
797,2024-02-29 14:20:00,86,,
798,2024-02-29 14:20:00,86,,
799,2024-02-29 14:20:00,86,,
800,2024-02-29 14:20:00,86,,
801,2024-02-29 14:20:00,86,,
802,2024-02-29 14:20:00,86,,
803,2024-02-29 14:20:00,86,,
804,2024-02-29 14:20:00,86,,
805,2024-02-29 14:20:00,86,,
806,2024-02-29 14:20:00,86,,
807,2024-02-29 14:20:00,86,,
808,2024-02-29 14:20:00,86,,
809,2024-02-29 14:20:00,86,,
810,2024-02-29 14:20:00,86,,
811,2024-02-29 14:20:00,86,,
812,2024-02-29 14:20:00,86,,
813,2024-02-29 14:20:00,86,,
814,2024-02-29 14:20:00,86,,
815,2024-02-29 14:20:00,86,,
816,2024-02-29 14:20:00,86,,
817,2024-02-29 14:20:00,86,,
818,2024-02-29 14:20:00,86,,
819,2024-02-29 14:20:00,86,,
820,2024-02-29 14:20:00,86,,
821,2024-02-29 14:20:00,86,,
822,2024-02-29 14:20:00,86,,
823,2024-02-29 14:20:00,86,,
824,2024-02-29 14:20:00,86,,
825,2024-02-29 14:20:00,86,,
826,2024-02-29 14:20:00,86,,
827,2024-02-29 14:20:00,86,,
828,2024-02-29 14:20:00,86,,
829,2024-02-29 14:20:00,86,,
830,2024-02-29 14:20:00,86,,
831,2024-02-29 14:20:00,86,,
832,2024-02-29 14:20:00,86,,
833,2024-02-29 14:20:00,86,,
834,2024-02-29 14:20:00,86,,
835,2024-02-29 14:20:00,86,,
836,2024-02-29 14:20:00,86,,
837,2024-02-29 14:20:00,86,,
838,2024-02-29 14:20:00,86,,
839,2024-02-29 14:20:00,86,,
840,2024-02-29 14:20:00,86,,
841,2024-02-29 14:20:00,86,,
842,2024-02-29 14:20:00,86,,
843,2024-02-29 14:20:00,86,,
844,2024-02-29 14:20:00,86,,
845,2024-02-29 14:20:00,86,,
846,2024-02-29 14:20:00,86,,
847,2024-02-29 14:20:00,86,,
848,2024-02-29 14:20:00,86,,
849,2024-02-29 14:20:00,86,,
850,2024-02-29 14:20:00,86,,
851,2024-02-29 14:20:00,86,,
852,2024-02-29 14:20:00,86,,
853,2024-02-29 14:20:00,86,,
854,2024-02-29 14:20:00,86,,
855,2024-02-29 14:20:00,86,,
856,2024-02-29 14:20:00,86,,
857,2024-02-29 14:20:00,86,,
858,2024-02-29 14:20:00,86,,
859,2024-02-29 14:20:00,86,,
860,2024-02-29 14:20:00,86,,
861,2024-02-29 14:20:00,86,,
862,2024-02-29 14:20:00,86,,
863,2024-02-29 14:20:00,86,,
864,2024-02-29 14:20:00,86,,
865,2024-02-29 14:20:00,86,,
866,2024-02-29 14:20:00,86,,
867,2024-02-29 14:20:00,86,,
868,2024-02-29 14:20:00,86,,
869,2024-02-29 14:20:00,86,,
870,2024-02-29 14:20:00,86,,
871,2024-02-29 14:20:00,86,,
872,2024-02-29 14:20:00,86,,
873,2024-02-29 14:20:00,86,,
874,2024-02-29 14:20:00,86,,
875,2024-02-29 14:20:00,86,,
876,2024-02-29 14:20:00,86,,
877,2024-02-29 14:20:00,86,,
878,2024-02-29 14:20:00,86,,
879,2024-02-29 14:20:00,86,,
880,2024-02-29 14:20:00,86,,
881,2024-02-29 14:20:00,86,,
882,2024-02-29 14:20:00,86,,
883,2024-02-29 14:20:00,86,,
884,2024-02-29 14:20:00,86,,
885,2024-02-29 14:20:00,86,,
886,2024-02-29 14:20:00,86,,
887,2024-02-29 14:20:00,86,,
888,2024-02-29 14:20:00,86,,
889,2024-02-29 14:20:00,86,,
890,2024-02-29 14:20:00,86,,
891,2024-02-29 14:20:00,86,,
892,2024-02-29 14:20:00,86,,
893,2024-02-29 14:20:00,86,,
894,2024-02-29 14:20:00,86,,
895,2024-02-29 14:20:00,86,,
896,2024-02-29 14:20:00,86,,
897,2024-02-29 14:20:00,86,,
898,2024-02-29 14:20:00,86,,
899,2024-02-29 14:20:00,86,,
900,2024-02-29 14:20:00,86,,
901,2024-02-29 14:20:00,86,,
902,2024-02-29 14:20:00,86,,
903,2024-02-29 14:20:00,86,,
904,2024-02-29 14:20:00,86,,
905,2024-02-29 14:20:00,86,,
906,2024-02-29 14:20:00,86,,
907,2024-02-29 14:20:00,86,,
908,2024-02-29 14:20:00,86,,
909,2024-02-29 14:20:00,86,,
910,2024-02-29 14:20:00,86,,
911,2024-02-29 14:20:00,86,,
912,2024-02-29 14:20:00,86,,
913,2024-02-29 14:20:00,86,,
914,2024-02-29 14:20:00,86,,
915,2024-02-29 14:20:00,86,,
916,2024-02-29 14:20:00,86,,
917,2024-02-29 14:20:00,86,,
918,2024-02-29 14:20:00,86,,
919,2024-02-29 14:20:00,86,,
920,2024-02-29 14:20:00,86,,
921,2024-02-29 14:20:00,86,,
922,2024-02-29 14:20:00,86,,
923,2024-02-29 14:20:00,86,,
924,2024-02-29 14:20:00,86,,
925,2024-02-29 14:20:00,86,,
926,2024-02-29 14:20:00,86,,
927,2024-02-29 14:20:00,86,,
928,2024-02-29 14:20:00,86,,
929,2024-02-29 14:20:00,86,,
930,2024-02-29 14:20:00,86,,
931,2024-02-29 14:20:00,86,,
932,2024-02-29 14:20:00,86,,
933,2024-02-29 14:20:00,86,,
934,2024-02-29 14:20:00,86,,
935,2024-02-29 14:20:00,86,,
936,2024-02-29 14:20:00,86,,
937,2024-02-29 14:20:00,86,,
938,2024-02-29 14:20:00,86,,
939,2024-02-29 14:20:00,86,,
940,2024-02-29 14:20:00,86,,
941,2024-02-29 14:20:00,86,,
942,2024-02-29 14:20:00,86,,
943,2024-02-29 14:20:00,86,,
944,2024-02-29 14:20:00,86,,
945,2024-02-29 14:20:00,86,,
946,2024-02-29 14:20:00,86,,
947,2024-02-29 14:20:00,86,,
948,2024-02-29 14:20:00,86,,
949,2024-02-29 14:20:00,86,,
950,2024-02-29 14:20:00,86,,
951,2024-02-29 14:20:00,86,,
952,2024-02-29 14:20:00,86,,
953,2024-02-29 14:20:00,86,,
954,2024-02-29 14:20:00,86,,
955,2024-02-29 14:20:00,86,,
956,2024-02-29 14:20:00,86,,
957,2024-02-29 14:20:00,86,,
958,2024-02-29 14:20:00,86,,
959,2024-02-29 14:20:00,86,,
960,2024-02-29 14:20:00,86,,
961,2024-02-29 14:20:00,86,,
962,2024-02-29 14:20:00,86,,
963,2024-02-29 14:20:00,86,,
964,2024-02-29 14:20:00,86,,
965,2024-02-29 14:20:00,86,,
966,2024-02-29 14:20:00,86,,
967,2024-02-29 14:20:00,86,,
968,2024-02-29 14:20:00,86,,
969,2024-02-29 14:20:00,86,,
970,2024-02-29 14:20:00,86,,
971,2024-02-29 14:20:00,86,,
972,2024-02-29 14:20:00,86,,
973,2024-02-29 14:20:00,86,,
974,2024-02-29 14:20:00,86,,
975,2024-02-29 14:20:00,86,,
976,2024-02-29 14:20:00,86,,
977,2024-02-29 14:20:00,86,,
978,2024-02-29 14:20:00,86,,
979,2024-02-29 14:20:00,86,,
980,2024-02-29 14:20:00,86,,
981,2024-02-29 14:20:00,86,,
982,2024-02-29 14:20:00,86,,
983,2024-02-29 14:20:00,86,,
984,2024-02-29 14:20:00,86,,
985,2024-02-29 14:20:00,86,,
986,2024-02-29 14:20:00,86,,
987,2024-02-29 14:20:00,86,,
988,2024-02-29 14:20:00,86,,
989,2024-02-29 14:20:00,86,,
990,2024-02-29 14:20:00,86,,
991,2024-02-29 14:20:00,86,,
992,2024-02-29 14:20:00,86,,
993,2024-02-29 14:20:00,86,,
994,2024-02-29 14:20:00,86,,
995,2024-02-29 14:20:00,86,,
996,2024-02-29 14:20:00,86,,
997,2024-02-29 14:20:00,86,,
998,2024-02-29 14:20:00,86,,
999,2024-02-29 14:20:00,86,,
1000,2024-02-29 14:20:00,86,,
1001,2024-02-29 14:20:00,86,,
1002,2024-02-29 14:20:00,86,,
1003,2024-02-29 14:20:00,86,,
1004,2024-02-29 14:20:00,86,,
1005,2024-02-29 14:20:00,86,,
1006,2024-02-29 14:20:00,86,,
792,2024-02-29 14:30:00,87,,
793,2024-02-29 14:30:00,87,,
794,2024-02-29 14:30:00,87,,
795,2024-02-29 14:30:00,87,,
796,2024-02-29 14:30:00,87,,
797,2024-02-29 14:30:00,87,,
798,2024-02-29 14:30:00,87,,
799,2024-02-29 14:30:00,87,,
800,2024-02-29 14:30:00,87,,
801,2024-02-29 14:30:00,87,,
802,2024-02-29 14:30:00,87,,
803,2024-02-29 14:30:00,87,,
804,2024-02-29 14:30:00,87,,
805,2024-02-29 14:30:00,87,,
806,2024-02-29 14:30:00,87,,
807,2024-02-29 14:30:00,87,,
808,2024-02-29 14:30:00,87,,
809,2024-02-29 14:30:00,87,,
810,2024-02-29 14:30:00,87,,
811,2024-02-29 14:30:00,87,,
812,2024-02-29 14:30:00,87,,
813,2024-02-29 14:30:00,87,,
814,2024-02-29 14:30:00,87,,
815,2024-02-29 14:30:00,87,,
816,2024-02-29 14:30:00,87,,
817,2024-02-29 14:30:00,87,,
818,2024-02-29 14:30:00,87,,
819,2024-02-29 14:30:00,87,,
820,2024-02-29 14:30:00,87,,
821,2024-02-29 14:30:00,87,,
822,2024-02-29 14:30:00,87,,
823,2024-02-29 14:30:00,87,,
824,2024-02-29 14:30:00,87,,
825,2024-02-29 14:30:00,87,,
826,2024-02-29 14:30:00,87,,
827,2024-02-29 14:30:00,87,,
828,2024-02-29 14:30:00,87,,
829,2024-02-29 14:30:00,87,,
830,2024-02-29 14:30:00,87,,
831,2024-02-29 14:30:00,87,,
832,2024-02-29 14:30:00,87,,
833,2024-02-29 14:30:00,87,,
834,2024-02-29 14:30:00,87,,
835,2024-02-29 14:30:00,87,,
836,2024-02-29 14:30:00,87,,
837,2024-02-29 14:30:00,87,,
838,2024-02-29 14:30:00,87,,
839,2024-02-29 14:30:00,87,,
840,2024-02-29 14:30:00,87,,
841,2024-02-29 14:30:00,87,,
842,2024-02-29 14:30:00,87,,
843,2024-02-29 14:30:00,87,,
844,2024-02-29 14:30:00,87,,
845,2024-02-29 14:30:00,87,,
846,2024-02-29 14:30:00,87,,
847,2024-02-29 14:30:00,87,,
848,2024-02-29 14:30:00,87,,
849,2024-02-29 14:30:00,87,,
850,2024-02-29 14:30:00,87,,
851,2024-02-29 14:30:00,87,,
852,2024-02-29 14:30:00,87,,
853,2024-02-29 14:30:00,87,,
854,2024-02-29 14:30:00,87,,
855,2024-02-29 14:30:00,87,,
856,2024-02-29 14:30:00,87,,
857,2024-02-29 14:30:00,87,,
858,2024-02-29 14:30:00,87,,
859,2024-02-29 14:30:00,87,,
860,2024-02-29 14:30:00,87,,
861,2024-02-29 14:30:00,87,,
862,2024-02-29 14:30:00,87,,
863,2024-02-29 14:30:00,87,,
864,2024-02-29 14:30:00,87,,
865,2024-02-29 14:30:00,87,,
866,2024-02-29 14:30:00,87,,
867,2024-02-29 14:30:00,87,,
868,2024-02-29 14:30:00,87,,
869,2024-02-29 14:30:00,87,,
870,2024-02-29 14:30:00,87,,
871,2024-02-29 14:30:00,87,,
872,2024-02-29 14:30:00,87,,
873,2024-02-29 14:30:00,87,,
874,2024-02-29 14:30:00,87,,
875,2024-02-29 14:30:00,87,,
876,2024-02-29 14:30:00,87,,
877,2024-02-29 14:30:00,87,,
878,2024-02-29 14:30:00,87,,
879,2024-02-29 14:30:00,87,,
880,2024-02-29 14:30:00,87,,
881,2024-02-29 14:30:00,87,,
882,2024-02-29 14:30:00,87,,
883,2024-02-29 14:30:00,87,,
884,2024-02-29 14:30:00,87,,
885,2024-02-29 14:30:00,87,,
886,2024-02-29 14:30:00,87,,
887,2024-02-29 14:30:00,87,,
888,2024-02-29 14:30:00,87,,
889,2024-02-29 14:30:00,87,,
890,2024-02-29 14:30:00,87,,
891,2024-02-29 14:30:00,87,,
892,2024-02-29 14:30:00,87,,
893,2024-02-29 14:30:00,87,,
894,2024-02-29 14:30:00,87,,
895,2024-02-29 14:30:00,87,,
896,2024-02-29 14:30:00,87,,
897,2024-02-29 14:30:00,87,,
898,2024-02-29 14:30:00,87,,
899,2024-02-29 14:30:00,87,,
900,2024-02-29 14:30:00,87,,
901,2024-02-29 14:30:00,87,,
902,2024-02-29 14:30:00,87,,
903,2024-02-29 14:30:00,87,,
904,2024-02-29 14:30:00,87,,
905,2024-02-29 14:30:00,87,,
906,2024-02-29 14:30:00,87,,
907,2024-02-29 14:30:00,87,,
908,2024-02-29 14:30:00,87,,
909,2024-02-29 14:30:00,87,,
910,2024-02-29 14:30:00,87,,
911,2024-02-29 14:30:00,87,,
912,2024-02-29 14:30:00,87,,
913,2024-02-29 14:30:00,87,,
914,2024-02-29 14:30:00,87,,
915,2024-02-29 14:30:00,87,,
916,2024-02-29 14:30:00,87,,
917,2024-02-29 14:30:00,87,,
918,2024-02-29 14:30:00,87,,
919,2024-02-29 14:30:00,87,,
920,2024-02-29 14:30:00,87,,
921,2024-02-29 14:30:00,87,,
922,2024-02-29 14:30:00,87,,
923,2024-02-29 14:30:00,87,,
924,2024-02-29 14:30:00,87,,
925,2024-02-29 14:30:00,87,,
926,2024-02-29 14:30:00,87,,
927,2024-02-29 14:30:00,87,,
928,2024-02-29 14:30:00,87,,
929,2024-02-29 14:30:00,87,,
930,2024-02-29 14:30:00,87,,
931,2024-02-29 14:30:00,87,,
932,2024-02-29 14:30:00,87,,
933,2024-02-29 14:30:00,87,,
934,2024-02-29 14:30:00,87,,
935,2024-02-29 14:30:00,87,,
936,2024-02-29 14:30:00,87,,
937,2024-02-29 14:30:00,87,,
938,2024-02-29 14:30:00,87,,
939,2024-02-29 14:30:00,87,,
940,2024-02-29 14:30:00,87,,
941,2024-02-29 14:30:00,87,,
942,2024-02-29 14:30:00,87,,
943,2024-02-29 14:30:00,87,,
944,2024-02-29 14:30:00,87,,
945,2024-02-29 14:30:00,87,,
946,2024-02-29 14:30:00,87,,
947,2024-02-29 14:30:00,87,,
948,2024-02-29 14:30:00,87,,
949,2024-02-29 14:30:00,87,,
950,2024-02-29 14:30:00,87,,
951,2024-02-29 14:30:00,87,,
952,2024-02-29 14:30:00,87,,
953,2024-02-29 14:30:00,87,,
954,2024-02-29 14:30:00,87,,
955,2024-02-29 14:30:00,87,,
956,2024-02-29 14:30:00,87,,
957,2024-02-29 14:30:00,87,,
958,2024-02-29 14:30:00,87,,
959,2024-02-29 14:30:00,87,,
960,2024-02-29 14:30:00,87,,
961,2024-02-29 14:30:00,87,,
962,2024-02-29 14:30:00,87,,
963,2024-02-29 14:30:00,87,,
964,2024-02-29 14:30:00,87,,
965,2024-02-29 14:30:00,87,,
966,2024-02-29 14:30:00,87,,
967,2024-02-29 14:30:00,87,,
968,2024-02-29 14:30:00,87,,
969,2024-02-29 14:30:00,87,,
970,2024-02-29 14:30:00,87,,
971,2024-02-29 14:30:00,87,,
972,2024-02-29 14:30:00,87,,
973,2024-02-29 14:30:00,87,,
974,2024-02-29 14:30:00,87,,
975,2024-02-29 14:30:00,87,,
976,2024-02-29 14:30:00,87,,
977,2024-02-29 14:30:00,87,,
978,2024-02-29 14:30:00,87,,
979,2024-02-29 14:30:00,87,,
980,2024-02-29 14:30:00,87,,
981,2024-02-29 14:30:00,87,,
982,2024-02-29 14:30:00,87,,
983,2024-02-29 14:30:00,87,,
984,2024-02-29 14:30:00,87,,
985,2024-02-29 14:30:00,87,,
986,2024-02-29 14:30:00,87,,
987,2024-02-29 14:30:00,87,,
988,2024-02-29 14:30:00,87,,
989,2024-02-29 14:30:00,87,,
990,2024-02-29 14:30:00,87,,
991,2024-02-29 14:30:00,87,,
992,2024-02-29 14:30:00,87,,
993,2024-02-29 14:30:00,87,,
994,2024-02-29 14:30:00,87,,
995,2024-02-29 14:30:00,87,,
996,2024-02-29 14:30:00,87,,
997,2024-02-29 14:30:00,87,,
998,2024-02-29 14:30:00,87,,
999,2024-02-29 14:30:00,87,,
1000,2024-02-29 14:30:00,87,,
1001,2024-02-29 14:30:00,87,,
1002,2024-02-29 14:30:00,87,,
1003,2024-02-29 14:30:00,87,,
1004,2024-02-29 14:30:00,87,,
1005,2024-02-29 14:30:00,87,,
1006,2024-02-29 14:30:00,87,,
792,2024-02-29 14:40:00,88,,
793,2024-02-29 14:40:00,88,,
794,2024-02-29 14:40:00,88,,
795,2024-02-29 14:40:00,88,,
796,2024-02-29 14:40:00,88,,
797,2024-02-29 14:40:00,88,,
798,2024-02-29 14:40:00,88,,
799,2024-02-29 14:40:00,88,,
800,2024-02-29 14:40:00,88,,
801,2024-02-29 14:40:00,88,,
802,2024-02-29 14:40:00,88,,
803,2024-02-29 14:40:00,88,,
804,2024-02-29 14:40:00,88,,
805,2024-02-29 14:40:00,88,,
806,2024-02-29 14:40:00,88,,
807,2024-02-29 14:40:00,88,,
808,2024-02-29 14:40:00,88,,
809,2024-02-29 14:40:00,88,,
810,2024-02-29 14:40:00,88,,
811,2024-02-29 14:40:00,88,,
812,2024-02-29 14:40:00,88,,
813,2024-02-29 14:40:00,88,,
814,2024-02-29 14:40:00,88,,
815,2024-02-29 14:40:00,88,,
816,2024-02-29 14:40:00,88,,
817,2024-02-29 14:40:00,88,,
818,2024-02-29 14:40:00,88,,
819,2024-02-29 14:40:00,88,,
820,2024-02-29 14:40:00,88,,
821,2024-02-29 14:40:00,88,,
822,2024-02-29 14:40:00,88,,
823,2024-02-29 14:40:00,88,,
824,2024-02-29 14:40:00,88,,
825,2024-02-29 14:40:00,88,,
826,2024-02-29 14:40:00,88,,
827,2024-02-29 14:40:00,88,,
828,2024-02-29 14:40:00,88,,
829,2024-02-29 14:40:00,88,,
830,2024-02-29 14:40:00,88,,
831,2024-02-29 14:40:00,88,,
832,2024-02-29 14:40:00,88,,
833,2024-02-29 14:40:00,88,,
834,2024-02-29 14:40:00,88,,
835,2024-02-29 14:40:00,88,,
836,2024-02-29 14:40:00,88,,
837,2024-02-29 14:40:00,88,,
838,2024-02-29 14:40:00,88,,
839,2024-02-29 14:40:00,88,,
840,2024-02-29 14:40:00,88,,
841,2024-02-29 14:40:00,88,,
842,2024-02-29 14:40:00,88,,
843,2024-02-29 14:40:00,88,,
844,2024-02-29 14:40:00,88,,
845,2024-02-29 14:40:00,88,,
846,2024-02-29 14:40:00,88,,
847,2024-02-29 14:40:00,88,,
848,2024-02-29 14:40:00,88,,
849,2024-02-29 14:40:00,88,,
850,2024-02-29 14:40:00,88,,
851,2024-02-29 14:40:00,88,,
852,2024-02-29 14:40:00,88,,
853,2024-02-29 14:40:00,88,,
854,2024-02-29 14:40:00,88,,
855,2024-02-29 14:40:00,88,,
856,2024-02-29 14:40:00,88,,
857,2024-02-29 14:40:00,88,,
858,2024-02-29 14:40:00,88,,
859,2024-02-29 14:40:00,88,,
860,2024-02-29 14:40:00,88,,
861,2024-02-29 14:40:00,88,,
862,2024-02-29 14:40:00,88,,
863,2024-02-29 14:40:00,88,,
864,2024-02-29 14:40:00,88,,
865,2024-02-29 14:40:00,88,,
866,2024-02-29 14:40:00,88,,
867,2024-02-29 14:40:00,88,,
868,2024-02-29 14:40:00,88,,
869,2024-02-29 14:40:00,88,,
870,2024-02-29 14:40:00,88,,
871,2024-02-29 14:40:00,88,,
872,2024-02-29 14:40:00,88,,
873,2024-02-29 14:40:00,88,,
874,2024-02-29 14:40:00,88,,
875,2024-02-29 14:40:00,88,,
876,2024-02-29 14:40:00,88,,
877,2024-02-29 14:40:00,88,,
878,2024-02-29 14:40:00,88,,
879,2024-02-29 14:40:00,88,,
880,2024-02-29 14:40:00,88,,
881,2024-02-29 14:40:00,88,,
882,2024-02-29 14:40:00,88,,
883,2024-02-29 14:40:00,88,,
884,2024-02-29 14:40:00,88,,
885,2024-02-29 14:40:00,88,,
886,2024-02-29 14:40:00,88,,
887,2024-02-29 14:40:00,88,,
888,2024-02-29 14:40:00,88,,
889,2024-02-29 14:40:00,88,,
890,2024-02-29 14:40:00,88,,
891,2024-02-29 14:40:00,88,,
892,2024-02-29 14:40:00,88,,
893,2024-02-29 14:40:00,88,,
894,2024-02-29 14:40:00,88,,
895,2024-02-29 14:40:00,88,,
896,2024-02-29 14:40:00,88,,
897,2024-02-29 14:40:00,88,,
898,2024-02-29 14:40:00,88,,
899,2024-02-29 14:40:00,88,,
900,2024-02-29 14:40:00,88,,
901,2024-02-29 14:40:00,88,,
902,2024-02-29 14:40:00,88,,
903,2024-02-29 14:40:00,88,,
904,2024-02-29 14:40:00,88,,
905,2024-02-29 14:40:00,88,,
906,2024-02-29 14:40:00,88,,
907,2024-02-29 14:40:00,88,,
908,2024-02-29 14:40:00,88,,
909,2024-02-29 14:40:00,88,,
910,2024-02-29 14:40:00,88,,
911,2024-02-29 14:40:00,88,,
912,2024-02-29 14:40:00,88,,
913,2024-02-29 14:40:00,88,,
914,2024-02-29 14:40:00,88,,
915,2024-02-29 14:40:00,88,,
916,2024-02-29 14:40:00,88,,
917,2024-02-29 14:40:00,88,,
918,2024-02-29 14:40:00,88,,
919,2024-02-29 14:40:00,88,,
920,2024-02-29 14:40:00,88,,
921,2024-02-29 14:40:00,88,,
922,2024-02-29 14:40:00,88,,
923,2024-02-29 14:40:00,88,,
924,2024-02-29 14:40:00,88,,
925,2024-02-29 14:40:00,88,,
926,2024-02-29 14:40:00,88,,
927,2024-02-29 14:40:00,88,,
928,2024-02-29 14:40:00,88,,
929,2024-02-29 14:40:00,88,,
930,2024-02-29 14:40:00,88,,
931,2024-02-29 14:40:00,88,,
932,2024-02-29 14:40:00,88,,
933,2024-02-29 14:40:00,88,,
934,2024-02-29 14:40:00,88,,
935,2024-02-29 14:40:00,88,,
936,2024-02-29 14:40:00,88,,
937,2024-02-29 14:40:00,88,,
938,2024-02-29 14:40:00,88,,
939,2024-02-29 14:40:00,88,,
940,2024-02-29 14:40:00,88,,
941,2024-02-29 14:40:00,88,,
942,2024-02-29 14:40:00,88,,
943,2024-02-29 14:40:00,88,,
944,2024-02-29 14:40:00,88,,
945,2024-02-29 14:40:00,88,,
946,2024-02-29 14:40:00,88,,
947,2024-02-29 14:40:00,88,,
948,2024-02-29 14:40:00,88,,
949,2024-02-29 14:40:00,88,,
950,2024-02-29 14:40:00,88,,
951,2024-02-29 14:40:00,88,,
952,2024-02-29 14:40:00,88,,
953,2024-02-29 14:40:00,88,,
954,2024-02-29 14:40:00,88,,
955,2024-02-29 14:40:00,88,,
956,2024-02-29 14:40:00,88,,
957,2024-02-29 14:40:00,88,,
958,2024-02-29 14:40:00,88,,
959,2024-02-29 14:40:00,88,,
960,2024-02-29 14:40:00,88,,
961,2024-02-29 14:40:00,88,,
962,2024-02-29 14:40:00,88,,
963,2024-02-29 14:40:00,88,,
964,2024-02-29 14:40:00,88,,
965,2024-02-29 14:40:00,88,,
966,2024-02-29 14:40:00,88,,
967,2024-02-29 14:40:00,88,,
968,2024-02-29 14:40:00,88,,
969,2024-02-29 14:40:00,88,,
970,2024-02-29 14:40:00,88,,
971,2024-02-29 14:40:00,88,,
972,2024-02-29 14:40:00,88,,
973,2024-02-29 14:40:00,88,,
974,2024-02-29 14:40:00,88,,
975,2024-02-29 14:40:00,88,,
976,2024-02-29 14:40:00,88,,
977,2024-02-29 14:40:00,88,,
978,2024-02-29 14:40:00,88,,
979,2024-02-29 14:40:00,88,,
980,2024-02-29 14:40:00,88,,
981,2024-02-29 14:40:00,88,,
982,2024-02-29 14:40:00,88,,
983,2024-02-29 14:40:00,88,,
984,2024-02-29 14:40:00,88,,
985,2024-02-29 14:40:00,88,,
986,2024-02-29 14:40:00,88,,
987,2024-02-29 14:40:00,88,,
988,2024-02-29 14:40:00,88,,
989,2024-02-29 14:40:00,88,,
990,2024-02-29 14:40:00,88,,
991,2024-02-29 14:40:00,88,,
992,2024-02-29 14:40:00,88,,
993,2024-02-29 14:40:00,88,,
994,2024-02-29 14:40:00,88,,
995,2024-02-29 14:40:00,88,,
996,2024-02-29 14:40:00,88,,
997,2024-02-29 14:40:00,88,,
998,2024-02-29 14:40:00,88,,
999,2024-02-29 14:40:00,88,,
1000,2024-02-29 14:40:00,88,,
1001,2024-02-29 14:40:00,88,,
1002,2024-02-29 14:40:00,88,,
1003,2024-02-29 14:40:00,88,,
1004,2024-02-29 14:40:00,88,,
1005,2024-02-29 14:40:00,88,,
1006,2024-02-29 14:40:00,88,,
792,2024-02-29 14:50:00,89,,
793,2024-02-29 14:50:00,89,,
794,2024-02-29 14:50:00,89,,
795,2024-02-29 14:50:00,89,,
796,2024-02-29 14:50:00,89,,
797,2024-02-29 14:50:00,89,,
798,2024-02-29 14:50:00,89,,
799,2024-02-29 14:50:00,89,,
800,2024-02-29 14:50:00,89,,
801,2024-02-29 14:50:00,89,,
802,2024-02-29 14:50:00,89,,
803,2024-02-29 14:50:00,89,,
804,2024-02-29 14:50:00,89,,
805,2024-02-29 14:50:00,89,,
806,2024-02-29 14:50:00,89,,
807,2024-02-29 14:50:00,89,,
808,2024-02-29 14:50:00,89,,
809,2024-02-29 14:50:00,89,,
810,2024-02-29 14:50:00,89,,
811,2024-02-29 14:50:00,89,,
812,2024-02-29 14:50:00,89,,
813,2024-02-29 14:50:00,89,,
814,2024-02-29 14:50:00,89,,
815,2024-02-29 14:50:00,89,,
816,2024-02-29 14:50:00,89,,
817,2024-02-29 14:50:00,89,,
818,2024-02-29 14:50:00,89,,
819,2024-02-29 14:50:00,89,,
820,2024-02-29 14:50:00,89,,
821,2024-02-29 14:50:00,89,,
822,2024-02-29 14:50:00,89,,
823,2024-02-29 14:50:00,89,,
824,2024-02-29 14:50:00,89,,
825,2024-02-29 14:50:00,89,,
826,2024-02-29 14:50:00,89,,
827,2024-02-29 14:50:00,89,,
828,2024-02-29 14:50:00,89,,
829,2024-02-29 14:50:00,89,,
830,2024-02-29 14:50:00,89,,
831,2024-02-29 14:50:00,89,,
832,2024-02-29 14:50:00,89,,
833,2024-02-29 14:50:00,89,,
834,2024-02-29 14:50:00,89,,
835,2024-02-29 14:50:00,89,,
836,2024-02-29 14:50:00,89,,
837,2024-02-29 14:50:00,89,,
838,2024-02-29 14:50:00,89,,
839,2024-02-29 14:50:00,89,,
840,2024-02-29 14:50:00,89,,
841,2024-02-29 14:50:00,89,,
842,2024-02-29 14:50:00,89,,
843,2024-02-29 14:50:00,89,,
844,2024-02-29 14:50:00,89,,
845,2024-02-29 14:50:00,89,,
846,2024-02-29 14:50:00,89,,
847,2024-02-29 14:50:00,89,,
848,2024-02-29 14:50:00,89,,
849,2024-02-29 14:50:00,89,,
850,2024-02-29 14:50:00,89,,
851,2024-02-29 14:50:00,89,,
852,2024-02-29 14:50:00,89,,
853,2024-02-29 14:50:00,89,,
854,2024-02-29 14:50:00,89,,
855,2024-02-29 14:50:00,89,,
856,2024-02-29 14:50:00,89,,
857,2024-02-29 14:50:00,89,,
858,2024-02-29 14:50:00,89,,
859,2024-02-29 14:50:00,89,,
860,2024-02-29 14:50:00,89,,
861,2024-02-29 14:50:00,89,,
862,2024-02-29 14:50:00,89,,
863,2024-02-29 14:50:00,89,,
864,2024-02-29 14:50:00,89,,
865,2024-02-29 14:50:00,89,,
866,2024-02-29 14:50:00,89,,
867,2024-02-29 14:50:00,89,,
868,2024-02-29 14:50:00,89,,
869,2024-02-29 14:50:00,89,,
870,2024-02-29 14:50:00,89,,
871,2024-02-29 14:50:00,89,,
872,2024-02-29 14:50:00,89,,
873,2024-02-29 14:50:00,89,,
874,2024-02-29 14:50:00,89,,
875,2024-02-29 14:50:00,89,,
876,2024-02-29 14:50:00,89,,
877,2024-02-29 14:50:00,89,,
878,2024-02-29 14:50:00,89,,
879,2024-02-29 14:50:00,89,,
880,2024-02-29 14:50:00,89,,
881,2024-02-29 14:50:00,89,,
882,2024-02-29 14:50:00,89,,
883,2024-02-29 14:50:00,89,,
884,2024-02-29 14:50:00,89,,
885,2024-02-29 14:50:00,89,,
886,2024-02-29 14:50:00,89,,
887,2024-02-29 14:50:00,89,,
888,2024-02-29 14:50:00,89,,
889,2024-02-29 14:50:00,89,,
890,2024-02-29 14:50:00,89,,
891,2024-02-29 14:50:00,89,,
892,2024-02-29 14:50:00,89,,
893,2024-02-29 14:50:00,89,,
894,2024-02-29 14:50:00,89,,
895,2024-02-29 14:50:00,89,,
896,2024-02-29 14:50:00,89,,
897,2024-02-29 14:50:00,89,,
898,2024-02-29 14:50:00,89,,
899,2024-02-29 14:50:00,89,,
900,2024-02-29 14:50:00,89,,
901,2024-02-29 14:50:00,89,,
902,2024-02-29 14:50:00,89,,
903,2024-02-29 14:50:00,89,,
904,2024-02-29 14:50:00,89,,
905,2024-02-29 14:50:00,89,,
906,2024-02-29 14:50:00,89,,
907,2024-02-29 14:50:00,89,,
908,2024-02-29 14:50:00,89,,
909,2024-02-29 14:50:00,89,,
910,2024-02-29 14:50:00,89,,
911,2024-02-29 14:50:00,89,,
912,2024-02-29 14:50:00,89,,
913,2024-02-29 14:50:00,89,,
914,2024-02-29 14:50:00,89,,
915,2024-02-29 14:50:00,89,,
916,2024-02-29 14:50:00,89,,
917,2024-02-29 14:50:00,89,,
918,2024-02-29 14:50:00,89,,
919,2024-02-29 14:50:00,89,,
920,2024-02-29 14:50:00,89,,
921,2024-02-29 14:50:00,89,,
922,2024-02-29 14:50:00,89,,
923,2024-02-29 14:50:00,89,,
924,2024-02-29 14:50:00,89,,
925,2024-02-29 14:50:00,89,,
926,2024-02-29 14:50:00,89,,
927,2024-02-29 14:50:00,89,,
928,2024-02-29 14:50:00,89,,
929,2024-02-29 14:50:00,89,,
930,2024-02-29 14:50:00,89,,
931,2024-02-29 14:50:00,89,,
932,2024-02-29 14:50:00,89,,
933,2024-02-29 14:50:00,89,,
934,2024-02-29 14:50:00,89,,
935,2024-02-29 14:50:00,89,,
936,2024-02-29 14:50:00,89,,
937,2024-02-29 14:50:00,89,,
938,2024-02-29 14:50:00,89,,
939,2024-02-29 14:50:00,89,,
940,2024-02-29 14:50:00,89,,
941,2024-02-29 14:50:00,89,,
942,2024-02-29 14:50:00,89,,
943,2024-02-29 14:50:00,89,,
944,2024-02-29 14:50:00,89,,
945,2024-02-29 14:50:00,89,,
946,2024-02-29 14:50:00,89,,
947,2024-02-29 14:50:00,89,,
948,2024-02-29 14:50:00,89,,
949,2024-02-29 14:50:00,89,,
950,2024-02-29 14:50:00,89,,
951,2024-02-29 14:50:00,89,,
952,2024-02-29 14:50:00,89,,
953,2024-02-29 14:50:00,89,,
954,2024-02-29 14:50:00,89,,
955,2024-02-29 14:50:00,89,,
956,2024-02-29 14:50:00,89,,
957,2024-02-29 14:50:00,89,,
958,2024-02-29 14:50:00,89,,
959,2024-02-29 14:50:00,89,,
960,2024-02-29 14:50:00,89,,
961,2024-02-29 14:50:00,89,,
962,2024-02-29 14:50:00,89,,
963,2024-02-29 14:50:00,89,,
964,2024-02-29 14:50:00,89,,
965,2024-02-29 14:50:00,89,,
966,2024-02-29 14:50:00,89,,
967,2024-02-29 14:50:00,89,,
968,2024-02-29 14:50:00,89,,
969,2024-02-29 14:50:00,89,,
970,2024-02-29 14:50:00,89,,
971,2024-02-29 14:50:00,89,,
972,2024-02-29 14:50:00,89,,
973,2024-02-29 14:50:00,89,,
974,2024-02-29 14:50:00,89,,
975,2024-02-29 14:50:00,89,,
976,2024-02-29 14:50:00,89,,
977,2024-02-29 14:50:00,89,,
978,2024-02-29 14:50:00,89,,
979,2024-02-29 14:50:00,89,,
980,2024-02-29 14:50:00,89,,
981,2024-02-29 14:50:00,89,,
982,2024-02-29 14:50:00,89,,
983,2024-02-29 14:50:00,89,,
984,2024-02-29 14:50:00,89,,
985,2024-02-29 14:50:00,89,,
986,2024-02-29 14:50:00,89,,
987,2024-02-29 14:50:00,89,,
988,2024-02-29 14:50:00,89,,
989,2024-02-29 14:50:00,89,,
990,2024-02-29 14:50:00,89,,
991,2024-02-29 14:50:00,89,,
992,2024-02-29 14:50:00,89,,
993,2024-02-29 14:50:00,89,,
994,2024-02-29 14:50:00,89,,
995,2024-02-29 14:50:00,89,,
996,2024-02-29 14:50:00,89,,
997,2024-02-29 14:50:00,89,,
998,2024-02-29 14:50:00,89,,
999,2024-02-29 14:50:00,89,,
1000,2024-02-29 14:50:00,89,,
1001,2024-02-29 14:50:00,89,,
1002,2024-02-29 14:50:00,89,,
1003,2024-02-29 14:50:00,89,,
1004,2024-02-29 14:50:00,89,,
1005,2024-02-29 14:50:00,89,,
1006,2024-02-29 14:50:00,89,,
792,2024-02-29 15:00:00,90,,
793,2024-02-29 15:00:00,90,,
794,2024-02-29 15:00:00,90,,
795,2024-02-29 15:00:00,90,,
796,2024-02-29 15:00:00,90,,
797,2024-02-29 15:00:00,90,,
798,2024-02-29 15:00:00,90,,
799,2024-02-29 15:00:00,90,,
800,2024-02-29 15:00:00,90,,
801,2024-02-29 15:00:00,90,,
802,2024-02-29 15:00:00,90,,
803,2024-02-29 15:00:00,90,,
804,2024-02-29 15:00:00,90,,
805,2024-02-29 15:00:00,90,,
806,2024-02-29 15:00:00,90,,
807,2024-02-29 15:00:00,90,,
808,2024-02-29 15:00:00,90,,
809,2024-02-29 15:00:00,90,,
810,2024-02-29 15:00:00,90,,
811,2024-02-29 15:00:00,90,,
812,2024-02-29 15:00:00,90,,
813,2024-02-29 15:00:00,90,,
814,2024-02-29 15:00:00,90,,
815,2024-02-29 15:00:00,90,,
816,2024-02-29 15:00:00,90,,
817,2024-02-29 15:00:00,90,,
818,2024-02-29 15:00:00,90,,
819,2024-02-29 15:00:00,90,,
820,2024-02-29 15:00:00,90,,
821,2024-02-29 15:00:00,90,,
822,2024-02-29 15:00:00,90,,
823,2024-02-29 15:00:00,90,,
824,2024-02-29 15:00:00,90,,
825,2024-02-29 15:00:00,90,,
826,2024-02-29 15:00:00,90,,
827,2024-02-29 15:00:00,90,,
828,2024-02-29 15:00:00,90,,
829,2024-02-29 15:00:00,90,,
830,2024-02-29 15:00:00,90,,
831,2024-02-29 15:00:00,90,,
832,2024-02-29 15:00:00,90,,
833,2024-02-29 15:00:00,90,,
834,2024-02-29 15:00:00,90,,
835,2024-02-29 15:00:00,90,,
836,2024-02-29 15:00:00,90,,
837,2024-02-29 15:00:00,90,,
838,2024-02-29 15:00:00,90,,
839,2024-02-29 15:00:00,90,,
840,2024-02-29 15:00:00,90,,
841,2024-02-29 15:00:00,90,,
842,2024-02-29 15:00:00,90,,
843,2024-02-29 15:00:00,90,,
844,2024-02-29 15:00:00,90,,
845,2024-02-29 15:00:00,90,,
846,2024-02-29 15:00:00,90,,
847,2024-02-29 15:00:00,90,,
848,2024-02-29 15:00:00,90,,
849,2024-02-29 15:00:00,90,,
850,2024-02-29 15:00:00,90,,
851,2024-02-29 15:00:00,90,,
852,2024-02-29 15:00:00,90,,
853,2024-02-29 15:00:00,90,,
854,2024-02-29 15:00:00,90,,
855,2024-02-29 15:00:00,90,,
856,2024-02-29 15:00:00,90,,
857,2024-02-29 15:00:00,90,,
858,2024-02-29 15:00:00,90,,
859,2024-02-29 15:00:00,90,,
860,2024-02-29 15:00:00,90,,
861,2024-02-29 15:00:00,90,,
862,2024-02-29 15:00:00,90,,
863,2024-02-29 15:00:00,90,,
864,2024-02-29 15:00:00,90,,
865,2024-02-29 15:00:00,90,,
866,2024-02-29 15:00:00,90,,
867,2024-02-29 15:00:00,90,,
868,2024-02-29 15:00:00,90,,
869,2024-02-29 15:00:00,90,,
870,2024-02-29 15:00:00,90,,
871,2024-02-29 15:00:00,90,,
872,2024-02-29 15:00:00,90,,
873,2024-02-29 15:00:00,90,,
874,2024-02-29 15:00:00,90,,
875,2024-02-29 15:00:00,90,,
876,2024-02-29 15:00:00,90,,
877,2024-02-29 15:00:00,90,,
878,2024-02-29 15:00:00,90,,
879,2024-02-29 15:00:00,90,,
880,2024-02-29 15:00:00,90,,
881,2024-02-29 15:00:00,90,,
882,2024-02-29 15:00:00,90,,
883,2024-02-29 15:00:00,90,,
884,2024-02-29 15:00:00,90,,
885,2024-02-29 15:00:00,90,,
886,2024-02-29 15:00:00,90,,
887,2024-02-29 15:00:00,90,,
888,2024-02-29 15:00:00,90,,
889,2024-02-29 15:00:00,90,,
890,2024-02-29 15:00:00,90,,
891,2024-02-29 15:00:00,90,,
892,2024-02-29 15:00:00,90,,
893,2024-02-29 15:00:00,90,,
894,2024-02-29 15:00:00,90,,
895,2024-02-29 15:00:00,90,,
896,2024-02-29 15:00:00,90,,
897,2024-02-29 15:00:00,90,,
898,2024-02-29 15:00:00,90,,
899,2024-02-29 15:00:00,90,,
900,2024-02-29 15:00:00,90,,
901,2024-02-29 15:00:00,90,,
902,2024-02-29 15:00:00,90,,
903,2024-02-29 15:00:00,90,,
904,2024-02-29 15:00:00,90,,
905,2024-02-29 15:00:00,90,,
906,2024-02-29 15:00:00,90,,
907,2024-02-29 15:00:00,90,,
908,2024-02-29 15:00:00,90,,
909,2024-02-29 15:00:00,90,,
910,2024-02-29 15:00:00,90,,
911,2024-02-29 15:00:00,90,,
912,2024-02-29 15:00:00,90,,
913,2024-02-29 15:00:00,90,,
914,2024-02-29 15:00:00,90,,
915,2024-02-29 15:00:00,90,,
916,2024-02-29 15:00:00,90,,
917,2024-02-29 15:00:00,90,,
918,2024-02-29 15:00:00,90,,
919,2024-02-29 15:00:00,90,,
920,2024-02-29 15:00:00,90,,
921,2024-02-29 15:00:00,90,,
922,2024-02-29 15:00:00,90,,
923,2024-02-29 15:00:00,90,,
924,2024-02-29 15:00:00,90,,
925,2024-02-29 15:00:00,90,,
926,2024-02-29 15:00:00,90,,
927,2024-02-29 15:00:00,90,,
928,2024-02-29 15:00:00,90,,
929,2024-02-29 15:00:00,90,,
930,2024-02-29 15:00:00,90,,
931,2024-02-29 15:00:00,90,,
932,2024-02-29 15:00:00,90,,
933,2024-02-29 15:00:00,90,,
934,2024-02-29 15:00:00,90,,
935,2024-02-29 15:00:00,90,,
936,2024-02-29 15:00:00,90,,
937,2024-02-29 15:00:00,90,,
938,2024-02-29 15:00:00,90,,
939,2024-02-29 15:00:00,90,,
940,2024-02-29 15:00:00,90,,
941,2024-02-29 15:00:00,90,,
942,2024-02-29 15:00:00,90,,
943,2024-02-29 15:00:00,90,,
944,2024-02-29 15:00:00,90,,
945,2024-02-29 15:00:00,90,,
946,2024-02-29 15:00:00,90,,
947,2024-02-29 15:00:00,90,,
948,2024-02-29 15:00:00,90,,
949,2024-02-29 15:00:00,90,,
950,2024-02-29 15:00:00,90,,
951,2024-02-29 15:00:00,90,,
952,2024-02-29 15:00:00,90,,
953,2024-02-29 15:00:00,90,,
954,2024-02-29 15:00:00,90,,
955,2024-02-29 15:00:00,90,,
956,2024-02-29 15:00:00,90,,
957,2024-02-29 15:00:00,90,,
958,2024-02-29 15:00:00,90,,
959,2024-02-29 15:00:00,90,,
960,2024-02-29 15:00:00,90,,
961,2024-02-29 15:00:00,90,,
962,2024-02-29 15:00:00,90,,
963,2024-02-29 15:00:00,90,,
964,2024-02-29 15:00:00,90,,
965,2024-02-29 15:00:00,90,,
966,2024-02-29 15:00:00,90,,
967,2024-02-29 15:00:00,90,,
968,2024-02-29 15:00:00,90,,
969,2024-02-29 15:00:00,90,,
970,2024-02-29 15:00:00,90,,
971,2024-02-29 15:00:00,90,,
972,2024-02-29 15:00:00,90,,
973,2024-02-29 15:00:00,90,,
974,2024-02-29 15:00:00,90,,
975,2024-02-29 15:00:00,90,,
976,2024-02-29 15:00:00,90,,
977,2024-02-29 15:00:00,90,,
978,2024-02-29 15:00:00,90,,
979,2024-02-29 15:00:00,90,,
980,2024-02-29 15:00:00,90,,
981,2024-02-29 15:00:00,90,,
982,2024-02-29 15:00:00,90,,
983,2024-02-29 15:00:00,90,,
984,2024-02-29 15:00:00,90,,
985,2024-02-29 15:00:00,90,,
986,2024-02-29 15:00:00,90,,
987,2024-02-29 15:00:00,90,,
988,2024-02-29 15:00:00,90,,
989,2024-02-29 15:00:00,90,,
990,2024-02-29 15:00:00,90,,
991,2024-02-29 15:00:00,90,,
992,2024-02-29 15:00:00,90,,
993,2024-02-29 15:00:00,90,,
994,2024-02-29 15:00:00,90,,
995,2024-02-29 15:00:00,90,,
996,2024-02-29 15:00:00,90,,
997,2024-02-29 15:00:00,90,,
998,2024-02-29 15:00:00,90,,
999,2024-02-29 15:00:00,90,,
1000,2024-02-29 15:00:00,90,,
1001,2024-02-29 15:00:00,90,,
1002,2024-02-29 15:00:00,90,,
1003,2024-02-29 15:00:00,90,,
1004,2024-02-29 15:00:00,90,,
1005,2024-02-29 15:00:00,90,,
1006,2024-02-29 15:00:00,90,,
792,2024-02-29 15:10:00,91,,
793,2024-02-29 15:10:00,91,,
794,2024-02-29 15:10:00,91,,
795,2024-02-29 15:10:00,91,,
796,2024-02-29 15:10:00,91,,
797,2024-02-29 15:10:00,91,,
798,2024-02-29 15:10:00,91,,
799,2024-02-29 15:10:00,91,,
800,2024-02-29 15:10:00,91,,
801,2024-02-29 15:10:00,91,,
802,2024-02-29 15:10:00,91,,
803,2024-02-29 15:10:00,91,,
804,2024-02-29 15:10:00,91,,
805,2024-02-29 15:10:00,91,,
806,2024-02-29 15:10:00,91,,
807,2024-02-29 15:10:00,91,,
808,2024-02-29 15:10:00,91,,
809,2024-02-29 15:10:00,91,,
810,2024-02-29 15:10:00,91,,
811,2024-02-29 15:10:00,91,,
812,2024-02-29 15:10:00,91,,
813,2024-02-29 15:10:00,91,,
814,2024-02-29 15:10:00,91,,
815,2024-02-29 15:10:00,91,,
816,2024-02-29 15:10:00,91,,
817,2024-02-29 15:10:00,91,,
818,2024-02-29 15:10:00,91,,
819,2024-02-29 15:10:00,91,,
820,2024-02-29 15:10:00,91,,
821,2024-02-29 15:10:00,91,,
822,2024-02-29 15:10:00,91,,
823,2024-02-29 15:10:00,91,,
824,2024-02-29 15:10:00,91,,
825,2024-02-29 15:10:00,91,,
826,2024-02-29 15:10:00,91,,
827,2024-02-29 15:10:00,91,,
828,2024-02-29 15:10:00,91,,
829,2024-02-29 15:10:00,91,,
830,2024-02-29 15:10:00,91,,
831,2024-02-29 15:10:00,91,,
832,2024-02-29 15:10:00,91,,
833,2024-02-29 15:10:00,91,,
834,2024-02-29 15:10:00,91,,
835,2024-02-29 15:10:00,91,,
836,2024-02-29 15:10:00,91,,
837,2024-02-29 15:10:00,91,,
838,2024-02-29 15:10:00,91,,
839,2024-02-29 15:10:00,91,,
840,2024-02-29 15:10:00,91,,
841,2024-02-29 15:10:00,91,,
842,2024-02-29 15:10:00,91,,
843,2024-02-29 15:10:00,91,,
844,2024-02-29 15:10:00,91,,
845,2024-02-29 15:10:00,91,,
846,2024-02-29 15:10:00,91,,
847,2024-02-29 15:10:00,91,,
848,2024-02-29 15:10:00,91,,
849,2024-02-29 15:10:00,91,,
850,2024-02-29 15:10:00,91,,
851,2024-02-29 15:10:00,91,,
852,2024-02-29 15:10:00,91,,
853,2024-02-29 15:10:00,91,,
854,2024-02-29 15:10:00,91,,
855,2024-02-29 15:10:00,91,,
856,2024-02-29 15:10:00,91,,
857,2024-02-29 15:10:00,91,,
858,2024-02-29 15:10:00,91,,
859,2024-02-29 15:10:00,91,,
860,2024-02-29 15:10:00,91,,
861,2024-02-29 15:10:00,91,,
862,2024-02-29 15:10:00,91,,
863,2024-02-29 15:10:00,91,,
864,2024-02-29 15:10:00,91,,
865,2024-02-29 15:10:00,91,,
866,2024-02-29 15:10:00,91,,
867,2024-02-29 15:10:00,91,,
868,2024-02-29 15:10:00,91,,
869,2024-02-29 15:10:00,91,,
870,2024-02-29 15:10:00,91,,
871,2024-02-29 15:10:00,91,,
872,2024-02-29 15:10:00,91,,
873,2024-02-29 15:10:00,91,,
874,2024-02-29 15:10:00,91,,
875,2024-02-29 15:10:00,91,,
876,2024-02-29 15:10:00,91,,
877,2024-02-29 15:10:00,91,,
878,2024-02-29 15:10:00,91,,
879,2024-02-29 15:10:00,91,,
880,2024-02-29 15:10:00,91,,
881,2024-02-29 15:10:00,91,,
882,2024-02-29 15:10:00,91,,
883,2024-02-29 15:10:00,91,,
884,2024-02-29 15:10:00,91,,
885,2024-02-29 15:10:00,91,,
886,2024-02-29 15:10:00,91,,
887,2024-02-29 15:10:00,91,,
888,2024-02-29 15:10:00,91,,
889,2024-02-29 15:10:00,91,,
890,2024-02-29 15:10:00,91,,
891,2024-02-29 15:10:00,91,,
892,2024-02-29 15:10:00,91,,
893,2024-02-29 15:10:00,91,,
894,2024-02-29 15:10:00,91,,
895,2024-02-29 15:10:00,91,,
896,2024-02-29 15:10:00,91,,
897,2024-02-29 15:10:00,91,,
898,2024-02-29 15:10:00,91,,
899,2024-02-29 15:10:00,91,,
900,2024-02-29 15:10:00,91,,
901,2024-02-29 15:10:00,91,,
902,2024-02-29 15:10:00,91,,
903,2024-02-29 15:10:00,91,,
904,2024-02-29 15:10:00,91,,
905,2024-02-29 15:10:00,91,,
906,2024-02-29 15:10:00,91,,
907,2024-02-29 15:10:00,91,,
908,2024-02-29 15:10:00,91,,
909,2024-02-29 15:10:00,91,,
910,2024-02-29 15:10:00,91,,
911,2024-02-29 15:10:00,91,,
912,2024-02-29 15:10:00,91,,
913,2024-02-29 15:10:00,91,,
914,2024-02-29 15:10:00,91,,
915,2024-02-29 15:10:00,91,,
916,2024-02-29 15:10:00,91,,
917,2024-02-29 15:10:00,91,,
918,2024-02-29 15:10:00,91,,
919,2024-02-29 15:10:00,91,,
920,2024-02-29 15:10:00,91,,
921,2024-02-29 15:10:00,91,,
922,2024-02-29 15:10:00,91,,
923,2024-02-29 15:10:00,91,,
924,2024-02-29 15:10:00,91,,
925,2024-02-29 15:10:00,91,,
926,2024-02-29 15:10:00,91,,
927,2024-02-29 15:10:00,91,,
928,2024-02-29 15:10:00,91,,
929,2024-02-29 15:10:00,91,,
930,2024-02-29 15:10:00,91,,
931,2024-02-29 15:10:00,91,,
932,2024-02-29 15:10:00,91,,
933,2024-02-29 15:10:00,91,,
934,2024-02-29 15:10:00,91,,
935,2024-02-29 15:10:00,91,,
936,2024-02-29 15:10:00,91,,
937,2024-02-29 15:10:00,91,,
938,2024-02-29 15:10:00,91,,
939,2024-02-29 15:10:00,91,,
940,2024-02-29 15:10:00,91,,
941,2024-02-29 15:10:00,91,,
942,2024-02-29 15:10:00,91,,
943,2024-02-29 15:10:00,91,,
944,2024-02-29 15:10:00,91,,
945,2024-02-29 15:10:00,91,,
946,2024-02-29 15:10:00,91,,
947,2024-02-29 15:10:00,91,,
948,2024-02-29 15:10:00,91,,
949,2024-02-29 15:10:00,91,,
950,2024-02-29 15:10:00,91,,
951,2024-02-29 15:10:00,91,,
952,2024-02-29 15:10:00,91,,
953,2024-02-29 15:10:00,91,,
954,2024-02-29 15:10:00,91,,
955,2024-02-29 15:10:00,91,,
956,2024-02-29 15:10:00,91,,
957,2024-02-29 15:10:00,91,,
958,2024-02-29 15:10:00,91,,
959,2024-02-29 15:10:00,91,,
960,2024-02-29 15:10:00,91,,
961,2024-02-29 15:10:00,91,,
962,2024-02-29 15:10:00,91,,
963,2024-02-29 15:10:00,91,,
964,2024-02-29 15:10:00,91,,
965,2024-02-29 15:10:00,91,,
966,2024-02-29 15:10:00,91,,
967,2024-02-29 15:10:00,91,,
968,2024-02-29 15:10:00,91,,
969,2024-02-29 15:10:00,91,,
970,2024-02-29 15:10:00,91,,
971,2024-02-29 15:10:00,91,,
972,2024-02-29 15:10:00,91,,
973,2024-02-29 15:10:00,91,,
974,2024-02-29 15:10:00,91,,
975,2024-02-29 15:10:00,91,,
976,2024-02-29 15:10:00,91,,
977,2024-02-29 15:10:00,91,,
978,2024-02-29 15:10:00,91,,
979,2024-02-29 15:10:00,91,,
980,2024-02-29 15:10:00,91,,
981,2024-02-29 15:10:00,91,,
982,2024-02-29 15:10:00,91,,
983,2024-02-29 15:10:00,91,,
984,2024-02-29 15:10:00,91,,
985,2024-02-29 15:10:00,91,,
986,2024-02-29 15:10:00,91,,
987,2024-02-29 15:10:00,91,,
988,2024-02-29 15:10:00,91,,
989,2024-02-29 15:10:00,91,,
990,2024-02-29 15:10:00,91,,
991,2024-02-29 15:10:00,91,,
992,2024-02-29 15:10:00,91,,
993,2024-02-29 15:10:00,91,,
994,2024-02-29 15:10:00,91,,
995,2024-02-29 15:10:00,91,,
996,2024-02-29 15:10:00,91,,
997,2024-02-29 15:10:00,91,,
998,2024-02-29 15:10:00,91,,
999,2024-02-29 15:10:00,91,,
1000,2024-02-29 15:10:00,91,,
1001,2024-02-29 15:10:00,91,,
1002,2024-02-29 15:10:00,91,,
1003,2024-02-29 15:10:00,91,,
1004,2024-02-29 15:10:00,91,,
1005,2024-02-29 15:10:00,91,,
1006,2024-02-29 15:10:00,91,,
792,2024-02-29 15:20:00,92,,
793,2024-02-29 15:20:00,92,,
794,2024-02-29 15:20:00,92,,
795,2024-02-29 15:20:00,92,,
796,2024-02-29 15:20:00,92,,
797,2024-02-29 15:20:00,92,,
798,2024-02-29 15:20:00,92,,
799,2024-02-29 15:20:00,92,,
800,2024-02-29 15:20:00,92,,
801,2024-02-29 15:20:00,92,,
802,2024-02-29 15:20:00,92,,
803,2024-02-29 15:20:00,92,,
804,2024-02-29 15:20:00,92,,
805,2024-02-29 15:20:00,92,,
806,2024-02-29 15:20:00,92,,
807,2024-02-29 15:20:00,92,,
808,2024-02-29 15:20:00,92,,
809,2024-02-29 15:20:00,92,,
810,2024-02-29 15:20:00,92,,
811,2024-02-29 15:20:00,92,,
812,2024-02-29 15:20:00,92,,
813,2024-02-29 15:20:00,92,,
814,2024-02-29 15:20:00,92,,
815,2024-02-29 15:20:00,92,,
816,2024-02-29 15:20:00,92,,
817,2024-02-29 15:20:00,92,,
818,2024-02-29 15:20:00,92,,
819,2024-02-29 15:20:00,92,,
820,2024-02-29 15:20:00,92,,
821,2024-02-29 15:20:00,92,,
822,2024-02-29 15:20:00,92,,
823,2024-02-29 15:20:00,92,,
824,2024-02-29 15:20:00,92,,
825,2024-02-29 15:20:00,92,,
826,2024-02-29 15:20:00,92,,
827,2024-02-29 15:20:00,92,,
828,2024-02-29 15:20:00,92,,
829,2024-02-29 15:20:00,92,,
830,2024-02-29 15:20:00,92,,
831,2024-02-29 15:20:00,92,,
832,2024-02-29 15:20:00,92,,
833,2024-02-29 15:20:00,92,,
834,2024-02-29 15:20:00,92,,
835,2024-02-29 15:20:00,92,,
836,2024-02-29 15:20:00,92,,
837,2024-02-29 15:20:00,92,,
838,2024-02-29 15:20:00,92,,
839,2024-02-29 15:20:00,92,,
840,2024-02-29 15:20:00,92,,
841,2024-02-29 15:20:00,92,,
842,2024-02-29 15:20:00,92,,
843,2024-02-29 15:20:00,92,,
844,2024-02-29 15:20:00,92,,
845,2024-02-29 15:20:00,92,,
846,2024-02-29 15:20:00,92,,
847,2024-02-29 15:20:00,92,,
848,2024-02-29 15:20:00,92,,
849,2024-02-29 15:20:00,92,,
850,2024-02-29 15:20:00,92,,
851,2024-02-29 15:20:00,92,,
852,2024-02-29 15:20:00,92,,
853,2024-02-29 15:20:00,92,,
854,2024-02-29 15:20:00,92,,
855,2024-02-29 15:20:00,92,,
856,2024-02-29 15:20:00,92,,
857,2024-02-29 15:20:00,92,,
858,2024-02-29 15:20:00,92,,
859,2024-02-29 15:20:00,92,,
860,2024-02-29 15:20:00,92,,
861,2024-02-29 15:20:00,92,,
862,2024-02-29 15:20:00,92,,
863,2024-02-29 15:20:00,92,,
864,2024-02-29 15:20:00,92,,
865,2024-02-29 15:20:00,92,,
866,2024-02-29 15:20:00,92,,
867,2024-02-29 15:20:00,92,,
868,2024-02-29 15:20:00,92,,
869,2024-02-29 15:20:00,92,,
870,2024-02-29 15:20:00,92,,
871,2024-02-29 15:20:00,92,,
872,2024-02-29 15:20:00,92,,
873,2024-02-29 15:20:00,92,,
874,2024-02-29 15:20:00,92,,
875,2024-02-29 15:20:00,92,,
876,2024-02-29 15:20:00,92,,
877,2024-02-29 15:20:00,92,,
878,2024-02-29 15:20:00,92,,
879,2024-02-29 15:20:00,92,,
880,2024-02-29 15:20:00,92,,
881,2024-02-29 15:20:00,92,,
882,2024-02-29 15:20:00,92,,
883,2024-02-29 15:20:00,92,,
884,2024-02-29 15:20:00,92,,
885,2024-02-29 15:20:00,92,,
886,2024-02-29 15:20:00,92,,
887,2024-02-29 15:20:00,92,,
888,2024-02-29 15:20:00,92,,
889,2024-02-29 15:20:00,92,,
890,2024-02-29 15:20:00,92,,
891,2024-02-29 15:20:00,92,,
892,2024-02-29 15:20:00,92,,
893,2024-02-29 15:20:00,92,,
894,2024-02-29 15:20:00,92,,
895,2024-02-29 15:20:00,92,,
896,2024-02-29 15:20:00,92,,
897,2024-02-29 15:20:00,92,,
898,2024-02-29 15:20:00,92,,
899,2024-02-29 15:20:00,92,,
900,2024-02-29 15:20:00,92,,
901,2024-02-29 15:20:00,92,,
902,2024-02-29 15:20:00,92,,
903,2024-02-29 15:20:00,92,,
904,2024-02-29 15:20:00,92,,
905,2024-02-29 15:20:00,92,,
906,2024-02-29 15:20:00,92,,
907,2024-02-29 15:20:00,92,,
908,2024-02-29 15:20:00,92,,
909,2024-02-29 15:20:00,92,,
910,2024-02-29 15:20:00,92,,
911,2024-02-29 15:20:00,92,,
912,2024-02-29 15:20:00,92,,
913,2024-02-29 15:20:00,92,,
914,2024-02-29 15:20:00,92,,
915,2024-02-29 15:20:00,92,,
916,2024-02-29 15:20:00,92,,
917,2024-02-29 15:20:00,92,,
918,2024-02-29 15:20:00,92,,
919,2024-02-29 15:20:00,92,,
920,2024-02-29 15:20:00,92,,
921,2024-02-29 15:20:00,92,,
922,2024-02-29 15:20:00,92,,
923,2024-02-29 15:20:00,92,,
924,2024-02-29 15:20:00,92,,
925,2024-02-29 15:20:00,92,,
926,2024-02-29 15:20:00,92,,
927,2024-02-29 15:20:00,92,,
928,2024-02-29 15:20:00,92,,
929,2024-02-29 15:20:00,92,,
930,2024-02-29 15:20:00,92,,
931,2024-02-29 15:20:00,92,,
932,2024-02-29 15:20:00,92,,
933,2024-02-29 15:20:00,92,,
934,2024-02-29 15:20:00,92,,
935,2024-02-29 15:20:00,92,,
936,2024-02-29 15:20:00,92,,
937,2024-02-29 15:20:00,92,,
938,2024-02-29 15:20:00,92,,
939,2024-02-29 15:20:00,92,,
940,2024-02-29 15:20:00,92,,
941,2024-02-29 15:20:00,92,,
942,2024-02-29 15:20:00,92,,
943,2024-02-29 15:20:00,92,,
944,2024-02-29 15:20:00,92,,
945,2024-02-29 15:20:00,92,,
946,2024-02-29 15:20:00,92,,
947,2024-02-29 15:20:00,92,,
948,2024-02-29 15:20:00,92,,
949,2024-02-29 15:20:00,92,,
950,2024-02-29 15:20:00,92,,
951,2024-02-29 15:20:00,92,,
952,2024-02-29 15:20:00,92,,
953,2024-02-29 15:20:00,92,,
954,2024-02-29 15:20:00,92,,
955,2024-02-29 15:20:00,92,,
956,2024-02-29 15:20:00,92,,
957,2024-02-29 15:20:00,92,,
958,2024-02-29 15:20:00,92,,
959,2024-02-29 15:20:00,92,,
960,2024-02-29 15:20:00,92,,
961,2024-02-29 15:20:00,92,,
962,2024-02-29 15:20:00,92,,
963,2024-02-29 15:20:00,92,,
964,2024-02-29 15:20:00,92,,
965,2024-02-29 15:20:00,92,,
966,2024-02-29 15:20:00,92,,
967,2024-02-29 15:20:00,92,,
968,2024-02-29 15:20:00,92,,
969,2024-02-29 15:20:00,92,,
970,2024-02-29 15:20:00,92,,
971,2024-02-29 15:20:00,92,,
972,2024-02-29 15:20:00,92,,
973,2024-02-29 15:20:00,92,,
974,2024-02-29 15:20:00,92,,
975,2024-02-29 15:20:00,92,,
976,2024-02-29 15:20:00,92,,
977,2024-02-29 15:20:00,92,,
978,2024-02-29 15:20:00,92,,
979,2024-02-29 15:20:00,92,,
980,2024-02-29 15:20:00,92,,
981,2024-02-29 15:20:00,92,,
982,2024-02-29 15:20:00,92,,
983,2024-02-29 15:20:00,92,,
984,2024-02-29 15:20:00,92,,
985,2024-02-29 15:20:00,92,,
986,2024-02-29 15:20:00,92,,
987,2024-02-29 15:20:00,92,,
988,2024-02-29 15:20:00,92,,
989,2024-02-29 15:20:00,92,,
990,2024-02-29 15:20:00,92,,
991,2024-02-29 15:20:00,92,,
992,2024-02-29 15:20:00,92,,
993,2024-02-29 15:20:00,92,,
994,2024-02-29 15:20:00,92,,
995,2024-02-29 15:20:00,92,,
996,2024-02-29 15:20:00,92,,
997,2024-02-29 15:20:00,92,,
998,2024-02-29 15:20:00,92,,
999,2024-02-29 15:20:00,92,,
1000,2024-02-29 15:20:00,92,,
1001,2024-02-29 15:20:00,92,,
1002,2024-02-29 15:20:00,92,,
1003,2024-02-29 15:20:00,92,,
1004,2024-02-29 15:20:00,92,,
1005,2024-02-29 15:20:00,92,,
1006,2024-02-29 15:20:00,92,,
792,2024-02-29 15:30:00,93,,
793,2024-02-29 15:30:00,93,,
794,2024-02-29 15:30:00,93,,
795,2024-02-29 15:30:00,93,,
796,2024-02-29 15:30:00,93,,
797,2024-02-29 15:30:00,93,,
798,2024-02-29 15:30:00,93,,
799,2024-02-29 15:30:00,93,,
800,2024-02-29 15:30:00,93,,
801,2024-02-29 15:30:00,93,,
802,2024-02-29 15:30:00,93,,
803,2024-02-29 15:30:00,93,,
804,2024-02-29 15:30:00,93,,
805,2024-02-29 15:30:00,93,,
806,2024-02-29 15:30:00,93,,
807,2024-02-29 15:30:00,93,,
808,2024-02-29 15:30:00,93,,
809,2024-02-29 15:30:00,93,,
810,2024-02-29 15:30:00,93,,
811,2024-02-29 15:30:00,93,,
812,2024-02-29 15:30:00,93,,
813,2024-02-29 15:30:00,93,,
814,2024-02-29 15:30:00,93,,
815,2024-02-29 15:30:00,93,,
816,2024-02-29 15:30:00,93,,
817,2024-02-29 15:30:00,93,,
818,2024-02-29 15:30:00,93,,
819,2024-02-29 15:30:00,93,,
820,2024-02-29 15:30:00,93,,
821,2024-02-29 15:30:00,93,,
822,2024-02-29 15:30:00,93,,
823,2024-02-29 15:30:00,93,,
824,2024-02-29 15:30:00,93,,
825,2024-02-29 15:30:00,93,,
826,2024-02-29 15:30:00,93,,
827,2024-02-29 15:30:00,93,,
828,2024-02-29 15:30:00,93,,
829,2024-02-29 15:30:00,93,,
830,2024-02-29 15:30:00,93,,
831,2024-02-29 15:30:00,93,,
832,2024-02-29 15:30:00,93,,
833,2024-02-29 15:30:00,93,,
834,2024-02-29 15:30:00,93,,
835,2024-02-29 15:30:00,93,,
836,2024-02-29 15:30:00,93,,
837,2024-02-29 15:30:00,93,,
838,2024-02-29 15:30:00,93,,
839,2024-02-29 15:30:00,93,,
840,2024-02-29 15:30:00,93,,
841,2024-02-29 15:30:00,93,,
842,2024-02-29 15:30:00,93,,
843,2024-02-29 15:30:00,93,,
844,2024-02-29 15:30:00,93,,
845,2024-02-29 15:30:00,93,,
846,2024-02-29 15:30:00,93,,
847,2024-02-29 15:30:00,93,,
848,2024-02-29 15:30:00,93,,
849,2024-02-29 15:30:00,93,,
850,2024-02-29 15:30:00,93,,
851,2024-02-29 15:30:00,93,,
852,2024-02-29 15:30:00,93,,
853,2024-02-29 15:30:00,93,,
854,2024-02-29 15:30:00,93,,
855,2024-02-29 15:30:00,93,,
856,2024-02-29 15:30:00,93,,
857,2024-02-29 15:30:00,93,,
858,2024-02-29 15:30:00,93,,
859,2024-02-29 15:30:00,93,,
860,2024-02-29 15:30:00,93,,
861,2024-02-29 15:30:00,93,,
862,2024-02-29 15:30:00,93,,
863,2024-02-29 15:30:00,93,,
864,2024-02-29 15:30:00,93,,
865,2024-02-29 15:30:00,93,,
866,2024-02-29 15:30:00,93,,
867,2024-02-29 15:30:00,93,,
868,2024-02-29 15:30:00,93,,
869,2024-02-29 15:30:00,93,,
870,2024-02-29 15:30:00,93,,
871,2024-02-29 15:30:00,93,,
872,2024-02-29 15:30:00,93,,
873,2024-02-29 15:30:00,93,,
874,2024-02-29 15:30:00,93,,
875,2024-02-29 15:30:00,93,,
876,2024-02-29 15:30:00,93,,
877,2024-02-29 15:30:00,93,,
878,2024-02-29 15:30:00,93,,
879,2024-02-29 15:30:00,93,,
880,2024-02-29 15:30:00,93,,
881,2024-02-29 15:30:00,93,,
882,2024-02-29 15:30:00,93,,
883,2024-02-29 15:30:00,93,,
884,2024-02-29 15:30:00,93,,
885,2024-02-29 15:30:00,93,,
886,2024-02-29 15:30:00,93,,
887,2024-02-29 15:30:00,93,,
888,2024-02-29 15:30:00,93,,
889,2024-02-29 15:30:00,93,,
890,2024-02-29 15:30:00,93,,
891,2024-02-29 15:30:00,93,,
892,2024-02-29 15:30:00,93,,
893,2024-02-29 15:30:00,93,,
894,2024-02-29 15:30:00,93,,
895,2024-02-29 15:30:00,93,,
896,2024-02-29 15:30:00,93,,
897,2024-02-29 15:30:00,93,,
898,2024-02-29 15:30:00,93,,
899,2024-02-29 15:30:00,93,,
900,2024-02-29 15:30:00,93,,
901,2024-02-29 15:30:00,93,,
902,2024-02-29 15:30:00,93,,
903,2024-02-29 15:30:00,93,,
904,2024-02-29 15:30:00,93,,
905,2024-02-29 15:30:00,93,,
906,2024-02-29 15:30:00,93,,
907,2024-02-29 15:30:00,93,,
908,2024-02-29 15:30:00,93,,
909,2024-02-29 15:30:00,93,,
910,2024-02-29 15:30:00,93,,
911,2024-02-29 15:30:00,93,,
912,2024-02-29 15:30:00,93,,
913,2024-02-29 15:30:00,93,,
914,2024-02-29 15:30:00,93,,
915,2024-02-29 15:30:00,93,,
916,2024-02-29 15:30:00,93,,
917,2024-02-29 15:30:00,93,,
918,2024-02-29 15:30:00,93,,
919,2024-02-29 15:30:00,93,,
920,2024-02-29 15:30:00,93,,
921,2024-02-29 15:30:00,93,,
922,2024-02-29 15:30:00,93,,
923,2024-02-29 15:30:00,93,,
924,2024-02-29 15:30:00,93,,
925,2024-02-29 15:30:00,93,,
926,2024-02-29 15:30:00,93,,
927,2024-02-29 15:30:00,93,,
928,2024-02-29 15:30:00,93,,
929,2024-02-29 15:30:00,93,,
930,2024-02-29 15:30:00,93,,
931,2024-02-29 15:30:00,93,,
932,2024-02-29 15:30:00,93,,
933,2024-02-29 15:30:00,93,,
934,2024-02-29 15:30:00,93,,
935,2024-02-29 15:30:00,93,,
936,2024-02-29 15:30:00,93,,
937,2024-02-29 15:30:00,93,,
938,2024-02-29 15:30:00,93,,
939,2024-02-29 15:30:00,93,,
940,2024-02-29 15:30:00,93,,
941,2024-02-29 15:30:00,93,,
942,2024-02-29 15:30:00,93,,
943,2024-02-29 15:30:00,93,,
944,2024-02-29 15:30:00,93,,
945,2024-02-29 15:30:00,93,,
946,2024-02-29 15:30:00,93,,
947,2024-02-29 15:30:00,93,,
948,2024-02-29 15:30:00,93,,
949,2024-02-29 15:30:00,93,,
950,2024-02-29 15:30:00,93,,
951,2024-02-29 15:30:00,93,,
952,2024-02-29 15:30:00,93,,
953,2024-02-29 15:30:00,93,,
954,2024-02-29 15:30:00,93,,
955,2024-02-29 15:30:00,93,,
956,2024-02-29 15:30:00,93,,
957,2024-02-29 15:30:00,93,,
958,2024-02-29 15:30:00,93,,
959,2024-02-29 15:30:00,93,,
960,2024-02-29 15:30:00,93,,
961,2024-02-29 15:30:00,93,,
962,2024-02-29 15:30:00,93,,
963,2024-02-29 15:30:00,93,,
964,2024-02-29 15:30:00,93,,
965,2024-02-29 15:30:00,93,,
966,2024-02-29 15:30:00,93,,
967,2024-02-29 15:30:00,93,,
968,2024-02-29 15:30:00,93,,
969,2024-02-29 15:30:00,93,,
970,2024-02-29 15:30:00,93,,
971,2024-02-29 15:30:00,93,,
972,2024-02-29 15:30:00,93,,
973,2024-02-29 15:30:00,93,,
974,2024-02-29 15:30:00,93,,
975,2024-02-29 15:30:00,93,,
976,2024-02-29 15:30:00,93,,
977,2024-02-29 15:30:00,93,,
978,2024-02-29 15:30:00,93,,
979,2024-02-29 15:30:00,93,,
980,2024-02-29 15:30:00,93,,
981,2024-02-29 15:30:00,93,,
982,2024-02-29 15:30:00,93,,
983,2024-02-29 15:30:00,93,,
984,2024-02-29 15:30:00,93,,
985,2024-02-29 15:30:00,93,,
986,2024-02-29 15:30:00,93,,
987,2024-02-29 15:30:00,93,,
988,2024-02-29 15:30:00,93,,
989,2024-02-29 15:30:00,93,,
990,2024-02-29 15:30:00,93,,
991,2024-02-29 15:30:00,93,,
992,2024-02-29 15:30:00,93,,
993,2024-02-29 15:30:00,93,,
994,2024-02-29 15:30:00,93,,
995,2024-02-29 15:30:00,93,,
996,2024-02-29 15:30:00,93,,
997,2024-02-29 15:30:00,93,,
998,2024-02-29 15:30:00,93,,
999,2024-02-29 15:30:00,93,,
1000,2024-02-29 15:30:00,93,,
1001,2024-02-29 15:30:00,93,,
1002,2024-02-29 15:30:00,93,,
1003,2024-02-29 15:30:00,93,,
1004,2024-02-29 15:30:00,93,,
1005,2024-02-29 15:30:00,93,,
1006,2024-02-29 15:30:00,93,,
792,2024-02-29 15:40:00,94,,
793,2024-02-29 15:40:00,94,,
794,2024-02-29 15:40:00,94,,
795,2024-02-29 15:40:00,94,,
796,2024-02-29 15:40:00,94,,
797,2024-02-29 15:40:00,94,,
798,2024-02-29 15:40:00,94,,
799,2024-02-29 15:40:00,94,,
800,2024-02-29 15:40:00,94,,
801,2024-02-29 15:40:00,94,,
802,2024-02-29 15:40:00,94,,
803,2024-02-29 15:40:00,94,,
804,2024-02-29 15:40:00,94,,
805,2024-02-29 15:40:00,94,,
806,2024-02-29 15:40:00,94,,
807,2024-02-29 15:40:00,94,,
808,2024-02-29 15:40:00,94,,
809,2024-02-29 15:40:00,94,,
810,2024-02-29 15:40:00,94,,
811,2024-02-29 15:40:00,94,,
812,2024-02-29 15:40:00,94,,
813,2024-02-29 15:40:00,94,,
814,2024-02-29 15:40:00,94,,
815,2024-02-29 15:40:00,94,,
816,2024-02-29 15:40:00,94,,
817,2024-02-29 15:40:00,94,,
818,2024-02-29 15:40:00,94,,
819,2024-02-29 15:40:00,94,,
820,2024-02-29 15:40:00,94,,
821,2024-02-29 15:40:00,94,,
822,2024-02-29 15:40:00,94,,
823,2024-02-29 15:40:00,94,,
824,2024-02-29 15:40:00,94,,
825,2024-02-29 15:40:00,94,,
826,2024-02-29 15:40:00,94,,
827,2024-02-29 15:40:00,94,,
828,2024-02-29 15:40:00,94,,
829,2024-02-29 15:40:00,94,,
830,2024-02-29 15:40:00,94,,
831,2024-02-29 15:40:00,94,,
832,2024-02-29 15:40:00,94,,
833,2024-02-29 15:40:00,94,,
834,2024-02-29 15:40:00,94,,
835,2024-02-29 15:40:00,94,,
836,2024-02-29 15:40:00,94,,
837,2024-02-29 15:40:00,94,,
838,2024-02-29 15:40:00,94,,
839,2024-02-29 15:40:00,94,,
840,2024-02-29 15:40:00,94,,
841,2024-02-29 15:40:00,94,,
842,2024-02-29 15:40:00,94,,
843,2024-02-29 15:40:00,94,,
844,2024-02-29 15:40:00,94,,
845,2024-02-29 15:40:00,94,,
846,2024-02-29 15:40:00,94,,
847,2024-02-29 15:40:00,94,,
848,2024-02-29 15:40:00,94,,
849,2024-02-29 15:40:00,94,,
850,2024-02-29 15:40:00,94,,
851,2024-02-29 15:40:00,94,,
852,2024-02-29 15:40:00,94,,
853,2024-02-29 15:40:00,94,,
854,2024-02-29 15:40:00,94,,
855,2024-02-29 15:40:00,94,,
856,2024-02-29 15:40:00,94,,
857,2024-02-29 15:40:00,94,,
858,2024-02-29 15:40:00,94,,
859,2024-02-29 15:40:00,94,,
860,2024-02-29 15:40:00,94,,
861,2024-02-29 15:40:00,94,,
862,2024-02-29 15:40:00,94,,
863,2024-02-29 15:40:00,94,,
864,2024-02-29 15:40:00,94,,
865,2024-02-29 15:40:00,94,,
866,2024-02-29 15:40:00,94,,
867,2024-02-29 15:40:00,94,,
868,2024-02-29 15:40:00,94,,
869,2024-02-29 15:40:00,94,,
870,2024-02-29 15:40:00,94,,
871,2024-02-29 15:40:00,94,,
872,2024-02-29 15:40:00,94,,
873,2024-02-29 15:40:00,94,,
874,2024-02-29 15:40:00,94,,
875,2024-02-29 15:40:00,94,,
876,2024-02-29 15:40:00,94,,
877,2024-02-29 15:40:00,94,,
878,2024-02-29 15:40:00,94,,
879,2024-02-29 15:40:00,94,,
880,2024-02-29 15:40:00,94,,
881,2024-02-29 15:40:00,94,,
882,2024-02-29 15:40:00,94,,
883,2024-02-29 15:40:00,94,,
884,2024-02-29 15:40:00,94,,
885,2024-02-29 15:40:00,94,,
886,2024-02-29 15:40:00,94,,
887,2024-02-29 15:40:00,94,,
888,2024-02-29 15:40:00,94,,
889,2024-02-29 15:40:00,94,,
890,2024-02-29 15:40:00,94,,
891,2024-02-29 15:40:00,94,,
892,2024-02-29 15:40:00,94,,
893,2024-02-29 15:40:00,94,,
894,2024-02-29 15:40:00,94,,
895,2024-02-29 15:40:00,94,,
896,2024-02-29 15:40:00,94,,
897,2024-02-29 15:40:00,94,,
898,2024-02-29 15:40:00,94,,
899,2024-02-29 15:40:00,94,,
900,2024-02-29 15:40:00,94,,
901,2024-02-29 15:40:00,94,,
902,2024-02-29 15:40:00,94,,
903,2024-02-29 15:40:00,94,,
904,2024-02-29 15:40:00,94,,
905,2024-02-29 15:40:00,94,,
906,2024-02-29 15:40:00,94,,
907,2024-02-29 15:40:00,94,,
908,2024-02-29 15:40:00,94,,
909,2024-02-29 15:40:00,94,,
910,2024-02-29 15:40:00,94,,
911,2024-02-29 15:40:00,94,,
912,2024-02-29 15:40:00,94,,
913,2024-02-29 15:40:00,94,,
914,2024-02-29 15:40:00,94,,
915,2024-02-29 15:40:00,94,,
916,2024-02-29 15:40:00,94,,
917,2024-02-29 15:40:00,94,,
918,2024-02-29 15:40:00,94,,
919,2024-02-29 15:40:00,94,,
920,2024-02-29 15:40:00,94,,
921,2024-02-29 15:40:00,94,,
922,2024-02-29 15:40:00,94,,
923,2024-02-29 15:40:00,94,,
924,2024-02-29 15:40:00,94,,
925,2024-02-29 15:40:00,94,,
926,2024-02-29 15:40:00,94,,
927,2024-02-29 15:40:00,94,,
928,2024-02-29 15:40:00,94,,
929,2024-02-29 15:40:00,94,,
930,2024-02-29 15:40:00,94,,
931,2024-02-29 15:40:00,94,,
932,2024-02-29 15:40:00,94,,
933,2024-02-29 15:40:00,94,,
934,2024-02-29 15:40:00,94,,
935,2024-02-29 15:40:00,94,,
936,2024-02-29 15:40:00,94,,
937,2024-02-29 15:40:00,94,,
938,2024-02-29 15:40:00,94,,
939,2024-02-29 15:40:00,94,,
940,2024-02-29 15:40:00,94,,
941,2024-02-29 15:40:00,94,,
942,2024-02-29 15:40:00,94,,
943,2024-02-29 15:40:00,94,,
944,2024-02-29 15:40:00,94,,
945,2024-02-29 15:40:00,94,,
946,2024-02-29 15:40:00,94,,
947,2024-02-29 15:40:00,94,,
948,2024-02-29 15:40:00,94,,
949,2024-02-29 15:40:00,94,,
950,2024-02-29 15:40:00,94,,
951,2024-02-29 15:40:00,94,,
952,2024-02-29 15:40:00,94,,
953,2024-02-29 15:40:00,94,,
954,2024-02-29 15:40:00,94,,
955,2024-02-29 15:40:00,94,,
956,2024-02-29 15:40:00,94,,
957,2024-02-29 15:40:00,94,,
958,2024-02-29 15:40:00,94,,
959,2024-02-29 15:40:00,94,,
960,2024-02-29 15:40:00,94,,
961,2024-02-29 15:40:00,94,,
962,2024-02-29 15:40:00,94,,
963,2024-02-29 15:40:00,94,,
964,2024-02-29 15:40:00,94,,
965,2024-02-29 15:40:00,94,,
966,2024-02-29 15:40:00,94,,
967,2024-02-29 15:40:00,94,,
968,2024-02-29 15:40:00,94,,
969,2024-02-29 15:40:00,94,,
970,2024-02-29 15:40:00,94,,
971,2024-02-29 15:40:00,94,,
972,2024-02-29 15:40:00,94,,
973,2024-02-29 15:40:00,94,,
974,2024-02-29 15:40:00,94,,
975,2024-02-29 15:40:00,94,,
976,2024-02-29 15:40:00,94,,
977,2024-02-29 15:40:00,94,,
978,2024-02-29 15:40:00,94,,
979,2024-02-29 15:40:00,94,,
980,2024-02-29 15:40:00,94,,
981,2024-02-29 15:40:00,94,,
982,2024-02-29 15:40:00,94,,
983,2024-02-29 15:40:00,94,,
984,2024-02-29 15:40:00,94,,
985,2024-02-29 15:40:00,94,,
986,2024-02-29 15:40:00,94,,
987,2024-02-29 15:40:00,94,,
988,2024-02-29 15:40:00,94,,
989,2024-02-29 15:40:00,94,,
990,2024-02-29 15:40:00,94,,
991,2024-02-29 15:40:00,94,,
992,2024-02-29 15:40:00,94,,
993,2024-02-29 15:40:00,94,,
994,2024-02-29 15:40:00,94,,
995,2024-02-29 15:40:00,94,,
996,2024-02-29 15:40:00,94,,
997,2024-02-29 15:40:00,94,,
998,2024-02-29 15:40:00,94,,
999,2024-02-29 15:40:00,94,,
1000,2024-02-29 15:40:00,94,,
1001,2024-02-29 15:40:00,94,,
1002,2024-02-29 15:40:00,94,,
1003,2024-02-29 15:40:00,94,,
1004,2024-02-29 15:40:00,94,,
1005,2024-02-29 15:40:00,94,,
1006,2024-02-29 15:40:00,94,,
792,2024-02-29 15:50:00,95,,
793,2024-02-29 15:50:00,95,,
794,2024-02-29 15:50:00,95,,
795,2024-02-29 15:50:00,95,,
796,2024-02-29 15:50:00,95,,
797,2024-02-29 15:50:00,95,,
798,2024-02-29 15:50:00,95,,
799,2024-02-29 15:50:00,95,,
800,2024-02-29 15:50:00,95,,
801,2024-02-29 15:50:00,95,,
802,2024-02-29 15:50:00,95,,
803,2024-02-29 15:50:00,95,,
804,2024-02-29 15:50:00,95,,
805,2024-02-29 15:50:00,95,,
806,2024-02-29 15:50:00,95,,
807,2024-02-29 15:50:00,95,,
808,2024-02-29 15:50:00,95,,
809,2024-02-29 15:50:00,95,,
810,2024-02-29 15:50:00,95,,
811,2024-02-29 15:50:00,95,,
812,2024-02-29 15:50:00,95,,
813,2024-02-29 15:50:00,95,,
814,2024-02-29 15:50:00,95,,
815,2024-02-29 15:50:00,95,,
816,2024-02-29 15:50:00,95,,
817,2024-02-29 15:50:00,95,,
818,2024-02-29 15:50:00,95,,
819,2024-02-29 15:50:00,95,,
820,2024-02-29 15:50:00,95,,
821,2024-02-29 15:50:00,95,,
822,2024-02-29 15:50:00,95,,
823,2024-02-29 15:50:00,95,,
824,2024-02-29 15:50:00,95,,
825,2024-02-29 15:50:00,95,,
826,2024-02-29 15:50:00,95,,
827,2024-02-29 15:50:00,95,,
828,2024-02-29 15:50:00,95,,
829,2024-02-29 15:50:00,95,,
830,2024-02-29 15:50:00,95,,
831,2024-02-29 15:50:00,95,,
832,2024-02-29 15:50:00,95,,
833,2024-02-29 15:50:00,95,,
834,2024-02-29 15:50:00,95,,
835,2024-02-29 15:50:00,95,,
836,2024-02-29 15:50:00,95,,
837,2024-02-29 15:50:00,95,,
838,2024-02-29 15:50:00,95,,
839,2024-02-29 15:50:00,95,,
840,2024-02-29 15:50:00,95,,
841,2024-02-29 15:50:00,95,,
842,2024-02-29 15:50:00,95,,
843,2024-02-29 15:50:00,95,,
844,2024-02-29 15:50:00,95,,
845,2024-02-29 15:50:00,95,,
846,2024-02-29 15:50:00,95,,
847,2024-02-29 15:50:00,95,,
848,2024-02-29 15:50:00,95,,
849,2024-02-29 15:50:00,95,,
850,2024-02-29 15:50:00,95,,
851,2024-02-29 15:50:00,95,,
852,2024-02-29 15:50:00,95,,
853,2024-02-29 15:50:00,95,,
854,2024-02-29 15:50:00,95,,
855,2024-02-29 15:50:00,95,,
856,2024-02-29 15:50:00,95,,
857,2024-02-29 15:50:00,95,,
858,2024-02-29 15:50:00,95,,
859,2024-02-29 15:50:00,95,,
860,2024-02-29 15:50:00,95,,
861,2024-02-29 15:50:00,95,,
862,2024-02-29 15:50:00,95,,
863,2024-02-29 15:50:00,95,,
864,2024-02-29 15:50:00,95,,
865,2024-02-29 15:50:00,95,,
866,2024-02-29 15:50:00,95,,
867,2024-02-29 15:50:00,95,,
868,2024-02-29 15:50:00,95,,
869,2024-02-29 15:50:00,95,,
870,2024-02-29 15:50:00,95,,
871,2024-02-29 15:50:00,95,,
872,2024-02-29 15:50:00,95,,
873,2024-02-29 15:50:00,95,,
874,2024-02-29 15:50:00,95,,
875,2024-02-29 15:50:00,95,,
876,2024-02-29 15:50:00,95,,
877,2024-02-29 15:50:00,95,,
878,2024-02-29 15:50:00,95,,
879,2024-02-29 15:50:00,95,,
880,2024-02-29 15:50:00,95,,
881,2024-02-29 15:50:00,95,,
882,2024-02-29 15:50:00,95,,
883,2024-02-29 15:50:00,95,,
884,2024-02-29 15:50:00,95,,
885,2024-02-29 15:50:00,95,,
886,2024-02-29 15:50:00,95,,
887,2024-02-29 15:50:00,95,,
888,2024-02-29 15:50:00,95,,
889,2024-02-29 15:50:00,95,,
890,2024-02-29 15:50:00,95,,
891,2024-02-29 15:50:00,95,,
892,2024-02-29 15:50:00,95,,
893,2024-02-29 15:50:00,95,,
894,2024-02-29 15:50:00,95,,
895,2024-02-29 15:50:00,95,,
896,2024-02-29 15:50:00,95,,
897,2024-02-29 15:50:00,95,,
898,2024-02-29 15:50:00,95,,
899,2024-02-29 15:50:00,95,,
900,2024-02-29 15:50:00,95,,
901,2024-02-29 15:50:00,95,,
902,2024-02-29 15:50:00,95,,
903,2024-02-29 15:50:00,95,,
904,2024-02-29 15:50:00,95,,
905,2024-02-29 15:50:00,95,,
906,2024-02-29 15:50:00,95,,
907,2024-02-29 15:50:00,95,,
908,2024-02-29 15:50:00,95,,
909,2024-02-29 15:50:00,95,,
910,2024-02-29 15:50:00,95,,
911,2024-02-29 15:50:00,95,,
912,2024-02-29 15:50:00,95,,
913,2024-02-29 15:50:00,95,,
914,2024-02-29 15:50:00,95,,
915,2024-02-29 15:50:00,95,,
916,2024-02-29 15:50:00,95,,
917,2024-02-29 15:50:00,95,,
918,2024-02-29 15:50:00,95,,
919,2024-02-29 15:50:00,95,,
920,2024-02-29 15:50:00,95,,
921,2024-02-29 15:50:00,95,,
922,2024-02-29 15:50:00,95,,
923,2024-02-29 15:50:00,95,,
924,2024-02-29 15:50:00,95,,
925,2024-02-29 15:50:00,95,,
926,2024-02-29 15:50:00,95,,
927,2024-02-29 15:50:00,95,,
928,2024-02-29 15:50:00,95,,
929,2024-02-29 15:50:00,95,,
930,2024-02-29 15:50:00,95,,
931,2024-02-29 15:50:00,95,,
932,2024-02-29 15:50:00,95,,
933,2024-02-29 15:50:00,95,,
934,2024-02-29 15:50:00,95,,
935,2024-02-29 15:50:00,95,,
936,2024-02-29 15:50:00,95,,
937,2024-02-29 15:50:00,95,,
938,2024-02-29 15:50:00,95,,
939,2024-02-29 15:50:00,95,,
940,2024-02-29 15:50:00,95,,
941,2024-02-29 15:50:00,95,,
942,2024-02-29 15:50:00,95,,
943,2024-02-29 15:50:00,95,,
944,2024-02-29 15:50:00,95,,
945,2024-02-29 15:50:00,95,,
946,2024-02-29 15:50:00,95,,
947,2024-02-29 15:50:00,95,,
948,2024-02-29 15:50:00,95,,
949,2024-02-29 15:50:00,95,,
950,2024-02-29 15:50:00,95,,
951,2024-02-29 15:50:00,95,,
952,2024-02-29 15:50:00,95,,
953,2024-02-29 15:50:00,95,,
954,2024-02-29 15:50:00,95,,
955,2024-02-29 15:50:00,95,,
956,2024-02-29 15:50:00,95,,
957,2024-02-29 15:50:00,95,,
958,2024-02-29 15:50:00,95,,
959,2024-02-29 15:50:00,95,,
960,2024-02-29 15:50:00,95,,
961,2024-02-29 15:50:00,95,,
962,2024-02-29 15:50:00,95,,
963,2024-02-29 15:50:00,95,,
964,2024-02-29 15:50:00,95,,
965,2024-02-29 15:50:00,95,,
966,2024-02-29 15:50:00,95,,
967,2024-02-29 15:50:00,95,,
968,2024-02-29 15:50:00,95,,
969,2024-02-29 15:50:00,95,,
970,2024-02-29 15:50:00,95,,
971,2024-02-29 15:50:00,95,,
972,2024-02-29 15:50:00,95,,
973,2024-02-29 15:50:00,95,,
974,2024-02-29 15:50:00,95,,
975,2024-02-29 15:50:00,95,,
976,2024-02-29 15:50:00,95,,
977,2024-02-29 15:50:00,95,,
978,2024-02-29 15:50:00,95,,
979,2024-02-29 15:50:00,95,,
980,2024-02-29 15:50:00,95,,
981,2024-02-29 15:50:00,95,,
982,2024-02-29 15:50:00,95,,
983,2024-02-29 15:50:00,95,,
984,2024-02-29 15:50:00,95,,
985,2024-02-29 15:50:00,95,,
986,2024-02-29 15:50:00,95,,
987,2024-02-29 15:50:00,95,,
988,2024-02-29 15:50:00,95,,
989,2024-02-29 15:50:00,95,,
990,2024-02-29 15:50:00,95,,
991,2024-02-29 15:50:00,95,,
992,2024-02-29 15:50:00,95,,
993,2024-02-29 15:50:00,95,,
994,2024-02-29 15:50:00,95,,
995,2024-02-29 15:50:00,95,,
996,2024-02-29 15:50:00,95,,
997,2024-02-29 15:50:00,95,,
998,2024-02-29 15:50:00,95,,
999,2024-02-29 15:50:00,95,,
1000,2024-02-29 15:50:00,95,,
1001,2024-02-29 15:50:00,95,,
1002,2024-02-29 15:50:00,95,,
1003,2024-02-29 15:50:00,95,,
1004,2024-02-29 15:50:00,95,,
1005,2024-02-29 15:50:00,95,,
1006,2024-02-29 15:50:00,95,,
792,2024-02-29 16:00:00,96,,
793,2024-02-29 16:00:00,96,,
794,2024-02-29 16:00:00,96,,
795,2024-02-29 16:00:00,96,,
796,2024-02-29 16:00:00,96,,
797,2024-02-29 16:00:00,96,,
798,2024-02-29 16:00:00,96,,
799,2024-02-29 16:00:00,96,,
800,2024-02-29 16:00:00,96,,
801,2024-02-29 16:00:00,96,,
802,2024-02-29 16:00:00,96,,
803,2024-02-29 16:00:00,96,,
804,2024-02-29 16:00:00,96,,
805,2024-02-29 16:00:00,96,,
806,2024-02-29 16:00:00,96,,
807,2024-02-29 16:00:00,96,,
808,2024-02-29 16:00:00,96,,
809,2024-02-29 16:00:00,96,,
810,2024-02-29 16:00:00,96,,
811,2024-02-29 16:00:00,96,,
812,2024-02-29 16:00:00,96,,
813,2024-02-29 16:00:00,96,,
814,2024-02-29 16:00:00,96,,
815,2024-02-29 16:00:00,96,,
816,2024-02-29 16:00:00,96,,
817,2024-02-29 16:00:00,96,,
818,2024-02-29 16:00:00,96,,
819,2024-02-29 16:00:00,96,,
820,2024-02-29 16:00:00,96,,
821,2024-02-29 16:00:00,96,,
822,2024-02-29 16:00:00,96,,
823,2024-02-29 16:00:00,96,,
824,2024-02-29 16:00:00,96,,
825,2024-02-29 16:00:00,96,,
826,2024-02-29 16:00:00,96,,
827,2024-02-29 16:00:00,96,,
828,2024-02-29 16:00:00,96,,
829,2024-02-29 16:00:00,96,,
830,2024-02-29 16:00:00,96,,
831,2024-02-29 16:00:00,96,,
832,2024-02-29 16:00:00,96,,
833,2024-02-29 16:00:00,96,,
834,2024-02-29 16:00:00,96,,
835,2024-02-29 16:00:00,96,,
836,2024-02-29 16:00:00,96,,
837,2024-02-29 16:00:00,96,,
838,2024-02-29 16:00:00,96,,
839,2024-02-29 16:00:00,96,,
840,2024-02-29 16:00:00,96,,
841,2024-02-29 16:00:00,96,,
842,2024-02-29 16:00:00,96,,
843,2024-02-29 16:00:00,96,,
844,2024-02-29 16:00:00,96,,
845,2024-02-29 16:00:00,96,,
846,2024-02-29 16:00:00,96,,
847,2024-02-29 16:00:00,96,,
848,2024-02-29 16:00:00,96,,
849,2024-02-29 16:00:00,96,,
850,2024-02-29 16:00:00,96,,
851,2024-02-29 16:00:00,96,,
852,2024-02-29 16:00:00,96,,
853,2024-02-29 16:00:00,96,,
854,2024-02-29 16:00:00,96,,
855,2024-02-29 16:00:00,96,,
856,2024-02-29 16:00:00,96,,
857,2024-02-29 16:00:00,96,,
858,2024-02-29 16:00:00,96,,
859,2024-02-29 16:00:00,96,,
860,2024-02-29 16:00:00,96,,
861,2024-02-29 16:00:00,96,,
862,2024-02-29 16:00:00,96,,
863,2024-02-29 16:00:00,96,,
864,2024-02-29 16:00:00,96,,
865,2024-02-29 16:00:00,96,,
866,2024-02-29 16:00:00,96,,
867,2024-02-29 16:00:00,96,,
868,2024-02-29 16:00:00,96,,
869,2024-02-29 16:00:00,96,,
870,2024-02-29 16:00:00,96,,
871,2024-02-29 16:00:00,96,,
872,2024-02-29 16:00:00,96,,
873,2024-02-29 16:00:00,96,,
874,2024-02-29 16:00:00,96,,
875,2024-02-29 16:00:00,96,,
876,2024-02-29 16:00:00,96,,
877,2024-02-29 16:00:00,96,,
878,2024-02-29 16:00:00,96,,
879,2024-02-29 16:00:00,96,,
880,2024-02-29 16:00:00,96,,
881,2024-02-29 16:00:00,96,,
882,2024-02-29 16:00:00,96,,
883,2024-02-29 16:00:00,96,,
884,2024-02-29 16:00:00,96,,
885,2024-02-29 16:00:00,96,,
886,2024-02-29 16:00:00,96,,
887,2024-02-29 16:00:00,96,,
888,2024-02-29 16:00:00,96,,
889,2024-02-29 16:00:00,96,,
890,2024-02-29 16:00:00,96,,
891,2024-02-29 16:00:00,96,,
892,2024-02-29 16:00:00,96,,
893,2024-02-29 16:00:00,96,,
894,2024-02-29 16:00:00,96,,
895,2024-02-29 16:00:00,96,,
896,2024-02-29 16:00:00,96,,
897,2024-02-29 16:00:00,96,,
898,2024-02-29 16:00:00,96,,
899,2024-02-29 16:00:00,96,,
900,2024-02-29 16:00:00,96,,
901,2024-02-29 16:00:00,96,,
902,2024-02-29 16:00:00,96,,
903,2024-02-29 16:00:00,96,,
904,2024-02-29 16:00:00,96,,
905,2024-02-29 16:00:00,96,,
906,2024-02-29 16:00:00,96,,
907,2024-02-29 16:00:00,96,,
908,2024-02-29 16:00:00,96,,
909,2024-02-29 16:00:00,96,,
910,2024-02-29 16:00:00,96,,
911,2024-02-29 16:00:00,96,,
912,2024-02-29 16:00:00,96,,
913,2024-02-29 16:00:00,96,,
914,2024-02-29 16:00:00,96,,
915,2024-02-29 16:00:00,96,,
916,2024-02-29 16:00:00,96,,
917,2024-02-29 16:00:00,96,,
918,2024-02-29 16:00:00,96,,
919,2024-02-29 16:00:00,96,,
920,2024-02-29 16:00:00,96,,
921,2024-02-29 16:00:00,96,,
922,2024-02-29 16:00:00,96,,
923,2024-02-29 16:00:00,96,,
924,2024-02-29 16:00:00,96,,
925,2024-02-29 16:00:00,96,,
926,2024-02-29 16:00:00,96,,
927,2024-02-29 16:00:00,96,,
928,2024-02-29 16:00:00,96,,
929,2024-02-29 16:00:00,96,,
930,2024-02-29 16:00:00,96,,
931,2024-02-29 16:00:00,96,,
932,2024-02-29 16:00:00,96,,
933,2024-02-29 16:00:00,96,,
934,2024-02-29 16:00:00,96,,
935,2024-02-29 16:00:00,96,,
936,2024-02-29 16:00:00,96,,
937,2024-02-29 16:00:00,96,,
938,2024-02-29 16:00:00,96,,
939,2024-02-29 16:00:00,96,,
940,2024-02-29 16:00:00,96,,
941,2024-02-29 16:00:00,96,,
942,2024-02-29 16:00:00,96,,
943,2024-02-29 16:00:00,96,,
944,2024-02-29 16:00:00,96,,
945,2024-02-29 16:00:00,96,,
946,2024-02-29 16:00:00,96,,
947,2024-02-29 16:00:00,96,,
948,2024-02-29 16:00:00,96,,
949,2024-02-29 16:00:00,96,,
950,2024-02-29 16:00:00,96,,
951,2024-02-29 16:00:00,96,,
952,2024-02-29 16:00:00,96,,
953,2024-02-29 16:00:00,96,,
954,2024-02-29 16:00:00,96,,
955,2024-02-29 16:00:00,96,,
956,2024-02-29 16:00:00,96,,
957,2024-02-29 16:00:00,96,,
958,2024-02-29 16:00:00,96,,
959,2024-02-29 16:00:00,96,,
960,2024-02-29 16:00:00,96,,
961,2024-02-29 16:00:00,96,,
962,2024-02-29 16:00:00,96,,
963,2024-02-29 16:00:00,96,,
964,2024-02-29 16:00:00,96,,
965,2024-02-29 16:00:00,96,,
966,2024-02-29 16:00:00,96,,
967,2024-02-29 16:00:00,96,,
968,2024-02-29 16:00:00,96,,
969,2024-02-29 16:00:00,96,,
970,2024-02-29 16:00:00,96,,
971,2024-02-29 16:00:00,96,,
972,2024-02-29 16:00:00,96,,
973,2024-02-29 16:00:00,96,,
974,2024-02-29 16:00:00,96,,
975,2024-02-29 16:00:00,96,,
976,2024-02-29 16:00:00,96,,
977,2024-02-29 16:00:00,96,,
978,2024-02-29 16:00:00,96,,
979,2024-02-29 16:00:00,96,,
980,2024-02-29 16:00:00,96,,
981,2024-02-29 16:00:00,96,,
982,2024-02-29 16:00:00,96,,
983,2024-02-29 16:00:00,96,,
984,2024-02-29 16:00:00,96,,
985,2024-02-29 16:00:00,96,,
986,2024-02-29 16:00:00,96,,
987,2024-02-29 16:00:00,96,,
988,2024-02-29 16:00:00,96,,
989,2024-02-29 16:00:00,96,,
990,2024-02-29 16:00:00,96,,
991,2024-02-29 16:00:00,96,,
992,2024-02-29 16:00:00,96,,
993,2024-02-29 16:00:00,96,,
994,2024-02-29 16:00:00,96,,
995,2024-02-29 16:00:00,96,,
996,2024-02-29 16:00:00,96,,
997,2024-02-29 16:00:00,96,,
998,2024-02-29 16:00:00,96,,
999,2024-02-29 16:00:00,96,,
1000,2024-02-29 16:00:00,96,,
1001,2024-02-29 16:00:00,96,,
1002,2024-02-29 16:00:00,96,,
1003,2024-02-29 16:00:00,96,,
1004,2024-02-29 16:00:00,96,,
1005,2024-02-29 16:00:00,96,,
1006,2024-02-29 16:00:00,96,,
792,2024-02-29 16:10:00,97,,
793,2024-02-29 16:10:00,97,,
794,2024-02-29 16:10:00,97,,
795,2024-02-29 16:10:00,97,,
796,2024-02-29 16:10:00,97,,
797,2024-02-29 16:10:00,97,,
798,2024-02-29 16:10:00,97,,
799,2024-02-29 16:10:00,97,,
800,2024-02-29 16:10:00,97,,
801,2024-02-29 16:10:00,97,,
802,2024-02-29 16:10:00,97,,
803,2024-02-29 16:10:00,97,,
804,2024-02-29 16:10:00,97,,
805,2024-02-29 16:10:00,97,,
806,2024-02-29 16:10:00,97,,
807,2024-02-29 16:10:00,97,,
808,2024-02-29 16:10:00,97,,
809,2024-02-29 16:10:00,97,,
810,2024-02-29 16:10:00,97,,
811,2024-02-29 16:10:00,97,,
812,2024-02-29 16:10:00,97,,
813,2024-02-29 16:10:00,97,,
814,2024-02-29 16:10:00,97,,
815,2024-02-29 16:10:00,97,,
816,2024-02-29 16:10:00,97,,
817,2024-02-29 16:10:00,97,,
818,2024-02-29 16:10:00,97,,
819,2024-02-29 16:10:00,97,,
820,2024-02-29 16:10:00,97,,
821,2024-02-29 16:10:00,97,,
822,2024-02-29 16:10:00,97,,
823,2024-02-29 16:10:00,97,,
824,2024-02-29 16:10:00,97,,
825,2024-02-29 16:10:00,97,,
826,2024-02-29 16:10:00,97,,
827,2024-02-29 16:10:00,97,,
828,2024-02-29 16:10:00,97,,
829,2024-02-29 16:10:00,97,,
830,2024-02-29 16:10:00,97,,
831,2024-02-29 16:10:00,97,,
832,2024-02-29 16:10:00,97,,
833,2024-02-29 16:10:00,97,,
834,2024-02-29 16:10:00,97,,
835,2024-02-29 16:10:00,97,,
836,2024-02-29 16:10:00,97,,
837,2024-02-29 16:10:00,97,,
838,2024-02-29 16:10:00,97,,
839,2024-02-29 16:10:00,97,,
840,2024-02-29 16:10:00,97,,
841,2024-02-29 16:10:00,97,,
842,2024-02-29 16:10:00,97,,
843,2024-02-29 16:10:00,97,,
844,2024-02-29 16:10:00,97,,
845,2024-02-29 16:10:00,97,,
846,2024-02-29 16:10:00,97,,
847,2024-02-29 16:10:00,97,,
848,2024-02-29 16:10:00,97,,
849,2024-02-29 16:10:00,97,,
850,2024-02-29 16:10:00,97,,
851,2024-02-29 16:10:00,97,,
852,2024-02-29 16:10:00,97,,
853,2024-02-29 16:10:00,97,,
854,2024-02-29 16:10:00,97,,
855,2024-02-29 16:10:00,97,,
856,2024-02-29 16:10:00,97,,
857,2024-02-29 16:10:00,97,,
858,2024-02-29 16:10:00,97,,
859,2024-02-29 16:10:00,97,,
860,2024-02-29 16:10:00,97,,
861,2024-02-29 16:10:00,97,,
862,2024-02-29 16:10:00,97,,
863,2024-02-29 16:10:00,97,,
864,2024-02-29 16:10:00,97,,
865,2024-02-29 16:10:00,97,,
866,2024-02-29 16:10:00,97,,
867,2024-02-29 16:10:00,97,,
868,2024-02-29 16:10:00,97,,
869,2024-02-29 16:10:00,97,,
870,2024-02-29 16:10:00,97,,
871,2024-02-29 16:10:00,97,,
872,2024-02-29 16:10:00,97,,
873,2024-02-29 16:10:00,97,,
874,2024-02-29 16:10:00,97,,
875,2024-02-29 16:10:00,97,,
876,2024-02-29 16:10:00,97,,
877,2024-02-29 16:10:00,97,,
878,2024-02-29 16:10:00,97,,
879,2024-02-29 16:10:00,97,,
880,2024-02-29 16:10:00,97,,
881,2024-02-29 16:10:00,97,,
882,2024-02-29 16:10:00,97,,
883,2024-02-29 16:10:00,97,,
884,2024-02-29 16:10:00,97,,
885,2024-02-29 16:10:00,97,,
886,2024-02-29 16:10:00,97,,
887,2024-02-29 16:10:00,97,,
888,2024-02-29 16:10:00,97,,
889,2024-02-29 16:10:00,97,,
890,2024-02-29 16:10:00,97,,
891,2024-02-29 16:10:00,97,,
892,2024-02-29 16:10:00,97,,
893,2024-02-29 16:10:00,97,,
894,2024-02-29 16:10:00,97,,
895,2024-02-29 16:10:00,97,,
896,2024-02-29 16:10:00,97,,
897,2024-02-29 16:10:00,97,,
898,2024-02-29 16:10:00,97,,
899,2024-02-29 16:10:00,97,,
900,2024-02-29 16:10:00,97,,
901,2024-02-29 16:10:00,97,,
902,2024-02-29 16:10:00,97,,
903,2024-02-29 16:10:00,97,,
904,2024-02-29 16:10:00,97,,
905,2024-02-29 16:10:00,97,,
906,2024-02-29 16:10:00,97,,
907,2024-02-29 16:10:00,97,,
908,2024-02-29 16:10:00,97,,
909,2024-02-29 16:10:00,97,,
910,2024-02-29 16:10:00,97,,
911,2024-02-29 16:10:00,97,,
912,2024-02-29 16:10:00,97,,
913,2024-02-29 16:10:00,97,,
914,2024-02-29 16:10:00,97,,
915,2024-02-29 16:10:00,97,,
916,2024-02-29 16:10:00,97,,
917,2024-02-29 16:10:00,97,,
918,2024-02-29 16:10:00,97,,
919,2024-02-29 16:10:00,97,,
920,2024-02-29 16:10:00,97,,
921,2024-02-29 16:10:00,97,,
922,2024-02-29 16:10:00,97,,
923,2024-02-29 16:10:00,97,,
924,2024-02-29 16:10:00,97,,
925,2024-02-29 16:10:00,97,,
926,2024-02-29 16:10:00,97,,
927,2024-02-29 16:10:00,97,,
928,2024-02-29 16:10:00,97,,
929,2024-02-29 16:10:00,97,,
930,2024-02-29 16:10:00,97,,
931,2024-02-29 16:10:00,97,,
932,2024-02-29 16:10:00,97,,
933,2024-02-29 16:10:00,97,,
934,2024-02-29 16:10:00,97,,
935,2024-02-29 16:10:00,97,,
936,2024-02-29 16:10:00,97,,
937,2024-02-29 16:10:00,97,,
938,2024-02-29 16:10:00,97,,
939,2024-02-29 16:10:00,97,,
940,2024-02-29 16:10:00,97,,
941,2024-02-29 16:10:00,97,,
942,2024-02-29 16:10:00,97,,
943,2024-02-29 16:10:00,97,,
944,2024-02-29 16:10:00,97,,
945,2024-02-29 16:10:00,97,,
946,2024-02-29 16:10:00,97,,
947,2024-02-29 16:10:00,97,,
948,2024-02-29 16:10:00,97,,
949,2024-02-29 16:10:00,97,,
950,2024-02-29 16:10:00,97,,
951,2024-02-29 16:10:00,97,,
952,2024-02-29 16:10:00,97,,
953,2024-02-29 16:10:00,97,,
954,2024-02-29 16:10:00,97,,
955,2024-02-29 16:10:00,97,,
956,2024-02-29 16:10:00,97,,
957,2024-02-29 16:10:00,97,,
958,2024-02-29 16:10:00,97,,
959,2024-02-29 16:10:00,97,,
960,2024-02-29 16:10:00,97,,
961,2024-02-29 16:10:00,97,,
962,2024-02-29 16:10:00,97,,
963,2024-02-29 16:10:00,97,,
964,2024-02-29 16:10:00,97,,
965,2024-02-29 16:10:00,97,,
966,2024-02-29 16:10:00,97,,
967,2024-02-29 16:10:00,97,,
968,2024-02-29 16:10:00,97,,
969,2024-02-29 16:10:00,97,,
970,2024-02-29 16:10:00,97,,
971,2024-02-29 16:10:00,97,,
972,2024-02-29 16:10:00,97,,
973,2024-02-29 16:10:00,97,,
974,2024-02-29 16:10:00,97,,
975,2024-02-29 16:10:00,97,,
976,2024-02-29 16:10:00,97,,
977,2024-02-29 16:10:00,97,,
978,2024-02-29 16:10:00,97,,
979,2024-02-29 16:10:00,97,,
980,2024-02-29 16:10:00,97,,
981,2024-02-29 16:10:00,97,,
982,2024-02-29 16:10:00,97,,
983,2024-02-29 16:10:00,97,,
984,2024-02-29 16:10:00,97,,
985,2024-02-29 16:10:00,97,,
986,2024-02-29 16:10:00,97,,
987,2024-02-29 16:10:00,97,,
988,2024-02-29 16:10:00,97,,
989,2024-02-29 16:10:00,97,,
990,2024-02-29 16:10:00,97,,
991,2024-02-29 16:10:00,97,,
992,2024-02-29 16:10:00,97,,
993,2024-02-29 16:10:00,97,,
994,2024-02-29 16:10:00,97,,
995,2024-02-29 16:10:00,97,,
996,2024-02-29 16:10:00,97,,
997,2024-02-29 16:10:00,97,,
998,2024-02-29 16:10:00,97,,
999,2024-02-29 16:10:00,97,,
1000,2024-02-29 16:10:00,97,,
1001,2024-02-29 16:10:00,97,,
1002,2024-02-29 16:10:00,97,,
1003,2024-02-29 16:10:00,97,,
1004,2024-02-29 16:10:00,97,,
1005,2024-02-29 16:10:00,97,,
1006,2024-02-29 16:10:00,97,,
792,2024-02-29 16:20:00,98,,
793,2024-02-29 16:20:00,98,,
794,2024-02-29 16:20:00,98,,
795,2024-02-29 16:20:00,98,,
796,2024-02-29 16:20:00,98,,
797,2024-02-29 16:20:00,98,,
798,2024-02-29 16:20:00,98,,
799,2024-02-29 16:20:00,98,,
800,2024-02-29 16:20:00,98,,
801,2024-02-29 16:20:00,98,,
802,2024-02-29 16:20:00,98,,
803,2024-02-29 16:20:00,98,,
804,2024-02-29 16:20:00,98,,
805,2024-02-29 16:20:00,98,,
806,2024-02-29 16:20:00,98,,
807,2024-02-29 16:20:00,98,,
808,2024-02-29 16:20:00,98,,
809,2024-02-29 16:20:00,98,,
810,2024-02-29 16:20:00,98,,
811,2024-02-29 16:20:00,98,,
812,2024-02-29 16:20:00,98,,
813,2024-02-29 16:20:00,98,,
814,2024-02-29 16:20:00,98,,
815,2024-02-29 16:20:00,98,,
816,2024-02-29 16:20:00,98,,
817,2024-02-29 16:20:00,98,,
818,2024-02-29 16:20:00,98,,
819,2024-02-29 16:20:00,98,,
820,2024-02-29 16:20:00,98,,
821,2024-02-29 16:20:00,98,,
822,2024-02-29 16:20:00,98,,
823,2024-02-29 16:20:00,98,,
824,2024-02-29 16:20:00,98,,
825,2024-02-29 16:20:00,98,,
826,2024-02-29 16:20:00,98,,
827,2024-02-29 16:20:00,98,,
828,2024-02-29 16:20:00,98,,
829,2024-02-29 16:20:00,98,,
830,2024-02-29 16:20:00,98,,
831,2024-02-29 16:20:00,98,,
832,2024-02-29 16:20:00,98,,
833,2024-02-29 16:20:00,98,,
834,2024-02-29 16:20:00,98,,
835,2024-02-29 16:20:00,98,,
836,2024-02-29 16:20:00,98,,
837,2024-02-29 16:20:00,98,,
838,2024-02-29 16:20:00,98,,
839,2024-02-29 16:20:00,98,,
840,2024-02-29 16:20:00,98,,
841,2024-02-29 16:20:00,98,,
842,2024-02-29 16:20:00,98,,
843,2024-02-29 16:20:00,98,,
844,2024-02-29 16:20:00,98,,
845,2024-02-29 16:20:00,98,,
846,2024-02-29 16:20:00,98,,
847,2024-02-29 16:20:00,98,,
848,2024-02-29 16:20:00,98,,
849,2024-02-29 16:20:00,98,,
850,2024-02-29 16:20:00,98,,
851,2024-02-29 16:20:00,98,,
852,2024-02-29 16:20:00,98,,
853,2024-02-29 16:20:00,98,,
854,2024-02-29 16:20:00,98,,
855,2024-02-29 16:20:00,98,,
856,2024-02-29 16:20:00,98,,
857,2024-02-29 16:20:00,98,,
858,2024-02-29 16:20:00,98,,
859,2024-02-29 16:20:00,98,,
860,2024-02-29 16:20:00,98,,
861,2024-02-29 16:20:00,98,,
862,2024-02-29 16:20:00,98,,
863,2024-02-29 16:20:00,98,,
864,2024-02-29 16:20:00,98,,
865,2024-02-29 16:20:00,98,,
866,2024-02-29 16:20:00,98,,
867,2024-02-29 16:20:00,98,,
868,2024-02-29 16:20:00,98,,
869,2024-02-29 16:20:00,98,,
870,2024-02-29 16:20:00,98,,
871,2024-02-29 16:20:00,98,,
872,2024-02-29 16:20:00,98,,
873,2024-02-29 16:20:00,98,,
874,2024-02-29 16:20:00,98,,
875,2024-02-29 16:20:00,98,,
876,2024-02-29 16:20:00,98,,
877,2024-02-29 16:20:00,98,,
878,2024-02-29 16:20:00,98,,
879,2024-02-29 16:20:00,98,,
880,2024-02-29 16:20:00,98,,
881,2024-02-29 16:20:00,98,,
882,2024-02-29 16:20:00,98,,
883,2024-02-29 16:20:00,98,,
884,2024-02-29 16:20:00,98,,
885,2024-02-29 16:20:00,98,,
886,2024-02-29 16:20:00,98,,
887,2024-02-29 16:20:00,98,,
888,2024-02-29 16:20:00,98,,
889,2024-02-29 16:20:00,98,,
890,2024-02-29 16:20:00,98,,
891,2024-02-29 16:20:00,98,,
892,2024-02-29 16:20:00,98,,
893,2024-02-29 16:20:00,98,,
894,2024-02-29 16:20:00,98,,
895,2024-02-29 16:20:00,98,,
896,2024-02-29 16:20:00,98,,
897,2024-02-29 16:20:00,98,,
898,2024-02-29 16:20:00,98,,
899,2024-02-29 16:20:00,98,,
900,2024-02-29 16:20:00,98,,
901,2024-02-29 16:20:00,98,,
902,2024-02-29 16:20:00,98,,
903,2024-02-29 16:20:00,98,,
904,2024-02-29 16:20:00,98,,
905,2024-02-29 16:20:00,98,,
906,2024-02-29 16:20:00,98,,
907,2024-02-29 16:20:00,98,,
908,2024-02-29 16:20:00,98,,
909,2024-02-29 16:20:00,98,,
910,2024-02-29 16:20:00,98,,
911,2024-02-29 16:20:00,98,,
912,2024-02-29 16:20:00,98,,
913,2024-02-29 16:20:00,98,,
914,2024-02-29 16:20:00,98,,
915,2024-02-29 16:20:00,98,,
916,2024-02-29 16:20:00,98,,
917,2024-02-29 16:20:00,98,,
918,2024-02-29 16:20:00,98,,
919,2024-02-29 16:20:00,98,,
920,2024-02-29 16:20:00,98,,
921,2024-02-29 16:20:00,98,,
922,2024-02-29 16:20:00,98,,
923,2024-02-29 16:20:00,98,,
924,2024-02-29 16:20:00,98,,
925,2024-02-29 16:20:00,98,,
926,2024-02-29 16:20:00,98,,
927,2024-02-29 16:20:00,98,,
928,2024-02-29 16:20:00,98,,
929,2024-02-29 16:20:00,98,,
930,2024-02-29 16:20:00,98,,
931,2024-02-29 16:20:00,98,,
932,2024-02-29 16:20:00,98,,
933,2024-02-29 16:20:00,98,,
934,2024-02-29 16:20:00,98,,
935,2024-02-29 16:20:00,98,,
936,2024-02-29 16:20:00,98,,
937,2024-02-29 16:20:00,98,,
938,2024-02-29 16:20:00,98,,
939,2024-02-29 16:20:00,98,,
940,2024-02-29 16:20:00,98,,
941,2024-02-29 16:20:00,98,,
942,2024-02-29 16:20:00,98,,
943,2024-02-29 16:20:00,98,,
944,2024-02-29 16:20:00,98,,
945,2024-02-29 16:20:00,98,,
946,2024-02-29 16:20:00,98,,
947,2024-02-29 16:20:00,98,,
948,2024-02-29 16:20:00,98,,
949,2024-02-29 16:20:00,98,,
950,2024-02-29 16:20:00,98,,
951,2024-02-29 16:20:00,98,,
952,2024-02-29 16:20:00,98,,
953,2024-02-29 16:20:00,98,,
954,2024-02-29 16:20:00,98,,
955,2024-02-29 16:20:00,98,,
956,2024-02-29 16:20:00,98,,
957,2024-02-29 16:20:00,98,,
958,2024-02-29 16:20:00,98,,
959,2024-02-29 16:20:00,98,,
960,2024-02-29 16:20:00,98,,
961,2024-02-29 16:20:00,98,,
962,2024-02-29 16:20:00,98,,
963,2024-02-29 16:20:00,98,,
964,2024-02-29 16:20:00,98,,
965,2024-02-29 16:20:00,98,,
966,2024-02-29 16:20:00,98,,
967,2024-02-29 16:20:00,98,,
968,2024-02-29 16:20:00,98,,
969,2024-02-29 16:20:00,98,,
970,2024-02-29 16:20:00,98,,
971,2024-02-29 16:20:00,98,,
972,2024-02-29 16:20:00,98,,
973,2024-02-29 16:20:00,98,,
974,2024-02-29 16:20:00,98,,
975,2024-02-29 16:20:00,98,,
976,2024-02-29 16:20:00,98,,
977,2024-02-29 16:20:00,98,,
978,2024-02-29 16:20:00,98,,
979,2024-02-29 16:20:00,98,,
980,2024-02-29 16:20:00,98,,
981,2024-02-29 16:20:00,98,,
982,2024-02-29 16:20:00,98,,
983,2024-02-29 16:20:00,98,,
984,2024-02-29 16:20:00,98,,
985,2024-02-29 16:20:00,98,,
986,2024-02-29 16:20:00,98,,
987,2024-02-29 16:20:00,98,,
988,2024-02-29 16:20:00,98,,
989,2024-02-29 16:20:00,98,,
990,2024-02-29 16:20:00,98,,
991,2024-02-29 16:20:00,98,,
992,2024-02-29 16:20:00,98,,
993,2024-02-29 16:20:00,98,,
994,2024-02-29 16:20:00,98,,
995,2024-02-29 16:20:00,98,,
996,2024-02-29 16:20:00,98,,
997,2024-02-29 16:20:00,98,,
998,2024-02-29 16:20:00,98,,
999,2024-02-29 16:20:00,98,,
1000,2024-02-29 16:20:00,98,,
1001,2024-02-29 16:20:00,98,,
1002,2024-02-29 16:20:00,98,,
1003,2024-02-29 16:20:00,98,,
1004,2024-02-29 16:20:00,98,,
1005,2024-02-29 16:20:00,98,,
1006,2024-02-29 16:20:00,98,,
792,2024-02-29 16:30:00,99,,
793,2024-02-29 16:30:00,99,,
794,2024-02-29 16:30:00,99,,
795,2024-02-29 16:30:00,99,,
796,2024-02-29 16:30:00,99,,
797,2024-02-29 16:30:00,99,,
798,2024-02-29 16:30:00,99,,
799,2024-02-29 16:30:00,99,,
800,2024-02-29 16:30:00,99,,
801,2024-02-29 16:30:00,99,,
802,2024-02-29 16:30:00,99,,
803,2024-02-29 16:30:00,99,,
804,2024-02-29 16:30:00,99,,
805,2024-02-29 16:30:00,99,,
806,2024-02-29 16:30:00,99,,
807,2024-02-29 16:30:00,99,,
808,2024-02-29 16:30:00,99,,
809,2024-02-29 16:30:00,99,,
810,2024-02-29 16:30:00,99,,
811,2024-02-29 16:30:00,99,,
812,2024-02-29 16:30:00,99,,
813,2024-02-29 16:30:00,99,,
814,2024-02-29 16:30:00,99,,
815,2024-02-29 16:30:00,99,,
816,2024-02-29 16:30:00,99,,
817,2024-02-29 16:30:00,99,,
818,2024-02-29 16:30:00,99,,
819,2024-02-29 16:30:00,99,,
820,2024-02-29 16:30:00,99,,
821,2024-02-29 16:30:00,99,,
822,2024-02-29 16:30:00,99,,
823,2024-02-29 16:30:00,99,,
824,2024-02-29 16:30:00,99,,
825,2024-02-29 16:30:00,99,,
826,2024-02-29 16:30:00,99,,
827,2024-02-29 16:30:00,99,,
828,2024-02-29 16:30:00,99,,
829,2024-02-29 16:30:00,99,,
830,2024-02-29 16:30:00,99,,
831,2024-02-29 16:30:00,99,,
832,2024-02-29 16:30:00,99,,
833,2024-02-29 16:30:00,99,,
834,2024-02-29 16:30:00,99,,
835,2024-02-29 16:30:00,99,,
836,2024-02-29 16:30:00,99,,
837,2024-02-29 16:30:00,99,,
838,2024-02-29 16:30:00,99,,
839,2024-02-29 16:30:00,99,,
840,2024-02-29 16:30:00,99,,
841,2024-02-29 16:30:00,99,,
842,2024-02-29 16:30:00,99,,
843,2024-02-29 16:30:00,99,,
844,2024-02-29 16:30:00,99,,
845,2024-02-29 16:30:00,99,,
846,2024-02-29 16:30:00,99,,
847,2024-02-29 16:30:00,99,,
848,2024-02-29 16:30:00,99,,
849,2024-02-29 16:30:00,99,,
850,2024-02-29 16:30:00,99,,
851,2024-02-29 16:30:00,99,,
852,2024-02-29 16:30:00,99,,
853,2024-02-29 16:30:00,99,,
854,2024-02-29 16:30:00,99,,
855,2024-02-29 16:30:00,99,,
856,2024-02-29 16:30:00,99,,
857,2024-02-29 16:30:00,99,,
858,2024-02-29 16:30:00,99,,
859,2024-02-29 16:30:00,99,,
860,2024-02-29 16:30:00,99,,
861,2024-02-29 16:30:00,99,,
862,2024-02-29 16:30:00,99,,
863,2024-02-29 16:30:00,99,,
864,2024-02-29 16:30:00,99,,
865,2024-02-29 16:30:00,99,,
866,2024-02-29 16:30:00,99,,
867,2024-02-29 16:30:00,99,,
868,2024-02-29 16:30:00,99,,
869,2024-02-29 16:30:00,99,,
870,2024-02-29 16:30:00,99,,
871,2024-02-29 16:30:00,99,,
872,2024-02-29 16:30:00,99,,
873,2024-02-29 16:30:00,99,,
874,2024-02-29 16:30:00,99,,
875,2024-02-29 16:30:00,99,,
876,2024-02-29 16:30:00,99,,
877,2024-02-29 16:30:00,99,,
878,2024-02-29 16:30:00,99,,
879,2024-02-29 16:30:00,99,,
880,2024-02-29 16:30:00,99,,
881,2024-02-29 16:30:00,99,,
882,2024-02-29 16:30:00,99,,
883,2024-02-29 16:30:00,99,,
884,2024-02-29 16:30:00,99,,
885,2024-02-29 16:30:00,99,,
886,2024-02-29 16:30:00,99,,
887,2024-02-29 16:30:00,99,,
888,2024-02-29 16:30:00,99,,
889,2024-02-29 16:30:00,99,,
890,2024-02-29 16:30:00,99,,
891,2024-02-29 16:30:00,99,,
892,2024-02-29 16:30:00,99,,
893,2024-02-29 16:30:00,99,,
894,2024-02-29 16:30:00,99,,
895,2024-02-29 16:30:00,99,,
896,2024-02-29 16:30:00,99,,
897,2024-02-29 16:30:00,99,,
898,2024-02-29 16:30:00,99,,
899,2024-02-29 16:30:00,99,,
900,2024-02-29 16:30:00,99,,
901,2024-02-29 16:30:00,99,,
902,2024-02-29 16:30:00,99,,
903,2024-02-29 16:30:00,99,,
904,2024-02-29 16:30:00,99,,
905,2024-02-29 16:30:00,99,,
906,2024-02-29 16:30:00,99,,
907,2024-02-29 16:30:00,99,,
908,2024-02-29 16:30:00,99,,
909,2024-02-29 16:30:00,99,,
910,2024-02-29 16:30:00,99,,
911,2024-02-29 16:30:00,99,,
912,2024-02-29 16:30:00,99,,
913,2024-02-29 16:30:00,99,,
914,2024-02-29 16:30:00,99,,
915,2024-02-29 16:30:00,99,,
916,2024-02-29 16:30:00,99,,
917,2024-02-29 16:30:00,99,,
918,2024-02-29 16:30:00,99,,
919,2024-02-29 16:30:00,99,,
920,2024-02-29 16:30:00,99,,
921,2024-02-29 16:30:00,99,,
922,2024-02-29 16:30:00,99,,
923,2024-02-29 16:30:00,99,,
924,2024-02-29 16:30:00,99,,
925,2024-02-29 16:30:00,99,,
926,2024-02-29 16:30:00,99,,
927,2024-02-29 16:30:00,99,,
928,2024-02-29 16:30:00,99,,
929,2024-02-29 16:30:00,99,,
930,2024-02-29 16:30:00,99,,
931,2024-02-29 16:30:00,99,,
932,2024-02-29 16:30:00,99,,
933,2024-02-29 16:30:00,99,,
934,2024-02-29 16:30:00,99,,
935,2024-02-29 16:30:00,99,,
936,2024-02-29 16:30:00,99,,
937,2024-02-29 16:30:00,99,,
938,2024-02-29 16:30:00,99,,
939,2024-02-29 16:30:00,99,,
940,2024-02-29 16:30:00,99,,
941,2024-02-29 16:30:00,99,,
942,2024-02-29 16:30:00,99,,
943,2024-02-29 16:30:00,99,,
944,2024-02-29 16:30:00,99,,
945,2024-02-29 16:30:00,99,,
946,2024-02-29 16:30:00,99,,
947,2024-02-29 16:30:00,99,,
948,2024-02-29 16:30:00,99,,
949,2024-02-29 16:30:00,99,,
950,2024-02-29 16:30:00,99,,
951,2024-02-29 16:30:00,99,,
952,2024-02-29 16:30:00,99,,
953,2024-02-29 16:30:00,99,,
954,2024-02-29 16:30:00,99,,
955,2024-02-29 16:30:00,99,,
956,2024-02-29 16:30:00,99,,
957,2024-02-29 16:30:00,99,,
958,2024-02-29 16:30:00,99,,
959,2024-02-29 16:30:00,99,,
960,2024-02-29 16:30:00,99,,
961,2024-02-29 16:30:00,99,,
962,2024-02-29 16:30:00,99,,
963,2024-02-29 16:30:00,99,,
964,2024-02-29 16:30:00,99,,
965,2024-02-29 16:30:00,99,,
966,2024-02-29 16:30:00,99,,
967,2024-02-29 16:30:00,99,,
968,2024-02-29 16:30:00,99,,
969,2024-02-29 16:30:00,99,,
970,2024-02-29 16:30:00,99,,
971,2024-02-29 16:30:00,99,,
972,2024-02-29 16:30:00,99,,
973,2024-02-29 16:30:00,99,,
974,2024-02-29 16:30:00,99,,
975,2024-02-29 16:30:00,99,,
976,2024-02-29 16:30:00,99,,
977,2024-02-29 16:30:00,99,,
978,2024-02-29 16:30:00,99,,
979,2024-02-29 16:30:00,99,,
980,2024-02-29 16:30:00,99,,
981,2024-02-29 16:30:00,99,,
982,2024-02-29 16:30:00,99,,
983,2024-02-29 16:30:00,99,,
984,2024-02-29 16:30:00,99,,
985,2024-02-29 16:30:00,99,,
986,2024-02-29 16:30:00,99,,
987,2024-02-29 16:30:00,99,,
988,2024-02-29 16:30:00,99,,
989,2024-02-29 16:30:00,99,,
990,2024-02-29 16:30:00,99,,
991,2024-02-29 16:30:00,99,,
992,2024-02-29 16:30:00,99,,
993,2024-02-29 16:30:00,99,,
994,2024-02-29 16:30:00,99,,
995,2024-02-29 16:30:00,99,,
996,2024-02-29 16:30:00,99,,
997,2024-02-29 16:30:00,99,,
998,2024-02-29 16:30:00,99,,
999,2024-02-29 16:30:00,99,,
1000,2024-02-29 16:30:00,99,,
1001,2024-02-29 16:30:00,99,,
1002,2024-02-29 16:30:00,99,,
1003,2024-02-29 16:30:00,99,,
1004,2024-02-29 16:30:00,99,,
1005,2024-02-29 16:30:00,99,,
1006,2024-02-29 16:30:00,99,,
792,2024-02-29 16:40:00,100,,
793,2024-02-29 16:40:00,100,,
794,2024-02-29 16:40:00,100,,
795,2024-02-29 16:40:00,100,,
796,2024-02-29 16:40:00,100,,
797,2024-02-29 16:40:00,100,,
798,2024-02-29 16:40:00,100,,
799,2024-02-29 16:40:00,100,,
800,2024-02-29 16:40:00,100,,
801,2024-02-29 16:40:00,100,,
802,2024-02-29 16:40:00,100,,
803,2024-02-29 16:40:00,100,,
804,2024-02-29 16:40:00,100,,
805,2024-02-29 16:40:00,100,,
806,2024-02-29 16:40:00,100,,
807,2024-02-29 16:40:00,100,,
808,2024-02-29 16:40:00,100,,
809,2024-02-29 16:40:00,100,,
810,2024-02-29 16:40:00,100,,
811,2024-02-29 16:40:00,100,,
812,2024-02-29 16:40:00,100,,
813,2024-02-29 16:40:00,100,,
814,2024-02-29 16:40:00,100,,
815,2024-02-29 16:40:00,100,,
816,2024-02-29 16:40:00,100,,
817,2024-02-29 16:40:00,100,,
818,2024-02-29 16:40:00,100,,
819,2024-02-29 16:40:00,100,,
820,2024-02-29 16:40:00,100,,
821,2024-02-29 16:40:00,100,,
822,2024-02-29 16:40:00,100,,
823,2024-02-29 16:40:00,100,,
824,2024-02-29 16:40:00,100,,
825,2024-02-29 16:40:00,100,,
826,2024-02-29 16:40:00,100,,
827,2024-02-29 16:40:00,100,,
828,2024-02-29 16:40:00,100,,
829,2024-02-29 16:40:00,100,,
830,2024-02-29 16:40:00,100,,
831,2024-02-29 16:40:00,100,,
832,2024-02-29 16:40:00,100,,
833,2024-02-29 16:40:00,100,,
834,2024-02-29 16:40:00,100,,
835,2024-02-29 16:40:00,100,,
836,2024-02-29 16:40:00,100,,
837,2024-02-29 16:40:00,100,,
838,2024-02-29 16:40:00,100,,
839,2024-02-29 16:40:00,100,,
840,2024-02-29 16:40:00,100,,
841,2024-02-29 16:40:00,100,,
842,2024-02-29 16:40:00,100,,
843,2024-02-29 16:40:00,100,,
844,2024-02-29 16:40:00,100,,
845,2024-02-29 16:40:00,100,,
846,2024-02-29 16:40:00,100,,
847,2024-02-29 16:40:00,100,,
848,2024-02-29 16:40:00,100,,
849,2024-02-29 16:40:00,100,,
850,2024-02-29 16:40:00,100,,
851,2024-02-29 16:40:00,100,,
852,2024-02-29 16:40:00,100,,
853,2024-02-29 16:40:00,100,,
854,2024-02-29 16:40:00,100,,
855,2024-02-29 16:40:00,100,,
856,2024-02-29 16:40:00,100,,
857,2024-02-29 16:40:00,100,,
858,2024-02-29 16:40:00,100,,
859,2024-02-29 16:40:00,100,,
860,2024-02-29 16:40:00,100,,
861,2024-02-29 16:40:00,100,,
862,2024-02-29 16:40:00,100,,
863,2024-02-29 16:40:00,100,,
864,2024-02-29 16:40:00,100,,
865,2024-02-29 16:40:00,100,,
866,2024-02-29 16:40:00,100,,
867,2024-02-29 16:40:00,100,,
868,2024-02-29 16:40:00,100,,
869,2024-02-29 16:40:00,100,,
870,2024-02-29 16:40:00,100,,
871,2024-02-29 16:40:00,100,,
872,2024-02-29 16:40:00,100,,
873,2024-02-29 16:40:00,100,,
874,2024-02-29 16:40:00,100,,
875,2024-02-29 16:40:00,100,,
876,2024-02-29 16:40:00,100,,
877,2024-02-29 16:40:00,100,,
878,2024-02-29 16:40:00,100,,
879,2024-02-29 16:40:00,100,,
880,2024-02-29 16:40:00,100,,
881,2024-02-29 16:40:00,100,,
882,2024-02-29 16:40:00,100,,
883,2024-02-29 16:40:00,100,,
884,2024-02-29 16:40:00,100,,
885,2024-02-29 16:40:00,100,,
886,2024-02-29 16:40:00,100,,
887,2024-02-29 16:40:00,100,,
888,2024-02-29 16:40:00,100,,
889,2024-02-29 16:40:00,100,,
890,2024-02-29 16:40:00,100,,
891,2024-02-29 16:40:00,100,,
892,2024-02-29 16:40:00,100,,
893,2024-02-29 16:40:00,100,,
894,2024-02-29 16:40:00,100,,
895,2024-02-29 16:40:00,100,,
896,2024-02-29 16:40:00,100,,
897,2024-02-29 16:40:00,100,,
898,2024-02-29 16:40:00,100,,
899,2024-02-29 16:40:00,100,,
900,2024-02-29 16:40:00,100,,
901,2024-02-29 16:40:00,100,,
902,2024-02-29 16:40:00,100,,
903,2024-02-29 16:40:00,100,,
904,2024-02-29 16:40:00,100,,
905,2024-02-29 16:40:00,100,,
906,2024-02-29 16:40:00,100,,
907,2024-02-29 16:40:00,100,,
908,2024-02-29 16:40:00,100,,
909,2024-02-29 16:40:00,100,,
910,2024-02-29 16:40:00,100,,
911,2024-02-29 16:40:00,100,,
912,2024-02-29 16:40:00,100,,
913,2024-02-29 16:40:00,100,,
914,2024-02-29 16:40:00,100,,
915,2024-02-29 16:40:00,100,,
916,2024-02-29 16:40:00,100,,
917,2024-02-29 16:40:00,100,,
918,2024-02-29 16:40:00,100,,
919,2024-02-29 16:40:00,100,,
920,2024-02-29 16:40:00,100,,
921,2024-02-29 16:40:00,100,,
922,2024-02-29 16:40:00,100,,
923,2024-02-29 16:40:00,100,,
924,2024-02-29 16:40:00,100,,
925,2024-02-29 16:40:00,100,,
926,2024-02-29 16:40:00,100,,
927,2024-02-29 16:40:00,100,,
928,2024-02-29 16:40:00,100,,
929,2024-02-29 16:40:00,100,,
930,2024-02-29 16:40:00,100,,
931,2024-02-29 16:40:00,100,,
932,2024-02-29 16:40:00,100,,
933,2024-02-29 16:40:00,100,,
934,2024-02-29 16:40:00,100,,
935,2024-02-29 16:40:00,100,,
936,2024-02-29 16:40:00,100,,
937,2024-02-29 16:40:00,100,,
938,2024-02-29 16:40:00,100,,
939,2024-02-29 16:40:00,100,,
940,2024-02-29 16:40:00,100,,
941,2024-02-29 16:40:00,100,,
942,2024-02-29 16:40:00,100,,
943,2024-02-29 16:40:00,100,,
944,2024-02-29 16:40:00,100,,
945,2024-02-29 16:40:00,100,,
946,2024-02-29 16:40:00,100,,
947,2024-02-29 16:40:00,100,,
948,2024-02-29 16:40:00,100,,
949,2024-02-29 16:40:00,100,,
950,2024-02-29 16:40:00,100,,
951,2024-02-29 16:40:00,100,,
952,2024-02-29 16:40:00,100,,
953,2024-02-29 16:40:00,100,,
954,2024-02-29 16:40:00,100,,
955,2024-02-29 16:40:00,100,,
956,2024-02-29 16:40:00,100,,
957,2024-02-29 16:40:00,100,,
958,2024-02-29 16:40:00,100,,
959,2024-02-29 16:40:00,100,,
960,2024-02-29 16:40:00,100,,
961,2024-02-29 16:40:00,100,,
962,2024-02-29 16:40:00,100,,
963,2024-02-29 16:40:00,100,,
964,2024-02-29 16:40:00,100,,
965,2024-02-29 16:40:00,100,,
966,2024-02-29 16:40:00,100,,
967,2024-02-29 16:40:00,100,,
968,2024-02-29 16:40:00,100,,
969,2024-02-29 16:40:00,100,,
970,2024-02-29 16:40:00,100,,
971,2024-02-29 16:40:00,100,,
972,2024-02-29 16:40:00,100,,
973,2024-02-29 16:40:00,100,,
974,2024-02-29 16:40:00,100,,
975,2024-02-29 16:40:00,100,,
976,2024-02-29 16:40:00,100,,
977,2024-02-29 16:40:00,100,,
978,2024-02-29 16:40:00,100,,
979,2024-02-29 16:40:00,100,,
980,2024-02-29 16:40:00,100,,
981,2024-02-29 16:40:00,100,,
982,2024-02-29 16:40:00,100,,
983,2024-02-29 16:40:00,100,,
984,2024-02-29 16:40:00,100,,
985,2024-02-29 16:40:00,100,,
986,2024-02-29 16:40:00,100,,
987,2024-02-29 16:40:00,100,,
988,2024-02-29 16:40:00,100,,
989,2024-02-29 16:40:00,100,,
990,2024-02-29 16:40:00,100,,
991,2024-02-29 16:40:00,100,,
992,2024-02-29 16:40:00,100,,
993,2024-02-29 16:40:00,100,,
994,2024-02-29 16:40:00,100,,
995,2024-02-29 16:40:00,100,,
996,2024-02-29 16:40:00,100,,
997,2024-02-29 16:40:00,100,,
998,2024-02-29 16:40:00,100,,
999,2024-02-29 16:40:00,100,,
1000,2024-02-29 16:40:00,100,,
1001,2024-02-29 16:40:00,100,,
1002,2024-02-29 16:40:00,100,,
1003,2024-02-29 16:40:00,100,,
1004,2024-02-29 16:40:00,100,,
1005,2024-02-29 16:40:00,100,,
1006,2024-02-29 16:40:00,100,,
792,2024-02-29 16:50:00,101,,
793,2024-02-29 16:50:00,101,,
794,2024-02-29 16:50:00,101,,
795,2024-02-29 16:50:00,101,,
796,2024-02-29 16:50:00,101,,
797,2024-02-29 16:50:00,101,,
798,2024-02-29 16:50:00,101,,
799,2024-02-29 16:50:00,101,,
800,2024-02-29 16:50:00,101,,
801,2024-02-29 16:50:00,101,,
802,2024-02-29 16:50:00,101,,
803,2024-02-29 16:50:00,101,,
804,2024-02-29 16:50:00,101,,
805,2024-02-29 16:50:00,101,,
806,2024-02-29 16:50:00,101,,
807,2024-02-29 16:50:00,101,,
808,2024-02-29 16:50:00,101,,
809,2024-02-29 16:50:00,101,,
810,2024-02-29 16:50:00,101,,
811,2024-02-29 16:50:00,101,,
812,2024-02-29 16:50:00,101,,
813,2024-02-29 16:50:00,101,,
814,2024-02-29 16:50:00,101,,
815,2024-02-29 16:50:00,101,,
816,2024-02-29 16:50:00,101,,
817,2024-02-29 16:50:00,101,,
818,2024-02-29 16:50:00,101,,
819,2024-02-29 16:50:00,101,,
820,2024-02-29 16:50:00,101,,
821,2024-02-29 16:50:00,101,,
822,2024-02-29 16:50:00,101,,
823,2024-02-29 16:50:00,101,,
824,2024-02-29 16:50:00,101,,
825,2024-02-29 16:50:00,101,,
826,2024-02-29 16:50:00,101,,
827,2024-02-29 16:50:00,101,,
828,2024-02-29 16:50:00,101,,
829,2024-02-29 16:50:00,101,,
830,2024-02-29 16:50:00,101,,
831,2024-02-29 16:50:00,101,,
832,2024-02-29 16:50:00,101,,
833,2024-02-29 16:50:00,101,,
834,2024-02-29 16:50:00,101,,
835,2024-02-29 16:50:00,101,,
836,2024-02-29 16:50:00,101,,
837,2024-02-29 16:50:00,101,,
838,2024-02-29 16:50:00,101,,
839,2024-02-29 16:50:00,101,,
840,2024-02-29 16:50:00,101,,
841,2024-02-29 16:50:00,101,,
842,2024-02-29 16:50:00,101,,
843,2024-02-29 16:50:00,101,,
844,2024-02-29 16:50:00,101,,
845,2024-02-29 16:50:00,101,,
846,2024-02-29 16:50:00,101,,
847,2024-02-29 16:50:00,101,,
848,2024-02-29 16:50:00,101,,
849,2024-02-29 16:50:00,101,,
850,2024-02-29 16:50:00,101,,
851,2024-02-29 16:50:00,101,,
852,2024-02-29 16:50:00,101,,
853,2024-02-29 16:50:00,101,,
854,2024-02-29 16:50:00,101,,
855,2024-02-29 16:50:00,101,,
856,2024-02-29 16:50:00,101,,
857,2024-02-29 16:50:00,101,,
858,2024-02-29 16:50:00,101,,
859,2024-02-29 16:50:00,101,,
860,2024-02-29 16:50:00,101,,
861,2024-02-29 16:50:00,101,,
862,2024-02-29 16:50:00,101,,
863,2024-02-29 16:50:00,101,,
864,2024-02-29 16:50:00,101,,
865,2024-02-29 16:50:00,101,,
866,2024-02-29 16:50:00,101,,
867,2024-02-29 16:50:00,101,,
868,2024-02-29 16:50:00,101,,
869,2024-02-29 16:50:00,101,,
870,2024-02-29 16:50:00,101,,
871,2024-02-29 16:50:00,101,,
872,2024-02-29 16:50:00,101,,
873,2024-02-29 16:50:00,101,,
874,2024-02-29 16:50:00,101,,
875,2024-02-29 16:50:00,101,,
876,2024-02-29 16:50:00,101,,
877,2024-02-29 16:50:00,101,,
878,2024-02-29 16:50:00,101,,
879,2024-02-29 16:50:00,101,,
880,2024-02-29 16:50:00,101,,
881,2024-02-29 16:50:00,101,,
882,2024-02-29 16:50:00,101,,
883,2024-02-29 16:50:00,101,,
884,2024-02-29 16:50:00,101,,
885,2024-02-29 16:50:00,101,,
886,2024-02-29 16:50:00,101,,
887,2024-02-29 16:50:00,101,,
888,2024-02-29 16:50:00,101,,
889,2024-02-29 16:50:00,101,,
890,2024-02-29 16:50:00,101,,
891,2024-02-29 16:50:00,101,,
892,2024-02-29 16:50:00,101,,
893,2024-02-29 16:50:00,101,,
894,2024-02-29 16:50:00,101,,
895,2024-02-29 16:50:00,101,,
896,2024-02-29 16:50:00,101,,
897,2024-02-29 16:50:00,101,,
898,2024-02-29 16:50:00,101,,
899,2024-02-29 16:50:00,101,,
900,2024-02-29 16:50:00,101,,
901,2024-02-29 16:50:00,101,,
902,2024-02-29 16:50:00,101,,
903,2024-02-29 16:50:00,101,,
904,2024-02-29 16:50:00,101,,
905,2024-02-29 16:50:00,101,,
906,2024-02-29 16:50:00,101,,
907,2024-02-29 16:50:00,101,,
908,2024-02-29 16:50:00,101,,
909,2024-02-29 16:50:00,101,,
910,2024-02-29 16:50:00,101,,
911,2024-02-29 16:50:00,101,,
912,2024-02-29 16:50:00,101,,
913,2024-02-29 16:50:00,101,,
914,2024-02-29 16:50:00,101,,
915,2024-02-29 16:50:00,101,,
916,2024-02-29 16:50:00,101,,
917,2024-02-29 16:50:00,101,,
918,2024-02-29 16:50:00,101,,
919,2024-02-29 16:50:00,101,,
920,2024-02-29 16:50:00,101,,
921,2024-02-29 16:50:00,101,,
922,2024-02-29 16:50:00,101,,
923,2024-02-29 16:50:00,101,,
924,2024-02-29 16:50:00,101,,
925,2024-02-29 16:50:00,101,,
926,2024-02-29 16:50:00,101,,
927,2024-02-29 16:50:00,101,,
928,2024-02-29 16:50:00,101,,
929,2024-02-29 16:50:00,101,,
930,2024-02-29 16:50:00,101,,
931,2024-02-29 16:50:00,101,,
932,2024-02-29 16:50:00,101,,
933,2024-02-29 16:50:00,101,,
934,2024-02-29 16:50:00,101,,
935,2024-02-29 16:50:00,101,,
936,2024-02-29 16:50:00,101,,
937,2024-02-29 16:50:00,101,,
938,2024-02-29 16:50:00,101,,
939,2024-02-29 16:50:00,101,,
940,2024-02-29 16:50:00,101,,
941,2024-02-29 16:50:00,101,,
942,2024-02-29 16:50:00,101,,
943,2024-02-29 16:50:00,101,,
944,2024-02-29 16:50:00,101,,
945,2024-02-29 16:50:00,101,,
946,2024-02-29 16:50:00,101,,
947,2024-02-29 16:50:00,101,,
948,2024-02-29 16:50:00,101,,
949,2024-02-29 16:50:00,101,,
950,2024-02-29 16:50:00,101,,
951,2024-02-29 16:50:00,101,,
952,2024-02-29 16:50:00,101,,
953,2024-02-29 16:50:00,101,,
954,2024-02-29 16:50:00,101,,
955,2024-02-29 16:50:00,101,,
956,2024-02-29 16:50:00,101,,
957,2024-02-29 16:50:00,101,,
958,2024-02-29 16:50:00,101,,
959,2024-02-29 16:50:00,101,,
960,2024-02-29 16:50:00,101,,
961,2024-02-29 16:50:00,101,,
962,2024-02-29 16:50:00,101,,
963,2024-02-29 16:50:00,101,,
964,2024-02-29 16:50:00,101,,
965,2024-02-29 16:50:00,101,,
966,2024-02-29 16:50:00,101,,
967,2024-02-29 16:50:00,101,,
968,2024-02-29 16:50:00,101,,
969,2024-02-29 16:50:00,101,,
970,2024-02-29 16:50:00,101,,
971,2024-02-29 16:50:00,101,,
972,2024-02-29 16:50:00,101,,
973,2024-02-29 16:50:00,101,,
974,2024-02-29 16:50:00,101,,
975,2024-02-29 16:50:00,101,,
976,2024-02-29 16:50:00,101,,
977,2024-02-29 16:50:00,101,,
978,2024-02-29 16:50:00,101,,
979,2024-02-29 16:50:00,101,,
980,2024-02-29 16:50:00,101,,
981,2024-02-29 16:50:00,101,,
982,2024-02-29 16:50:00,101,,
983,2024-02-29 16:50:00,101,,
984,2024-02-29 16:50:00,101,,
985,2024-02-29 16:50:00,101,,
986,2024-02-29 16:50:00,101,,
987,2024-02-29 16:50:00,101,,
988,2024-02-29 16:50:00,101,,
989,2024-02-29 16:50:00,101,,
990,2024-02-29 16:50:00,101,,
991,2024-02-29 16:50:00,101,,
992,2024-02-29 16:50:00,101,,
993,2024-02-29 16:50:00,101,,
994,2024-02-29 16:50:00,101,,
995,2024-02-29 16:50:00,101,,
996,2024-02-29 16:50:00,101,,
997,2024-02-29 16:50:00,101,,
998,2024-02-29 16:50:00,101,,
999,2024-02-29 16:50:00,101,,
1000,2024-02-29 16:50:00,101,,
1001,2024-02-29 16:50:00,101,,
1002,2024-02-29 16:50:00,101,,
1003,2024-02-29 16:50:00,101,,
1004,2024-02-29 16:50:00,101,,
1005,2024-02-29 16:50:00,101,,
1006,2024-02-29 16:50:00,101,,
792,2024-02-29 17:00:00,102,,
793,2024-02-29 17:00:00,102,,
794,2024-02-29 17:00:00,102,,
795,2024-02-29 17:00:00,102,,
796,2024-02-29 17:00:00,102,,
797,2024-02-29 17:00:00,102,,
798,2024-02-29 17:00:00,102,,
799,2024-02-29 17:00:00,102,,
800,2024-02-29 17:00:00,102,,
801,2024-02-29 17:00:00,102,,
802,2024-02-29 17:00:00,102,,
803,2024-02-29 17:00:00,102,,
804,2024-02-29 17:00:00,102,,
805,2024-02-29 17:00:00,102,,
806,2024-02-29 17:00:00,102,,
807,2024-02-29 17:00:00,102,,
808,2024-02-29 17:00:00,102,,
809,2024-02-29 17:00:00,102,,
810,2024-02-29 17:00:00,102,,
811,2024-02-29 17:00:00,102,,
812,2024-02-29 17:00:00,102,,
813,2024-02-29 17:00:00,102,,
814,2024-02-29 17:00:00,102,,
815,2024-02-29 17:00:00,102,,
816,2024-02-29 17:00:00,102,,
817,2024-02-29 17:00:00,102,,
818,2024-02-29 17:00:00,102,,
819,2024-02-29 17:00:00,102,,
820,2024-02-29 17:00:00,102,,
821,2024-02-29 17:00:00,102,,
822,2024-02-29 17:00:00,102,,
823,2024-02-29 17:00:00,102,,
824,2024-02-29 17:00:00,102,,
825,2024-02-29 17:00:00,102,,
826,2024-02-29 17:00:00,102,,
827,2024-02-29 17:00:00,102,,
828,2024-02-29 17:00:00,102,,
829,2024-02-29 17:00:00,102,,
830,2024-02-29 17:00:00,102,,
831,2024-02-29 17:00:00,102,,
832,2024-02-29 17:00:00,102,,
833,2024-02-29 17:00:00,102,,
834,2024-02-29 17:00:00,102,,
835,2024-02-29 17:00:00,102,,
836,2024-02-29 17:00:00,102,,
837,2024-02-29 17:00:00,102,,
838,2024-02-29 17:00:00,102,,
839,2024-02-29 17:00:00,102,,
840,2024-02-29 17:00:00,102,,
841,2024-02-29 17:00:00,102,,
842,2024-02-29 17:00:00,102,,
843,2024-02-29 17:00:00,102,,
844,2024-02-29 17:00:00,102,,
845,2024-02-29 17:00:00,102,,
846,2024-02-29 17:00:00,102,,
847,2024-02-29 17:00:00,102,,
848,2024-02-29 17:00:00,102,,
849,2024-02-29 17:00:00,102,,
850,2024-02-29 17:00:00,102,,
851,2024-02-29 17:00:00,102,,
852,2024-02-29 17:00:00,102,,
853,2024-02-29 17:00:00,102,,
854,2024-02-29 17:00:00,102,,
855,2024-02-29 17:00:00,102,,
856,2024-02-29 17:00:00,102,,
857,2024-02-29 17:00:00,102,,
858,2024-02-29 17:00:00,102,,
859,2024-02-29 17:00:00,102,,
860,2024-02-29 17:00:00,102,,
861,2024-02-29 17:00:00,102,,
862,2024-02-29 17:00:00,102,,
863,2024-02-29 17:00:00,102,,
864,2024-02-29 17:00:00,102,,
865,2024-02-29 17:00:00,102,,
866,2024-02-29 17:00:00,102,,
867,2024-02-29 17:00:00,102,,
868,2024-02-29 17:00:00,102,,
869,2024-02-29 17:00:00,102,,
870,2024-02-29 17:00:00,102,,
871,2024-02-29 17:00:00,102,,
872,2024-02-29 17:00:00,102,,
873,2024-02-29 17:00:00,102,,
874,2024-02-29 17:00:00,102,,
875,2024-02-29 17:00:00,102,,
876,2024-02-29 17:00:00,102,,
877,2024-02-29 17:00:00,102,,
878,2024-02-29 17:00:00,102,,
879,2024-02-29 17:00:00,102,,
880,2024-02-29 17:00:00,102,,
881,2024-02-29 17:00:00,102,,
882,2024-02-29 17:00:00,102,,
883,2024-02-29 17:00:00,102,,
884,2024-02-29 17:00:00,102,,
885,2024-02-29 17:00:00,102,,
886,2024-02-29 17:00:00,102,,
887,2024-02-29 17:00:00,102,,
888,2024-02-29 17:00:00,102,,
889,2024-02-29 17:00:00,102,,
890,2024-02-29 17:00:00,102,,
891,2024-02-29 17:00:00,102,,
892,2024-02-29 17:00:00,102,,
893,2024-02-29 17:00:00,102,,
894,2024-02-29 17:00:00,102,,
895,2024-02-29 17:00:00,102,,
896,2024-02-29 17:00:00,102,,
897,2024-02-29 17:00:00,102,,
898,2024-02-29 17:00:00,102,,
899,2024-02-29 17:00:00,102,,
900,2024-02-29 17:00:00,102,,
901,2024-02-29 17:00:00,102,,
902,2024-02-29 17:00:00,102,,
903,2024-02-29 17:00:00,102,,
904,2024-02-29 17:00:00,102,,
905,2024-02-29 17:00:00,102,,
906,2024-02-29 17:00:00,102,,
907,2024-02-29 17:00:00,102,,
908,2024-02-29 17:00:00,102,,
909,2024-02-29 17:00:00,102,,
910,2024-02-29 17:00:00,102,,
911,2024-02-29 17:00:00,102,,
912,2024-02-29 17:00:00,102,,
913,2024-02-29 17:00:00,102,,
914,2024-02-29 17:00:00,102,,
915,2024-02-29 17:00:00,102,,
916,2024-02-29 17:00:00,102,,
917,2024-02-29 17:00:00,102,,
918,2024-02-29 17:00:00,102,,
919,2024-02-29 17:00:00,102,,
920,2024-02-29 17:00:00,102,,
921,2024-02-29 17:00:00,102,,
922,2024-02-29 17:00:00,102,,
923,2024-02-29 17:00:00,102,,
924,2024-02-29 17:00:00,102,,
925,2024-02-29 17:00:00,102,,
926,2024-02-29 17:00:00,102,,
927,2024-02-29 17:00:00,102,,
928,2024-02-29 17:00:00,102,,
929,2024-02-29 17:00:00,102,,
930,2024-02-29 17:00:00,102,,
931,2024-02-29 17:00:00,102,,
932,2024-02-29 17:00:00,102,,
933,2024-02-29 17:00:00,102,,
934,2024-02-29 17:00:00,102,,
935,2024-02-29 17:00:00,102,,
936,2024-02-29 17:00:00,102,,
937,2024-02-29 17:00:00,102,,
938,2024-02-29 17:00:00,102,,
939,2024-02-29 17:00:00,102,,
940,2024-02-29 17:00:00,102,,
941,2024-02-29 17:00:00,102,,
942,2024-02-29 17:00:00,102,,
943,2024-02-29 17:00:00,102,,
944,2024-02-29 17:00:00,102,,
945,2024-02-29 17:00:00,102,,
946,2024-02-29 17:00:00,102,,
947,2024-02-29 17:00:00,102,,
948,2024-02-29 17:00:00,102,,
949,2024-02-29 17:00:00,102,,
950,2024-02-29 17:00:00,102,,
951,2024-02-29 17:00:00,102,,
952,2024-02-29 17:00:00,102,,
953,2024-02-29 17:00:00,102,,
954,2024-02-29 17:00:00,102,,
955,2024-02-29 17:00:00,102,,
956,2024-02-29 17:00:00,102,,
957,2024-02-29 17:00:00,102,,
958,2024-02-29 17:00:00,102,,
959,2024-02-29 17:00:00,102,,
960,2024-02-29 17:00:00,102,,
961,2024-02-29 17:00:00,102,,
962,2024-02-29 17:00:00,102,,
963,2024-02-29 17:00:00,102,,
964,2024-02-29 17:00:00,102,,
965,2024-02-29 17:00:00,102,,
966,2024-02-29 17:00:00,102,,
967,2024-02-29 17:00:00,102,,
968,2024-02-29 17:00:00,102,,
969,2024-02-29 17:00:00,102,,
970,2024-02-29 17:00:00,102,,
971,2024-02-29 17:00:00,102,,
972,2024-02-29 17:00:00,102,,
973,2024-02-29 17:00:00,102,,
974,2024-02-29 17:00:00,102,,
975,2024-02-29 17:00:00,102,,
976,2024-02-29 17:00:00,102,,
977,2024-02-29 17:00:00,102,,
978,2024-02-29 17:00:00,102,,
979,2024-02-29 17:00:00,102,,
980,2024-02-29 17:00:00,102,,
981,2024-02-29 17:00:00,102,,
982,2024-02-29 17:00:00,102,,
983,2024-02-29 17:00:00,102,,
984,2024-02-29 17:00:00,102,,
985,2024-02-29 17:00:00,102,,
986,2024-02-29 17:00:00,102,,
987,2024-02-29 17:00:00,102,,
988,2024-02-29 17:00:00,102,,
989,2024-02-29 17:00:00,102,,
990,2024-02-29 17:00:00,102,,
991,2024-02-29 17:00:00,102,,
992,2024-02-29 17:00:00,102,,
993,2024-02-29 17:00:00,102,,
994,2024-02-29 17:00:00,102,,
995,2024-02-29 17:00:00,102,,
996,2024-02-29 17:00:00,102,,
997,2024-02-29 17:00:00,102,,
998,2024-02-29 17:00:00,102,,
999,2024-02-29 17:00:00,102,,
1000,2024-02-29 17:00:00,102,,
1001,2024-02-29 17:00:00,102,,
1002,2024-02-29 17:00:00,102,,
1003,2024-02-29 17:00:00,102,,
1004,2024-02-29 17:00:00,102,,
1005,2024-02-29 17:00:00,102,,
1006,2024-02-29 17:00:00,102,,
792,2024-02-29 17:10:00,103,,
793,2024-02-29 17:10:00,103,,
794,2024-02-29 17:10:00,103,,
795,2024-02-29 17:10:00,103,,
796,2024-02-29 17:10:00,103,,
797,2024-02-29 17:10:00,103,,
798,2024-02-29 17:10:00,103,,
799,2024-02-29 17:10:00,103,,
800,2024-02-29 17:10:00,103,,
801,2024-02-29 17:10:00,103,,
802,2024-02-29 17:10:00,103,,
803,2024-02-29 17:10:00,103,,
804,2024-02-29 17:10:00,103,,
805,2024-02-29 17:10:00,103,,
806,2024-02-29 17:10:00,103,,
807,2024-02-29 17:10:00,103,,
808,2024-02-29 17:10:00,103,,
809,2024-02-29 17:10:00,103,,
810,2024-02-29 17:10:00,103,,
811,2024-02-29 17:10:00,103,,
812,2024-02-29 17:10:00,103,,
813,2024-02-29 17:10:00,103,,
814,2024-02-29 17:10:00,103,,
815,2024-02-29 17:10:00,103,,
816,2024-02-29 17:10:00,103,,
817,2024-02-29 17:10:00,103,,
818,2024-02-29 17:10:00,103,,
819,2024-02-29 17:10:00,103,,
820,2024-02-29 17:10:00,103,,
821,2024-02-29 17:10:00,103,,
822,2024-02-29 17:10:00,103,,
823,2024-02-29 17:10:00,103,,
824,2024-02-29 17:10:00,103,,
825,2024-02-29 17:10:00,103,,
826,2024-02-29 17:10:00,103,,
827,2024-02-29 17:10:00,103,,
828,2024-02-29 17:10:00,103,,
829,2024-02-29 17:10:00,103,,
830,2024-02-29 17:10:00,103,,
831,2024-02-29 17:10:00,103,,
832,2024-02-29 17:10:00,103,,
833,2024-02-29 17:10:00,103,,
834,2024-02-29 17:10:00,103,,
835,2024-02-29 17:10:00,103,,
836,2024-02-29 17:10:00,103,,
837,2024-02-29 17:10:00,103,,
838,2024-02-29 17:10:00,103,,
839,2024-02-29 17:10:00,103,,
840,2024-02-29 17:10:00,103,,
841,2024-02-29 17:10:00,103,,
842,2024-02-29 17:10:00,103,,
843,2024-02-29 17:10:00,103,,
844,2024-02-29 17:10:00,103,,
845,2024-02-29 17:10:00,103,,
846,2024-02-29 17:10:00,103,,
847,2024-02-29 17:10:00,103,,
848,2024-02-29 17:10:00,103,,
849,2024-02-29 17:10:00,103,,
850,2024-02-29 17:10:00,103,,
851,2024-02-29 17:10:00,103,,
852,2024-02-29 17:10:00,103,,
853,2024-02-29 17:10:00,103,,
854,2024-02-29 17:10:00,103,,
855,2024-02-29 17:10:00,103,,
856,2024-02-29 17:10:00,103,,
857,2024-02-29 17:10:00,103,,
858,2024-02-29 17:10:00,103,,
859,2024-02-29 17:10:00,103,,
860,2024-02-29 17:10:00,103,,
861,2024-02-29 17:10:00,103,,
862,2024-02-29 17:10:00,103,,
863,2024-02-29 17:10:00,103,,
864,2024-02-29 17:10:00,103,,
865,2024-02-29 17:10:00,103,,
866,2024-02-29 17:10:00,103,,
867,2024-02-29 17:10:00,103,,
868,2024-02-29 17:10:00,103,,
869,2024-02-29 17:10:00,103,,
870,2024-02-29 17:10:00,103,,
871,2024-02-29 17:10:00,103,,
872,2024-02-29 17:10:00,103,,
873,2024-02-29 17:10:00,103,,
874,2024-02-29 17:10:00,103,,
875,2024-02-29 17:10:00,103,,
876,2024-02-29 17:10:00,103,,
877,2024-02-29 17:10:00,103,,
878,2024-02-29 17:10:00,103,,
879,2024-02-29 17:10:00,103,,
880,2024-02-29 17:10:00,103,,
881,2024-02-29 17:10:00,103,,
882,2024-02-29 17:10:00,103,,
883,2024-02-29 17:10:00,103,,
884,2024-02-29 17:10:00,103,,
885,2024-02-29 17:10:00,103,,
886,2024-02-29 17:10:00,103,,
887,2024-02-29 17:10:00,103,,
888,2024-02-29 17:10:00,103,,
889,2024-02-29 17:10:00,103,,
890,2024-02-29 17:10:00,103,,
891,2024-02-29 17:10:00,103,,
892,2024-02-29 17:10:00,103,,
893,2024-02-29 17:10:00,103,,
894,2024-02-29 17:10:00,103,,
895,2024-02-29 17:10:00,103,,
896,2024-02-29 17:10:00,103,,
897,2024-02-29 17:10:00,103,,
898,2024-02-29 17:10:00,103,,
899,2024-02-29 17:10:00,103,,
900,2024-02-29 17:10:00,103,,
901,2024-02-29 17:10:00,103,,
902,2024-02-29 17:10:00,103,,
903,2024-02-29 17:10:00,103,,
904,2024-02-29 17:10:00,103,,
905,2024-02-29 17:10:00,103,,
906,2024-02-29 17:10:00,103,,
907,2024-02-29 17:10:00,103,,
908,2024-02-29 17:10:00,103,,
909,2024-02-29 17:10:00,103,,
910,2024-02-29 17:10:00,103,,
911,2024-02-29 17:10:00,103,,
912,2024-02-29 17:10:00,103,,
913,2024-02-29 17:10:00,103,,
914,2024-02-29 17:10:00,103,,
915,2024-02-29 17:10:00,103,,
916,2024-02-29 17:10:00,103,,
917,2024-02-29 17:10:00,103,,
918,2024-02-29 17:10:00,103,,
919,2024-02-29 17:10:00,103,,
920,2024-02-29 17:10:00,103,,
921,2024-02-29 17:10:00,103,,
922,2024-02-29 17:10:00,103,,
923,2024-02-29 17:10:00,103,,
924,2024-02-29 17:10:00,103,,
925,2024-02-29 17:10:00,103,,
926,2024-02-29 17:10:00,103,,
927,2024-02-29 17:10:00,103,,
928,2024-02-29 17:10:00,103,,
929,2024-02-29 17:10:00,103,,
930,2024-02-29 17:10:00,103,,
931,2024-02-29 17:10:00,103,,
932,2024-02-29 17:10:00,103,,
933,2024-02-29 17:10:00,103,,
934,2024-02-29 17:10:00,103,,
935,2024-02-29 17:10:00,103,,
936,2024-02-29 17:10:00,103,,
937,2024-02-29 17:10:00,103,,
938,2024-02-29 17:10:00,103,,
939,2024-02-29 17:10:00,103,,
940,2024-02-29 17:10:00,103,,
941,2024-02-29 17:10:00,103,,
942,2024-02-29 17:10:00,103,,
943,2024-02-29 17:10:00,103,,
944,2024-02-29 17:10:00,103,,
945,2024-02-29 17:10:00,103,,
946,2024-02-29 17:10:00,103,,
947,2024-02-29 17:10:00,103,,
948,2024-02-29 17:10:00,103,,
949,2024-02-29 17:10:00,103,,
950,2024-02-29 17:10:00,103,,
951,2024-02-29 17:10:00,103,,
952,2024-02-29 17:10:00,103,,
953,2024-02-29 17:10:00,103,,
954,2024-02-29 17:10:00,103,,
955,2024-02-29 17:10:00,103,,
956,2024-02-29 17:10:00,103,,
957,2024-02-29 17:10:00,103,,
958,2024-02-29 17:10:00,103,,
959,2024-02-29 17:10:00,103,,
960,2024-02-29 17:10:00,103,,
961,2024-02-29 17:10:00,103,,
962,2024-02-29 17:10:00,103,,
963,2024-02-29 17:10:00,103,,
964,2024-02-29 17:10:00,103,,
965,2024-02-29 17:10:00,103,,
966,2024-02-29 17:10:00,103,,
967,2024-02-29 17:10:00,103,,
968,2024-02-29 17:10:00,103,,
969,2024-02-29 17:10:00,103,,
970,2024-02-29 17:10:00,103,,
971,2024-02-29 17:10:00,103,,
972,2024-02-29 17:10:00,103,,
973,2024-02-29 17:10:00,103,,
974,2024-02-29 17:10:00,103,,
975,2024-02-29 17:10:00,103,,
976,2024-02-29 17:10:00,103,,
977,2024-02-29 17:10:00,103,,
978,2024-02-29 17:10:00,103,,
979,2024-02-29 17:10:00,103,,
980,2024-02-29 17:10:00,103,,
981,2024-02-29 17:10:00,103,,
982,2024-02-29 17:10:00,103,,
983,2024-02-29 17:10:00,103,,
984,2024-02-29 17:10:00,103,,
985,2024-02-29 17:10:00,103,,
986,2024-02-29 17:10:00,103,,
987,2024-02-29 17:10:00,103,,
988,2024-02-29 17:10:00,103,,
989,2024-02-29 17:10:00,103,,
990,2024-02-29 17:10:00,103,,
991,2024-02-29 17:10:00,103,,
992,2024-02-29 17:10:00,103,,
993,2024-02-29 17:10:00,103,,
994,2024-02-29 17:10:00,103,,
995,2024-02-29 17:10:00,103,,
996,2024-02-29 17:10:00,103,,
997,2024-02-29 17:10:00,103,,
998,2024-02-29 17:10:00,103,,
999,2024-02-29 17:10:00,103,,
1000,2024-02-29 17:10:00,103,,
1001,2024-02-29 17:10:00,103,,
1002,2024-02-29 17:10:00,103,,
1003,2024-02-29 17:10:00,103,,
1004,2024-02-29 17:10:00,103,,
1005,2024-02-29 17:10:00,103,,
1006,2024-02-29 17:10:00,103,,
792,2024-02-29 17:20:00,104,,
793,2024-02-29 17:20:00,104,,
794,2024-02-29 17:20:00,104,,
795,2024-02-29 17:20:00,104,,
796,2024-02-29 17:20:00,104,,
797,2024-02-29 17:20:00,104,,
798,2024-02-29 17:20:00,104,,
799,2024-02-29 17:20:00,104,,
800,2024-02-29 17:20:00,104,,
801,2024-02-29 17:20:00,104,,
802,2024-02-29 17:20:00,104,,
803,2024-02-29 17:20:00,104,,
804,2024-02-29 17:20:00,104,,
805,2024-02-29 17:20:00,104,,
806,2024-02-29 17:20:00,104,,
807,2024-02-29 17:20:00,104,,
808,2024-02-29 17:20:00,104,,
809,2024-02-29 17:20:00,104,,
810,2024-02-29 17:20:00,104,,
811,2024-02-29 17:20:00,104,,
812,2024-02-29 17:20:00,104,,
813,2024-02-29 17:20:00,104,,
814,2024-02-29 17:20:00,104,,
815,2024-02-29 17:20:00,104,,
816,2024-02-29 17:20:00,104,,
817,2024-02-29 17:20:00,104,,
818,2024-02-29 17:20:00,104,,
819,2024-02-29 17:20:00,104,,
820,2024-02-29 17:20:00,104,,
821,2024-02-29 17:20:00,104,,
822,2024-02-29 17:20:00,104,,
823,2024-02-29 17:20:00,104,,
824,2024-02-29 17:20:00,104,,
825,2024-02-29 17:20:00,104,,
826,2024-02-29 17:20:00,104,,
827,2024-02-29 17:20:00,104,,
828,2024-02-29 17:20:00,104,,
829,2024-02-29 17:20:00,104,,
830,2024-02-29 17:20:00,104,,
831,2024-02-29 17:20:00,104,,
832,2024-02-29 17:20:00,104,,
833,2024-02-29 17:20:00,104,,
834,2024-02-29 17:20:00,104,,
835,2024-02-29 17:20:00,104,,
836,2024-02-29 17:20:00,104,,
837,2024-02-29 17:20:00,104,,
838,2024-02-29 17:20:00,104,,
839,2024-02-29 17:20:00,104,,
840,2024-02-29 17:20:00,104,,
841,2024-02-29 17:20:00,104,,
842,2024-02-29 17:20:00,104,,
843,2024-02-29 17:20:00,104,,
844,2024-02-29 17:20:00,104,,
845,2024-02-29 17:20:00,104,,
846,2024-02-29 17:20:00,104,,
847,2024-02-29 17:20:00,104,,
848,2024-02-29 17:20:00,104,,
849,2024-02-29 17:20:00,104,,
850,2024-02-29 17:20:00,104,,
851,2024-02-29 17:20:00,104,,
852,2024-02-29 17:20:00,104,,
853,2024-02-29 17:20:00,104,,
854,2024-02-29 17:20:00,104,,
855,2024-02-29 17:20:00,104,,
856,2024-02-29 17:20:00,104,,
857,2024-02-29 17:20:00,104,,
858,2024-02-29 17:20:00,104,,
859,2024-02-29 17:20:00,104,,
860,2024-02-29 17:20:00,104,,
861,2024-02-29 17:20:00,104,,
862,2024-02-29 17:20:00,104,,
863,2024-02-29 17:20:00,104,,
864,2024-02-29 17:20:00,104,,
865,2024-02-29 17:20:00,104,,
866,2024-02-29 17:20:00,104,,
867,2024-02-29 17:20:00,104,,
868,2024-02-29 17:20:00,104,,
869,2024-02-29 17:20:00,104,,
870,2024-02-29 17:20:00,104,,
871,2024-02-29 17:20:00,104,,
872,2024-02-29 17:20:00,104,,
873,2024-02-29 17:20:00,104,,
874,2024-02-29 17:20:00,104,,
875,2024-02-29 17:20:00,104,,
876,2024-02-29 17:20:00,104,,
877,2024-02-29 17:20:00,104,,
878,2024-02-29 17:20:00,104,,
879,2024-02-29 17:20:00,104,,
880,2024-02-29 17:20:00,104,,
881,2024-02-29 17:20:00,104,,
882,2024-02-29 17:20:00,104,,
883,2024-02-29 17:20:00,104,,
884,2024-02-29 17:20:00,104,,
885,2024-02-29 17:20:00,104,,
886,2024-02-29 17:20:00,104,,
887,2024-02-29 17:20:00,104,,
888,2024-02-29 17:20:00,104,,
889,2024-02-29 17:20:00,104,,
890,2024-02-29 17:20:00,104,,
891,2024-02-29 17:20:00,104,,
892,2024-02-29 17:20:00,104,,
893,2024-02-29 17:20:00,104,,
894,2024-02-29 17:20:00,104,,
895,2024-02-29 17:20:00,104,,
896,2024-02-29 17:20:00,104,,
897,2024-02-29 17:20:00,104,,
898,2024-02-29 17:20:00,104,,
899,2024-02-29 17:20:00,104,,
900,2024-02-29 17:20:00,104,,
901,2024-02-29 17:20:00,104,,
902,2024-02-29 17:20:00,104,,
903,2024-02-29 17:20:00,104,,
904,2024-02-29 17:20:00,104,,
905,2024-02-29 17:20:00,104,,
906,2024-02-29 17:20:00,104,,
907,2024-02-29 17:20:00,104,,
908,2024-02-29 17:20:00,104,,
909,2024-02-29 17:20:00,104,,
910,2024-02-29 17:20:00,104,,
911,2024-02-29 17:20:00,104,,
912,2024-02-29 17:20:00,104,,
913,2024-02-29 17:20:00,104,,
914,2024-02-29 17:20:00,104,,
915,2024-02-29 17:20:00,104,,
916,2024-02-29 17:20:00,104,,
917,2024-02-29 17:20:00,104,,
918,2024-02-29 17:20:00,104,,
919,2024-02-29 17:20:00,104,,
920,2024-02-29 17:20:00,104,,
921,2024-02-29 17:20:00,104,,
922,2024-02-29 17:20:00,104,,
923,2024-02-29 17:20:00,104,,
924,2024-02-29 17:20:00,104,,
925,2024-02-29 17:20:00,104,,
926,2024-02-29 17:20:00,104,,
927,2024-02-29 17:20:00,104,,
928,2024-02-29 17:20:00,104,,
929,2024-02-29 17:20:00,104,,
930,2024-02-29 17:20:00,104,,
931,2024-02-29 17:20:00,104,,
932,2024-02-29 17:20:00,104,,
933,2024-02-29 17:20:00,104,,
934,2024-02-29 17:20:00,104,,
935,2024-02-29 17:20:00,104,,
936,2024-02-29 17:20:00,104,,
937,2024-02-29 17:20:00,104,,
938,2024-02-29 17:20:00,104,,
939,2024-02-29 17:20:00,104,,
940,2024-02-29 17:20:00,104,,
941,2024-02-29 17:20:00,104,,
942,2024-02-29 17:20:00,104,,
943,2024-02-29 17:20:00,104,,
944,2024-02-29 17:20:00,104,,
945,2024-02-29 17:20:00,104,,
946,2024-02-29 17:20:00,104,,
947,2024-02-29 17:20:00,104,,
948,2024-02-29 17:20:00,104,,
949,2024-02-29 17:20:00,104,,
950,2024-02-29 17:20:00,104,,
951,2024-02-29 17:20:00,104,,
952,2024-02-29 17:20:00,104,,
953,2024-02-29 17:20:00,104,,
954,2024-02-29 17:20:00,104,,
955,2024-02-29 17:20:00,104,,
956,2024-02-29 17:20:00,104,,
957,2024-02-29 17:20:00,104,,
958,2024-02-29 17:20:00,104,,
959,2024-02-29 17:20:00,104,,
960,2024-02-29 17:20:00,104,,
961,2024-02-29 17:20:00,104,,
962,2024-02-29 17:20:00,104,,
963,2024-02-29 17:20:00,104,,
964,2024-02-29 17:20:00,104,,
965,2024-02-29 17:20:00,104,,
966,2024-02-29 17:20:00,104,,
967,2024-02-29 17:20:00,104,,
968,2024-02-29 17:20:00,104,,
969,2024-02-29 17:20:00,104,,
970,2024-02-29 17:20:00,104,,
971,2024-02-29 17:20:00,104,,
972,2024-02-29 17:20:00,104,,
973,2024-02-29 17:20:00,104,,
974,2024-02-29 17:20:00,104,,
975,2024-02-29 17:20:00,104,,
976,2024-02-29 17:20:00,104,,
977,2024-02-29 17:20:00,104,,
978,2024-02-29 17:20:00,104,,
979,2024-02-29 17:20:00,104,,
980,2024-02-29 17:20:00,104,,
981,2024-02-29 17:20:00,104,,
982,2024-02-29 17:20:00,104,,
983,2024-02-29 17:20:00,104,,
984,2024-02-29 17:20:00,104,,
985,2024-02-29 17:20:00,104,,
986,2024-02-29 17:20:00,104,,
987,2024-02-29 17:20:00,104,,
988,2024-02-29 17:20:00,104,,
989,2024-02-29 17:20:00,104,,
990,2024-02-29 17:20:00,104,,
991,2024-02-29 17:20:00,104,,
992,2024-02-29 17:20:00,104,,
993,2024-02-29 17:20:00,104,,
994,2024-02-29 17:20:00,104,,
995,2024-02-29 17:20:00,104,,
996,2024-02-29 17:20:00,104,,
997,2024-02-29 17:20:00,104,,
998,2024-02-29 17:20:00,104,,
999,2024-02-29 17:20:00,104,,
1000,2024-02-29 17:20:00,104,,
1001,2024-02-29 17:20:00,104,,
1002,2024-02-29 17:20:00,104,,
1003,2024-02-29 17:20:00,104,,
1004,2024-02-29 17:20:00,104,,
1005,2024-02-29 17:20:00,104,,
1006,2024-02-29 17:20:00,104,,
792,2024-02-29 17:30:00,105,,
793,2024-02-29 17:30:00,105,,
794,2024-02-29 17:30:00,105,,
795,2024-02-29 17:30:00,105,,
796,2024-02-29 17:30:00,105,,
797,2024-02-29 17:30:00,105,,
798,2024-02-29 17:30:00,105,,
799,2024-02-29 17:30:00,105,,
800,2024-02-29 17:30:00,105,,
801,2024-02-29 17:30:00,105,,
802,2024-02-29 17:30:00,105,,
803,2024-02-29 17:30:00,105,,
804,2024-02-29 17:30:00,105,,
805,2024-02-29 17:30:00,105,,
806,2024-02-29 17:30:00,105,,
807,2024-02-29 17:30:00,105,,
808,2024-02-29 17:30:00,105,,
809,2024-02-29 17:30:00,105,,
810,2024-02-29 17:30:00,105,,
811,2024-02-29 17:30:00,105,,
812,2024-02-29 17:30:00,105,,
813,2024-02-29 17:30:00,105,,
814,2024-02-29 17:30:00,105,,
815,2024-02-29 17:30:00,105,,
816,2024-02-29 17:30:00,105,,
817,2024-02-29 17:30:00,105,,
818,2024-02-29 17:30:00,105,,
819,2024-02-29 17:30:00,105,,
820,2024-02-29 17:30:00,105,,
821,2024-02-29 17:30:00,105,,
822,2024-02-29 17:30:00,105,,
823,2024-02-29 17:30:00,105,,
824,2024-02-29 17:30:00,105,,
825,2024-02-29 17:30:00,105,,
826,2024-02-29 17:30:00,105,,
827,2024-02-29 17:30:00,105,,
828,2024-02-29 17:30:00,105,,
829,2024-02-29 17:30:00,105,,
830,2024-02-29 17:30:00,105,,
831,2024-02-29 17:30:00,105,,
832,2024-02-29 17:30:00,105,,
833,2024-02-29 17:30:00,105,,
834,2024-02-29 17:30:00,105,,
835,2024-02-29 17:30:00,105,,
836,2024-02-29 17:30:00,105,,
837,2024-02-29 17:30:00,105,,
838,2024-02-29 17:30:00,105,,
839,2024-02-29 17:30:00,105,,
840,2024-02-29 17:30:00,105,,
841,2024-02-29 17:30:00,105,,
842,2024-02-29 17:30:00,105,,
843,2024-02-29 17:30:00,105,,
844,2024-02-29 17:30:00,105,,
845,2024-02-29 17:30:00,105,,
846,2024-02-29 17:30:00,105,,
847,2024-02-29 17:30:00,105,,
848,2024-02-29 17:30:00,105,,
849,2024-02-29 17:30:00,105,,
850,2024-02-29 17:30:00,105,,
851,2024-02-29 17:30:00,105,,
852,2024-02-29 17:30:00,105,,
853,2024-02-29 17:30:00,105,,
854,2024-02-29 17:30:00,105,,
855,2024-02-29 17:30:00,105,,
856,2024-02-29 17:30:00,105,,
857,2024-02-29 17:30:00,105,,
858,2024-02-29 17:30:00,105,,
859,2024-02-29 17:30:00,105,,
860,2024-02-29 17:30:00,105,,
861,2024-02-29 17:30:00,105,,
862,2024-02-29 17:30:00,105,,
863,2024-02-29 17:30:00,105,,
864,2024-02-29 17:30:00,105,,
865,2024-02-29 17:30:00,105,,
866,2024-02-29 17:30:00,105,,
867,2024-02-29 17:30:00,105,,
868,2024-02-29 17:30:00,105,,
869,2024-02-29 17:30:00,105,,
870,2024-02-29 17:30:00,105,,
871,2024-02-29 17:30:00,105,,
872,2024-02-29 17:30:00,105,,
873,2024-02-29 17:30:00,105,,
874,2024-02-29 17:30:00,105,,
875,2024-02-29 17:30:00,105,,
876,2024-02-29 17:30:00,105,,
877,2024-02-29 17:30:00,105,,
878,2024-02-29 17:30:00,105,,
879,2024-02-29 17:30:00,105,,
880,2024-02-29 17:30:00,105,,
881,2024-02-29 17:30:00,105,,
882,2024-02-29 17:30:00,105,,
883,2024-02-29 17:30:00,105,,
884,2024-02-29 17:30:00,105,,
885,2024-02-29 17:30:00,105,,
886,2024-02-29 17:30:00,105,,
887,2024-02-29 17:30:00,105,,
888,2024-02-29 17:30:00,105,,
889,2024-02-29 17:30:00,105,,
890,2024-02-29 17:30:00,105,,
891,2024-02-29 17:30:00,105,,
892,2024-02-29 17:30:00,105,,
893,2024-02-29 17:30:00,105,,
894,2024-02-29 17:30:00,105,,
895,2024-02-29 17:30:00,105,,
896,2024-02-29 17:30:00,105,,
897,2024-02-29 17:30:00,105,,
898,2024-02-29 17:30:00,105,,
899,2024-02-29 17:30:00,105,,
900,2024-02-29 17:30:00,105,,
901,2024-02-29 17:30:00,105,,
902,2024-02-29 17:30:00,105,,
903,2024-02-29 17:30:00,105,,
904,2024-02-29 17:30:00,105,,
905,2024-02-29 17:30:00,105,,
906,2024-02-29 17:30:00,105,,
907,2024-02-29 17:30:00,105,,
908,2024-02-29 17:30:00,105,,
909,2024-02-29 17:30:00,105,,
910,2024-02-29 17:30:00,105,,
911,2024-02-29 17:30:00,105,,
912,2024-02-29 17:30:00,105,,
913,2024-02-29 17:30:00,105,,
914,2024-02-29 17:30:00,105,,
915,2024-02-29 17:30:00,105,,
916,2024-02-29 17:30:00,105,,
917,2024-02-29 17:30:00,105,,
918,2024-02-29 17:30:00,105,,
919,2024-02-29 17:30:00,105,,
920,2024-02-29 17:30:00,105,,
921,2024-02-29 17:30:00,105,,
922,2024-02-29 17:30:00,105,,
923,2024-02-29 17:30:00,105,,
924,2024-02-29 17:30:00,105,,
925,2024-02-29 17:30:00,105,,
926,2024-02-29 17:30:00,105,,
927,2024-02-29 17:30:00,105,,
928,2024-02-29 17:30:00,105,,
929,2024-02-29 17:30:00,105,,
930,2024-02-29 17:30:00,105,,
931,2024-02-29 17:30:00,105,,
932,2024-02-29 17:30:00,105,,
933,2024-02-29 17:30:00,105,,
934,2024-02-29 17:30:00,105,,
935,2024-02-29 17:30:00,105,,
936,2024-02-29 17:30:00,105,,
937,2024-02-29 17:30:00,105,,
938,2024-02-29 17:30:00,105,,
939,2024-02-29 17:30:00,105,,
940,2024-02-29 17:30:00,105,,
941,2024-02-29 17:30:00,105,,
942,2024-02-29 17:30:00,105,,
943,2024-02-29 17:30:00,105,,
944,2024-02-29 17:30:00,105,,
945,2024-02-29 17:30:00,105,,
946,2024-02-29 17:30:00,105,,
947,2024-02-29 17:30:00,105,,
948,2024-02-29 17:30:00,105,,
949,2024-02-29 17:30:00,105,,
950,2024-02-29 17:30:00,105,,
951,2024-02-29 17:30:00,105,,
952,2024-02-29 17:30:00,105,,
953,2024-02-29 17:30:00,105,,
954,2024-02-29 17:30:00,105,,
955,2024-02-29 17:30:00,105,,
956,2024-02-29 17:30:00,105,,
957,2024-02-29 17:30:00,105,,
958,2024-02-29 17:30:00,105,,
959,2024-02-29 17:30:00,105,,
960,2024-02-29 17:30:00,105,,
961,2024-02-29 17:30:00,105,,
962,2024-02-29 17:30:00,105,,
963,2024-02-29 17:30:00,105,,
964,2024-02-29 17:30:00,105,,
965,2024-02-29 17:30:00,105,,
966,2024-02-29 17:30:00,105,,
967,2024-02-29 17:30:00,105,,
968,2024-02-29 17:30:00,105,,
969,2024-02-29 17:30:00,105,,
970,2024-02-29 17:30:00,105,,
971,2024-02-29 17:30:00,105,,
972,2024-02-29 17:30:00,105,,
973,2024-02-29 17:30:00,105,,
974,2024-02-29 17:30:00,105,,
975,2024-02-29 17:30:00,105,,
976,2024-02-29 17:30:00,105,,
977,2024-02-29 17:30:00,105,,
978,2024-02-29 17:30:00,105,,
979,2024-02-29 17:30:00,105,,
980,2024-02-29 17:30:00,105,,
981,2024-02-29 17:30:00,105,,
982,2024-02-29 17:30:00,105,,
983,2024-02-29 17:30:00,105,,
984,2024-02-29 17:30:00,105,,
985,2024-02-29 17:30:00,105,,
986,2024-02-29 17:30:00,105,,
987,2024-02-29 17:30:00,105,,
988,2024-02-29 17:30:00,105,,
989,2024-02-29 17:30:00,105,,
990,2024-02-29 17:30:00,105,,
991,2024-02-29 17:30:00,105,,
992,2024-02-29 17:30:00,105,,
993,2024-02-29 17:30:00,105,,
994,2024-02-29 17:30:00,105,,
995,2024-02-29 17:30:00,105,,
996,2024-02-29 17:30:00,105,,
997,2024-02-29 17:30:00,105,,
998,2024-02-29 17:30:00,105,,
999,2024-02-29 17:30:00,105,,
1000,2024-02-29 17:30:00,105,,
1001,2024-02-29 17:30:00,105,,
1002,2024-02-29 17:30:00,105,,
1003,2024-02-29 17:30:00,105,,
1004,2024-02-29 17:30:00,105,,
1005,2024-02-29 17:30:00,105,,
1006,2024-02-29 17:30:00,105,,
792,2024-02-29 17:40:00,106,,
793,2024-02-29 17:40:00,106,,
794,2024-02-29 17:40:00,106,,
795,2024-02-29 17:40:00,106,,
796,2024-02-29 17:40:00,106,,
797,2024-02-29 17:40:00,106,,
798,2024-02-29 17:40:00,106,,
799,2024-02-29 17:40:00,106,,
800,2024-02-29 17:40:00,106,,
801,2024-02-29 17:40:00,106,,
802,2024-02-29 17:40:00,106,,
803,2024-02-29 17:40:00,106,,
804,2024-02-29 17:40:00,106,,
805,2024-02-29 17:40:00,106,,
806,2024-02-29 17:40:00,106,,
807,2024-02-29 17:40:00,106,,
808,2024-02-29 17:40:00,106,,
809,2024-02-29 17:40:00,106,,
810,2024-02-29 17:40:00,106,,
811,2024-02-29 17:40:00,106,,
812,2024-02-29 17:40:00,106,,
813,2024-02-29 17:40:00,106,,
814,2024-02-29 17:40:00,106,,
815,2024-02-29 17:40:00,106,,
816,2024-02-29 17:40:00,106,,
817,2024-02-29 17:40:00,106,,
818,2024-02-29 17:40:00,106,,
819,2024-02-29 17:40:00,106,,
820,2024-02-29 17:40:00,106,,
821,2024-02-29 17:40:00,106,,
822,2024-02-29 17:40:00,106,,
823,2024-02-29 17:40:00,106,,
824,2024-02-29 17:40:00,106,,
825,2024-02-29 17:40:00,106,,
826,2024-02-29 17:40:00,106,,
827,2024-02-29 17:40:00,106,,
828,2024-02-29 17:40:00,106,,
829,2024-02-29 17:40:00,106,,
830,2024-02-29 17:40:00,106,,
831,2024-02-29 17:40:00,106,,
832,2024-02-29 17:40:00,106,,
833,2024-02-29 17:40:00,106,,
834,2024-02-29 17:40:00,106,,
835,2024-02-29 17:40:00,106,,
836,2024-02-29 17:40:00,106,,
837,2024-02-29 17:40:00,106,,
838,2024-02-29 17:40:00,106,,
839,2024-02-29 17:40:00,106,,
840,2024-02-29 17:40:00,106,,
841,2024-02-29 17:40:00,106,,
842,2024-02-29 17:40:00,106,,
843,2024-02-29 17:40:00,106,,
844,2024-02-29 17:40:00,106,,
845,2024-02-29 17:40:00,106,,
846,2024-02-29 17:40:00,106,,
847,2024-02-29 17:40:00,106,,
848,2024-02-29 17:40:00,106,,
849,2024-02-29 17:40:00,106,,
850,2024-02-29 17:40:00,106,,
851,2024-02-29 17:40:00,106,,
852,2024-02-29 17:40:00,106,,
853,2024-02-29 17:40:00,106,,
854,2024-02-29 17:40:00,106,,
855,2024-02-29 17:40:00,106,,
856,2024-02-29 17:40:00,106,,
857,2024-02-29 17:40:00,106,,
858,2024-02-29 17:40:00,106,,
859,2024-02-29 17:40:00,106,,
860,2024-02-29 17:40:00,106,,
861,2024-02-29 17:40:00,106,,
862,2024-02-29 17:40:00,106,,
863,2024-02-29 17:40:00,106,,
864,2024-02-29 17:40:00,106,,
865,2024-02-29 17:40:00,106,,
866,2024-02-29 17:40:00,106,,
867,2024-02-29 17:40:00,106,,
868,2024-02-29 17:40:00,106,,
869,2024-02-29 17:40:00,106,,
870,2024-02-29 17:40:00,106,,
871,2024-02-29 17:40:00,106,,
872,2024-02-29 17:40:00,106,,
873,2024-02-29 17:40:00,106,,
874,2024-02-29 17:40:00,106,,
875,2024-02-29 17:40:00,106,,
876,2024-02-29 17:40:00,106,,
877,2024-02-29 17:40:00,106,,
878,2024-02-29 17:40:00,106,,
879,2024-02-29 17:40:00,106,,
880,2024-02-29 17:40:00,106,,
881,2024-02-29 17:40:00,106,,
882,2024-02-29 17:40:00,106,,
883,2024-02-29 17:40:00,106,,
884,2024-02-29 17:40:00,106,,
885,2024-02-29 17:40:00,106,,
886,2024-02-29 17:40:00,106,,
887,2024-02-29 17:40:00,106,,
888,2024-02-29 17:40:00,106,,
889,2024-02-29 17:40:00,106,,
890,2024-02-29 17:40:00,106,,
891,2024-02-29 17:40:00,106,,
892,2024-02-29 17:40:00,106,,
893,2024-02-29 17:40:00,106,,
894,2024-02-29 17:40:00,106,,
895,2024-02-29 17:40:00,106,,
896,2024-02-29 17:40:00,106,,
897,2024-02-29 17:40:00,106,,
898,2024-02-29 17:40:00,106,,
899,2024-02-29 17:40:00,106,,
900,2024-02-29 17:40:00,106,,
901,2024-02-29 17:40:00,106,,
902,2024-02-29 17:40:00,106,,
903,2024-02-29 17:40:00,106,,
904,2024-02-29 17:40:00,106,,
905,2024-02-29 17:40:00,106,,
906,2024-02-29 17:40:00,106,,
907,2024-02-29 17:40:00,106,,
908,2024-02-29 17:40:00,106,,
909,2024-02-29 17:40:00,106,,
910,2024-02-29 17:40:00,106,,
911,2024-02-29 17:40:00,106,,
912,2024-02-29 17:40:00,106,,
913,2024-02-29 17:40:00,106,,
914,2024-02-29 17:40:00,106,,
915,2024-02-29 17:40:00,106,,
916,2024-02-29 17:40:00,106,,
917,2024-02-29 17:40:00,106,,
918,2024-02-29 17:40:00,106,,
919,2024-02-29 17:40:00,106,,
920,2024-02-29 17:40:00,106,,
921,2024-02-29 17:40:00,106,,
922,2024-02-29 17:40:00,106,,
923,2024-02-29 17:40:00,106,,
924,2024-02-29 17:40:00,106,,
925,2024-02-29 17:40:00,106,,
926,2024-02-29 17:40:00,106,,
927,2024-02-29 17:40:00,106,,
928,2024-02-29 17:40:00,106,,
929,2024-02-29 17:40:00,106,,
930,2024-02-29 17:40:00,106,,
931,2024-02-29 17:40:00,106,,
932,2024-02-29 17:40:00,106,,
933,2024-02-29 17:40:00,106,,
934,2024-02-29 17:40:00,106,,
935,2024-02-29 17:40:00,106,,
936,2024-02-29 17:40:00,106,,
937,2024-02-29 17:40:00,106,,
938,2024-02-29 17:40:00,106,,
939,2024-02-29 17:40:00,106,,
940,2024-02-29 17:40:00,106,,
941,2024-02-29 17:40:00,106,,
942,2024-02-29 17:40:00,106,,
943,2024-02-29 17:40:00,106,,
944,2024-02-29 17:40:00,106,,
945,2024-02-29 17:40:00,106,,
946,2024-02-29 17:40:00,106,,
947,2024-02-29 17:40:00,106,,
948,2024-02-29 17:40:00,106,,
949,2024-02-29 17:40:00,106,,
950,2024-02-29 17:40:00,106,,
951,2024-02-29 17:40:00,106,,
952,2024-02-29 17:40:00,106,,
953,2024-02-29 17:40:00,106,,
954,2024-02-29 17:40:00,106,,
955,2024-02-29 17:40:00,106,,
956,2024-02-29 17:40:00,106,,
957,2024-02-29 17:40:00,106,,
958,2024-02-29 17:40:00,106,,
959,2024-02-29 17:40:00,106,,
960,2024-02-29 17:40:00,106,,
961,2024-02-29 17:40:00,106,,
962,2024-02-29 17:40:00,106,,
963,2024-02-29 17:40:00,106,,
964,2024-02-29 17:40:00,106,,
965,2024-02-29 17:40:00,106,,
966,2024-02-29 17:40:00,106,,
967,2024-02-29 17:40:00,106,,
968,2024-02-29 17:40:00,106,,
969,2024-02-29 17:40:00,106,,
970,2024-02-29 17:40:00,106,,
971,2024-02-29 17:40:00,106,,
972,2024-02-29 17:40:00,106,,
973,2024-02-29 17:40:00,106,,
974,2024-02-29 17:40:00,106,,
975,2024-02-29 17:40:00,106,,
976,2024-02-29 17:40:00,106,,
977,2024-02-29 17:40:00,106,,
978,2024-02-29 17:40:00,106,,
979,2024-02-29 17:40:00,106,,
980,2024-02-29 17:40:00,106,,
981,2024-02-29 17:40:00,106,,
982,2024-02-29 17:40:00,106,,
983,2024-02-29 17:40:00,106,,
984,2024-02-29 17:40:00,106,,
985,2024-02-29 17:40:00,106,,
986,2024-02-29 17:40:00,106,,
987,2024-02-29 17:40:00,106,,
988,2024-02-29 17:40:00,106,,
989,2024-02-29 17:40:00,106,,
990,2024-02-29 17:40:00,106,,
991,2024-02-29 17:40:00,106,,
992,2024-02-29 17:40:00,106,,
993,2024-02-29 17:40:00,106,,
994,2024-02-29 17:40:00,106,,
995,2024-02-29 17:40:00,106,,
996,2024-02-29 17:40:00,106,,
997,2024-02-29 17:40:00,106,,
998,2024-02-29 17:40:00,106,,
999,2024-02-29 17:40:00,106,,
1000,2024-02-29 17:40:00,106,,
1001,2024-02-29 17:40:00,106,,
1002,2024-02-29 17:40:00,106,,
1003,2024-02-29 17:40:00,106,,
1004,2024-02-29 17:40:00,106,,
1005,2024-02-29 17:40:00,106,,
1006,2024-02-29 17:40:00,106,,
792,2024-02-29 17:50:00,107,,
793,2024-02-29 17:50:00,107,,
794,2024-02-29 17:50:00,107,,
795,2024-02-29 17:50:00,107,,
796,2024-02-29 17:50:00,107,,
797,2024-02-29 17:50:00,107,,
798,2024-02-29 17:50:00,107,,
799,2024-02-29 17:50:00,107,,
800,2024-02-29 17:50:00,107,,
801,2024-02-29 17:50:00,107,,
802,2024-02-29 17:50:00,107,,
803,2024-02-29 17:50:00,107,,
804,2024-02-29 17:50:00,107,,
805,2024-02-29 17:50:00,107,,
806,2024-02-29 17:50:00,107,,
807,2024-02-29 17:50:00,107,,
808,2024-02-29 17:50:00,107,,
809,2024-02-29 17:50:00,107,,
810,2024-02-29 17:50:00,107,,
811,2024-02-29 17:50:00,107,,
812,2024-02-29 17:50:00,107,,
813,2024-02-29 17:50:00,107,,
814,2024-02-29 17:50:00,107,,
815,2024-02-29 17:50:00,107,,
816,2024-02-29 17:50:00,107,,
817,2024-02-29 17:50:00,107,,
818,2024-02-29 17:50:00,107,,
819,2024-02-29 17:50:00,107,,
820,2024-02-29 17:50:00,107,,
821,2024-02-29 17:50:00,107,,
822,2024-02-29 17:50:00,107,,
823,2024-02-29 17:50:00,107,,
824,2024-02-29 17:50:00,107,,
825,2024-02-29 17:50:00,107,,
826,2024-02-29 17:50:00,107,,
827,2024-02-29 17:50:00,107,,
828,2024-02-29 17:50:00,107,,
829,2024-02-29 17:50:00,107,,
830,2024-02-29 17:50:00,107,,
831,2024-02-29 17:50:00,107,,
832,2024-02-29 17:50:00,107,,
833,2024-02-29 17:50:00,107,,
834,2024-02-29 17:50:00,107,,
835,2024-02-29 17:50:00,107,,
836,2024-02-29 17:50:00,107,,
837,2024-02-29 17:50:00,107,,
838,2024-02-29 17:50:00,107,,
839,2024-02-29 17:50:00,107,,
840,2024-02-29 17:50:00,107,,
841,2024-02-29 17:50:00,107,,
842,2024-02-29 17:50:00,107,,
843,2024-02-29 17:50:00,107,,
844,2024-02-29 17:50:00,107,,
845,2024-02-29 17:50:00,107,,
846,2024-02-29 17:50:00,107,,
847,2024-02-29 17:50:00,107,,
848,2024-02-29 17:50:00,107,,
849,2024-02-29 17:50:00,107,,
850,2024-02-29 17:50:00,107,,
851,2024-02-29 17:50:00,107,,
852,2024-02-29 17:50:00,107,,
853,2024-02-29 17:50:00,107,,
854,2024-02-29 17:50:00,107,,
855,2024-02-29 17:50:00,107,,
856,2024-02-29 17:50:00,107,,
857,2024-02-29 17:50:00,107,,
858,2024-02-29 17:50:00,107,,
859,2024-02-29 17:50:00,107,,
860,2024-02-29 17:50:00,107,,
861,2024-02-29 17:50:00,107,,
862,2024-02-29 17:50:00,107,,
863,2024-02-29 17:50:00,107,,
864,2024-02-29 17:50:00,107,,
865,2024-02-29 17:50:00,107,,
866,2024-02-29 17:50:00,107,,
867,2024-02-29 17:50:00,107,,
868,2024-02-29 17:50:00,107,,
869,2024-02-29 17:50:00,107,,
870,2024-02-29 17:50:00,107,,
871,2024-02-29 17:50:00,107,,
872,2024-02-29 17:50:00,107,,
873,2024-02-29 17:50:00,107,,
874,2024-02-29 17:50:00,107,,
875,2024-02-29 17:50:00,107,,
876,2024-02-29 17:50:00,107,,
877,2024-02-29 17:50:00,107,,
878,2024-02-29 17:50:00,107,,
879,2024-02-29 17:50:00,107,,
880,2024-02-29 17:50:00,107,,
881,2024-02-29 17:50:00,107,,
882,2024-02-29 17:50:00,107,,
883,2024-02-29 17:50:00,107,,
884,2024-02-29 17:50:00,107,,
885,2024-02-29 17:50:00,107,,
886,2024-02-29 17:50:00,107,,
887,2024-02-29 17:50:00,107,,
888,2024-02-29 17:50:00,107,,
889,2024-02-29 17:50:00,107,,
890,2024-02-29 17:50:00,107,,
891,2024-02-29 17:50:00,107,,
892,2024-02-29 17:50:00,107,,
893,2024-02-29 17:50:00,107,,
894,2024-02-29 17:50:00,107,,
895,2024-02-29 17:50:00,107,,
896,2024-02-29 17:50:00,107,,
897,2024-02-29 17:50:00,107,,
898,2024-02-29 17:50:00,107,,
899,2024-02-29 17:50:00,107,,
900,2024-02-29 17:50:00,107,,
901,2024-02-29 17:50:00,107,,
902,2024-02-29 17:50:00,107,,
903,2024-02-29 17:50:00,107,,
904,2024-02-29 17:50:00,107,,
905,2024-02-29 17:50:00,107,,
906,2024-02-29 17:50:00,107,,
907,2024-02-29 17:50:00,107,,
908,2024-02-29 17:50:00,107,,
909,2024-02-29 17:50:00,107,,
910,2024-02-29 17:50:00,107,,
911,2024-02-29 17:50:00,107,,
912,2024-02-29 17:50:00,107,,
913,2024-02-29 17:50:00,107,,
914,2024-02-29 17:50:00,107,,
915,2024-02-29 17:50:00,107,,
916,2024-02-29 17:50:00,107,,
917,2024-02-29 17:50:00,107,,
918,2024-02-29 17:50:00,107,,
919,2024-02-29 17:50:00,107,,
920,2024-02-29 17:50:00,107,,
921,2024-02-29 17:50:00,107,,
922,2024-02-29 17:50:00,107,,
923,2024-02-29 17:50:00,107,,
924,2024-02-29 17:50:00,107,,
925,2024-02-29 17:50:00,107,,
926,2024-02-29 17:50:00,107,,
927,2024-02-29 17:50:00,107,,
928,2024-02-29 17:50:00,107,,
929,2024-02-29 17:50:00,107,,
930,2024-02-29 17:50:00,107,,
931,2024-02-29 17:50:00,107,,
932,2024-02-29 17:50:00,107,,
933,2024-02-29 17:50:00,107,,
934,2024-02-29 17:50:00,107,,
935,2024-02-29 17:50:00,107,,
936,2024-02-29 17:50:00,107,,
937,2024-02-29 17:50:00,107,,
938,2024-02-29 17:50:00,107,,
939,2024-02-29 17:50:00,107,,
940,2024-02-29 17:50:00,107,,
941,2024-02-29 17:50:00,107,,
942,2024-02-29 17:50:00,107,,
943,2024-02-29 17:50:00,107,,
944,2024-02-29 17:50:00,107,,
945,2024-02-29 17:50:00,107,,
946,2024-02-29 17:50:00,107,,
947,2024-02-29 17:50:00,107,,
948,2024-02-29 17:50:00,107,,
949,2024-02-29 17:50:00,107,,
950,2024-02-29 17:50:00,107,,
951,2024-02-29 17:50:00,107,,
952,2024-02-29 17:50:00,107,,
953,2024-02-29 17:50:00,107,,
954,2024-02-29 17:50:00,107,,
955,2024-02-29 17:50:00,107,,
956,2024-02-29 17:50:00,107,,
957,2024-02-29 17:50:00,107,,
958,2024-02-29 17:50:00,107,,
959,2024-02-29 17:50:00,107,,
960,2024-02-29 17:50:00,107,,
961,2024-02-29 17:50:00,107,,
962,2024-02-29 17:50:00,107,,
963,2024-02-29 17:50:00,107,,
964,2024-02-29 17:50:00,107,,
965,2024-02-29 17:50:00,107,,
966,2024-02-29 17:50:00,107,,
967,2024-02-29 17:50:00,107,,
968,2024-02-29 17:50:00,107,,
969,2024-02-29 17:50:00,107,,
970,2024-02-29 17:50:00,107,,
971,2024-02-29 17:50:00,107,,
972,2024-02-29 17:50:00,107,,
973,2024-02-29 17:50:00,107,,
974,2024-02-29 17:50:00,107,,
975,2024-02-29 17:50:00,107,,
976,2024-02-29 17:50:00,107,,
977,2024-02-29 17:50:00,107,,
978,2024-02-29 17:50:00,107,,
979,2024-02-29 17:50:00,107,,
980,2024-02-29 17:50:00,107,,
981,2024-02-29 17:50:00,107,,
982,2024-02-29 17:50:00,107,,
983,2024-02-29 17:50:00,107,,
984,2024-02-29 17:50:00,107,,
985,2024-02-29 17:50:00,107,,
986,2024-02-29 17:50:00,107,,
987,2024-02-29 17:50:00,107,,
988,2024-02-29 17:50:00,107,,
989,2024-02-29 17:50:00,107,,
990,2024-02-29 17:50:00,107,,
991,2024-02-29 17:50:00,107,,
992,2024-02-29 17:50:00,107,,
993,2024-02-29 17:50:00,107,,
994,2024-02-29 17:50:00,107,,
995,2024-02-29 17:50:00,107,,
996,2024-02-29 17:50:00,107,,
997,2024-02-29 17:50:00,107,,
998,2024-02-29 17:50:00,107,,
999,2024-02-29 17:50:00,107,,
1000,2024-02-29 17:50:00,107,,
1001,2024-02-29 17:50:00,107,,
1002,2024-02-29 17:50:00,107,,
1003,2024-02-29 17:50:00,107,,
1004,2024-02-29 17:50:00,107,,
1005,2024-02-29 17:50:00,107,,
1006,2024-02-29 17:50:00,107,,
792,2024-02-29 18:00:00,108,,
793,2024-02-29 18:00:00,108,,
794,2024-02-29 18:00:00,108,,
795,2024-02-29 18:00:00,108,,
796,2024-02-29 18:00:00,108,,
797,2024-02-29 18:00:00,108,,
798,2024-02-29 18:00:00,108,,
799,2024-02-29 18:00:00,108,,
800,2024-02-29 18:00:00,108,,
801,2024-02-29 18:00:00,108,,
802,2024-02-29 18:00:00,108,,
803,2024-02-29 18:00:00,108,,
804,2024-02-29 18:00:00,108,,
805,2024-02-29 18:00:00,108,,
806,2024-02-29 18:00:00,108,,
807,2024-02-29 18:00:00,108,,
808,2024-02-29 18:00:00,108,,
809,2024-02-29 18:00:00,108,,
810,2024-02-29 18:00:00,108,,
811,2024-02-29 18:00:00,108,,
812,2024-02-29 18:00:00,108,,
813,2024-02-29 18:00:00,108,,
814,2024-02-29 18:00:00,108,,
815,2024-02-29 18:00:00,108,,
816,2024-02-29 18:00:00,108,,
817,2024-02-29 18:00:00,108,,
818,2024-02-29 18:00:00,108,,
819,2024-02-29 18:00:00,108,,
820,2024-02-29 18:00:00,108,,
821,2024-02-29 18:00:00,108,,
822,2024-02-29 18:00:00,108,,
823,2024-02-29 18:00:00,108,,
824,2024-02-29 18:00:00,108,,
825,2024-02-29 18:00:00,108,,
826,2024-02-29 18:00:00,108,,
827,2024-02-29 18:00:00,108,,
828,2024-02-29 18:00:00,108,,
829,2024-02-29 18:00:00,108,,
830,2024-02-29 18:00:00,108,,
831,2024-02-29 18:00:00,108,,
832,2024-02-29 18:00:00,108,,
833,2024-02-29 18:00:00,108,,
834,2024-02-29 18:00:00,108,,
835,2024-02-29 18:00:00,108,,
836,2024-02-29 18:00:00,108,,
837,2024-02-29 18:00:00,108,,
838,2024-02-29 18:00:00,108,,
839,2024-02-29 18:00:00,108,,
840,2024-02-29 18:00:00,108,,
841,2024-02-29 18:00:00,108,,
842,2024-02-29 18:00:00,108,,
843,2024-02-29 18:00:00,108,,
844,2024-02-29 18:00:00,108,,
845,2024-02-29 18:00:00,108,,
846,2024-02-29 18:00:00,108,,
847,2024-02-29 18:00:00,108,,
848,2024-02-29 18:00:00,108,,
849,2024-02-29 18:00:00,108,,
850,2024-02-29 18:00:00,108,,
851,2024-02-29 18:00:00,108,,
852,2024-02-29 18:00:00,108,,
853,2024-02-29 18:00:00,108,,
854,2024-02-29 18:00:00,108,,
855,2024-02-29 18:00:00,108,,
856,2024-02-29 18:00:00,108,,
857,2024-02-29 18:00:00,108,,
858,2024-02-29 18:00:00,108,,
859,2024-02-29 18:00:00,108,,
860,2024-02-29 18:00:00,108,,
861,2024-02-29 18:00:00,108,,
862,2024-02-29 18:00:00,108,,
863,2024-02-29 18:00:00,108,,
864,2024-02-29 18:00:00,108,,
865,2024-02-29 18:00:00,108,,
866,2024-02-29 18:00:00,108,,
867,2024-02-29 18:00:00,108,,
868,2024-02-29 18:00:00,108,,
869,2024-02-29 18:00:00,108,,
870,2024-02-29 18:00:00,108,,
871,2024-02-29 18:00:00,108,,
872,2024-02-29 18:00:00,108,,
873,2024-02-29 18:00:00,108,,
874,2024-02-29 18:00:00,108,,
875,2024-02-29 18:00:00,108,,
876,2024-02-29 18:00:00,108,,
877,2024-02-29 18:00:00,108,,
878,2024-02-29 18:00:00,108,,
879,2024-02-29 18:00:00,108,,
880,2024-02-29 18:00:00,108,,
881,2024-02-29 18:00:00,108,,
882,2024-02-29 18:00:00,108,,
883,2024-02-29 18:00:00,108,,
884,2024-02-29 18:00:00,108,,
885,2024-02-29 18:00:00,108,,
886,2024-02-29 18:00:00,108,,
887,2024-02-29 18:00:00,108,,
888,2024-02-29 18:00:00,108,,
889,2024-02-29 18:00:00,108,,
890,2024-02-29 18:00:00,108,,
891,2024-02-29 18:00:00,108,,
892,2024-02-29 18:00:00,108,,
893,2024-02-29 18:00:00,108,,
894,2024-02-29 18:00:00,108,,
895,2024-02-29 18:00:00,108,,
896,2024-02-29 18:00:00,108,,
897,2024-02-29 18:00:00,108,,
898,2024-02-29 18:00:00,108,,
899,2024-02-29 18:00:00,108,,
900,2024-02-29 18:00:00,108,,
901,2024-02-29 18:00:00,108,,
902,2024-02-29 18:00:00,108,,
903,2024-02-29 18:00:00,108,,
904,2024-02-29 18:00:00,108,,
905,2024-02-29 18:00:00,108,,
906,2024-02-29 18:00:00,108,,
907,2024-02-29 18:00:00,108,,
908,2024-02-29 18:00:00,108,,
909,2024-02-29 18:00:00,108,,
910,2024-02-29 18:00:00,108,,
911,2024-02-29 18:00:00,108,,
912,2024-02-29 18:00:00,108,,
913,2024-02-29 18:00:00,108,,
914,2024-02-29 18:00:00,108,,
915,2024-02-29 18:00:00,108,,
916,2024-02-29 18:00:00,108,,
917,2024-02-29 18:00:00,108,,
918,2024-02-29 18:00:00,108,,
919,2024-02-29 18:00:00,108,,
920,2024-02-29 18:00:00,108,,
921,2024-02-29 18:00:00,108,,
922,2024-02-29 18:00:00,108,,
923,2024-02-29 18:00:00,108,,
924,2024-02-29 18:00:00,108,,
925,2024-02-29 18:00:00,108,,
926,2024-02-29 18:00:00,108,,
927,2024-02-29 18:00:00,108,,
928,2024-02-29 18:00:00,108,,
929,2024-02-29 18:00:00,108,,
930,2024-02-29 18:00:00,108,,
931,2024-02-29 18:00:00,108,,
932,2024-02-29 18:00:00,108,,
933,2024-02-29 18:00:00,108,,
934,2024-02-29 18:00:00,108,,
935,2024-02-29 18:00:00,108,,
936,2024-02-29 18:00:00,108,,
937,2024-02-29 18:00:00,108,,
938,2024-02-29 18:00:00,108,,
939,2024-02-29 18:00:00,108,,
940,2024-02-29 18:00:00,108,,
941,2024-02-29 18:00:00,108,,
942,2024-02-29 18:00:00,108,,
943,2024-02-29 18:00:00,108,,
944,2024-02-29 18:00:00,108,,
945,2024-02-29 18:00:00,108,,
946,2024-02-29 18:00:00,108,,
947,2024-02-29 18:00:00,108,,
948,2024-02-29 18:00:00,108,,
949,2024-02-29 18:00:00,108,,
950,2024-02-29 18:00:00,108,,
951,2024-02-29 18:00:00,108,,
952,2024-02-29 18:00:00,108,,
953,2024-02-29 18:00:00,108,,
954,2024-02-29 18:00:00,108,,
955,2024-02-29 18:00:00,108,,
956,2024-02-29 18:00:00,108,,
957,2024-02-29 18:00:00,108,,
958,2024-02-29 18:00:00,108,,
959,2024-02-29 18:00:00,108,,
960,2024-02-29 18:00:00,108,,
961,2024-02-29 18:00:00,108,,
962,2024-02-29 18:00:00,108,,
963,2024-02-29 18:00:00,108,,
964,2024-02-29 18:00:00,108,,
965,2024-02-29 18:00:00,108,,
966,2024-02-29 18:00:00,108,,
967,2024-02-29 18:00:00,108,,
968,2024-02-29 18:00:00,108,,
969,2024-02-29 18:00:00,108,,
970,2024-02-29 18:00:00,108,,
971,2024-02-29 18:00:00,108,,
972,2024-02-29 18:00:00,108,,
973,2024-02-29 18:00:00,108,,
974,2024-02-29 18:00:00,108,,
975,2024-02-29 18:00:00,108,,
976,2024-02-29 18:00:00,108,,
977,2024-02-29 18:00:00,108,,
978,2024-02-29 18:00:00,108,,
979,2024-02-29 18:00:00,108,,
980,2024-02-29 18:00:00,108,,
981,2024-02-29 18:00:00,108,,
982,2024-02-29 18:00:00,108,,
983,2024-02-29 18:00:00,108,,
984,2024-02-29 18:00:00,108,,
985,2024-02-29 18:00:00,108,,
986,2024-02-29 18:00:00,108,,
987,2024-02-29 18:00:00,108,,
988,2024-02-29 18:00:00,108,,
989,2024-02-29 18:00:00,108,,
990,2024-02-29 18:00:00,108,,
991,2024-02-29 18:00:00,108,,
992,2024-02-29 18:00:00,108,,
993,2024-02-29 18:00:00,108,,
994,2024-02-29 18:00:00,108,,
995,2024-02-29 18:00:00,108,,
996,2024-02-29 18:00:00,108,,
997,2024-02-29 18:00:00,108,,
998,2024-02-29 18:00:00,108,,
999,2024-02-29 18:00:00,108,,
1000,2024-02-29 18:00:00,108,,
1001,2024-02-29 18:00:00,108,,
1002,2024-02-29 18:00:00,108,,
1003,2024-02-29 18:00:00,108,,
1004,2024-02-29 18:00:00,108,,
1005,2024-02-29 18:00:00,108,,
1006,2024-02-29 18:00:00,108,,
792,2024-02-29 18:10:00,109,,
793,2024-02-29 18:10:00,109,,
794,2024-02-29 18:10:00,109,,
795,2024-02-29 18:10:00,109,,
796,2024-02-29 18:10:00,109,,
797,2024-02-29 18:10:00,109,,
798,2024-02-29 18:10:00,109,,
799,2024-02-29 18:10:00,109,,
800,2024-02-29 18:10:00,109,,
801,2024-02-29 18:10:00,109,,
802,2024-02-29 18:10:00,109,,
803,2024-02-29 18:10:00,109,,
804,2024-02-29 18:10:00,109,,
805,2024-02-29 18:10:00,109,,
806,2024-02-29 18:10:00,109,,
807,2024-02-29 18:10:00,109,,
808,2024-02-29 18:10:00,109,,
809,2024-02-29 18:10:00,109,,
810,2024-02-29 18:10:00,109,,
811,2024-02-29 18:10:00,109,,
812,2024-02-29 18:10:00,109,,
813,2024-02-29 18:10:00,109,,
814,2024-02-29 18:10:00,109,,
815,2024-02-29 18:10:00,109,,
816,2024-02-29 18:10:00,109,,
817,2024-02-29 18:10:00,109,,
818,2024-02-29 18:10:00,109,,
819,2024-02-29 18:10:00,109,,
820,2024-02-29 18:10:00,109,,
821,2024-02-29 18:10:00,109,,
822,2024-02-29 18:10:00,109,,
823,2024-02-29 18:10:00,109,,
824,2024-02-29 18:10:00,109,,
825,2024-02-29 18:10:00,109,,
826,2024-02-29 18:10:00,109,,
827,2024-02-29 18:10:00,109,,
828,2024-02-29 18:10:00,109,,
829,2024-02-29 18:10:00,109,,
830,2024-02-29 18:10:00,109,,
831,2024-02-29 18:10:00,109,,
832,2024-02-29 18:10:00,109,,
833,2024-02-29 18:10:00,109,,
834,2024-02-29 18:10:00,109,,
835,2024-02-29 18:10:00,109,,
836,2024-02-29 18:10:00,109,,
837,2024-02-29 18:10:00,109,,
838,2024-02-29 18:10:00,109,,
839,2024-02-29 18:10:00,109,,
840,2024-02-29 18:10:00,109,,
841,2024-02-29 18:10:00,109,,
842,2024-02-29 18:10:00,109,,
843,2024-02-29 18:10:00,109,,
844,2024-02-29 18:10:00,109,,
845,2024-02-29 18:10:00,109,,
846,2024-02-29 18:10:00,109,,
847,2024-02-29 18:10:00,109,,
848,2024-02-29 18:10:00,109,,
849,2024-02-29 18:10:00,109,,
850,2024-02-29 18:10:00,109,,
851,2024-02-29 18:10:00,109,,
852,2024-02-29 18:10:00,109,,
853,2024-02-29 18:10:00,109,,
854,2024-02-29 18:10:00,109,,
855,2024-02-29 18:10:00,109,,
856,2024-02-29 18:10:00,109,,
857,2024-02-29 18:10:00,109,,
858,2024-02-29 18:10:00,109,,
859,2024-02-29 18:10:00,109,,
860,2024-02-29 18:10:00,109,,
861,2024-02-29 18:10:00,109,,
862,2024-02-29 18:10:00,109,,
863,2024-02-29 18:10:00,109,,
864,2024-02-29 18:10:00,109,,
865,2024-02-29 18:10:00,109,,
866,2024-02-29 18:10:00,109,,
867,2024-02-29 18:10:00,109,,
868,2024-02-29 18:10:00,109,,
869,2024-02-29 18:10:00,109,,
870,2024-02-29 18:10:00,109,,
871,2024-02-29 18:10:00,109,,
872,2024-02-29 18:10:00,109,,
873,2024-02-29 18:10:00,109,,
874,2024-02-29 18:10:00,109,,
875,2024-02-29 18:10:00,109,,
876,2024-02-29 18:10:00,109,,
877,2024-02-29 18:10:00,109,,
878,2024-02-29 18:10:00,109,,
879,2024-02-29 18:10:00,109,,
880,2024-02-29 18:10:00,109,,
881,2024-02-29 18:10:00,109,,
882,2024-02-29 18:10:00,109,,
883,2024-02-29 18:10:00,109,,
884,2024-02-29 18:10:00,109,,
885,2024-02-29 18:10:00,109,,
886,2024-02-29 18:10:00,109,,
887,2024-02-29 18:10:00,109,,
888,2024-02-29 18:10:00,109,,
889,2024-02-29 18:10:00,109,,
890,2024-02-29 18:10:00,109,,
891,2024-02-29 18:10:00,109,,
892,2024-02-29 18:10:00,109,,
893,2024-02-29 18:10:00,109,,
894,2024-02-29 18:10:00,109,,
895,2024-02-29 18:10:00,109,,
896,2024-02-29 18:10:00,109,,
897,2024-02-29 18:10:00,109,,
898,2024-02-29 18:10:00,109,,
899,2024-02-29 18:10:00,109,,
900,2024-02-29 18:10:00,109,,
901,2024-02-29 18:10:00,109,,
902,2024-02-29 18:10:00,109,,
903,2024-02-29 18:10:00,109,,
904,2024-02-29 18:10:00,109,,
905,2024-02-29 18:10:00,109,,
906,2024-02-29 18:10:00,109,,
907,2024-02-29 18:10:00,109,,
908,2024-02-29 18:10:00,109,,
909,2024-02-29 18:10:00,109,,
910,2024-02-29 18:10:00,109,,
911,2024-02-29 18:10:00,109,,
912,2024-02-29 18:10:00,109,,
913,2024-02-29 18:10:00,109,,
914,2024-02-29 18:10:00,109,,
915,2024-02-29 18:10:00,109,,
916,2024-02-29 18:10:00,109,,
917,2024-02-29 18:10:00,109,,
918,2024-02-29 18:10:00,109,,
919,2024-02-29 18:10:00,109,,
920,2024-02-29 18:10:00,109,,
921,2024-02-29 18:10:00,109,,
922,2024-02-29 18:10:00,109,,
923,2024-02-29 18:10:00,109,,
924,2024-02-29 18:10:00,109,,
925,2024-02-29 18:10:00,109,,
926,2024-02-29 18:10:00,109,,
927,2024-02-29 18:10:00,109,,
928,2024-02-29 18:10:00,109,,
929,2024-02-29 18:10:00,109,,
930,2024-02-29 18:10:00,109,,
931,2024-02-29 18:10:00,109,,
932,2024-02-29 18:10:00,109,,
933,2024-02-29 18:10:00,109,,
934,2024-02-29 18:10:00,109,,
935,2024-02-29 18:10:00,109,,
936,2024-02-29 18:10:00,109,,
937,2024-02-29 18:10:00,109,,
938,2024-02-29 18:10:00,109,,
939,2024-02-29 18:10:00,109,,
940,2024-02-29 18:10:00,109,,
941,2024-02-29 18:10:00,109,,
942,2024-02-29 18:10:00,109,,
943,2024-02-29 18:10:00,109,,
944,2024-02-29 18:10:00,109,,
945,2024-02-29 18:10:00,109,,
946,2024-02-29 18:10:00,109,,
947,2024-02-29 18:10:00,109,,
948,2024-02-29 18:10:00,109,,
949,2024-02-29 18:10:00,109,,
950,2024-02-29 18:10:00,109,,
951,2024-02-29 18:10:00,109,,
952,2024-02-29 18:10:00,109,,
953,2024-02-29 18:10:00,109,,
954,2024-02-29 18:10:00,109,,
955,2024-02-29 18:10:00,109,,
956,2024-02-29 18:10:00,109,,
957,2024-02-29 18:10:00,109,,
958,2024-02-29 18:10:00,109,,
959,2024-02-29 18:10:00,109,,
960,2024-02-29 18:10:00,109,,
961,2024-02-29 18:10:00,109,,
962,2024-02-29 18:10:00,109,,
963,2024-02-29 18:10:00,109,,
964,2024-02-29 18:10:00,109,,
965,2024-02-29 18:10:00,109,,
966,2024-02-29 18:10:00,109,,
967,2024-02-29 18:10:00,109,,
968,2024-02-29 18:10:00,109,,
969,2024-02-29 18:10:00,109,,
970,2024-02-29 18:10:00,109,,
971,2024-02-29 18:10:00,109,,
972,2024-02-29 18:10:00,109,,
973,2024-02-29 18:10:00,109,,
974,2024-02-29 18:10:00,109,,
975,2024-02-29 18:10:00,109,,
976,2024-02-29 18:10:00,109,,
977,2024-02-29 18:10:00,109,,
978,2024-02-29 18:10:00,109,,
979,2024-02-29 18:10:00,109,,
980,2024-02-29 18:10:00,109,,
981,2024-02-29 18:10:00,109,,
982,2024-02-29 18:10:00,109,,
983,2024-02-29 18:10:00,109,,
984,2024-02-29 18:10:00,109,,
985,2024-02-29 18:10:00,109,,
986,2024-02-29 18:10:00,109,,
987,2024-02-29 18:10:00,109,,
988,2024-02-29 18:10:00,109,,
989,2024-02-29 18:10:00,109,,
990,2024-02-29 18:10:00,109,,
991,2024-02-29 18:10:00,109,,
992,2024-02-29 18:10:00,109,,
993,2024-02-29 18:10:00,109,,
994,2024-02-29 18:10:00,109,,
995,2024-02-29 18:10:00,109,,
996,2024-02-29 18:10:00,109,,
997,2024-02-29 18:10:00,109,,
998,2024-02-29 18:10:00,109,,
999,2024-02-29 18:10:00,109,,
1000,2024-02-29 18:10:00,109,,
1001,2024-02-29 18:10:00,109,,
1002,2024-02-29 18:10:00,109,,
1003,2024-02-29 18:10:00,109,,
1004,2024-02-29 18:10:00,109,,
1005,2024-02-29 18:10:00,109,,
1006,2024-02-29 18:10:00,109,,
792,2024-02-29 18:20:00,110,,
793,2024-02-29 18:20:00,110,,
794,2024-02-29 18:20:00,110,,
795,2024-02-29 18:20:00,110,,
796,2024-02-29 18:20:00,110,,
797,2024-02-29 18:20:00,110,,
798,2024-02-29 18:20:00,110,,
799,2024-02-29 18:20:00,110,,
800,2024-02-29 18:20:00,110,,
801,2024-02-29 18:20:00,110,,
802,2024-02-29 18:20:00,110,,
803,2024-02-29 18:20:00,110,,
804,2024-02-29 18:20:00,110,,
805,2024-02-29 18:20:00,110,,
806,2024-02-29 18:20:00,110,,
807,2024-02-29 18:20:00,110,,
808,2024-02-29 18:20:00,110,,
809,2024-02-29 18:20:00,110,,
810,2024-02-29 18:20:00,110,,
811,2024-02-29 18:20:00,110,,
812,2024-02-29 18:20:00,110,,
813,2024-02-29 18:20:00,110,,
814,2024-02-29 18:20:00,110,,
815,2024-02-29 18:20:00,110,,
816,2024-02-29 18:20:00,110,,
817,2024-02-29 18:20:00,110,,
818,2024-02-29 18:20:00,110,,
819,2024-02-29 18:20:00,110,,
820,2024-02-29 18:20:00,110,,
821,2024-02-29 18:20:00,110,,
822,2024-02-29 18:20:00,110,,
823,2024-02-29 18:20:00,110,,
824,2024-02-29 18:20:00,110,,
825,2024-02-29 18:20:00,110,,
826,2024-02-29 18:20:00,110,,
827,2024-02-29 18:20:00,110,,
828,2024-02-29 18:20:00,110,,
829,2024-02-29 18:20:00,110,,
830,2024-02-29 18:20:00,110,,
831,2024-02-29 18:20:00,110,,
832,2024-02-29 18:20:00,110,,
833,2024-02-29 18:20:00,110,,
834,2024-02-29 18:20:00,110,,
835,2024-02-29 18:20:00,110,,
836,2024-02-29 18:20:00,110,,
837,2024-02-29 18:20:00,110,,
838,2024-02-29 18:20:00,110,,
839,2024-02-29 18:20:00,110,,
840,2024-02-29 18:20:00,110,,
841,2024-02-29 18:20:00,110,,
842,2024-02-29 18:20:00,110,,
843,2024-02-29 18:20:00,110,,
844,2024-02-29 18:20:00,110,,
845,2024-02-29 18:20:00,110,,
846,2024-02-29 18:20:00,110,,
847,2024-02-29 18:20:00,110,,
848,2024-02-29 18:20:00,110,,
849,2024-02-29 18:20:00,110,,
850,2024-02-29 18:20:00,110,,
851,2024-02-29 18:20:00,110,,
852,2024-02-29 18:20:00,110,,
853,2024-02-29 18:20:00,110,,
854,2024-02-29 18:20:00,110,,
855,2024-02-29 18:20:00,110,,
856,2024-02-29 18:20:00,110,,
857,2024-02-29 18:20:00,110,,
858,2024-02-29 18:20:00,110,,
859,2024-02-29 18:20:00,110,,
860,2024-02-29 18:20:00,110,,
861,2024-02-29 18:20:00,110,,
862,2024-02-29 18:20:00,110,,
863,2024-02-29 18:20:00,110,,
864,2024-02-29 18:20:00,110,,
865,2024-02-29 18:20:00,110,,
866,2024-02-29 18:20:00,110,,
867,2024-02-29 18:20:00,110,,
868,2024-02-29 18:20:00,110,,
869,2024-02-29 18:20:00,110,,
870,2024-02-29 18:20:00,110,,
871,2024-02-29 18:20:00,110,,
872,2024-02-29 18:20:00,110,,
873,2024-02-29 18:20:00,110,,
874,2024-02-29 18:20:00,110,,
875,2024-02-29 18:20:00,110,,
876,2024-02-29 18:20:00,110,,
877,2024-02-29 18:20:00,110,,
878,2024-02-29 18:20:00,110,,
879,2024-02-29 18:20:00,110,,
880,2024-02-29 18:20:00,110,,
881,2024-02-29 18:20:00,110,,
882,2024-02-29 18:20:00,110,,
883,2024-02-29 18:20:00,110,,
884,2024-02-29 18:20:00,110,,
885,2024-02-29 18:20:00,110,,
886,2024-02-29 18:20:00,110,,
887,2024-02-29 18:20:00,110,,
888,2024-02-29 18:20:00,110,,
889,2024-02-29 18:20:00,110,,
890,2024-02-29 18:20:00,110,,
891,2024-02-29 18:20:00,110,,
892,2024-02-29 18:20:00,110,,
893,2024-02-29 18:20:00,110,,
894,2024-02-29 18:20:00,110,,
895,2024-02-29 18:20:00,110,,
896,2024-02-29 18:20:00,110,,
897,2024-02-29 18:20:00,110,,
898,2024-02-29 18:20:00,110,,
899,2024-02-29 18:20:00,110,,
900,2024-02-29 18:20:00,110,,
901,2024-02-29 18:20:00,110,,
902,2024-02-29 18:20:00,110,,
903,2024-02-29 18:20:00,110,,
904,2024-02-29 18:20:00,110,,
905,2024-02-29 18:20:00,110,,
906,2024-02-29 18:20:00,110,,
907,2024-02-29 18:20:00,110,,
908,2024-02-29 18:20:00,110,,
909,2024-02-29 18:20:00,110,,
910,2024-02-29 18:20:00,110,,
911,2024-02-29 18:20:00,110,,
912,2024-02-29 18:20:00,110,,
913,2024-02-29 18:20:00,110,,
914,2024-02-29 18:20:00,110,,
915,2024-02-29 18:20:00,110,,
916,2024-02-29 18:20:00,110,,
917,2024-02-29 18:20:00,110,,
918,2024-02-29 18:20:00,110,,
919,2024-02-29 18:20:00,110,,
920,2024-02-29 18:20:00,110,,
921,2024-02-29 18:20:00,110,,
922,2024-02-29 18:20:00,110,,
923,2024-02-29 18:20:00,110,,
924,2024-02-29 18:20:00,110,,
925,2024-02-29 18:20:00,110,,
926,2024-02-29 18:20:00,110,,
927,2024-02-29 18:20:00,110,,
928,2024-02-29 18:20:00,110,,
929,2024-02-29 18:20:00,110,,
930,2024-02-29 18:20:00,110,,
931,2024-02-29 18:20:00,110,,
932,2024-02-29 18:20:00,110,,
933,2024-02-29 18:20:00,110,,
934,2024-02-29 18:20:00,110,,
935,2024-02-29 18:20:00,110,,
936,2024-02-29 18:20:00,110,,
937,2024-02-29 18:20:00,110,,
938,2024-02-29 18:20:00,110,,
939,2024-02-29 18:20:00,110,,
940,2024-02-29 18:20:00,110,,
941,2024-02-29 18:20:00,110,,
942,2024-02-29 18:20:00,110,,
943,2024-02-29 18:20:00,110,,
944,2024-02-29 18:20:00,110,,
945,2024-02-29 18:20:00,110,,
946,2024-02-29 18:20:00,110,,
947,2024-02-29 18:20:00,110,,
948,2024-02-29 18:20:00,110,,
949,2024-02-29 18:20:00,110,,
950,2024-02-29 18:20:00,110,,
951,2024-02-29 18:20:00,110,,
952,2024-02-29 18:20:00,110,,
953,2024-02-29 18:20:00,110,,
954,2024-02-29 18:20:00,110,,
955,2024-02-29 18:20:00,110,,
956,2024-02-29 18:20:00,110,,
957,2024-02-29 18:20:00,110,,
958,2024-02-29 18:20:00,110,,
959,2024-02-29 18:20:00,110,,
960,2024-02-29 18:20:00,110,,
961,2024-02-29 18:20:00,110,,
962,2024-02-29 18:20:00,110,,
963,2024-02-29 18:20:00,110,,
964,2024-02-29 18:20:00,110,,
965,2024-02-29 18:20:00,110,,
966,2024-02-29 18:20:00,110,,
967,2024-02-29 18:20:00,110,,
968,2024-02-29 18:20:00,110,,
969,2024-02-29 18:20:00,110,,
970,2024-02-29 18:20:00,110,,
971,2024-02-29 18:20:00,110,,
972,2024-02-29 18:20:00,110,,
973,2024-02-29 18:20:00,110,,
974,2024-02-29 18:20:00,110,,
975,2024-02-29 18:20:00,110,,
976,2024-02-29 18:20:00,110,,
977,2024-02-29 18:20:00,110,,
978,2024-02-29 18:20:00,110,,
979,2024-02-29 18:20:00,110,,
980,2024-02-29 18:20:00,110,,
981,2024-02-29 18:20:00,110,,
982,2024-02-29 18:20:00,110,,
983,2024-02-29 18:20:00,110,,
984,2024-02-29 18:20:00,110,,
985,2024-02-29 18:20:00,110,,
986,2024-02-29 18:20:00,110,,
987,2024-02-29 18:20:00,110,,
988,2024-02-29 18:20:00,110,,
989,2024-02-29 18:20:00,110,,
990,2024-02-29 18:20:00,110,,
991,2024-02-29 18:20:00,110,,
992,2024-02-29 18:20:00,110,,
993,2024-02-29 18:20:00,110,,
994,2024-02-29 18:20:00,110,,
995,2024-02-29 18:20:00,110,,
996,2024-02-29 18:20:00,110,,
997,2024-02-29 18:20:00,110,,
998,2024-02-29 18:20:00,110,,
999,2024-02-29 18:20:00,110,,
1000,2024-02-29 18:20:00,110,,
1001,2024-02-29 18:20:00,110,,
1002,2024-02-29 18:20:00,110,,
1003,2024-02-29 18:20:00,110,,
1004,2024-02-29 18:20:00,110,,
1005,2024-02-29 18:20:00,110,,
1006,2024-02-29 18:20:00,110,,
792,2024-02-29 18:30:00,111,,
793,2024-02-29 18:30:00,111,,
794,2024-02-29 18:30:00,111,,
795,2024-02-29 18:30:00,111,,
796,2024-02-29 18:30:00,111,,
797,2024-02-29 18:30:00,111,,
798,2024-02-29 18:30:00,111,,
799,2024-02-29 18:30:00,111,,
800,2024-02-29 18:30:00,111,,
801,2024-02-29 18:30:00,111,,
802,2024-02-29 18:30:00,111,,
803,2024-02-29 18:30:00,111,,
804,2024-02-29 18:30:00,111,,
805,2024-02-29 18:30:00,111,,
806,2024-02-29 18:30:00,111,,
807,2024-02-29 18:30:00,111,,
808,2024-02-29 18:30:00,111,,
809,2024-02-29 18:30:00,111,,
810,2024-02-29 18:30:00,111,,
811,2024-02-29 18:30:00,111,,
812,2024-02-29 18:30:00,111,,
813,2024-02-29 18:30:00,111,,
814,2024-02-29 18:30:00,111,,
815,2024-02-29 18:30:00,111,,
816,2024-02-29 18:30:00,111,,
817,2024-02-29 18:30:00,111,,
818,2024-02-29 18:30:00,111,,
819,2024-02-29 18:30:00,111,,
820,2024-02-29 18:30:00,111,,
821,2024-02-29 18:30:00,111,,
822,2024-02-29 18:30:00,111,,
823,2024-02-29 18:30:00,111,,
824,2024-02-29 18:30:00,111,,
825,2024-02-29 18:30:00,111,,
826,2024-02-29 18:30:00,111,,
827,2024-02-29 18:30:00,111,,
828,2024-02-29 18:30:00,111,,
829,2024-02-29 18:30:00,111,,
830,2024-02-29 18:30:00,111,,
831,2024-02-29 18:30:00,111,,
832,2024-02-29 18:30:00,111,,
833,2024-02-29 18:30:00,111,,
834,2024-02-29 18:30:00,111,,
835,2024-02-29 18:30:00,111,,
836,2024-02-29 18:30:00,111,,
837,2024-02-29 18:30:00,111,,
838,2024-02-29 18:30:00,111,,
839,2024-02-29 18:30:00,111,,
840,2024-02-29 18:30:00,111,,
841,2024-02-29 18:30:00,111,,
842,2024-02-29 18:30:00,111,,
843,2024-02-29 18:30:00,111,,
844,2024-02-29 18:30:00,111,,
845,2024-02-29 18:30:00,111,,
846,2024-02-29 18:30:00,111,,
847,2024-02-29 18:30:00,111,,
848,2024-02-29 18:30:00,111,,
849,2024-02-29 18:30:00,111,,
850,2024-02-29 18:30:00,111,,
851,2024-02-29 18:30:00,111,,
852,2024-02-29 18:30:00,111,,
853,2024-02-29 18:30:00,111,,
854,2024-02-29 18:30:00,111,,
855,2024-02-29 18:30:00,111,,
856,2024-02-29 18:30:00,111,,
857,2024-02-29 18:30:00,111,,
858,2024-02-29 18:30:00,111,,
859,2024-02-29 18:30:00,111,,
860,2024-02-29 18:30:00,111,,
861,2024-02-29 18:30:00,111,,
862,2024-02-29 18:30:00,111,,
863,2024-02-29 18:30:00,111,,
864,2024-02-29 18:30:00,111,,
865,2024-02-29 18:30:00,111,,
866,2024-02-29 18:30:00,111,,
867,2024-02-29 18:30:00,111,,
868,2024-02-29 18:30:00,111,,
869,2024-02-29 18:30:00,111,,
870,2024-02-29 18:30:00,111,,
871,2024-02-29 18:30:00,111,,
872,2024-02-29 18:30:00,111,,
873,2024-02-29 18:30:00,111,,
874,2024-02-29 18:30:00,111,,
875,2024-02-29 18:30:00,111,,
876,2024-02-29 18:30:00,111,,
877,2024-02-29 18:30:00,111,,
878,2024-02-29 18:30:00,111,,
879,2024-02-29 18:30:00,111,,
880,2024-02-29 18:30:00,111,,
881,2024-02-29 18:30:00,111,,
882,2024-02-29 18:30:00,111,,
883,2024-02-29 18:30:00,111,,
884,2024-02-29 18:30:00,111,,
885,2024-02-29 18:30:00,111,,
886,2024-02-29 18:30:00,111,,
887,2024-02-29 18:30:00,111,,
888,2024-02-29 18:30:00,111,,
889,2024-02-29 18:30:00,111,,
890,2024-02-29 18:30:00,111,,
891,2024-02-29 18:30:00,111,,
892,2024-02-29 18:30:00,111,,
893,2024-02-29 18:30:00,111,,
894,2024-02-29 18:30:00,111,,
895,2024-02-29 18:30:00,111,,
896,2024-02-29 18:30:00,111,,
897,2024-02-29 18:30:00,111,,
898,2024-02-29 18:30:00,111,,
899,2024-02-29 18:30:00,111,,
900,2024-02-29 18:30:00,111,,
901,2024-02-29 18:30:00,111,,
902,2024-02-29 18:30:00,111,,
903,2024-02-29 18:30:00,111,,
904,2024-02-29 18:30:00,111,,
905,2024-02-29 18:30:00,111,,
906,2024-02-29 18:30:00,111,,
907,2024-02-29 18:30:00,111,,
908,2024-02-29 18:30:00,111,,
909,2024-02-29 18:30:00,111,,
910,2024-02-29 18:30:00,111,,
911,2024-02-29 18:30:00,111,,
912,2024-02-29 18:30:00,111,,
913,2024-02-29 18:30:00,111,,
914,2024-02-29 18:30:00,111,,
915,2024-02-29 18:30:00,111,,
916,2024-02-29 18:30:00,111,,
917,2024-02-29 18:30:00,111,,
918,2024-02-29 18:30:00,111,,
919,2024-02-29 18:30:00,111,,
920,2024-02-29 18:30:00,111,,
921,2024-02-29 18:30:00,111,,
922,2024-02-29 18:30:00,111,,
923,2024-02-29 18:30:00,111,,
924,2024-02-29 18:30:00,111,,
925,2024-02-29 18:30:00,111,,
926,2024-02-29 18:30:00,111,,
927,2024-02-29 18:30:00,111,,
928,2024-02-29 18:30:00,111,,
929,2024-02-29 18:30:00,111,,
930,2024-02-29 18:30:00,111,,
931,2024-02-29 18:30:00,111,,
932,2024-02-29 18:30:00,111,,
933,2024-02-29 18:30:00,111,,
934,2024-02-29 18:30:00,111,,
935,2024-02-29 18:30:00,111,,
936,2024-02-29 18:30:00,111,,
937,2024-02-29 18:30:00,111,,
938,2024-02-29 18:30:00,111,,
939,2024-02-29 18:30:00,111,,
940,2024-02-29 18:30:00,111,,
941,2024-02-29 18:30:00,111,,
942,2024-02-29 18:30:00,111,,
943,2024-02-29 18:30:00,111,,
944,2024-02-29 18:30:00,111,,
945,2024-02-29 18:30:00,111,,
946,2024-02-29 18:30:00,111,,
947,2024-02-29 18:30:00,111,,
948,2024-02-29 18:30:00,111,,
949,2024-02-29 18:30:00,111,,
950,2024-02-29 18:30:00,111,,
951,2024-02-29 18:30:00,111,,
952,2024-02-29 18:30:00,111,,
953,2024-02-29 18:30:00,111,,
954,2024-02-29 18:30:00,111,,
955,2024-02-29 18:30:00,111,,
956,2024-02-29 18:30:00,111,,
957,2024-02-29 18:30:00,111,,
958,2024-02-29 18:30:00,111,,
959,2024-02-29 18:30:00,111,,
960,2024-02-29 18:30:00,111,,
961,2024-02-29 18:30:00,111,,
962,2024-02-29 18:30:00,111,,
963,2024-02-29 18:30:00,111,,
964,2024-02-29 18:30:00,111,,
965,2024-02-29 18:30:00,111,,
966,2024-02-29 18:30:00,111,,
967,2024-02-29 18:30:00,111,,
968,2024-02-29 18:30:00,111,,
969,2024-02-29 18:30:00,111,,
970,2024-02-29 18:30:00,111,,
971,2024-02-29 18:30:00,111,,
972,2024-02-29 18:30:00,111,,
973,2024-02-29 18:30:00,111,,
974,2024-02-29 18:30:00,111,,
975,2024-02-29 18:30:00,111,,
976,2024-02-29 18:30:00,111,,
977,2024-02-29 18:30:00,111,,
978,2024-02-29 18:30:00,111,,
979,2024-02-29 18:30:00,111,,
980,2024-02-29 18:30:00,111,,
981,2024-02-29 18:30:00,111,,
982,2024-02-29 18:30:00,111,,
983,2024-02-29 18:30:00,111,,
984,2024-02-29 18:30:00,111,,
985,2024-02-29 18:30:00,111,,
986,2024-02-29 18:30:00,111,,
987,2024-02-29 18:30:00,111,,
988,2024-02-29 18:30:00,111,,
989,2024-02-29 18:30:00,111,,
990,2024-02-29 18:30:00,111,,
991,2024-02-29 18:30:00,111,,
992,2024-02-29 18:30:00,111,,
993,2024-02-29 18:30:00,111,,
994,2024-02-29 18:30:00,111,,
995,2024-02-29 18:30:00,111,,
996,2024-02-29 18:30:00,111,,
997,2024-02-29 18:30:00,111,,
998,2024-02-29 18:30:00,111,,
999,2024-02-29 18:30:00,111,,
1000,2024-02-29 18:30:00,111,,
1001,2024-02-29 18:30:00,111,,
1002,2024-02-29 18:30:00,111,,
1003,2024-02-29 18:30:00,111,,
1004,2024-02-29 18:30:00,111,,
1005,2024-02-29 18:30:00,111,,
1006,2024-02-29 18:30:00,111,,
792,2024-02-29 18:40:00,112,,
793,2024-02-29 18:40:00,112,,
794,2024-02-29 18:40:00,112,,
795,2024-02-29 18:40:00,112,,
796,2024-02-29 18:40:00,112,,
797,2024-02-29 18:40:00,112,,
798,2024-02-29 18:40:00,112,,
799,2024-02-29 18:40:00,112,,
800,2024-02-29 18:40:00,112,,
801,2024-02-29 18:40:00,112,,
802,2024-02-29 18:40:00,112,,
803,2024-02-29 18:40:00,112,,
804,2024-02-29 18:40:00,112,,
805,2024-02-29 18:40:00,112,,
806,2024-02-29 18:40:00,112,,
807,2024-02-29 18:40:00,112,,
808,2024-02-29 18:40:00,112,,
809,2024-02-29 18:40:00,112,,
810,2024-02-29 18:40:00,112,,
811,2024-02-29 18:40:00,112,,
812,2024-02-29 18:40:00,112,,
813,2024-02-29 18:40:00,112,,
814,2024-02-29 18:40:00,112,,
815,2024-02-29 18:40:00,112,,
816,2024-02-29 18:40:00,112,,
817,2024-02-29 18:40:00,112,,
818,2024-02-29 18:40:00,112,,
819,2024-02-29 18:40:00,112,,
820,2024-02-29 18:40:00,112,,
821,2024-02-29 18:40:00,112,,
822,2024-02-29 18:40:00,112,,
823,2024-02-29 18:40:00,112,,
824,2024-02-29 18:40:00,112,,
825,2024-02-29 18:40:00,112,,
826,2024-02-29 18:40:00,112,,
827,2024-02-29 18:40:00,112,,
828,2024-02-29 18:40:00,112,,
829,2024-02-29 18:40:00,112,,
830,2024-02-29 18:40:00,112,,
831,2024-02-29 18:40:00,112,,
832,2024-02-29 18:40:00,112,,
833,2024-02-29 18:40:00,112,,
834,2024-02-29 18:40:00,112,,
835,2024-02-29 18:40:00,112,,
836,2024-02-29 18:40:00,112,,
837,2024-02-29 18:40:00,112,,
838,2024-02-29 18:40:00,112,,
839,2024-02-29 18:40:00,112,,
840,2024-02-29 18:40:00,112,,
841,2024-02-29 18:40:00,112,,
842,2024-02-29 18:40:00,112,,
843,2024-02-29 18:40:00,112,,
844,2024-02-29 18:40:00,112,,
845,2024-02-29 18:40:00,112,,
846,2024-02-29 18:40:00,112,,
847,2024-02-29 18:40:00,112,,
848,2024-02-29 18:40:00,112,,
849,2024-02-29 18:40:00,112,,
850,2024-02-29 18:40:00,112,,
851,2024-02-29 18:40:00,112,,
852,2024-02-29 18:40:00,112,,
853,2024-02-29 18:40:00,112,,
854,2024-02-29 18:40:00,112,,
855,2024-02-29 18:40:00,112,,
856,2024-02-29 18:40:00,112,,
857,2024-02-29 18:40:00,112,,
858,2024-02-29 18:40:00,112,,
859,2024-02-29 18:40:00,112,,
860,2024-02-29 18:40:00,112,,
861,2024-02-29 18:40:00,112,,
862,2024-02-29 18:40:00,112,,
863,2024-02-29 18:40:00,112,,
864,2024-02-29 18:40:00,112,,
865,2024-02-29 18:40:00,112,,
866,2024-02-29 18:40:00,112,,
867,2024-02-29 18:40:00,112,,
868,2024-02-29 18:40:00,112,,
869,2024-02-29 18:40:00,112,,
870,2024-02-29 18:40:00,112,,
871,2024-02-29 18:40:00,112,,
872,2024-02-29 18:40:00,112,,
873,2024-02-29 18:40:00,112,,
874,2024-02-29 18:40:00,112,,
875,2024-02-29 18:40:00,112,,
876,2024-02-29 18:40:00,112,,
877,2024-02-29 18:40:00,112,,
878,2024-02-29 18:40:00,112,,
879,2024-02-29 18:40:00,112,,
880,2024-02-29 18:40:00,112,,
881,2024-02-29 18:40:00,112,,
882,2024-02-29 18:40:00,112,,
883,2024-02-29 18:40:00,112,,
884,2024-02-29 18:40:00,112,,
885,2024-02-29 18:40:00,112,,
886,2024-02-29 18:40:00,112,,
887,2024-02-29 18:40:00,112,,
888,2024-02-29 18:40:00,112,,
889,2024-02-29 18:40:00,112,,
890,2024-02-29 18:40:00,112,,
891,2024-02-29 18:40:00,112,,
892,2024-02-29 18:40:00,112,,
893,2024-02-29 18:40:00,112,,
894,2024-02-29 18:40:00,112,,
895,2024-02-29 18:40:00,112,,
896,2024-02-29 18:40:00,112,,
897,2024-02-29 18:40:00,112,,
898,2024-02-29 18:40:00,112,,
899,2024-02-29 18:40:00,112,,
900,2024-02-29 18:40:00,112,,
901,2024-02-29 18:40:00,112,,
902,2024-02-29 18:40:00,112,,
903,2024-02-29 18:40:00,112,,
904,2024-02-29 18:40:00,112,,
905,2024-02-29 18:40:00,112,,
906,2024-02-29 18:40:00,112,,
907,2024-02-29 18:40:00,112,,
908,2024-02-29 18:40:00,112,,
909,2024-02-29 18:40:00,112,,
910,2024-02-29 18:40:00,112,,
911,2024-02-29 18:40:00,112,,
912,2024-02-29 18:40:00,112,,
913,2024-02-29 18:40:00,112,,
914,2024-02-29 18:40:00,112,,
915,2024-02-29 18:40:00,112,,
916,2024-02-29 18:40:00,112,,
917,2024-02-29 18:40:00,112,,
918,2024-02-29 18:40:00,112,,
919,2024-02-29 18:40:00,112,,
920,2024-02-29 18:40:00,112,,
921,2024-02-29 18:40:00,112,,
922,2024-02-29 18:40:00,112,,
923,2024-02-29 18:40:00,112,,
924,2024-02-29 18:40:00,112,,
925,2024-02-29 18:40:00,112,,
926,2024-02-29 18:40:00,112,,
927,2024-02-29 18:40:00,112,,
928,2024-02-29 18:40:00,112,,
929,2024-02-29 18:40:00,112,,
930,2024-02-29 18:40:00,112,,
931,2024-02-29 18:40:00,112,,
932,2024-02-29 18:40:00,112,,
933,2024-02-29 18:40:00,112,,
934,2024-02-29 18:40:00,112,,
935,2024-02-29 18:40:00,112,,
936,2024-02-29 18:40:00,112,,
937,2024-02-29 18:40:00,112,,
938,2024-02-29 18:40:00,112,,
939,2024-02-29 18:40:00,112,,
940,2024-02-29 18:40:00,112,,
941,2024-02-29 18:40:00,112,,
942,2024-02-29 18:40:00,112,,
943,2024-02-29 18:40:00,112,,
944,2024-02-29 18:40:00,112,,
945,2024-02-29 18:40:00,112,,
946,2024-02-29 18:40:00,112,,
947,2024-02-29 18:40:00,112,,
948,2024-02-29 18:40:00,112,,
949,2024-02-29 18:40:00,112,,
950,2024-02-29 18:40:00,112,,
951,2024-02-29 18:40:00,112,,
952,2024-02-29 18:40:00,112,,
953,2024-02-29 18:40:00,112,,
954,2024-02-29 18:40:00,112,,
955,2024-02-29 18:40:00,112,,
956,2024-02-29 18:40:00,112,,
957,2024-02-29 18:40:00,112,,
958,2024-02-29 18:40:00,112,,
959,2024-02-29 18:40:00,112,,
960,2024-02-29 18:40:00,112,,
961,2024-02-29 18:40:00,112,,
962,2024-02-29 18:40:00,112,,
963,2024-02-29 18:40:00,112,,
964,2024-02-29 18:40:00,112,,
965,2024-02-29 18:40:00,112,,
966,2024-02-29 18:40:00,112,,
967,2024-02-29 18:40:00,112,,
968,2024-02-29 18:40:00,112,,
969,2024-02-29 18:40:00,112,,
970,2024-02-29 18:40:00,112,,
971,2024-02-29 18:40:00,112,,
972,2024-02-29 18:40:00,112,,
973,2024-02-29 18:40:00,112,,
974,2024-02-29 18:40:00,112,,
975,2024-02-29 18:40:00,112,,
976,2024-02-29 18:40:00,112,,
977,2024-02-29 18:40:00,112,,
978,2024-02-29 18:40:00,112,,
979,2024-02-29 18:40:00,112,,
980,2024-02-29 18:40:00,112,,
981,2024-02-29 18:40:00,112,,
982,2024-02-29 18:40:00,112,,
983,2024-02-29 18:40:00,112,,
984,2024-02-29 18:40:00,112,,
985,2024-02-29 18:40:00,112,,
986,2024-02-29 18:40:00,112,,
987,2024-02-29 18:40:00,112,,
988,2024-02-29 18:40:00,112,,
989,2024-02-29 18:40:00,112,,
990,2024-02-29 18:40:00,112,,
991,2024-02-29 18:40:00,112,,
992,2024-02-29 18:40:00,112,,
993,2024-02-29 18:40:00,112,,
994,2024-02-29 18:40:00,112,,
995,2024-02-29 18:40:00,112,,
996,2024-02-29 18:40:00,112,,
997,2024-02-29 18:40:00,112,,
998,2024-02-29 18:40:00,112,,
999,2024-02-29 18:40:00,112,,
1000,2024-02-29 18:40:00,112,,
1001,2024-02-29 18:40:00,112,,
1002,2024-02-29 18:40:00,112,,
1003,2024-02-29 18:40:00,112,,
1004,2024-02-29 18:40:00,112,,
1005,2024-02-29 18:40:00,112,,
1006,2024-02-29 18:40:00,112,,
792,2024-02-29 18:50:00,113,,
793,2024-02-29 18:50:00,113,,
794,2024-02-29 18:50:00,113,,
795,2024-02-29 18:50:00,113,,
796,2024-02-29 18:50:00,113,,
797,2024-02-29 18:50:00,113,,
798,2024-02-29 18:50:00,113,,
799,2024-02-29 18:50:00,113,,
800,2024-02-29 18:50:00,113,,
801,2024-02-29 18:50:00,113,,
802,2024-02-29 18:50:00,113,,
803,2024-02-29 18:50:00,113,,
804,2024-02-29 18:50:00,113,,
805,2024-02-29 18:50:00,113,,
806,2024-02-29 18:50:00,113,,
807,2024-02-29 18:50:00,113,,
808,2024-02-29 18:50:00,113,,
809,2024-02-29 18:50:00,113,,
810,2024-02-29 18:50:00,113,,
811,2024-02-29 18:50:00,113,,
812,2024-02-29 18:50:00,113,,
813,2024-02-29 18:50:00,113,,
814,2024-02-29 18:50:00,113,,
815,2024-02-29 18:50:00,113,,
816,2024-02-29 18:50:00,113,,
817,2024-02-29 18:50:00,113,,
818,2024-02-29 18:50:00,113,,
819,2024-02-29 18:50:00,113,,
820,2024-02-29 18:50:00,113,,
821,2024-02-29 18:50:00,113,,
822,2024-02-29 18:50:00,113,,
823,2024-02-29 18:50:00,113,,
824,2024-02-29 18:50:00,113,,
825,2024-02-29 18:50:00,113,,
826,2024-02-29 18:50:00,113,,
827,2024-02-29 18:50:00,113,,
828,2024-02-29 18:50:00,113,,
829,2024-02-29 18:50:00,113,,
830,2024-02-29 18:50:00,113,,
831,2024-02-29 18:50:00,113,,
832,2024-02-29 18:50:00,113,,
833,2024-02-29 18:50:00,113,,
834,2024-02-29 18:50:00,113,,
835,2024-02-29 18:50:00,113,,
836,2024-02-29 18:50:00,113,,
837,2024-02-29 18:50:00,113,,
838,2024-02-29 18:50:00,113,,
839,2024-02-29 18:50:00,113,,
840,2024-02-29 18:50:00,113,,
841,2024-02-29 18:50:00,113,,
842,2024-02-29 18:50:00,113,,
843,2024-02-29 18:50:00,113,,
844,2024-02-29 18:50:00,113,,
845,2024-02-29 18:50:00,113,,
846,2024-02-29 18:50:00,113,,
847,2024-02-29 18:50:00,113,,
848,2024-02-29 18:50:00,113,,
849,2024-02-29 18:50:00,113,,
850,2024-02-29 18:50:00,113,,
851,2024-02-29 18:50:00,113,,
852,2024-02-29 18:50:00,113,,
853,2024-02-29 18:50:00,113,,
854,2024-02-29 18:50:00,113,,
855,2024-02-29 18:50:00,113,,
856,2024-02-29 18:50:00,113,,
857,2024-02-29 18:50:00,113,,
858,2024-02-29 18:50:00,113,,
859,2024-02-29 18:50:00,113,,
860,2024-02-29 18:50:00,113,,
861,2024-02-29 18:50:00,113,,
862,2024-02-29 18:50:00,113,,
863,2024-02-29 18:50:00,113,,
864,2024-02-29 18:50:00,113,,
865,2024-02-29 18:50:00,113,,
866,2024-02-29 18:50:00,113,,
867,2024-02-29 18:50:00,113,,
868,2024-02-29 18:50:00,113,,
869,2024-02-29 18:50:00,113,,
870,2024-02-29 18:50:00,113,,
871,2024-02-29 18:50:00,113,,
872,2024-02-29 18:50:00,113,,
873,2024-02-29 18:50:00,113,,
874,2024-02-29 18:50:00,113,,
875,2024-02-29 18:50:00,113,,
876,2024-02-29 18:50:00,113,,
877,2024-02-29 18:50:00,113,,
878,2024-02-29 18:50:00,113,,
879,2024-02-29 18:50:00,113,,
880,2024-02-29 18:50:00,113,,
881,2024-02-29 18:50:00,113,,
882,2024-02-29 18:50:00,113,,
883,2024-02-29 18:50:00,113,,
884,2024-02-29 18:50:00,113,,
885,2024-02-29 18:50:00,113,,
886,2024-02-29 18:50:00,113,,
887,2024-02-29 18:50:00,113,,
888,2024-02-29 18:50:00,113,,
889,2024-02-29 18:50:00,113,,
890,2024-02-29 18:50:00,113,,
891,2024-02-29 18:50:00,113,,
892,2024-02-29 18:50:00,113,,
893,2024-02-29 18:50:00,113,,
894,2024-02-29 18:50:00,113,,
895,2024-02-29 18:50:00,113,,
896,2024-02-29 18:50:00,113,,
897,2024-02-29 18:50:00,113,,
898,2024-02-29 18:50:00,113,,
899,2024-02-29 18:50:00,113,,
900,2024-02-29 18:50:00,113,,
901,2024-02-29 18:50:00,113,,
902,2024-02-29 18:50:00,113,,
903,2024-02-29 18:50:00,113,,
904,2024-02-29 18:50:00,113,,
905,2024-02-29 18:50:00,113,,
906,2024-02-29 18:50:00,113,,
907,2024-02-29 18:50:00,113,,
908,2024-02-29 18:50:00,113,,
909,2024-02-29 18:50:00,113,,
910,2024-02-29 18:50:00,113,,
911,2024-02-29 18:50:00,113,,
912,2024-02-29 18:50:00,113,,
913,2024-02-29 18:50:00,113,,
914,2024-02-29 18:50:00,113,,
915,2024-02-29 18:50:00,113,,
916,2024-02-29 18:50:00,113,,
917,2024-02-29 18:50:00,113,,
918,2024-02-29 18:50:00,113,,
919,2024-02-29 18:50:00,113,,
920,2024-02-29 18:50:00,113,,
921,2024-02-29 18:50:00,113,,
922,2024-02-29 18:50:00,113,,
923,2024-02-29 18:50:00,113,,
924,2024-02-29 18:50:00,113,,
925,2024-02-29 18:50:00,113,,
926,2024-02-29 18:50:00,113,,
927,2024-02-29 18:50:00,113,,
928,2024-02-29 18:50:00,113,,
929,2024-02-29 18:50:00,113,,
930,2024-02-29 18:50:00,113,,
931,2024-02-29 18:50:00,113,,
932,2024-02-29 18:50:00,113,,
933,2024-02-29 18:50:00,113,,
934,2024-02-29 18:50:00,113,,
935,2024-02-29 18:50:00,113,,
936,2024-02-29 18:50:00,113,,
937,2024-02-29 18:50:00,113,,
938,2024-02-29 18:50:00,113,,
939,2024-02-29 18:50:00,113,,
940,2024-02-29 18:50:00,113,,
941,2024-02-29 18:50:00,113,,
942,2024-02-29 18:50:00,113,,
943,2024-02-29 18:50:00,113,,
944,2024-02-29 18:50:00,113,,
945,2024-02-29 18:50:00,113,,
946,2024-02-29 18:50:00,113,,
947,2024-02-29 18:50:00,113,,
948,2024-02-29 18:50:00,113,,
949,2024-02-29 18:50:00,113,,
950,2024-02-29 18:50:00,113,,
951,2024-02-29 18:50:00,113,,
952,2024-02-29 18:50:00,113,,
953,2024-02-29 18:50:00,113,,
954,2024-02-29 18:50:00,113,,
955,2024-02-29 18:50:00,113,,
956,2024-02-29 18:50:00,113,,
957,2024-02-29 18:50:00,113,,
958,2024-02-29 18:50:00,113,,
959,2024-02-29 18:50:00,113,,
960,2024-02-29 18:50:00,113,,
961,2024-02-29 18:50:00,113,,
962,2024-02-29 18:50:00,113,,
963,2024-02-29 18:50:00,113,,
964,2024-02-29 18:50:00,113,,
965,2024-02-29 18:50:00,113,,
966,2024-02-29 18:50:00,113,,
967,2024-02-29 18:50:00,113,,
968,2024-02-29 18:50:00,113,,
969,2024-02-29 18:50:00,113,,
970,2024-02-29 18:50:00,113,,
971,2024-02-29 18:50:00,113,,
972,2024-02-29 18:50:00,113,,
973,2024-02-29 18:50:00,113,,
974,2024-02-29 18:50:00,113,,
975,2024-02-29 18:50:00,113,,
976,2024-02-29 18:50:00,113,,
977,2024-02-29 18:50:00,113,,
978,2024-02-29 18:50:00,113,,
979,2024-02-29 18:50:00,113,,
980,2024-02-29 18:50:00,113,,
981,2024-02-29 18:50:00,113,,
982,2024-02-29 18:50:00,113,,
983,2024-02-29 18:50:00,113,,
984,2024-02-29 18:50:00,113,,
985,2024-02-29 18:50:00,113,,
986,2024-02-29 18:50:00,113,,
987,2024-02-29 18:50:00,113,,
988,2024-02-29 18:50:00,113,,
989,2024-02-29 18:50:00,113,,
990,2024-02-29 18:50:00,113,,
991,2024-02-29 18:50:00,113,,
992,2024-02-29 18:50:00,113,,
993,2024-02-29 18:50:00,113,,
994,2024-02-29 18:50:00,113,,
995,2024-02-29 18:50:00,113,,
996,2024-02-29 18:50:00,113,,
997,2024-02-29 18:50:00,113,,
998,2024-02-29 18:50:00,113,,
999,2024-02-29 18:50:00,113,,
1000,2024-02-29 18:50:00,113,,
1001,2024-02-29 18:50:00,113,,
1002,2024-02-29 18:50:00,113,,
1003,2024-02-29 18:50:00,113,,
1004,2024-02-29 18:50:00,113,,
1005,2024-02-29 18:50:00,113,,
1006,2024-02-29 18:50:00,113,,
792,2024-02-29 19:00:00,114,,
793,2024-02-29 19:00:00,114,,
794,2024-02-29 19:00:00,114,,
795,2024-02-29 19:00:00,114,,
796,2024-02-29 19:00:00,114,,
797,2024-02-29 19:00:00,114,,
798,2024-02-29 19:00:00,114,,
799,2024-02-29 19:00:00,114,,
800,2024-02-29 19:00:00,114,,
801,2024-02-29 19:00:00,114,,
802,2024-02-29 19:00:00,114,,
803,2024-02-29 19:00:00,114,,
804,2024-02-29 19:00:00,114,,
805,2024-02-29 19:00:00,114,,
806,2024-02-29 19:00:00,114,,
807,2024-02-29 19:00:00,114,,
808,2024-02-29 19:00:00,114,,
809,2024-02-29 19:00:00,114,,
810,2024-02-29 19:00:00,114,,
811,2024-02-29 19:00:00,114,,
812,2024-02-29 19:00:00,114,,
813,2024-02-29 19:00:00,114,,
814,2024-02-29 19:00:00,114,,
815,2024-02-29 19:00:00,114,,
816,2024-02-29 19:00:00,114,,
817,2024-02-29 19:00:00,114,,
818,2024-02-29 19:00:00,114,,
819,2024-02-29 19:00:00,114,,
820,2024-02-29 19:00:00,114,,
821,2024-02-29 19:00:00,114,,
822,2024-02-29 19:00:00,114,,
823,2024-02-29 19:00:00,114,,
824,2024-02-29 19:00:00,114,,
825,2024-02-29 19:00:00,114,,
826,2024-02-29 19:00:00,114,,
827,2024-02-29 19:00:00,114,,
828,2024-02-29 19:00:00,114,,
829,2024-02-29 19:00:00,114,,
830,2024-02-29 19:00:00,114,,
831,2024-02-29 19:00:00,114,,
832,2024-02-29 19:00:00,114,,
833,2024-02-29 19:00:00,114,,
834,2024-02-29 19:00:00,114,,
835,2024-02-29 19:00:00,114,,
836,2024-02-29 19:00:00,114,,
837,2024-02-29 19:00:00,114,,
838,2024-02-29 19:00:00,114,,
839,2024-02-29 19:00:00,114,,
840,2024-02-29 19:00:00,114,,
841,2024-02-29 19:00:00,114,,
842,2024-02-29 19:00:00,114,,
843,2024-02-29 19:00:00,114,,
844,2024-02-29 19:00:00,114,,
845,2024-02-29 19:00:00,114,,
846,2024-02-29 19:00:00,114,,
847,2024-02-29 19:00:00,114,,
848,2024-02-29 19:00:00,114,,
849,2024-02-29 19:00:00,114,,
850,2024-02-29 19:00:00,114,,
851,2024-02-29 19:00:00,114,,
852,2024-02-29 19:00:00,114,,
853,2024-02-29 19:00:00,114,,
854,2024-02-29 19:00:00,114,,
855,2024-02-29 19:00:00,114,,
856,2024-02-29 19:00:00,114,,
857,2024-02-29 19:00:00,114,,
858,2024-02-29 19:00:00,114,,
859,2024-02-29 19:00:00,114,,
860,2024-02-29 19:00:00,114,,
861,2024-02-29 19:00:00,114,,
862,2024-02-29 19:00:00,114,,
863,2024-02-29 19:00:00,114,,
864,2024-02-29 19:00:00,114,,
865,2024-02-29 19:00:00,114,,
866,2024-02-29 19:00:00,114,,
867,2024-02-29 19:00:00,114,,
868,2024-02-29 19:00:00,114,,
869,2024-02-29 19:00:00,114,,
870,2024-02-29 19:00:00,114,,
871,2024-02-29 19:00:00,114,,
872,2024-02-29 19:00:00,114,,
873,2024-02-29 19:00:00,114,,
874,2024-02-29 19:00:00,114,,
875,2024-02-29 19:00:00,114,,
876,2024-02-29 19:00:00,114,,
877,2024-02-29 19:00:00,114,,
878,2024-02-29 19:00:00,114,,
879,2024-02-29 19:00:00,114,,
880,2024-02-29 19:00:00,114,,
881,2024-02-29 19:00:00,114,,
882,2024-02-29 19:00:00,114,,
883,2024-02-29 19:00:00,114,,
884,2024-02-29 19:00:00,114,,
885,2024-02-29 19:00:00,114,,
886,2024-02-29 19:00:00,114,,
887,2024-02-29 19:00:00,114,,
888,2024-02-29 19:00:00,114,,
889,2024-02-29 19:00:00,114,,
890,2024-02-29 19:00:00,114,,
891,2024-02-29 19:00:00,114,,
892,2024-02-29 19:00:00,114,,
893,2024-02-29 19:00:00,114,,
894,2024-02-29 19:00:00,114,,
895,2024-02-29 19:00:00,114,,
896,2024-02-29 19:00:00,114,,
897,2024-02-29 19:00:00,114,,
898,2024-02-29 19:00:00,114,,
899,2024-02-29 19:00:00,114,,
900,2024-02-29 19:00:00,114,,
901,2024-02-29 19:00:00,114,,
902,2024-02-29 19:00:00,114,,
903,2024-02-29 19:00:00,114,,
904,2024-02-29 19:00:00,114,,
905,2024-02-29 19:00:00,114,,
906,2024-02-29 19:00:00,114,,
907,2024-02-29 19:00:00,114,,
908,2024-02-29 19:00:00,114,,
909,2024-02-29 19:00:00,114,,
910,2024-02-29 19:00:00,114,,
911,2024-02-29 19:00:00,114,,
912,2024-02-29 19:00:00,114,,
913,2024-02-29 19:00:00,114,,
914,2024-02-29 19:00:00,114,,
915,2024-02-29 19:00:00,114,,
916,2024-02-29 19:00:00,114,,
917,2024-02-29 19:00:00,114,,
918,2024-02-29 19:00:00,114,,
919,2024-02-29 19:00:00,114,,
920,2024-02-29 19:00:00,114,,
921,2024-02-29 19:00:00,114,,
922,2024-02-29 19:00:00,114,,
923,2024-02-29 19:00:00,114,,
924,2024-02-29 19:00:00,114,,
925,2024-02-29 19:00:00,114,,
926,2024-02-29 19:00:00,114,,
927,2024-02-29 19:00:00,114,,
928,2024-02-29 19:00:00,114,,
929,2024-02-29 19:00:00,114,,
930,2024-02-29 19:00:00,114,,
931,2024-02-29 19:00:00,114,,
932,2024-02-29 19:00:00,114,,
933,2024-02-29 19:00:00,114,,
934,2024-02-29 19:00:00,114,,
935,2024-02-29 19:00:00,114,,
936,2024-02-29 19:00:00,114,,
937,2024-02-29 19:00:00,114,,
938,2024-02-29 19:00:00,114,,
939,2024-02-29 19:00:00,114,,
940,2024-02-29 19:00:00,114,,
941,2024-02-29 19:00:00,114,,
942,2024-02-29 19:00:00,114,,
943,2024-02-29 19:00:00,114,,
944,2024-02-29 19:00:00,114,,
945,2024-02-29 19:00:00,114,,
946,2024-02-29 19:00:00,114,,
947,2024-02-29 19:00:00,114,,
948,2024-02-29 19:00:00,114,,
949,2024-02-29 19:00:00,114,,
950,2024-02-29 19:00:00,114,,
951,2024-02-29 19:00:00,114,,
952,2024-02-29 19:00:00,114,,
953,2024-02-29 19:00:00,114,,
954,2024-02-29 19:00:00,114,,
955,2024-02-29 19:00:00,114,,
956,2024-02-29 19:00:00,114,,
957,2024-02-29 19:00:00,114,,
958,2024-02-29 19:00:00,114,,
959,2024-02-29 19:00:00,114,,
960,2024-02-29 19:00:00,114,,
961,2024-02-29 19:00:00,114,,
962,2024-02-29 19:00:00,114,,
963,2024-02-29 19:00:00,114,,
964,2024-02-29 19:00:00,114,,
965,2024-02-29 19:00:00,114,,
966,2024-02-29 19:00:00,114,,
967,2024-02-29 19:00:00,114,,
968,2024-02-29 19:00:00,114,,
969,2024-02-29 19:00:00,114,,
970,2024-02-29 19:00:00,114,,
971,2024-02-29 19:00:00,114,,
972,2024-02-29 19:00:00,114,,
973,2024-02-29 19:00:00,114,,
974,2024-02-29 19:00:00,114,,
975,2024-02-29 19:00:00,114,,
976,2024-02-29 19:00:00,114,,
977,2024-02-29 19:00:00,114,,
978,2024-02-29 19:00:00,114,,
979,2024-02-29 19:00:00,114,,
980,2024-02-29 19:00:00,114,,
981,2024-02-29 19:00:00,114,,
982,2024-02-29 19:00:00,114,,
983,2024-02-29 19:00:00,114,,
984,2024-02-29 19:00:00,114,,
985,2024-02-29 19:00:00,114,,
986,2024-02-29 19:00:00,114,,
987,2024-02-29 19:00:00,114,,
988,2024-02-29 19:00:00,114,,
989,2024-02-29 19:00:00,114,,
990,2024-02-29 19:00:00,114,,
991,2024-02-29 19:00:00,114,,
992,2024-02-29 19:00:00,114,,
993,2024-02-29 19:00:00,114,,
994,2024-02-29 19:00:00,114,,
995,2024-02-29 19:00:00,114,,
996,2024-02-29 19:00:00,114,,
997,2024-02-29 19:00:00,114,,
998,2024-02-29 19:00:00,114,,
999,2024-02-29 19:00:00,114,,
1000,2024-02-29 19:00:00,114,,
1001,2024-02-29 19:00:00,114,,
1002,2024-02-29 19:00:00,114,,
1003,2024-02-29 19:00:00,114,,
1004,2024-02-29 19:00:00,114,,
1005,2024-02-29 19:00:00,114,,
1006,2024-02-29 19:00:00,114,,
792,2024-02-29 19:10:00,115,,
793,2024-02-29 19:10:00,115,,
794,2024-02-29 19:10:00,115,,
795,2024-02-29 19:10:00,115,,
796,2024-02-29 19:10:00,115,,
797,2024-02-29 19:10:00,115,,
798,2024-02-29 19:10:00,115,,
799,2024-02-29 19:10:00,115,,
800,2024-02-29 19:10:00,115,,
801,2024-02-29 19:10:00,115,,
802,2024-02-29 19:10:00,115,,
803,2024-02-29 19:10:00,115,,
804,2024-02-29 19:10:00,115,,
805,2024-02-29 19:10:00,115,,
806,2024-02-29 19:10:00,115,,
807,2024-02-29 19:10:00,115,,
808,2024-02-29 19:10:00,115,,
809,2024-02-29 19:10:00,115,,
810,2024-02-29 19:10:00,115,,
811,2024-02-29 19:10:00,115,,
812,2024-02-29 19:10:00,115,,
813,2024-02-29 19:10:00,115,,
814,2024-02-29 19:10:00,115,,
815,2024-02-29 19:10:00,115,,
816,2024-02-29 19:10:00,115,,
817,2024-02-29 19:10:00,115,,
818,2024-02-29 19:10:00,115,,
819,2024-02-29 19:10:00,115,,
820,2024-02-29 19:10:00,115,,
821,2024-02-29 19:10:00,115,,
822,2024-02-29 19:10:00,115,,
823,2024-02-29 19:10:00,115,,
824,2024-02-29 19:10:00,115,,
825,2024-02-29 19:10:00,115,,
826,2024-02-29 19:10:00,115,,
827,2024-02-29 19:10:00,115,,
828,2024-02-29 19:10:00,115,,
829,2024-02-29 19:10:00,115,,
830,2024-02-29 19:10:00,115,,
831,2024-02-29 19:10:00,115,,
832,2024-02-29 19:10:00,115,,
833,2024-02-29 19:10:00,115,,
834,2024-02-29 19:10:00,115,,
835,2024-02-29 19:10:00,115,,
836,2024-02-29 19:10:00,115,,
837,2024-02-29 19:10:00,115,,
838,2024-02-29 19:10:00,115,,
839,2024-02-29 19:10:00,115,,
840,2024-02-29 19:10:00,115,,
841,2024-02-29 19:10:00,115,,
842,2024-02-29 19:10:00,115,,
843,2024-02-29 19:10:00,115,,
844,2024-02-29 19:10:00,115,,
845,2024-02-29 19:10:00,115,,
846,2024-02-29 19:10:00,115,,
847,2024-02-29 19:10:00,115,,
848,2024-02-29 19:10:00,115,,
849,2024-02-29 19:10:00,115,,
850,2024-02-29 19:10:00,115,,
851,2024-02-29 19:10:00,115,,
852,2024-02-29 19:10:00,115,,
853,2024-02-29 19:10:00,115,,
854,2024-02-29 19:10:00,115,,
855,2024-02-29 19:10:00,115,,
856,2024-02-29 19:10:00,115,,
857,2024-02-29 19:10:00,115,,
858,2024-02-29 19:10:00,115,,
859,2024-02-29 19:10:00,115,,
860,2024-02-29 19:10:00,115,,
861,2024-02-29 19:10:00,115,,
862,2024-02-29 19:10:00,115,,
863,2024-02-29 19:10:00,115,,
864,2024-02-29 19:10:00,115,,
865,2024-02-29 19:10:00,115,,
866,2024-02-29 19:10:00,115,,
867,2024-02-29 19:10:00,115,,
868,2024-02-29 19:10:00,115,,
869,2024-02-29 19:10:00,115,,
870,2024-02-29 19:10:00,115,,
871,2024-02-29 19:10:00,115,,
872,2024-02-29 19:10:00,115,,
873,2024-02-29 19:10:00,115,,
874,2024-02-29 19:10:00,115,,
875,2024-02-29 19:10:00,115,,
876,2024-02-29 19:10:00,115,,
877,2024-02-29 19:10:00,115,,
878,2024-02-29 19:10:00,115,,
879,2024-02-29 19:10:00,115,,
880,2024-02-29 19:10:00,115,,
881,2024-02-29 19:10:00,115,,
882,2024-02-29 19:10:00,115,,
883,2024-02-29 19:10:00,115,,
884,2024-02-29 19:10:00,115,,
885,2024-02-29 19:10:00,115,,
886,2024-02-29 19:10:00,115,,
887,2024-02-29 19:10:00,115,,
888,2024-02-29 19:10:00,115,,
889,2024-02-29 19:10:00,115,,
890,2024-02-29 19:10:00,115,,
891,2024-02-29 19:10:00,115,,
892,2024-02-29 19:10:00,115,,
893,2024-02-29 19:10:00,115,,
894,2024-02-29 19:10:00,115,,
895,2024-02-29 19:10:00,115,,
896,2024-02-29 19:10:00,115,,
897,2024-02-29 19:10:00,115,,
898,2024-02-29 19:10:00,115,,
899,2024-02-29 19:10:00,115,,
900,2024-02-29 19:10:00,115,,
901,2024-02-29 19:10:00,115,,
902,2024-02-29 19:10:00,115,,
903,2024-02-29 19:10:00,115,,
904,2024-02-29 19:10:00,115,,
905,2024-02-29 19:10:00,115,,
906,2024-02-29 19:10:00,115,,
907,2024-02-29 19:10:00,115,,
908,2024-02-29 19:10:00,115,,
909,2024-02-29 19:10:00,115,,
910,2024-02-29 19:10:00,115,,
911,2024-02-29 19:10:00,115,,
912,2024-02-29 19:10:00,115,,
913,2024-02-29 19:10:00,115,,
914,2024-02-29 19:10:00,115,,
915,2024-02-29 19:10:00,115,,
916,2024-02-29 19:10:00,115,,
917,2024-02-29 19:10:00,115,,
918,2024-02-29 19:10:00,115,,
919,2024-02-29 19:10:00,115,,
920,2024-02-29 19:10:00,115,,
921,2024-02-29 19:10:00,115,,
922,2024-02-29 19:10:00,115,,
923,2024-02-29 19:10:00,115,,
924,2024-02-29 19:10:00,115,,
925,2024-02-29 19:10:00,115,,
926,2024-02-29 19:10:00,115,,
927,2024-02-29 19:10:00,115,,
928,2024-02-29 19:10:00,115,,
929,2024-02-29 19:10:00,115,,
930,2024-02-29 19:10:00,115,,
931,2024-02-29 19:10:00,115,,
932,2024-02-29 19:10:00,115,,
933,2024-02-29 19:10:00,115,,
934,2024-02-29 19:10:00,115,,
935,2024-02-29 19:10:00,115,,
936,2024-02-29 19:10:00,115,,
937,2024-02-29 19:10:00,115,,
938,2024-02-29 19:10:00,115,,
939,2024-02-29 19:10:00,115,,
940,2024-02-29 19:10:00,115,,
941,2024-02-29 19:10:00,115,,
942,2024-02-29 19:10:00,115,,
943,2024-02-29 19:10:00,115,,
944,2024-02-29 19:10:00,115,,
945,2024-02-29 19:10:00,115,,
946,2024-02-29 19:10:00,115,,
947,2024-02-29 19:10:00,115,,
948,2024-02-29 19:10:00,115,,
949,2024-02-29 19:10:00,115,,
950,2024-02-29 19:10:00,115,,
951,2024-02-29 19:10:00,115,,
952,2024-02-29 19:10:00,115,,
953,2024-02-29 19:10:00,115,,
954,2024-02-29 19:10:00,115,,
955,2024-02-29 19:10:00,115,,
956,2024-02-29 19:10:00,115,,
957,2024-02-29 19:10:00,115,,
958,2024-02-29 19:10:00,115,,
959,2024-02-29 19:10:00,115,,
960,2024-02-29 19:10:00,115,,
961,2024-02-29 19:10:00,115,,
962,2024-02-29 19:10:00,115,,
963,2024-02-29 19:10:00,115,,
964,2024-02-29 19:10:00,115,,
965,2024-02-29 19:10:00,115,,
966,2024-02-29 19:10:00,115,,
967,2024-02-29 19:10:00,115,,
968,2024-02-29 19:10:00,115,,
969,2024-02-29 19:10:00,115,,
970,2024-02-29 19:10:00,115,,
971,2024-02-29 19:10:00,115,,
972,2024-02-29 19:10:00,115,,
973,2024-02-29 19:10:00,115,,
974,2024-02-29 19:10:00,115,,
975,2024-02-29 19:10:00,115,,
976,2024-02-29 19:10:00,115,,
977,2024-02-29 19:10:00,115,,
978,2024-02-29 19:10:00,115,,
979,2024-02-29 19:10:00,115,,
980,2024-02-29 19:10:00,115,,
981,2024-02-29 19:10:00,115,,
982,2024-02-29 19:10:00,115,,
983,2024-02-29 19:10:00,115,,
984,2024-02-29 19:10:00,115,,
985,2024-02-29 19:10:00,115,,
986,2024-02-29 19:10:00,115,,
987,2024-02-29 19:10:00,115,,
988,2024-02-29 19:10:00,115,,
989,2024-02-29 19:10:00,115,,
990,2024-02-29 19:10:00,115,,
991,2024-02-29 19:10:00,115,,
992,2024-02-29 19:10:00,115,,
993,2024-02-29 19:10:00,115,,
994,2024-02-29 19:10:00,115,,
995,2024-02-29 19:10:00,115,,
996,2024-02-29 19:10:00,115,,
997,2024-02-29 19:10:00,115,,
998,2024-02-29 19:10:00,115,,
999,2024-02-29 19:10:00,115,,
1000,2024-02-29 19:10:00,115,,
1001,2024-02-29 19:10:00,115,,
1002,2024-02-29 19:10:00,115,,
1003,2024-02-29 19:10:00,115,,
1004,2024-02-29 19:10:00,115,,
1005,2024-02-29 19:10:00,115,,
1006,2024-02-29 19:10:00,115,,
792,2024-02-29 19:20:00,116,,
793,2024-02-29 19:20:00,116,,
794,2024-02-29 19:20:00,116,,
795,2024-02-29 19:20:00,116,,
796,2024-02-29 19:20:00,116,,
797,2024-02-29 19:20:00,116,,
798,2024-02-29 19:20:00,116,,
799,2024-02-29 19:20:00,116,,
800,2024-02-29 19:20:00,116,,
801,2024-02-29 19:20:00,116,,
802,2024-02-29 19:20:00,116,,
803,2024-02-29 19:20:00,116,,
804,2024-02-29 19:20:00,116,,
805,2024-02-29 19:20:00,116,,
806,2024-02-29 19:20:00,116,,
807,2024-02-29 19:20:00,116,,
808,2024-02-29 19:20:00,116,,
809,2024-02-29 19:20:00,116,,
810,2024-02-29 19:20:00,116,,
811,2024-02-29 19:20:00,116,,
812,2024-02-29 19:20:00,116,,
813,2024-02-29 19:20:00,116,,
814,2024-02-29 19:20:00,116,,
815,2024-02-29 19:20:00,116,,
816,2024-02-29 19:20:00,116,,
817,2024-02-29 19:20:00,116,,
818,2024-02-29 19:20:00,116,,
819,2024-02-29 19:20:00,116,,
820,2024-02-29 19:20:00,116,,
821,2024-02-29 19:20:00,116,,
822,2024-02-29 19:20:00,116,,
823,2024-02-29 19:20:00,116,,
824,2024-02-29 19:20:00,116,,
825,2024-02-29 19:20:00,116,,
826,2024-02-29 19:20:00,116,,
827,2024-02-29 19:20:00,116,,
828,2024-02-29 19:20:00,116,,
829,2024-02-29 19:20:00,116,,
830,2024-02-29 19:20:00,116,,
831,2024-02-29 19:20:00,116,,
832,2024-02-29 19:20:00,116,,
833,2024-02-29 19:20:00,116,,
834,2024-02-29 19:20:00,116,,
835,2024-02-29 19:20:00,116,,
836,2024-02-29 19:20:00,116,,
837,2024-02-29 19:20:00,116,,
838,2024-02-29 19:20:00,116,,
839,2024-02-29 19:20:00,116,,
840,2024-02-29 19:20:00,116,,
841,2024-02-29 19:20:00,116,,
842,2024-02-29 19:20:00,116,,
843,2024-02-29 19:20:00,116,,
844,2024-02-29 19:20:00,116,,
845,2024-02-29 19:20:00,116,,
846,2024-02-29 19:20:00,116,,
847,2024-02-29 19:20:00,116,,
848,2024-02-29 19:20:00,116,,
849,2024-02-29 19:20:00,116,,
850,2024-02-29 19:20:00,116,,
851,2024-02-29 19:20:00,116,,
852,2024-02-29 19:20:00,116,,
853,2024-02-29 19:20:00,116,,
854,2024-02-29 19:20:00,116,,
855,2024-02-29 19:20:00,116,,
856,2024-02-29 19:20:00,116,,
857,2024-02-29 19:20:00,116,,
858,2024-02-29 19:20:00,116,,
859,2024-02-29 19:20:00,116,,
860,2024-02-29 19:20:00,116,,
861,2024-02-29 19:20:00,116,,
862,2024-02-29 19:20:00,116,,
863,2024-02-29 19:20:00,116,,
864,2024-02-29 19:20:00,116,,
865,2024-02-29 19:20:00,116,,
866,2024-02-29 19:20:00,116,,
867,2024-02-29 19:20:00,116,,
868,2024-02-29 19:20:00,116,,
869,2024-02-29 19:20:00,116,,
870,2024-02-29 19:20:00,116,,
871,2024-02-29 19:20:00,116,,
872,2024-02-29 19:20:00,116,,
873,2024-02-29 19:20:00,116,,
874,2024-02-29 19:20:00,116,,
875,2024-02-29 19:20:00,116,,
876,2024-02-29 19:20:00,116,,
877,2024-02-29 19:20:00,116,,
878,2024-02-29 19:20:00,116,,
879,2024-02-29 19:20:00,116,,
880,2024-02-29 19:20:00,116,,
881,2024-02-29 19:20:00,116,,
882,2024-02-29 19:20:00,116,,
883,2024-02-29 19:20:00,116,,
884,2024-02-29 19:20:00,116,,
885,2024-02-29 19:20:00,116,,
886,2024-02-29 19:20:00,116,,
887,2024-02-29 19:20:00,116,,
888,2024-02-29 19:20:00,116,,
889,2024-02-29 19:20:00,116,,
890,2024-02-29 19:20:00,116,,
891,2024-02-29 19:20:00,116,,
892,2024-02-29 19:20:00,116,,
893,2024-02-29 19:20:00,116,,
894,2024-02-29 19:20:00,116,,
895,2024-02-29 19:20:00,116,,
896,2024-02-29 19:20:00,116,,
897,2024-02-29 19:20:00,116,,
898,2024-02-29 19:20:00,116,,
899,2024-02-29 19:20:00,116,,
900,2024-02-29 19:20:00,116,,
901,2024-02-29 19:20:00,116,,
902,2024-02-29 19:20:00,116,,
903,2024-02-29 19:20:00,116,,
904,2024-02-29 19:20:00,116,,
905,2024-02-29 19:20:00,116,,
906,2024-02-29 19:20:00,116,,
907,2024-02-29 19:20:00,116,,
908,2024-02-29 19:20:00,116,,
909,2024-02-29 19:20:00,116,,
910,2024-02-29 19:20:00,116,,
911,2024-02-29 19:20:00,116,,
912,2024-02-29 19:20:00,116,,
913,2024-02-29 19:20:00,116,,
914,2024-02-29 19:20:00,116,,
915,2024-02-29 19:20:00,116,,
916,2024-02-29 19:20:00,116,,
917,2024-02-29 19:20:00,116,,
918,2024-02-29 19:20:00,116,,
919,2024-02-29 19:20:00,116,,
920,2024-02-29 19:20:00,116,,
921,2024-02-29 19:20:00,116,,
922,2024-02-29 19:20:00,116,,
923,2024-02-29 19:20:00,116,,
924,2024-02-29 19:20:00,116,,
925,2024-02-29 19:20:00,116,,
926,2024-02-29 19:20:00,116,,
927,2024-02-29 19:20:00,116,,
928,2024-02-29 19:20:00,116,,
929,2024-02-29 19:20:00,116,,
930,2024-02-29 19:20:00,116,,
931,2024-02-29 19:20:00,116,,
932,2024-02-29 19:20:00,116,,
933,2024-02-29 19:20:00,116,,
934,2024-02-29 19:20:00,116,,
935,2024-02-29 19:20:00,116,,
936,2024-02-29 19:20:00,116,,
937,2024-02-29 19:20:00,116,,
938,2024-02-29 19:20:00,116,,
939,2024-02-29 19:20:00,116,,
940,2024-02-29 19:20:00,116,,
941,2024-02-29 19:20:00,116,,
942,2024-02-29 19:20:00,116,,
943,2024-02-29 19:20:00,116,,
944,2024-02-29 19:20:00,116,,
945,2024-02-29 19:20:00,116,,
946,2024-02-29 19:20:00,116,,
947,2024-02-29 19:20:00,116,,
948,2024-02-29 19:20:00,116,,
949,2024-02-29 19:20:00,116,,
950,2024-02-29 19:20:00,116,,
951,2024-02-29 19:20:00,116,,
952,2024-02-29 19:20:00,116,,
953,2024-02-29 19:20:00,116,,
954,2024-02-29 19:20:00,116,,
955,2024-02-29 19:20:00,116,,
956,2024-02-29 19:20:00,116,,
957,2024-02-29 19:20:00,116,,
958,2024-02-29 19:20:00,116,,
959,2024-02-29 19:20:00,116,,
960,2024-02-29 19:20:00,116,,
961,2024-02-29 19:20:00,116,,
962,2024-02-29 19:20:00,116,,
963,2024-02-29 19:20:00,116,,
964,2024-02-29 19:20:00,116,,
965,2024-02-29 19:20:00,116,,
966,2024-02-29 19:20:00,116,,
967,2024-02-29 19:20:00,116,,
968,2024-02-29 19:20:00,116,,
969,2024-02-29 19:20:00,116,,
970,2024-02-29 19:20:00,116,,
971,2024-02-29 19:20:00,116,,
972,2024-02-29 19:20:00,116,,
973,2024-02-29 19:20:00,116,,
974,2024-02-29 19:20:00,116,,
975,2024-02-29 19:20:00,116,,
976,2024-02-29 19:20:00,116,,
977,2024-02-29 19:20:00,116,,
978,2024-02-29 19:20:00,116,,
979,2024-02-29 19:20:00,116,,
980,2024-02-29 19:20:00,116,,
981,2024-02-29 19:20:00,116,,
982,2024-02-29 19:20:00,116,,
983,2024-02-29 19:20:00,116,,
984,2024-02-29 19:20:00,116,,
985,2024-02-29 19:20:00,116,,
986,2024-02-29 19:20:00,116,,
987,2024-02-29 19:20:00,116,,
988,2024-02-29 19:20:00,116,,
989,2024-02-29 19:20:00,116,,
990,2024-02-29 19:20:00,116,,
991,2024-02-29 19:20:00,116,,
992,2024-02-29 19:20:00,116,,
993,2024-02-29 19:20:00,116,,
994,2024-02-29 19:20:00,116,,
995,2024-02-29 19:20:00,116,,
996,2024-02-29 19:20:00,116,,
997,2024-02-29 19:20:00,116,,
998,2024-02-29 19:20:00,116,,
999,2024-02-29 19:20:00,116,,
1000,2024-02-29 19:20:00,116,,
1001,2024-02-29 19:20:00,116,,
1002,2024-02-29 19:20:00,116,,
1003,2024-02-29 19:20:00,116,,
1004,2024-02-29 19:20:00,116,,
1005,2024-02-29 19:20:00,116,,
1006,2024-02-29 19:20:00,116,,
792,2024-02-29 19:30:00,117,,
793,2024-02-29 19:30:00,117,,
794,2024-02-29 19:30:00,117,,
795,2024-02-29 19:30:00,117,,
796,2024-02-29 19:30:00,117,,
797,2024-02-29 19:30:00,117,,
798,2024-02-29 19:30:00,117,,
799,2024-02-29 19:30:00,117,,
800,2024-02-29 19:30:00,117,,
801,2024-02-29 19:30:00,117,,
802,2024-02-29 19:30:00,117,,
803,2024-02-29 19:30:00,117,,
804,2024-02-29 19:30:00,117,,
805,2024-02-29 19:30:00,117,,
806,2024-02-29 19:30:00,117,,
807,2024-02-29 19:30:00,117,,
808,2024-02-29 19:30:00,117,,
809,2024-02-29 19:30:00,117,,
810,2024-02-29 19:30:00,117,,
811,2024-02-29 19:30:00,117,,
812,2024-02-29 19:30:00,117,,
813,2024-02-29 19:30:00,117,,
814,2024-02-29 19:30:00,117,,
815,2024-02-29 19:30:00,117,,
816,2024-02-29 19:30:00,117,,
817,2024-02-29 19:30:00,117,,
818,2024-02-29 19:30:00,117,,
819,2024-02-29 19:30:00,117,,
820,2024-02-29 19:30:00,117,,
821,2024-02-29 19:30:00,117,,
822,2024-02-29 19:30:00,117,,
823,2024-02-29 19:30:00,117,,
824,2024-02-29 19:30:00,117,,
825,2024-02-29 19:30:00,117,,
826,2024-02-29 19:30:00,117,,
827,2024-02-29 19:30:00,117,,
828,2024-02-29 19:30:00,117,,
829,2024-02-29 19:30:00,117,,
830,2024-02-29 19:30:00,117,,
831,2024-02-29 19:30:00,117,,
832,2024-02-29 19:30:00,117,,
833,2024-02-29 19:30:00,117,,
834,2024-02-29 19:30:00,117,,
835,2024-02-29 19:30:00,117,,
836,2024-02-29 19:30:00,117,,
837,2024-02-29 19:30:00,117,,
838,2024-02-29 19:30:00,117,,
839,2024-02-29 19:30:00,117,,
840,2024-02-29 19:30:00,117,,
841,2024-02-29 19:30:00,117,,
842,2024-02-29 19:30:00,117,,
843,2024-02-29 19:30:00,117,,
844,2024-02-29 19:30:00,117,,
845,2024-02-29 19:30:00,117,,
846,2024-02-29 19:30:00,117,,
847,2024-02-29 19:30:00,117,,
848,2024-02-29 19:30:00,117,,
849,2024-02-29 19:30:00,117,,
850,2024-02-29 19:30:00,117,,
851,2024-02-29 19:30:00,117,,
852,2024-02-29 19:30:00,117,,
853,2024-02-29 19:30:00,117,,
854,2024-02-29 19:30:00,117,,
855,2024-02-29 19:30:00,117,,
856,2024-02-29 19:30:00,117,,
857,2024-02-29 19:30:00,117,,
858,2024-02-29 19:30:00,117,,
859,2024-02-29 19:30:00,117,,
860,2024-02-29 19:30:00,117,,
861,2024-02-29 19:30:00,117,,
862,2024-02-29 19:30:00,117,,
863,2024-02-29 19:30:00,117,,
864,2024-02-29 19:30:00,117,,
865,2024-02-29 19:30:00,117,,
866,2024-02-29 19:30:00,117,,
867,2024-02-29 19:30:00,117,,
868,2024-02-29 19:30:00,117,,
869,2024-02-29 19:30:00,117,,
870,2024-02-29 19:30:00,117,,
871,2024-02-29 19:30:00,117,,
872,2024-02-29 19:30:00,117,,
873,2024-02-29 19:30:00,117,,
874,2024-02-29 19:30:00,117,,
875,2024-02-29 19:30:00,117,,
876,2024-02-29 19:30:00,117,,
877,2024-02-29 19:30:00,117,,
878,2024-02-29 19:30:00,117,,
879,2024-02-29 19:30:00,117,,
880,2024-02-29 19:30:00,117,,
881,2024-02-29 19:30:00,117,,
882,2024-02-29 19:30:00,117,,
883,2024-02-29 19:30:00,117,,
884,2024-02-29 19:30:00,117,,
885,2024-02-29 19:30:00,117,,
886,2024-02-29 19:30:00,117,,
887,2024-02-29 19:30:00,117,,
888,2024-02-29 19:30:00,117,,
889,2024-02-29 19:30:00,117,,
890,2024-02-29 19:30:00,117,,
891,2024-02-29 19:30:00,117,,
892,2024-02-29 19:30:00,117,,
893,2024-02-29 19:30:00,117,,
894,2024-02-29 19:30:00,117,,
895,2024-02-29 19:30:00,117,,
896,2024-02-29 19:30:00,117,,
897,2024-02-29 19:30:00,117,,
898,2024-02-29 19:30:00,117,,
899,2024-02-29 19:30:00,117,,
900,2024-02-29 19:30:00,117,,
901,2024-02-29 19:30:00,117,,
902,2024-02-29 19:30:00,117,,
903,2024-02-29 19:30:00,117,,
904,2024-02-29 19:30:00,117,,
905,2024-02-29 19:30:00,117,,
906,2024-02-29 19:30:00,117,,
907,2024-02-29 19:30:00,117,,
908,2024-02-29 19:30:00,117,,
909,2024-02-29 19:30:00,117,,
910,2024-02-29 19:30:00,117,,
911,2024-02-29 19:30:00,117,,
912,2024-02-29 19:30:00,117,,
913,2024-02-29 19:30:00,117,,
914,2024-02-29 19:30:00,117,,
915,2024-02-29 19:30:00,117,,
916,2024-02-29 19:30:00,117,,
917,2024-02-29 19:30:00,117,,
918,2024-02-29 19:30:00,117,,
919,2024-02-29 19:30:00,117,,
920,2024-02-29 19:30:00,117,,
921,2024-02-29 19:30:00,117,,
922,2024-02-29 19:30:00,117,,
923,2024-02-29 19:30:00,117,,
924,2024-02-29 19:30:00,117,,
925,2024-02-29 19:30:00,117,,
926,2024-02-29 19:30:00,117,,
927,2024-02-29 19:30:00,117,,
928,2024-02-29 19:30:00,117,,
929,2024-02-29 19:30:00,117,,
930,2024-02-29 19:30:00,117,,
931,2024-02-29 19:30:00,117,,
932,2024-02-29 19:30:00,117,,
933,2024-02-29 19:30:00,117,,
934,2024-02-29 19:30:00,117,,
935,2024-02-29 19:30:00,117,,
936,2024-02-29 19:30:00,117,,
937,2024-02-29 19:30:00,117,,
938,2024-02-29 19:30:00,117,,
939,2024-02-29 19:30:00,117,,
940,2024-02-29 19:30:00,117,,
941,2024-02-29 19:30:00,117,,
942,2024-02-29 19:30:00,117,,
943,2024-02-29 19:30:00,117,,
944,2024-02-29 19:30:00,117,,
945,2024-02-29 19:30:00,117,,
946,2024-02-29 19:30:00,117,,
947,2024-02-29 19:30:00,117,,
948,2024-02-29 19:30:00,117,,
949,2024-02-29 19:30:00,117,,
950,2024-02-29 19:30:00,117,,
951,2024-02-29 19:30:00,117,,
952,2024-02-29 19:30:00,117,,
953,2024-02-29 19:30:00,117,,
954,2024-02-29 19:30:00,117,,
955,2024-02-29 19:30:00,117,,
956,2024-02-29 19:30:00,117,,
957,2024-02-29 19:30:00,117,,
958,2024-02-29 19:30:00,117,,
959,2024-02-29 19:30:00,117,,
960,2024-02-29 19:30:00,117,,
961,2024-02-29 19:30:00,117,,
962,2024-02-29 19:30:00,117,,
963,2024-02-29 19:30:00,117,,
964,2024-02-29 19:30:00,117,,
965,2024-02-29 19:30:00,117,,
966,2024-02-29 19:30:00,117,,
967,2024-02-29 19:30:00,117,,
968,2024-02-29 19:30:00,117,,
969,2024-02-29 19:30:00,117,,
970,2024-02-29 19:30:00,117,,
971,2024-02-29 19:30:00,117,,
972,2024-02-29 19:30:00,117,,
973,2024-02-29 19:30:00,117,,
974,2024-02-29 19:30:00,117,,
975,2024-02-29 19:30:00,117,,
976,2024-02-29 19:30:00,117,,
977,2024-02-29 19:30:00,117,,
978,2024-02-29 19:30:00,117,,
979,2024-02-29 19:30:00,117,,
980,2024-02-29 19:30:00,117,,
981,2024-02-29 19:30:00,117,,
982,2024-02-29 19:30:00,117,,
983,2024-02-29 19:30:00,117,,
984,2024-02-29 19:30:00,117,,
985,2024-02-29 19:30:00,117,,
986,2024-02-29 19:30:00,117,,
987,2024-02-29 19:30:00,117,,
988,2024-02-29 19:30:00,117,,
989,2024-02-29 19:30:00,117,,
990,2024-02-29 19:30:00,117,,
991,2024-02-29 19:30:00,117,,
992,2024-02-29 19:30:00,117,,
993,2024-02-29 19:30:00,117,,
994,2024-02-29 19:30:00,117,,
995,2024-02-29 19:30:00,117,,
996,2024-02-29 19:30:00,117,,
997,2024-02-29 19:30:00,117,,
998,2024-02-29 19:30:00,117,,
999,2024-02-29 19:30:00,117,,
1000,2024-02-29 19:30:00,117,,
1001,2024-02-29 19:30:00,117,,
1002,2024-02-29 19:30:00,117,,
1003,2024-02-29 19:30:00,117,,
1004,2024-02-29 19:30:00,117,,
1005,2024-02-29 19:30:00,117,,
1006,2024-02-29 19:30:00,117,,
792,2024-02-29 19:40:00,118,,
793,2024-02-29 19:40:00,118,,
794,2024-02-29 19:40:00,118,,
795,2024-02-29 19:40:00,118,,
796,2024-02-29 19:40:00,118,,
797,2024-02-29 19:40:00,118,,
798,2024-02-29 19:40:00,118,,
799,2024-02-29 19:40:00,118,,
800,2024-02-29 19:40:00,118,,
801,2024-02-29 19:40:00,118,,
802,2024-02-29 19:40:00,118,,
803,2024-02-29 19:40:00,118,,
804,2024-02-29 19:40:00,118,,
805,2024-02-29 19:40:00,118,,
806,2024-02-29 19:40:00,118,,
807,2024-02-29 19:40:00,118,,
808,2024-02-29 19:40:00,118,,
809,2024-02-29 19:40:00,118,,
810,2024-02-29 19:40:00,118,,
811,2024-02-29 19:40:00,118,,
812,2024-02-29 19:40:00,118,,
813,2024-02-29 19:40:00,118,,
814,2024-02-29 19:40:00,118,,
815,2024-02-29 19:40:00,118,,
816,2024-02-29 19:40:00,118,,
817,2024-02-29 19:40:00,118,,
818,2024-02-29 19:40:00,118,,
819,2024-02-29 19:40:00,118,,
820,2024-02-29 19:40:00,118,,
821,2024-02-29 19:40:00,118,,
822,2024-02-29 19:40:00,118,,
823,2024-02-29 19:40:00,118,,
824,2024-02-29 19:40:00,118,,
825,2024-02-29 19:40:00,118,,
826,2024-02-29 19:40:00,118,,
827,2024-02-29 19:40:00,118,,
828,2024-02-29 19:40:00,118,,
829,2024-02-29 19:40:00,118,,
830,2024-02-29 19:40:00,118,,
831,2024-02-29 19:40:00,118,,
832,2024-02-29 19:40:00,118,,
833,2024-02-29 19:40:00,118,,
834,2024-02-29 19:40:00,118,,
835,2024-02-29 19:40:00,118,,
836,2024-02-29 19:40:00,118,,
837,2024-02-29 19:40:00,118,,
838,2024-02-29 19:40:00,118,,
839,2024-02-29 19:40:00,118,,
840,2024-02-29 19:40:00,118,,
841,2024-02-29 19:40:00,118,,
842,2024-02-29 19:40:00,118,,
843,2024-02-29 19:40:00,118,,
844,2024-02-29 19:40:00,118,,
845,2024-02-29 19:40:00,118,,
846,2024-02-29 19:40:00,118,,
847,2024-02-29 19:40:00,118,,
848,2024-02-29 19:40:00,118,,
849,2024-02-29 19:40:00,118,,
850,2024-02-29 19:40:00,118,,
851,2024-02-29 19:40:00,118,,
852,2024-02-29 19:40:00,118,,
853,2024-02-29 19:40:00,118,,
854,2024-02-29 19:40:00,118,,
855,2024-02-29 19:40:00,118,,
856,2024-02-29 19:40:00,118,,
857,2024-02-29 19:40:00,118,,
858,2024-02-29 19:40:00,118,,
859,2024-02-29 19:40:00,118,,
860,2024-02-29 19:40:00,118,,
861,2024-02-29 19:40:00,118,,
862,2024-02-29 19:40:00,118,,
863,2024-02-29 19:40:00,118,,
864,2024-02-29 19:40:00,118,,
865,2024-02-29 19:40:00,118,,
866,2024-02-29 19:40:00,118,,
867,2024-02-29 19:40:00,118,,
868,2024-02-29 19:40:00,118,,
869,2024-02-29 19:40:00,118,,
870,2024-02-29 19:40:00,118,,
871,2024-02-29 19:40:00,118,,
872,2024-02-29 19:40:00,118,,
873,2024-02-29 19:40:00,118,,
874,2024-02-29 19:40:00,118,,
875,2024-02-29 19:40:00,118,,
876,2024-02-29 19:40:00,118,,
877,2024-02-29 19:40:00,118,,
878,2024-02-29 19:40:00,118,,
879,2024-02-29 19:40:00,118,,
880,2024-02-29 19:40:00,118,,
881,2024-02-29 19:40:00,118,,
882,2024-02-29 19:40:00,118,,
883,2024-02-29 19:40:00,118,,
884,2024-02-29 19:40:00,118,,
885,2024-02-29 19:40:00,118,,
886,2024-02-29 19:40:00,118,,
887,2024-02-29 19:40:00,118,,
888,2024-02-29 19:40:00,118,,
889,2024-02-29 19:40:00,118,,
890,2024-02-29 19:40:00,118,,
891,2024-02-29 19:40:00,118,,
892,2024-02-29 19:40:00,118,,
893,2024-02-29 19:40:00,118,,
894,2024-02-29 19:40:00,118,,
895,2024-02-29 19:40:00,118,,
896,2024-02-29 19:40:00,118,,
897,2024-02-29 19:40:00,118,,
898,2024-02-29 19:40:00,118,,
899,2024-02-29 19:40:00,118,,
900,2024-02-29 19:40:00,118,,
901,2024-02-29 19:40:00,118,,
902,2024-02-29 19:40:00,118,,
903,2024-02-29 19:40:00,118,,
904,2024-02-29 19:40:00,118,,
905,2024-02-29 19:40:00,118,,
906,2024-02-29 19:40:00,118,,
907,2024-02-29 19:40:00,118,,
908,2024-02-29 19:40:00,118,,
909,2024-02-29 19:40:00,118,,
910,2024-02-29 19:40:00,118,,
911,2024-02-29 19:40:00,118,,
912,2024-02-29 19:40:00,118,,
913,2024-02-29 19:40:00,118,,
914,2024-02-29 19:40:00,118,,
915,2024-02-29 19:40:00,118,,
916,2024-02-29 19:40:00,118,,
917,2024-02-29 19:40:00,118,,
918,2024-02-29 19:40:00,118,,
919,2024-02-29 19:40:00,118,,
920,2024-02-29 19:40:00,118,,
921,2024-02-29 19:40:00,118,,
922,2024-02-29 19:40:00,118,,
923,2024-02-29 19:40:00,118,,
924,2024-02-29 19:40:00,118,,
925,2024-02-29 19:40:00,118,,
926,2024-02-29 19:40:00,118,,
927,2024-02-29 19:40:00,118,,
928,2024-02-29 19:40:00,118,,
929,2024-02-29 19:40:00,118,,
930,2024-02-29 19:40:00,118,,
931,2024-02-29 19:40:00,118,,
932,2024-02-29 19:40:00,118,,
933,2024-02-29 19:40:00,118,,
934,2024-02-29 19:40:00,118,,
935,2024-02-29 19:40:00,118,,
936,2024-02-29 19:40:00,118,,
937,2024-02-29 19:40:00,118,,
938,2024-02-29 19:40:00,118,,
939,2024-02-29 19:40:00,118,,
940,2024-02-29 19:40:00,118,,
941,2024-02-29 19:40:00,118,,
942,2024-02-29 19:40:00,118,,
943,2024-02-29 19:40:00,118,,
944,2024-02-29 19:40:00,118,,
945,2024-02-29 19:40:00,118,,
946,2024-02-29 19:40:00,118,,
947,2024-02-29 19:40:00,118,,
948,2024-02-29 19:40:00,118,,
949,2024-02-29 19:40:00,118,,
950,2024-02-29 19:40:00,118,,
951,2024-02-29 19:40:00,118,,
952,2024-02-29 19:40:00,118,,
953,2024-02-29 19:40:00,118,,
954,2024-02-29 19:40:00,118,,
955,2024-02-29 19:40:00,118,,
956,2024-02-29 19:40:00,118,,
957,2024-02-29 19:40:00,118,,
958,2024-02-29 19:40:00,118,,
959,2024-02-29 19:40:00,118,,
960,2024-02-29 19:40:00,118,,
961,2024-02-29 19:40:00,118,,
962,2024-02-29 19:40:00,118,,
963,2024-02-29 19:40:00,118,,
964,2024-02-29 19:40:00,118,,
965,2024-02-29 19:40:00,118,,
966,2024-02-29 19:40:00,118,,
967,2024-02-29 19:40:00,118,,
968,2024-02-29 19:40:00,118,,
969,2024-02-29 19:40:00,118,,
970,2024-02-29 19:40:00,118,,
971,2024-02-29 19:40:00,118,,
972,2024-02-29 19:40:00,118,,
973,2024-02-29 19:40:00,118,,
974,2024-02-29 19:40:00,118,,
975,2024-02-29 19:40:00,118,,
976,2024-02-29 19:40:00,118,,
977,2024-02-29 19:40:00,118,,
978,2024-02-29 19:40:00,118,,
979,2024-02-29 19:40:00,118,,
980,2024-02-29 19:40:00,118,,
981,2024-02-29 19:40:00,118,,
982,2024-02-29 19:40:00,118,,
983,2024-02-29 19:40:00,118,,
984,2024-02-29 19:40:00,118,,
985,2024-02-29 19:40:00,118,,
986,2024-02-29 19:40:00,118,,
987,2024-02-29 19:40:00,118,,
988,2024-02-29 19:40:00,118,,
989,2024-02-29 19:40:00,118,,
990,2024-02-29 19:40:00,118,,
991,2024-02-29 19:40:00,118,,
992,2024-02-29 19:40:00,118,,
993,2024-02-29 19:40:00,118,,
994,2024-02-29 19:40:00,118,,
995,2024-02-29 19:40:00,118,,
996,2024-02-29 19:40:00,118,,
997,2024-02-29 19:40:00,118,,
998,2024-02-29 19:40:00,118,,
999,2024-02-29 19:40:00,118,,
1000,2024-02-29 19:40:00,118,,
1001,2024-02-29 19:40:00,118,,
1002,2024-02-29 19:40:00,118,,
1003,2024-02-29 19:40:00,118,,
1004,2024-02-29 19:40:00,118,,
1005,2024-02-29 19:40:00,118,,
1006,2024-02-29 19:40:00,118,,
792,2024-02-29 19:50:00,119,,
793,2024-02-29 19:50:00,119,,
794,2024-02-29 19:50:00,119,,
795,2024-02-29 19:50:00,119,,
796,2024-02-29 19:50:00,119,,
797,2024-02-29 19:50:00,119,,
798,2024-02-29 19:50:00,119,,
799,2024-02-29 19:50:00,119,,
800,2024-02-29 19:50:00,119,,
801,2024-02-29 19:50:00,119,,
802,2024-02-29 19:50:00,119,,
803,2024-02-29 19:50:00,119,,
804,2024-02-29 19:50:00,119,,
805,2024-02-29 19:50:00,119,,
806,2024-02-29 19:50:00,119,,
807,2024-02-29 19:50:00,119,,
808,2024-02-29 19:50:00,119,,
809,2024-02-29 19:50:00,119,,
810,2024-02-29 19:50:00,119,,
811,2024-02-29 19:50:00,119,,
812,2024-02-29 19:50:00,119,,
813,2024-02-29 19:50:00,119,,
814,2024-02-29 19:50:00,119,,
815,2024-02-29 19:50:00,119,,
816,2024-02-29 19:50:00,119,,
817,2024-02-29 19:50:00,119,,
818,2024-02-29 19:50:00,119,,
819,2024-02-29 19:50:00,119,,
820,2024-02-29 19:50:00,119,,
821,2024-02-29 19:50:00,119,,
822,2024-02-29 19:50:00,119,,
823,2024-02-29 19:50:00,119,,
824,2024-02-29 19:50:00,119,,
825,2024-02-29 19:50:00,119,,
826,2024-02-29 19:50:00,119,,
827,2024-02-29 19:50:00,119,,
828,2024-02-29 19:50:00,119,,
829,2024-02-29 19:50:00,119,,
830,2024-02-29 19:50:00,119,,
831,2024-02-29 19:50:00,119,,
832,2024-02-29 19:50:00,119,,
833,2024-02-29 19:50:00,119,,
834,2024-02-29 19:50:00,119,,
835,2024-02-29 19:50:00,119,,
836,2024-02-29 19:50:00,119,,
837,2024-02-29 19:50:00,119,,
838,2024-02-29 19:50:00,119,,
839,2024-02-29 19:50:00,119,,
840,2024-02-29 19:50:00,119,,
841,2024-02-29 19:50:00,119,,
842,2024-02-29 19:50:00,119,,
843,2024-02-29 19:50:00,119,,
844,2024-02-29 19:50:00,119,,
845,2024-02-29 19:50:00,119,,
846,2024-02-29 19:50:00,119,,
847,2024-02-29 19:50:00,119,,
848,2024-02-29 19:50:00,119,,
849,2024-02-29 19:50:00,119,,
850,2024-02-29 19:50:00,119,,
851,2024-02-29 19:50:00,119,,
852,2024-02-29 19:50:00,119,,
853,2024-02-29 19:50:00,119,,
854,2024-02-29 19:50:00,119,,
855,2024-02-29 19:50:00,119,,
856,2024-02-29 19:50:00,119,,
857,2024-02-29 19:50:00,119,,
858,2024-02-29 19:50:00,119,,
859,2024-02-29 19:50:00,119,,
860,2024-02-29 19:50:00,119,,
861,2024-02-29 19:50:00,119,,
862,2024-02-29 19:50:00,119,,
863,2024-02-29 19:50:00,119,,
864,2024-02-29 19:50:00,119,,
865,2024-02-29 19:50:00,119,,
866,2024-02-29 19:50:00,119,,
867,2024-02-29 19:50:00,119,,
868,2024-02-29 19:50:00,119,,
869,2024-02-29 19:50:00,119,,
870,2024-02-29 19:50:00,119,,
871,2024-02-29 19:50:00,119,,
872,2024-02-29 19:50:00,119,,
873,2024-02-29 19:50:00,119,,
874,2024-02-29 19:50:00,119,,
875,2024-02-29 19:50:00,119,,
876,2024-02-29 19:50:00,119,,
877,2024-02-29 19:50:00,119,,
878,2024-02-29 19:50:00,119,,
879,2024-02-29 19:50:00,119,,
880,2024-02-29 19:50:00,119,,
881,2024-02-29 19:50:00,119,,
882,2024-02-29 19:50:00,119,,
883,2024-02-29 19:50:00,119,,
884,2024-02-29 19:50:00,119,,
885,2024-02-29 19:50:00,119,,
886,2024-02-29 19:50:00,119,,
887,2024-02-29 19:50:00,119,,
888,2024-02-29 19:50:00,119,,
889,2024-02-29 19:50:00,119,,
890,2024-02-29 19:50:00,119,,
891,2024-02-29 19:50:00,119,,
892,2024-02-29 19:50:00,119,,
893,2024-02-29 19:50:00,119,,
894,2024-02-29 19:50:00,119,,
895,2024-02-29 19:50:00,119,,
896,2024-02-29 19:50:00,119,,
897,2024-02-29 19:50:00,119,,
898,2024-02-29 19:50:00,119,,
899,2024-02-29 19:50:00,119,,
900,2024-02-29 19:50:00,119,,
901,2024-02-29 19:50:00,119,,
902,2024-02-29 19:50:00,119,,
903,2024-02-29 19:50:00,119,,
904,2024-02-29 19:50:00,119,,
905,2024-02-29 19:50:00,119,,
906,2024-02-29 19:50:00,119,,
907,2024-02-29 19:50:00,119,,
908,2024-02-29 19:50:00,119,,
909,2024-02-29 19:50:00,119,,
910,2024-02-29 19:50:00,119,,
911,2024-02-29 19:50:00,119,,
912,2024-02-29 19:50:00,119,,
913,2024-02-29 19:50:00,119,,
914,2024-02-29 19:50:00,119,,
915,2024-02-29 19:50:00,119,,
916,2024-02-29 19:50:00,119,,
917,2024-02-29 19:50:00,119,,
918,2024-02-29 19:50:00,119,,
919,2024-02-29 19:50:00,119,,
920,2024-02-29 19:50:00,119,,
921,2024-02-29 19:50:00,119,,
922,2024-02-29 19:50:00,119,,
923,2024-02-29 19:50:00,119,,
924,2024-02-29 19:50:00,119,,
925,2024-02-29 19:50:00,119,,
926,2024-02-29 19:50:00,119,,
927,2024-02-29 19:50:00,119,,
928,2024-02-29 19:50:00,119,,
929,2024-02-29 19:50:00,119,,
930,2024-02-29 19:50:00,119,,
931,2024-02-29 19:50:00,119,,
932,2024-02-29 19:50:00,119,,
933,2024-02-29 19:50:00,119,,
934,2024-02-29 19:50:00,119,,
935,2024-02-29 19:50:00,119,,
936,2024-02-29 19:50:00,119,,
937,2024-02-29 19:50:00,119,,
938,2024-02-29 19:50:00,119,,
939,2024-02-29 19:50:00,119,,
940,2024-02-29 19:50:00,119,,
941,2024-02-29 19:50:00,119,,
942,2024-02-29 19:50:00,119,,
943,2024-02-29 19:50:00,119,,
944,2024-02-29 19:50:00,119,,
945,2024-02-29 19:50:00,119,,
946,2024-02-29 19:50:00,119,,
947,2024-02-29 19:50:00,119,,
948,2024-02-29 19:50:00,119,,
949,2024-02-29 19:50:00,119,,
950,2024-02-29 19:50:00,119,,
951,2024-02-29 19:50:00,119,,
952,2024-02-29 19:50:00,119,,
953,2024-02-29 19:50:00,119,,
954,2024-02-29 19:50:00,119,,
955,2024-02-29 19:50:00,119,,
956,2024-02-29 19:50:00,119,,
957,2024-02-29 19:50:00,119,,
958,2024-02-29 19:50:00,119,,
959,2024-02-29 19:50:00,119,,
960,2024-02-29 19:50:00,119,,
961,2024-02-29 19:50:00,119,,
962,2024-02-29 19:50:00,119,,
963,2024-02-29 19:50:00,119,,
964,2024-02-29 19:50:00,119,,
965,2024-02-29 19:50:00,119,,
966,2024-02-29 19:50:00,119,,
967,2024-02-29 19:50:00,119,,
968,2024-02-29 19:50:00,119,,
969,2024-02-29 19:50:00,119,,
970,2024-02-29 19:50:00,119,,
971,2024-02-29 19:50:00,119,,
972,2024-02-29 19:50:00,119,,
973,2024-02-29 19:50:00,119,,
974,2024-02-29 19:50:00,119,,
975,2024-02-29 19:50:00,119,,
976,2024-02-29 19:50:00,119,,
977,2024-02-29 19:50:00,119,,
978,2024-02-29 19:50:00,119,,
979,2024-02-29 19:50:00,119,,
980,2024-02-29 19:50:00,119,,
981,2024-02-29 19:50:00,119,,
982,2024-02-29 19:50:00,119,,
983,2024-02-29 19:50:00,119,,
984,2024-02-29 19:50:00,119,,
985,2024-02-29 19:50:00,119,,
986,2024-02-29 19:50:00,119,,
987,2024-02-29 19:50:00,119,,
988,2024-02-29 19:50:00,119,,
989,2024-02-29 19:50:00,119,,
990,2024-02-29 19:50:00,119,,
991,2024-02-29 19:50:00,119,,
992,2024-02-29 19:50:00,119,,
993,2024-02-29 19:50:00,119,,
994,2024-02-29 19:50:00,119,,
995,2024-02-29 19:50:00,119,,
996,2024-02-29 19:50:00,119,,
997,2024-02-29 19:50:00,119,,
998,2024-02-29 19:50:00,119,,
999,2024-02-29 19:50:00,119,,
1000,2024-02-29 19:50:00,119,,
1001,2024-02-29 19:50:00,119,,
1002,2024-02-29 19:50:00,119,,
1003,2024-02-29 19:50:00,119,,
1004,2024-02-29 19:50:00,119,,
1005,2024-02-29 19:50:00,119,,
1006,2024-02-29 19:50:00,119,,
792,2024-02-29 20:00:00,120,,
793,2024-02-29 20:00:00,120,,
794,2024-02-29 20:00:00,120,,
795,2024-02-29 20:00:00,120,,
796,2024-02-29 20:00:00,120,,
797,2024-02-29 20:00:00,120,,
798,2024-02-29 20:00:00,120,,
799,2024-02-29 20:00:00,120,,
800,2024-02-29 20:00:00,120,,
801,2024-02-29 20:00:00,120,,
802,2024-02-29 20:00:00,120,,
803,2024-02-29 20:00:00,120,,
804,2024-02-29 20:00:00,120,,
805,2024-02-29 20:00:00,120,,
806,2024-02-29 20:00:00,120,,
807,2024-02-29 20:00:00,120,,
808,2024-02-29 20:00:00,120,,
809,2024-02-29 20:00:00,120,,
810,2024-02-29 20:00:00,120,,
811,2024-02-29 20:00:00,120,,
812,2024-02-29 20:00:00,120,,
813,2024-02-29 20:00:00,120,,
814,2024-02-29 20:00:00,120,,
815,2024-02-29 20:00:00,120,,
816,2024-02-29 20:00:00,120,,
817,2024-02-29 20:00:00,120,,
818,2024-02-29 20:00:00,120,,
819,2024-02-29 20:00:00,120,,
820,2024-02-29 20:00:00,120,,
821,2024-02-29 20:00:00,120,,
822,2024-02-29 20:00:00,120,,
823,2024-02-29 20:00:00,120,,
824,2024-02-29 20:00:00,120,,
825,2024-02-29 20:00:00,120,,
826,2024-02-29 20:00:00,120,,
827,2024-02-29 20:00:00,120,,
828,2024-02-29 20:00:00,120,,
829,2024-02-29 20:00:00,120,,
830,2024-02-29 20:00:00,120,,
831,2024-02-29 20:00:00,120,,
832,2024-02-29 20:00:00,120,,
833,2024-02-29 20:00:00,120,,
834,2024-02-29 20:00:00,120,,
835,2024-02-29 20:00:00,120,,
836,2024-02-29 20:00:00,120,,
837,2024-02-29 20:00:00,120,,
838,2024-02-29 20:00:00,120,,
839,2024-02-29 20:00:00,120,,
840,2024-02-29 20:00:00,120,,
841,2024-02-29 20:00:00,120,,
842,2024-02-29 20:00:00,120,,
843,2024-02-29 20:00:00,120,,
844,2024-02-29 20:00:00,120,,
845,2024-02-29 20:00:00,120,,
846,2024-02-29 20:00:00,120,,
847,2024-02-29 20:00:00,120,,
848,2024-02-29 20:00:00,120,,
849,2024-02-29 20:00:00,120,,
850,2024-02-29 20:00:00,120,,
851,2024-02-29 20:00:00,120,,
852,2024-02-29 20:00:00,120,,
853,2024-02-29 20:00:00,120,,
854,2024-02-29 20:00:00,120,,
855,2024-02-29 20:00:00,120,,
856,2024-02-29 20:00:00,120,,
857,2024-02-29 20:00:00,120,,
858,2024-02-29 20:00:00,120,,
859,2024-02-29 20:00:00,120,,
860,2024-02-29 20:00:00,120,,
861,2024-02-29 20:00:00,120,,
862,2024-02-29 20:00:00,120,,
863,2024-02-29 20:00:00,120,,
864,2024-02-29 20:00:00,120,,
865,2024-02-29 20:00:00,120,,
866,2024-02-29 20:00:00,120,,
867,2024-02-29 20:00:00,120,,
868,2024-02-29 20:00:00,120,,
869,2024-02-29 20:00:00,120,,
870,2024-02-29 20:00:00,120,,
871,2024-02-29 20:00:00,120,,
872,2024-02-29 20:00:00,120,,
873,2024-02-29 20:00:00,120,,
874,2024-02-29 20:00:00,120,,
875,2024-02-29 20:00:00,120,,
876,2024-02-29 20:00:00,120,,
877,2024-02-29 20:00:00,120,,
878,2024-02-29 20:00:00,120,,
879,2024-02-29 20:00:00,120,,
880,2024-02-29 20:00:00,120,,
881,2024-02-29 20:00:00,120,,
882,2024-02-29 20:00:00,120,,
883,2024-02-29 20:00:00,120,,
884,2024-02-29 20:00:00,120,,
885,2024-02-29 20:00:00,120,,
886,2024-02-29 20:00:00,120,,
887,2024-02-29 20:00:00,120,,
888,2024-02-29 20:00:00,120,,
889,2024-02-29 20:00:00,120,,
890,2024-02-29 20:00:00,120,,
891,2024-02-29 20:00:00,120,,
892,2024-02-29 20:00:00,120,,
893,2024-02-29 20:00:00,120,,
894,2024-02-29 20:00:00,120,,
895,2024-02-29 20:00:00,120,,
896,2024-02-29 20:00:00,120,,
897,2024-02-29 20:00:00,120,,
898,2024-02-29 20:00:00,120,,
899,2024-02-29 20:00:00,120,,
900,2024-02-29 20:00:00,120,,
901,2024-02-29 20:00:00,120,,
902,2024-02-29 20:00:00,120,,
903,2024-02-29 20:00:00,120,,
904,2024-02-29 20:00:00,120,,
905,2024-02-29 20:00:00,120,,
906,2024-02-29 20:00:00,120,,
907,2024-02-29 20:00:00,120,,
908,2024-02-29 20:00:00,120,,
909,2024-02-29 20:00:00,120,,
910,2024-02-29 20:00:00,120,,
911,2024-02-29 20:00:00,120,,
912,2024-02-29 20:00:00,120,,
913,2024-02-29 20:00:00,120,,
914,2024-02-29 20:00:00,120,,
915,2024-02-29 20:00:00,120,,
916,2024-02-29 20:00:00,120,,
917,2024-02-29 20:00:00,120,,
918,2024-02-29 20:00:00,120,,
919,2024-02-29 20:00:00,120,,
920,2024-02-29 20:00:00,120,,
921,2024-02-29 20:00:00,120,,
922,2024-02-29 20:00:00,120,,
923,2024-02-29 20:00:00,120,,
924,2024-02-29 20:00:00,120,,
925,2024-02-29 20:00:00,120,,
926,2024-02-29 20:00:00,120,,
927,2024-02-29 20:00:00,120,,
928,2024-02-29 20:00:00,120,,
929,2024-02-29 20:00:00,120,,
930,2024-02-29 20:00:00,120,,
931,2024-02-29 20:00:00,120,,
932,2024-02-29 20:00:00,120,,
933,2024-02-29 20:00:00,120,,
934,2024-02-29 20:00:00,120,,
935,2024-02-29 20:00:00,120,,
936,2024-02-29 20:00:00,120,,
937,2024-02-29 20:00:00,120,,
938,2024-02-29 20:00:00,120,,
939,2024-02-29 20:00:00,120,,
940,2024-02-29 20:00:00,120,,
941,2024-02-29 20:00:00,120,,
942,2024-02-29 20:00:00,120,,
943,2024-02-29 20:00:00,120,,
944,2024-02-29 20:00:00,120,,
945,2024-02-29 20:00:00,120,,
946,2024-02-29 20:00:00,120,,
947,2024-02-29 20:00:00,120,,
948,2024-02-29 20:00:00,120,,
949,2024-02-29 20:00:00,120,,
950,2024-02-29 20:00:00,120,,
951,2024-02-29 20:00:00,120,,
952,2024-02-29 20:00:00,120,,
953,2024-02-29 20:00:00,120,,
954,2024-02-29 20:00:00,120,,
955,2024-02-29 20:00:00,120,,
956,2024-02-29 20:00:00,120,,
957,2024-02-29 20:00:00,120,,
958,2024-02-29 20:00:00,120,,
959,2024-02-29 20:00:00,120,,
960,2024-02-29 20:00:00,120,,
961,2024-02-29 20:00:00,120,,
962,2024-02-29 20:00:00,120,,
963,2024-02-29 20:00:00,120,,
964,2024-02-29 20:00:00,120,,
965,2024-02-29 20:00:00,120,,
966,2024-02-29 20:00:00,120,,
967,2024-02-29 20:00:00,120,,
968,2024-02-29 20:00:00,120,,
969,2024-02-29 20:00:00,120,,
970,2024-02-29 20:00:00,120,,
971,2024-02-29 20:00:00,120,,
972,2024-02-29 20:00:00,120,,
973,2024-02-29 20:00:00,120,,
974,2024-02-29 20:00:00,120,,
975,2024-02-29 20:00:00,120,,
976,2024-02-29 20:00:00,120,,
977,2024-02-29 20:00:00,120,,
978,2024-02-29 20:00:00,120,,
979,2024-02-29 20:00:00,120,,
980,2024-02-29 20:00:00,120,,
981,2024-02-29 20:00:00,120,,
982,2024-02-29 20:00:00,120,,
983,2024-02-29 20:00:00,120,,
984,2024-02-29 20:00:00,120,,
985,2024-02-29 20:00:00,120,,
986,2024-02-29 20:00:00,120,,
987,2024-02-29 20:00:00,120,,
988,2024-02-29 20:00:00,120,,
989,2024-02-29 20:00:00,120,,
990,2024-02-29 20:00:00,120,,
991,2024-02-29 20:00:00,120,,
992,2024-02-29 20:00:00,120,,
993,2024-02-29 20:00:00,120,,
994,2024-02-29 20:00:00,120,,
995,2024-02-29 20:00:00,120,,
996,2024-02-29 20:00:00,120,,
997,2024-02-29 20:00:00,120,,
998,2024-02-29 20:00:00,120,,
999,2024-02-29 20:00:00,120,,
1000,2024-02-29 20:00:00,120,,
1001,2024-02-29 20:00:00,120,,
1002,2024-02-29 20:00:00,120,,
1003,2024-02-29 20:00:00,120,,
1004,2024-02-29 20:00:00,120,,
1005,2024-02-29 20:00:00,120,,
1006,2024-02-29 20:00:00,120,,
792,2024-02-29 20:10:00,121,,
793,2024-02-29 20:10:00,121,,
794,2024-02-29 20:10:00,121,,
795,2024-02-29 20:10:00,121,,
796,2024-02-29 20:10:00,121,,
797,2024-02-29 20:10:00,121,,
798,2024-02-29 20:10:00,121,,
799,2024-02-29 20:10:00,121,,
800,2024-02-29 20:10:00,121,,
801,2024-02-29 20:10:00,121,,
802,2024-02-29 20:10:00,121,,
803,2024-02-29 20:10:00,121,,
804,2024-02-29 20:10:00,121,,
805,2024-02-29 20:10:00,121,,
806,2024-02-29 20:10:00,121,,
807,2024-02-29 20:10:00,121,,
808,2024-02-29 20:10:00,121,,
809,2024-02-29 20:10:00,121,,
810,2024-02-29 20:10:00,121,,
811,2024-02-29 20:10:00,121,,
812,2024-02-29 20:10:00,121,,
813,2024-02-29 20:10:00,121,,
814,2024-02-29 20:10:00,121,,
815,2024-02-29 20:10:00,121,,
816,2024-02-29 20:10:00,121,,
817,2024-02-29 20:10:00,121,,
818,2024-02-29 20:10:00,121,,
819,2024-02-29 20:10:00,121,,
820,2024-02-29 20:10:00,121,,
821,2024-02-29 20:10:00,121,,
822,2024-02-29 20:10:00,121,,
823,2024-02-29 20:10:00,121,,
824,2024-02-29 20:10:00,121,,
825,2024-02-29 20:10:00,121,,
826,2024-02-29 20:10:00,121,,
827,2024-02-29 20:10:00,121,,
828,2024-02-29 20:10:00,121,,
829,2024-02-29 20:10:00,121,,
830,2024-02-29 20:10:00,121,,
831,2024-02-29 20:10:00,121,,
832,2024-02-29 20:10:00,121,,
833,2024-02-29 20:10:00,121,,
834,2024-02-29 20:10:00,121,,
835,2024-02-29 20:10:00,121,,
836,2024-02-29 20:10:00,121,,
837,2024-02-29 20:10:00,121,,
838,2024-02-29 20:10:00,121,,
839,2024-02-29 20:10:00,121,,
840,2024-02-29 20:10:00,121,,
841,2024-02-29 20:10:00,121,,
842,2024-02-29 20:10:00,121,,
843,2024-02-29 20:10:00,121,,
844,2024-02-29 20:10:00,121,,
845,2024-02-29 20:10:00,121,,
846,2024-02-29 20:10:00,121,,
847,2024-02-29 20:10:00,121,,
848,2024-02-29 20:10:00,121,,
849,2024-02-29 20:10:00,121,,
850,2024-02-29 20:10:00,121,,
851,2024-02-29 20:10:00,121,,
852,2024-02-29 20:10:00,121,,
853,2024-02-29 20:10:00,121,,
854,2024-02-29 20:10:00,121,,
855,2024-02-29 20:10:00,121,,
856,2024-02-29 20:10:00,121,,
857,2024-02-29 20:10:00,121,,
858,2024-02-29 20:10:00,121,,
859,2024-02-29 20:10:00,121,,
860,2024-02-29 20:10:00,121,,
861,2024-02-29 20:10:00,121,,
862,2024-02-29 20:10:00,121,,
863,2024-02-29 20:10:00,121,,
864,2024-02-29 20:10:00,121,,
865,2024-02-29 20:10:00,121,,
866,2024-02-29 20:10:00,121,,
867,2024-02-29 20:10:00,121,,
868,2024-02-29 20:10:00,121,,
869,2024-02-29 20:10:00,121,,
870,2024-02-29 20:10:00,121,,
871,2024-02-29 20:10:00,121,,
872,2024-02-29 20:10:00,121,,
873,2024-02-29 20:10:00,121,,
874,2024-02-29 20:10:00,121,,
875,2024-02-29 20:10:00,121,,
876,2024-02-29 20:10:00,121,,
877,2024-02-29 20:10:00,121,,
878,2024-02-29 20:10:00,121,,
879,2024-02-29 20:10:00,121,,
880,2024-02-29 20:10:00,121,,
881,2024-02-29 20:10:00,121,,
882,2024-02-29 20:10:00,121,,
883,2024-02-29 20:10:00,121,,
884,2024-02-29 20:10:00,121,,
885,2024-02-29 20:10:00,121,,
886,2024-02-29 20:10:00,121,,
887,2024-02-29 20:10:00,121,,
888,2024-02-29 20:10:00,121,,
889,2024-02-29 20:10:00,121,,
890,2024-02-29 20:10:00,121,,
891,2024-02-29 20:10:00,121,,
892,2024-02-29 20:10:00,121,,
893,2024-02-29 20:10:00,121,,
894,2024-02-29 20:10:00,121,,
895,2024-02-29 20:10:00,121,,
896,2024-02-29 20:10:00,121,,
897,2024-02-29 20:10:00,121,,
898,2024-02-29 20:10:00,121,,
899,2024-02-29 20:10:00,121,,
900,2024-02-29 20:10:00,121,,
901,2024-02-29 20:10:00,121,,
902,2024-02-29 20:10:00,121,,
903,2024-02-29 20:10:00,121,,
904,2024-02-29 20:10:00,121,,
905,2024-02-29 20:10:00,121,,
906,2024-02-29 20:10:00,121,,
907,2024-02-29 20:10:00,121,,
908,2024-02-29 20:10:00,121,,
909,2024-02-29 20:10:00,121,,
910,2024-02-29 20:10:00,121,,
911,2024-02-29 20:10:00,121,,
912,2024-02-29 20:10:00,121,,
913,2024-02-29 20:10:00,121,,
914,2024-02-29 20:10:00,121,,
915,2024-02-29 20:10:00,121,,
916,2024-02-29 20:10:00,121,,
917,2024-02-29 20:10:00,121,,
918,2024-02-29 20:10:00,121,,
919,2024-02-29 20:10:00,121,,
920,2024-02-29 20:10:00,121,,
921,2024-02-29 20:10:00,121,,
922,2024-02-29 20:10:00,121,,
923,2024-02-29 20:10:00,121,,
924,2024-02-29 20:10:00,121,,
925,2024-02-29 20:10:00,121,,
926,2024-02-29 20:10:00,121,,
927,2024-02-29 20:10:00,121,,
928,2024-02-29 20:10:00,121,,
929,2024-02-29 20:10:00,121,,
930,2024-02-29 20:10:00,121,,
931,2024-02-29 20:10:00,121,,
932,2024-02-29 20:10:00,121,,
933,2024-02-29 20:10:00,121,,
934,2024-02-29 20:10:00,121,,
935,2024-02-29 20:10:00,121,,
936,2024-02-29 20:10:00,121,,
937,2024-02-29 20:10:00,121,,
938,2024-02-29 20:10:00,121,,
939,2024-02-29 20:10:00,121,,
940,2024-02-29 20:10:00,121,,
941,2024-02-29 20:10:00,121,,
942,2024-02-29 20:10:00,121,,
943,2024-02-29 20:10:00,121,,
944,2024-02-29 20:10:00,121,,
945,2024-02-29 20:10:00,121,,
946,2024-02-29 20:10:00,121,,
947,2024-02-29 20:10:00,121,,
948,2024-02-29 20:10:00,121,,
949,2024-02-29 20:10:00,121,,
950,2024-02-29 20:10:00,121,,
951,2024-02-29 20:10:00,121,,
952,2024-02-29 20:10:00,121,,
953,2024-02-29 20:10:00,121,,
954,2024-02-29 20:10:00,121,,
955,2024-02-29 20:10:00,121,,
956,2024-02-29 20:10:00,121,,
957,2024-02-29 20:10:00,121,,
958,2024-02-29 20:10:00,121,,
959,2024-02-29 20:10:00,121,,
960,2024-02-29 20:10:00,121,,
961,2024-02-29 20:10:00,121,,
962,2024-02-29 20:10:00,121,,
963,2024-02-29 20:10:00,121,,
964,2024-02-29 20:10:00,121,,
965,2024-02-29 20:10:00,121,,
966,2024-02-29 20:10:00,121,,
967,2024-02-29 20:10:00,121,,
968,2024-02-29 20:10:00,121,,
969,2024-02-29 20:10:00,121,,
970,2024-02-29 20:10:00,121,,
971,2024-02-29 20:10:00,121,,
972,2024-02-29 20:10:00,121,,
973,2024-02-29 20:10:00,121,,
974,2024-02-29 20:10:00,121,,
975,2024-02-29 20:10:00,121,,
976,2024-02-29 20:10:00,121,,
977,2024-02-29 20:10:00,121,,
978,2024-02-29 20:10:00,121,,
979,2024-02-29 20:10:00,121,,
980,2024-02-29 20:10:00,121,,
981,2024-02-29 20:10:00,121,,
982,2024-02-29 20:10:00,121,,
983,2024-02-29 20:10:00,121,,
984,2024-02-29 20:10:00,121,,
985,2024-02-29 20:10:00,121,,
986,2024-02-29 20:10:00,121,,
987,2024-02-29 20:10:00,121,,
988,2024-02-29 20:10:00,121,,
989,2024-02-29 20:10:00,121,,
990,2024-02-29 20:10:00,121,,
991,2024-02-29 20:10:00,121,,
992,2024-02-29 20:10:00,121,,
993,2024-02-29 20:10:00,121,,
994,2024-02-29 20:10:00,121,,
995,2024-02-29 20:10:00,121,,
996,2024-02-29 20:10:00,121,,
997,2024-02-29 20:10:00,121,,
998,2024-02-29 20:10:00,121,,
999,2024-02-29 20:10:00,121,,
1000,2024-02-29 20:10:00,121,,
1001,2024-02-29 20:10:00,121,,
1002,2024-02-29 20:10:00,121,,
1003,2024-02-29 20:10:00,121,,
1004,2024-02-29 20:10:00,121,,
1005,2024-02-29 20:10:00,121,,
1006,2024-02-29 20:10:00,121,,
792,2024-02-29 20:20:00,122,,
793,2024-02-29 20:20:00,122,,
794,2024-02-29 20:20:00,122,,
795,2024-02-29 20:20:00,122,,
796,2024-02-29 20:20:00,122,,
797,2024-02-29 20:20:00,122,,
798,2024-02-29 20:20:00,122,,
799,2024-02-29 20:20:00,122,,
800,2024-02-29 20:20:00,122,,
801,2024-02-29 20:20:00,122,,
802,2024-02-29 20:20:00,122,,
803,2024-02-29 20:20:00,122,,
804,2024-02-29 20:20:00,122,,
805,2024-02-29 20:20:00,122,,
806,2024-02-29 20:20:00,122,,
807,2024-02-29 20:20:00,122,,
808,2024-02-29 20:20:00,122,,
809,2024-02-29 20:20:00,122,,
810,2024-02-29 20:20:00,122,,
811,2024-02-29 20:20:00,122,,
812,2024-02-29 20:20:00,122,,
813,2024-02-29 20:20:00,122,,
814,2024-02-29 20:20:00,122,,
815,2024-02-29 20:20:00,122,,
816,2024-02-29 20:20:00,122,,
817,2024-02-29 20:20:00,122,,
818,2024-02-29 20:20:00,122,,
819,2024-02-29 20:20:00,122,,
820,2024-02-29 20:20:00,122,,
821,2024-02-29 20:20:00,122,,
822,2024-02-29 20:20:00,122,,
823,2024-02-29 20:20:00,122,,
824,2024-02-29 20:20:00,122,,
825,2024-02-29 20:20:00,122,,
826,2024-02-29 20:20:00,122,,
827,2024-02-29 20:20:00,122,,
828,2024-02-29 20:20:00,122,,
829,2024-02-29 20:20:00,122,,
830,2024-02-29 20:20:00,122,,
831,2024-02-29 20:20:00,122,,
832,2024-02-29 20:20:00,122,,
833,2024-02-29 20:20:00,122,,
834,2024-02-29 20:20:00,122,,
835,2024-02-29 20:20:00,122,,
836,2024-02-29 20:20:00,122,,
837,2024-02-29 20:20:00,122,,
838,2024-02-29 20:20:00,122,,
839,2024-02-29 20:20:00,122,,
840,2024-02-29 20:20:00,122,,
841,2024-02-29 20:20:00,122,,
842,2024-02-29 20:20:00,122,,
843,2024-02-29 20:20:00,122,,
844,2024-02-29 20:20:00,122,,
845,2024-02-29 20:20:00,122,,
846,2024-02-29 20:20:00,122,,
847,2024-02-29 20:20:00,122,,
848,2024-02-29 20:20:00,122,,
849,2024-02-29 20:20:00,122,,
850,2024-02-29 20:20:00,122,,
851,2024-02-29 20:20:00,122,,
852,2024-02-29 20:20:00,122,,
853,2024-02-29 20:20:00,122,,
854,2024-02-29 20:20:00,122,,
855,2024-02-29 20:20:00,122,,
856,2024-02-29 20:20:00,122,,
857,2024-02-29 20:20:00,122,,
858,2024-02-29 20:20:00,122,,
859,2024-02-29 20:20:00,122,,
860,2024-02-29 20:20:00,122,,
861,2024-02-29 20:20:00,122,,
862,2024-02-29 20:20:00,122,,
863,2024-02-29 20:20:00,122,,
864,2024-02-29 20:20:00,122,,
865,2024-02-29 20:20:00,122,,
866,2024-02-29 20:20:00,122,,
867,2024-02-29 20:20:00,122,,
868,2024-02-29 20:20:00,122,,
869,2024-02-29 20:20:00,122,,
870,2024-02-29 20:20:00,122,,
871,2024-02-29 20:20:00,122,,
872,2024-02-29 20:20:00,122,,
873,2024-02-29 20:20:00,122,,
874,2024-02-29 20:20:00,122,,
875,2024-02-29 20:20:00,122,,
876,2024-02-29 20:20:00,122,,
877,2024-02-29 20:20:00,122,,
878,2024-02-29 20:20:00,122,,
879,2024-02-29 20:20:00,122,,
880,2024-02-29 20:20:00,122,,
881,2024-02-29 20:20:00,122,,
882,2024-02-29 20:20:00,122,,
883,2024-02-29 20:20:00,122,,
884,2024-02-29 20:20:00,122,,
885,2024-02-29 20:20:00,122,,
886,2024-02-29 20:20:00,122,,
887,2024-02-29 20:20:00,122,,
888,2024-02-29 20:20:00,122,,
889,2024-02-29 20:20:00,122,,
890,2024-02-29 20:20:00,122,,
891,2024-02-29 20:20:00,122,,
892,2024-02-29 20:20:00,122,,
893,2024-02-29 20:20:00,122,,
894,2024-02-29 20:20:00,122,,
895,2024-02-29 20:20:00,122,,
896,2024-02-29 20:20:00,122,,
897,2024-02-29 20:20:00,122,,
898,2024-02-29 20:20:00,122,,
899,2024-02-29 20:20:00,122,,
900,2024-02-29 20:20:00,122,,
901,2024-02-29 20:20:00,122,,
902,2024-02-29 20:20:00,122,,
903,2024-02-29 20:20:00,122,,
904,2024-02-29 20:20:00,122,,
905,2024-02-29 20:20:00,122,,
906,2024-02-29 20:20:00,122,,
907,2024-02-29 20:20:00,122,,
908,2024-02-29 20:20:00,122,,
909,2024-02-29 20:20:00,122,,
910,2024-02-29 20:20:00,122,,
911,2024-02-29 20:20:00,122,,
912,2024-02-29 20:20:00,122,,
913,2024-02-29 20:20:00,122,,
914,2024-02-29 20:20:00,122,,
915,2024-02-29 20:20:00,122,,
916,2024-02-29 20:20:00,122,,
917,2024-02-29 20:20:00,122,,
918,2024-02-29 20:20:00,122,,
919,2024-02-29 20:20:00,122,,
920,2024-02-29 20:20:00,122,,
921,2024-02-29 20:20:00,122,,
922,2024-02-29 20:20:00,122,,
923,2024-02-29 20:20:00,122,,
924,2024-02-29 20:20:00,122,,
925,2024-02-29 20:20:00,122,,
926,2024-02-29 20:20:00,122,,
927,2024-02-29 20:20:00,122,,
928,2024-02-29 20:20:00,122,,
929,2024-02-29 20:20:00,122,,
930,2024-02-29 20:20:00,122,,
931,2024-02-29 20:20:00,122,,
932,2024-02-29 20:20:00,122,,
933,2024-02-29 20:20:00,122,,
934,2024-02-29 20:20:00,122,,
935,2024-02-29 20:20:00,122,,
936,2024-02-29 20:20:00,122,,
937,2024-02-29 20:20:00,122,,
938,2024-02-29 20:20:00,122,,
939,2024-02-29 20:20:00,122,,
940,2024-02-29 20:20:00,122,,
941,2024-02-29 20:20:00,122,,
942,2024-02-29 20:20:00,122,,
943,2024-02-29 20:20:00,122,,
944,2024-02-29 20:20:00,122,,
945,2024-02-29 20:20:00,122,,
946,2024-02-29 20:20:00,122,,
947,2024-02-29 20:20:00,122,,
948,2024-02-29 20:20:00,122,,
949,2024-02-29 20:20:00,122,,
950,2024-02-29 20:20:00,122,,
951,2024-02-29 20:20:00,122,,
952,2024-02-29 20:20:00,122,,
953,2024-02-29 20:20:00,122,,
954,2024-02-29 20:20:00,122,,
955,2024-02-29 20:20:00,122,,
956,2024-02-29 20:20:00,122,,
957,2024-02-29 20:20:00,122,,
958,2024-02-29 20:20:00,122,,
959,2024-02-29 20:20:00,122,,
960,2024-02-29 20:20:00,122,,
961,2024-02-29 20:20:00,122,,
962,2024-02-29 20:20:00,122,,
963,2024-02-29 20:20:00,122,,
964,2024-02-29 20:20:00,122,,
965,2024-02-29 20:20:00,122,,
966,2024-02-29 20:20:00,122,,
967,2024-02-29 20:20:00,122,,
968,2024-02-29 20:20:00,122,,
969,2024-02-29 20:20:00,122,,
970,2024-02-29 20:20:00,122,,
971,2024-02-29 20:20:00,122,,
972,2024-02-29 20:20:00,122,,
973,2024-02-29 20:20:00,122,,
974,2024-02-29 20:20:00,122,,
975,2024-02-29 20:20:00,122,,
976,2024-02-29 20:20:00,122,,
977,2024-02-29 20:20:00,122,,
978,2024-02-29 20:20:00,122,,
979,2024-02-29 20:20:00,122,,
980,2024-02-29 20:20:00,122,,
981,2024-02-29 20:20:00,122,,
982,2024-02-29 20:20:00,122,,
983,2024-02-29 20:20:00,122,,
984,2024-02-29 20:20:00,122,,
985,2024-02-29 20:20:00,122,,
986,2024-02-29 20:20:00,122,,
987,2024-02-29 20:20:00,122,,
988,2024-02-29 20:20:00,122,,
989,2024-02-29 20:20:00,122,,
990,2024-02-29 20:20:00,122,,
991,2024-02-29 20:20:00,122,,
992,2024-02-29 20:20:00,122,,
993,2024-02-29 20:20:00,122,,
994,2024-02-29 20:20:00,122,,
995,2024-02-29 20:20:00,122,,
996,2024-02-29 20:20:00,122,,
997,2024-02-29 20:20:00,122,,
998,2024-02-29 20:20:00,122,,
999,2024-02-29 20:20:00,122,,
1000,2024-02-29 20:20:00,122,,
1001,2024-02-29 20:20:00,122,,
1002,2024-02-29 20:20:00,122,,
1003,2024-02-29 20:20:00,122,,
1004,2024-02-29 20:20:00,122,,
1005,2024-02-29 20:20:00,122,,
1006,2024-02-29 20:20:00,122,,
792,2024-02-29 20:30:00,123,,
793,2024-02-29 20:30:00,123,,
794,2024-02-29 20:30:00,123,,
795,2024-02-29 20:30:00,123,,
796,2024-02-29 20:30:00,123,,
797,2024-02-29 20:30:00,123,,
798,2024-02-29 20:30:00,123,,
799,2024-02-29 20:30:00,123,,
800,2024-02-29 20:30:00,123,,
801,2024-02-29 20:30:00,123,,
802,2024-02-29 20:30:00,123,,
803,2024-02-29 20:30:00,123,,
804,2024-02-29 20:30:00,123,,
805,2024-02-29 20:30:00,123,,
806,2024-02-29 20:30:00,123,,
807,2024-02-29 20:30:00,123,,
808,2024-02-29 20:30:00,123,,
809,2024-02-29 20:30:00,123,,
810,2024-02-29 20:30:00,123,,
811,2024-02-29 20:30:00,123,,
812,2024-02-29 20:30:00,123,,
813,2024-02-29 20:30:00,123,,
814,2024-02-29 20:30:00,123,,
815,2024-02-29 20:30:00,123,,
816,2024-02-29 20:30:00,123,,
817,2024-02-29 20:30:00,123,,
818,2024-02-29 20:30:00,123,,
819,2024-02-29 20:30:00,123,,
820,2024-02-29 20:30:00,123,,
821,2024-02-29 20:30:00,123,,
822,2024-02-29 20:30:00,123,,
823,2024-02-29 20:30:00,123,,
824,2024-02-29 20:30:00,123,,
825,2024-02-29 20:30:00,123,,
826,2024-02-29 20:30:00,123,,
827,2024-02-29 20:30:00,123,,
828,2024-02-29 20:30:00,123,,
829,2024-02-29 20:30:00,123,,
830,2024-02-29 20:30:00,123,,
831,2024-02-29 20:30:00,123,,
832,2024-02-29 20:30:00,123,,
833,2024-02-29 20:30:00,123,,
834,2024-02-29 20:30:00,123,,
835,2024-02-29 20:30:00,123,,
836,2024-02-29 20:30:00,123,,
837,2024-02-29 20:30:00,123,,
838,2024-02-29 20:30:00,123,,
839,2024-02-29 20:30:00,123,,
840,2024-02-29 20:30:00,123,,
841,2024-02-29 20:30:00,123,,
842,2024-02-29 20:30:00,123,,
843,2024-02-29 20:30:00,123,,
844,2024-02-29 20:30:00,123,,
845,2024-02-29 20:30:00,123,,
846,2024-02-29 20:30:00,123,,
847,2024-02-29 20:30:00,123,,
848,2024-02-29 20:30:00,123,,
849,2024-02-29 20:30:00,123,,
850,2024-02-29 20:30:00,123,,
851,2024-02-29 20:30:00,123,,
852,2024-02-29 20:30:00,123,,
853,2024-02-29 20:30:00,123,,
854,2024-02-29 20:30:00,123,,
855,2024-02-29 20:30:00,123,,
856,2024-02-29 20:30:00,123,,
857,2024-02-29 20:30:00,123,,
858,2024-02-29 20:30:00,123,,
859,2024-02-29 20:30:00,123,,
860,2024-02-29 20:30:00,123,,
861,2024-02-29 20:30:00,123,,
862,2024-02-29 20:30:00,123,,
863,2024-02-29 20:30:00,123,,
864,2024-02-29 20:30:00,123,,
865,2024-02-29 20:30:00,123,,
866,2024-02-29 20:30:00,123,,
867,2024-02-29 20:30:00,123,,
868,2024-02-29 20:30:00,123,,
869,2024-02-29 20:30:00,123,,
870,2024-02-29 20:30:00,123,,
871,2024-02-29 20:30:00,123,,
872,2024-02-29 20:30:00,123,,
873,2024-02-29 20:30:00,123,,
874,2024-02-29 20:30:00,123,,
875,2024-02-29 20:30:00,123,,
876,2024-02-29 20:30:00,123,,
877,2024-02-29 20:30:00,123,,
878,2024-02-29 20:30:00,123,,
879,2024-02-29 20:30:00,123,,
880,2024-02-29 20:30:00,123,,
881,2024-02-29 20:30:00,123,,
882,2024-02-29 20:30:00,123,,
883,2024-02-29 20:30:00,123,,
884,2024-02-29 20:30:00,123,,
885,2024-02-29 20:30:00,123,,
886,2024-02-29 20:30:00,123,,
887,2024-02-29 20:30:00,123,,
888,2024-02-29 20:30:00,123,,
889,2024-02-29 20:30:00,123,,
890,2024-02-29 20:30:00,123,,
891,2024-02-29 20:30:00,123,,
892,2024-02-29 20:30:00,123,,
893,2024-02-29 20:30:00,123,,
894,2024-02-29 20:30:00,123,,
895,2024-02-29 20:30:00,123,,
896,2024-02-29 20:30:00,123,,
897,2024-02-29 20:30:00,123,,
898,2024-02-29 20:30:00,123,,
899,2024-02-29 20:30:00,123,,
900,2024-02-29 20:30:00,123,,
901,2024-02-29 20:30:00,123,,
902,2024-02-29 20:30:00,123,,
903,2024-02-29 20:30:00,123,,
904,2024-02-29 20:30:00,123,,
905,2024-02-29 20:30:00,123,,
906,2024-02-29 20:30:00,123,,
907,2024-02-29 20:30:00,123,,
908,2024-02-29 20:30:00,123,,
909,2024-02-29 20:30:00,123,,
910,2024-02-29 20:30:00,123,,
911,2024-02-29 20:30:00,123,,
912,2024-02-29 20:30:00,123,,
913,2024-02-29 20:30:00,123,,
914,2024-02-29 20:30:00,123,,
915,2024-02-29 20:30:00,123,,
916,2024-02-29 20:30:00,123,,
917,2024-02-29 20:30:00,123,,
918,2024-02-29 20:30:00,123,,
919,2024-02-29 20:30:00,123,,
920,2024-02-29 20:30:00,123,,
921,2024-02-29 20:30:00,123,,
922,2024-02-29 20:30:00,123,,
923,2024-02-29 20:30:00,123,,
924,2024-02-29 20:30:00,123,,
925,2024-02-29 20:30:00,123,,
926,2024-02-29 20:30:00,123,,
927,2024-02-29 20:30:00,123,,
928,2024-02-29 20:30:00,123,,
929,2024-02-29 20:30:00,123,,
930,2024-02-29 20:30:00,123,,
931,2024-02-29 20:30:00,123,,
932,2024-02-29 20:30:00,123,,
933,2024-02-29 20:30:00,123,,
934,2024-02-29 20:30:00,123,,
935,2024-02-29 20:30:00,123,,
936,2024-02-29 20:30:00,123,,
937,2024-02-29 20:30:00,123,,
938,2024-02-29 20:30:00,123,,
939,2024-02-29 20:30:00,123,,
940,2024-02-29 20:30:00,123,,
941,2024-02-29 20:30:00,123,,
942,2024-02-29 20:30:00,123,,
943,2024-02-29 20:30:00,123,,
944,2024-02-29 20:30:00,123,,
945,2024-02-29 20:30:00,123,,
946,2024-02-29 20:30:00,123,,
947,2024-02-29 20:30:00,123,,
948,2024-02-29 20:30:00,123,,
949,2024-02-29 20:30:00,123,,
950,2024-02-29 20:30:00,123,,
951,2024-02-29 20:30:00,123,,
952,2024-02-29 20:30:00,123,,
953,2024-02-29 20:30:00,123,,
954,2024-02-29 20:30:00,123,,
955,2024-02-29 20:30:00,123,,
956,2024-02-29 20:30:00,123,,
957,2024-02-29 20:30:00,123,,
958,2024-02-29 20:30:00,123,,
959,2024-02-29 20:30:00,123,,
960,2024-02-29 20:30:00,123,,
961,2024-02-29 20:30:00,123,,
962,2024-02-29 20:30:00,123,,
963,2024-02-29 20:30:00,123,,
964,2024-02-29 20:30:00,123,,
965,2024-02-29 20:30:00,123,,
966,2024-02-29 20:30:00,123,,
967,2024-02-29 20:30:00,123,,
968,2024-02-29 20:30:00,123,,
969,2024-02-29 20:30:00,123,,
970,2024-02-29 20:30:00,123,,
971,2024-02-29 20:30:00,123,,
972,2024-02-29 20:30:00,123,,
973,2024-02-29 20:30:00,123,,
974,2024-02-29 20:30:00,123,,
975,2024-02-29 20:30:00,123,,
976,2024-02-29 20:30:00,123,,
977,2024-02-29 20:30:00,123,,
978,2024-02-29 20:30:00,123,,
979,2024-02-29 20:30:00,123,,
980,2024-02-29 20:30:00,123,,
981,2024-02-29 20:30:00,123,,
982,2024-02-29 20:30:00,123,,
983,2024-02-29 20:30:00,123,,
984,2024-02-29 20:30:00,123,,
985,2024-02-29 20:30:00,123,,
986,2024-02-29 20:30:00,123,,
987,2024-02-29 20:30:00,123,,
988,2024-02-29 20:30:00,123,,
989,2024-02-29 20:30:00,123,,
990,2024-02-29 20:30:00,123,,
991,2024-02-29 20:30:00,123,,
992,2024-02-29 20:30:00,123,,
993,2024-02-29 20:30:00,123,,
994,2024-02-29 20:30:00,123,,
995,2024-02-29 20:30:00,123,,
996,2024-02-29 20:30:00,123,,
997,2024-02-29 20:30:00,123,,
998,2024-02-29 20:30:00,123,,
999,2024-02-29 20:30:00,123,,
1000,2024-02-29 20:30:00,123,,
1001,2024-02-29 20:30:00,123,,
1002,2024-02-29 20:30:00,123,,
1003,2024-02-29 20:30:00,123,,
1004,2024-02-29 20:30:00,123,,
1005,2024-02-29 20:30:00,123,,
1006,2024-02-29 20:30:00,123,,
792,2024-02-29 20:40:00,124,,
793,2024-02-29 20:40:00,124,,
794,2024-02-29 20:40:00,124,,
795,2024-02-29 20:40:00,124,,
796,2024-02-29 20:40:00,124,,
797,2024-02-29 20:40:00,124,,
798,2024-02-29 20:40:00,124,,
799,2024-02-29 20:40:00,124,,
800,2024-02-29 20:40:00,124,,
801,2024-02-29 20:40:00,124,,
802,2024-02-29 20:40:00,124,,
803,2024-02-29 20:40:00,124,,
804,2024-02-29 20:40:00,124,,
805,2024-02-29 20:40:00,124,,
806,2024-02-29 20:40:00,124,,
807,2024-02-29 20:40:00,124,,
808,2024-02-29 20:40:00,124,,
809,2024-02-29 20:40:00,124,,
810,2024-02-29 20:40:00,124,,
811,2024-02-29 20:40:00,124,,
812,2024-02-29 20:40:00,124,,
813,2024-02-29 20:40:00,124,,
814,2024-02-29 20:40:00,124,,
815,2024-02-29 20:40:00,124,,
816,2024-02-29 20:40:00,124,,
817,2024-02-29 20:40:00,124,,
818,2024-02-29 20:40:00,124,,
819,2024-02-29 20:40:00,124,,
820,2024-02-29 20:40:00,124,,
821,2024-02-29 20:40:00,124,,
822,2024-02-29 20:40:00,124,,
823,2024-02-29 20:40:00,124,,
824,2024-02-29 20:40:00,124,,
825,2024-02-29 20:40:00,124,,
826,2024-02-29 20:40:00,124,,
827,2024-02-29 20:40:00,124,,
828,2024-02-29 20:40:00,124,,
829,2024-02-29 20:40:00,124,,
830,2024-02-29 20:40:00,124,,
831,2024-02-29 20:40:00,124,,
832,2024-02-29 20:40:00,124,,
833,2024-02-29 20:40:00,124,,
834,2024-02-29 20:40:00,124,,
835,2024-02-29 20:40:00,124,,
836,2024-02-29 20:40:00,124,,
837,2024-02-29 20:40:00,124,,
838,2024-02-29 20:40:00,124,,
839,2024-02-29 20:40:00,124,,
840,2024-02-29 20:40:00,124,,
841,2024-02-29 20:40:00,124,,
842,2024-02-29 20:40:00,124,,
843,2024-02-29 20:40:00,124,,
844,2024-02-29 20:40:00,124,,
845,2024-02-29 20:40:00,124,,
846,2024-02-29 20:40:00,124,,
847,2024-02-29 20:40:00,124,,
848,2024-02-29 20:40:00,124,,
849,2024-02-29 20:40:00,124,,
850,2024-02-29 20:40:00,124,,
851,2024-02-29 20:40:00,124,,
852,2024-02-29 20:40:00,124,,
853,2024-02-29 20:40:00,124,,
854,2024-02-29 20:40:00,124,,
855,2024-02-29 20:40:00,124,,
856,2024-02-29 20:40:00,124,,
857,2024-02-29 20:40:00,124,,
858,2024-02-29 20:40:00,124,,
859,2024-02-29 20:40:00,124,,
860,2024-02-29 20:40:00,124,,
861,2024-02-29 20:40:00,124,,
862,2024-02-29 20:40:00,124,,
863,2024-02-29 20:40:00,124,,
864,2024-02-29 20:40:00,124,,
865,2024-02-29 20:40:00,124,,
866,2024-02-29 20:40:00,124,,
867,2024-02-29 20:40:00,124,,
868,2024-02-29 20:40:00,124,,
869,2024-02-29 20:40:00,124,,
870,2024-02-29 20:40:00,124,,
871,2024-02-29 20:40:00,124,,
872,2024-02-29 20:40:00,124,,
873,2024-02-29 20:40:00,124,,
874,2024-02-29 20:40:00,124,,
875,2024-02-29 20:40:00,124,,
876,2024-02-29 20:40:00,124,,
877,2024-02-29 20:40:00,124,,
878,2024-02-29 20:40:00,124,,
879,2024-02-29 20:40:00,124,,
880,2024-02-29 20:40:00,124,,
881,2024-02-29 20:40:00,124,,
882,2024-02-29 20:40:00,124,,
883,2024-02-29 20:40:00,124,,
884,2024-02-29 20:40:00,124,,
885,2024-02-29 20:40:00,124,,
886,2024-02-29 20:40:00,124,,
887,2024-02-29 20:40:00,124,,
888,2024-02-29 20:40:00,124,,
889,2024-02-29 20:40:00,124,,
890,2024-02-29 20:40:00,124,,
891,2024-02-29 20:40:00,124,,
892,2024-02-29 20:40:00,124,,
893,2024-02-29 20:40:00,124,,
894,2024-02-29 20:40:00,124,,
895,2024-02-29 20:40:00,124,,
896,2024-02-29 20:40:00,124,,
897,2024-02-29 20:40:00,124,,
898,2024-02-29 20:40:00,124,,
899,2024-02-29 20:40:00,124,,
900,2024-02-29 20:40:00,124,,
901,2024-02-29 20:40:00,124,,
902,2024-02-29 20:40:00,124,,
903,2024-02-29 20:40:00,124,,
904,2024-02-29 20:40:00,124,,
905,2024-02-29 20:40:00,124,,
906,2024-02-29 20:40:00,124,,
907,2024-02-29 20:40:00,124,,
908,2024-02-29 20:40:00,124,,
909,2024-02-29 20:40:00,124,,
910,2024-02-29 20:40:00,124,,
911,2024-02-29 20:40:00,124,,
912,2024-02-29 20:40:00,124,,
913,2024-02-29 20:40:00,124,,
914,2024-02-29 20:40:00,124,,
915,2024-02-29 20:40:00,124,,
916,2024-02-29 20:40:00,124,,
917,2024-02-29 20:40:00,124,,
918,2024-02-29 20:40:00,124,,
919,2024-02-29 20:40:00,124,,
920,2024-02-29 20:40:00,124,,
921,2024-02-29 20:40:00,124,,
922,2024-02-29 20:40:00,124,,
923,2024-02-29 20:40:00,124,,
924,2024-02-29 20:40:00,124,,
925,2024-02-29 20:40:00,124,,
926,2024-02-29 20:40:00,124,,
927,2024-02-29 20:40:00,124,,
928,2024-02-29 20:40:00,124,,
929,2024-02-29 20:40:00,124,,
930,2024-02-29 20:40:00,124,,
931,2024-02-29 20:40:00,124,,
932,2024-02-29 20:40:00,124,,
933,2024-02-29 20:40:00,124,,
934,2024-02-29 20:40:00,124,,
935,2024-02-29 20:40:00,124,,
936,2024-02-29 20:40:00,124,,
937,2024-02-29 20:40:00,124,,
938,2024-02-29 20:40:00,124,,
939,2024-02-29 20:40:00,124,,
940,2024-02-29 20:40:00,124,,
941,2024-02-29 20:40:00,124,,
942,2024-02-29 20:40:00,124,,
943,2024-02-29 20:40:00,124,,
944,2024-02-29 20:40:00,124,,
945,2024-02-29 20:40:00,124,,
946,2024-02-29 20:40:00,124,,
947,2024-02-29 20:40:00,124,,
948,2024-02-29 20:40:00,124,,
949,2024-02-29 20:40:00,124,,
950,2024-02-29 20:40:00,124,,
951,2024-02-29 20:40:00,124,,
952,2024-02-29 20:40:00,124,,
953,2024-02-29 20:40:00,124,,
954,2024-02-29 20:40:00,124,,
955,2024-02-29 20:40:00,124,,
956,2024-02-29 20:40:00,124,,
957,2024-02-29 20:40:00,124,,
958,2024-02-29 20:40:00,124,,
959,2024-02-29 20:40:00,124,,
960,2024-02-29 20:40:00,124,,
961,2024-02-29 20:40:00,124,,
962,2024-02-29 20:40:00,124,,
963,2024-02-29 20:40:00,124,,
964,2024-02-29 20:40:00,124,,
965,2024-02-29 20:40:00,124,,
966,2024-02-29 20:40:00,124,,
967,2024-02-29 20:40:00,124,,
968,2024-02-29 20:40:00,124,,
969,2024-02-29 20:40:00,124,,
970,2024-02-29 20:40:00,124,,
971,2024-02-29 20:40:00,124,,
972,2024-02-29 20:40:00,124,,
973,2024-02-29 20:40:00,124,,
974,2024-02-29 20:40:00,124,,
975,2024-02-29 20:40:00,124,,
976,2024-02-29 20:40:00,124,,
977,2024-02-29 20:40:00,124,,
978,2024-02-29 20:40:00,124,,
979,2024-02-29 20:40:00,124,,
980,2024-02-29 20:40:00,124,,
981,2024-02-29 20:40:00,124,,
982,2024-02-29 20:40:00,124,,
983,2024-02-29 20:40:00,124,,
984,2024-02-29 20:40:00,124,,
985,2024-02-29 20:40:00,124,,
986,2024-02-29 20:40:00,124,,
987,2024-02-29 20:40:00,124,,
988,2024-02-29 20:40:00,124,,
989,2024-02-29 20:40:00,124,,
990,2024-02-29 20:40:00,124,,
991,2024-02-29 20:40:00,124,,
992,2024-02-29 20:40:00,124,,
993,2024-02-29 20:40:00,124,,
994,2024-02-29 20:40:00,124,,
995,2024-02-29 20:40:00,124,,
996,2024-02-29 20:40:00,124,,
997,2024-02-29 20:40:00,124,,
998,2024-02-29 20:40:00,124,,
999,2024-02-29 20:40:00,124,,
1000,2024-02-29 20:40:00,124,,
1001,2024-02-29 20:40:00,124,,
1002,2024-02-29 20:40:00,124,,
1003,2024-02-29 20:40:00,124,,
1004,2024-02-29 20:40:00,124,,
1005,2024-02-29 20:40:00,124,,
1006,2024-02-29 20:40:00,124,,
792,2024-02-29 20:50:00,125,,
793,2024-02-29 20:50:00,125,,
794,2024-02-29 20:50:00,125,,
795,2024-02-29 20:50:00,125,,
796,2024-02-29 20:50:00,125,,
797,2024-02-29 20:50:00,125,,
798,2024-02-29 20:50:00,125,,
799,2024-02-29 20:50:00,125,,
800,2024-02-29 20:50:00,125,,
801,2024-02-29 20:50:00,125,,
802,2024-02-29 20:50:00,125,,
803,2024-02-29 20:50:00,125,,
804,2024-02-29 20:50:00,125,,
805,2024-02-29 20:50:00,125,,
806,2024-02-29 20:50:00,125,,
807,2024-02-29 20:50:00,125,,
808,2024-02-29 20:50:00,125,,
809,2024-02-29 20:50:00,125,,
810,2024-02-29 20:50:00,125,,
811,2024-02-29 20:50:00,125,,
812,2024-02-29 20:50:00,125,,
813,2024-02-29 20:50:00,125,,
814,2024-02-29 20:50:00,125,,
815,2024-02-29 20:50:00,125,,
816,2024-02-29 20:50:00,125,,
817,2024-02-29 20:50:00,125,,
818,2024-02-29 20:50:00,125,,
819,2024-02-29 20:50:00,125,,
820,2024-02-29 20:50:00,125,,
821,2024-02-29 20:50:00,125,,
822,2024-02-29 20:50:00,125,,
823,2024-02-29 20:50:00,125,,
824,2024-02-29 20:50:00,125,,
825,2024-02-29 20:50:00,125,,
826,2024-02-29 20:50:00,125,,
827,2024-02-29 20:50:00,125,,
828,2024-02-29 20:50:00,125,,
829,2024-02-29 20:50:00,125,,
830,2024-02-29 20:50:00,125,,
831,2024-02-29 20:50:00,125,,
832,2024-02-29 20:50:00,125,,
833,2024-02-29 20:50:00,125,,
834,2024-02-29 20:50:00,125,,
835,2024-02-29 20:50:00,125,,
836,2024-02-29 20:50:00,125,,
837,2024-02-29 20:50:00,125,,
838,2024-02-29 20:50:00,125,,
839,2024-02-29 20:50:00,125,,
840,2024-02-29 20:50:00,125,,
841,2024-02-29 20:50:00,125,,
842,2024-02-29 20:50:00,125,,
843,2024-02-29 20:50:00,125,,
844,2024-02-29 20:50:00,125,,
845,2024-02-29 20:50:00,125,,
846,2024-02-29 20:50:00,125,,
847,2024-02-29 20:50:00,125,,
848,2024-02-29 20:50:00,125,,
849,2024-02-29 20:50:00,125,,
850,2024-02-29 20:50:00,125,,
851,2024-02-29 20:50:00,125,,
852,2024-02-29 20:50:00,125,,
853,2024-02-29 20:50:00,125,,
854,2024-02-29 20:50:00,125,,
855,2024-02-29 20:50:00,125,,
856,2024-02-29 20:50:00,125,,
857,2024-02-29 20:50:00,125,,
858,2024-02-29 20:50:00,125,,
859,2024-02-29 20:50:00,125,,
860,2024-02-29 20:50:00,125,,
861,2024-02-29 20:50:00,125,,
862,2024-02-29 20:50:00,125,,
863,2024-02-29 20:50:00,125,,
864,2024-02-29 20:50:00,125,,
865,2024-02-29 20:50:00,125,,
866,2024-02-29 20:50:00,125,,
867,2024-02-29 20:50:00,125,,
868,2024-02-29 20:50:00,125,,
869,2024-02-29 20:50:00,125,,
870,2024-02-29 20:50:00,125,,
871,2024-02-29 20:50:00,125,,
872,2024-02-29 20:50:00,125,,
873,2024-02-29 20:50:00,125,,
874,2024-02-29 20:50:00,125,,
875,2024-02-29 20:50:00,125,,
876,2024-02-29 20:50:00,125,,
877,2024-02-29 20:50:00,125,,
878,2024-02-29 20:50:00,125,,
879,2024-02-29 20:50:00,125,,
880,2024-02-29 20:50:00,125,,
881,2024-02-29 20:50:00,125,,
882,2024-02-29 20:50:00,125,,
883,2024-02-29 20:50:00,125,,
884,2024-02-29 20:50:00,125,,
885,2024-02-29 20:50:00,125,,
886,2024-02-29 20:50:00,125,,
887,2024-02-29 20:50:00,125,,
888,2024-02-29 20:50:00,125,,
889,2024-02-29 20:50:00,125,,
890,2024-02-29 20:50:00,125,,
891,2024-02-29 20:50:00,125,,
892,2024-02-29 20:50:00,125,,
893,2024-02-29 20:50:00,125,,
894,2024-02-29 20:50:00,125,,
895,2024-02-29 20:50:00,125,,
896,2024-02-29 20:50:00,125,,
897,2024-02-29 20:50:00,125,,
898,2024-02-29 20:50:00,125,,
899,2024-02-29 20:50:00,125,,
900,2024-02-29 20:50:00,125,,
901,2024-02-29 20:50:00,125,,
902,2024-02-29 20:50:00,125,,
903,2024-02-29 20:50:00,125,,
904,2024-02-29 20:50:00,125,,
905,2024-02-29 20:50:00,125,,
906,2024-02-29 20:50:00,125,,
907,2024-02-29 20:50:00,125,,
908,2024-02-29 20:50:00,125,,
909,2024-02-29 20:50:00,125,,
910,2024-02-29 20:50:00,125,,
911,2024-02-29 20:50:00,125,,
912,2024-02-29 20:50:00,125,,
913,2024-02-29 20:50:00,125,,
914,2024-02-29 20:50:00,125,,
915,2024-02-29 20:50:00,125,,
916,2024-02-29 20:50:00,125,,
917,2024-02-29 20:50:00,125,,
918,2024-02-29 20:50:00,125,,
919,2024-02-29 20:50:00,125,,
920,2024-02-29 20:50:00,125,,
921,2024-02-29 20:50:00,125,,
922,2024-02-29 20:50:00,125,,
923,2024-02-29 20:50:00,125,,
924,2024-02-29 20:50:00,125,,
925,2024-02-29 20:50:00,125,,
926,2024-02-29 20:50:00,125,,
927,2024-02-29 20:50:00,125,,
928,2024-02-29 20:50:00,125,,
929,2024-02-29 20:50:00,125,,
930,2024-02-29 20:50:00,125,,
931,2024-02-29 20:50:00,125,,
932,2024-02-29 20:50:00,125,,
933,2024-02-29 20:50:00,125,,
934,2024-02-29 20:50:00,125,,
935,2024-02-29 20:50:00,125,,
936,2024-02-29 20:50:00,125,,
937,2024-02-29 20:50:00,125,,
938,2024-02-29 20:50:00,125,,
939,2024-02-29 20:50:00,125,,
940,2024-02-29 20:50:00,125,,
941,2024-02-29 20:50:00,125,,
942,2024-02-29 20:50:00,125,,
943,2024-02-29 20:50:00,125,,
944,2024-02-29 20:50:00,125,,
945,2024-02-29 20:50:00,125,,
946,2024-02-29 20:50:00,125,,
947,2024-02-29 20:50:00,125,,
948,2024-02-29 20:50:00,125,,
949,2024-02-29 20:50:00,125,,
950,2024-02-29 20:50:00,125,,
951,2024-02-29 20:50:00,125,,
952,2024-02-29 20:50:00,125,,
953,2024-02-29 20:50:00,125,,
954,2024-02-29 20:50:00,125,,
955,2024-02-29 20:50:00,125,,
956,2024-02-29 20:50:00,125,,
957,2024-02-29 20:50:00,125,,
958,2024-02-29 20:50:00,125,,
959,2024-02-29 20:50:00,125,,
960,2024-02-29 20:50:00,125,,
961,2024-02-29 20:50:00,125,,
962,2024-02-29 20:50:00,125,,
963,2024-02-29 20:50:00,125,,
964,2024-02-29 20:50:00,125,,
965,2024-02-29 20:50:00,125,,
966,2024-02-29 20:50:00,125,,
967,2024-02-29 20:50:00,125,,
968,2024-02-29 20:50:00,125,,
969,2024-02-29 20:50:00,125,,
970,2024-02-29 20:50:00,125,,
971,2024-02-29 20:50:00,125,,
972,2024-02-29 20:50:00,125,,
973,2024-02-29 20:50:00,125,,
974,2024-02-29 20:50:00,125,,
975,2024-02-29 20:50:00,125,,
976,2024-02-29 20:50:00,125,,
977,2024-02-29 20:50:00,125,,
978,2024-02-29 20:50:00,125,,
979,2024-02-29 20:50:00,125,,
980,2024-02-29 20:50:00,125,,
981,2024-02-29 20:50:00,125,,
982,2024-02-29 20:50:00,125,,
983,2024-02-29 20:50:00,125,,
984,2024-02-29 20:50:00,125,,
985,2024-02-29 20:50:00,125,,
986,2024-02-29 20:50:00,125,,
987,2024-02-29 20:50:00,125,,
988,2024-02-29 20:50:00,125,,
989,2024-02-29 20:50:00,125,,
990,2024-02-29 20:50:00,125,,
991,2024-02-29 20:50:00,125,,
992,2024-02-29 20:50:00,125,,
993,2024-02-29 20:50:00,125,,
994,2024-02-29 20:50:00,125,,
995,2024-02-29 20:50:00,125,,
996,2024-02-29 20:50:00,125,,
997,2024-02-29 20:50:00,125,,
998,2024-02-29 20:50:00,125,,
999,2024-02-29 20:50:00,125,,
1000,2024-02-29 20:50:00,125,,
1001,2024-02-29 20:50:00,125,,
1002,2024-02-29 20:50:00,125,,
1003,2024-02-29 20:50:00,125,,
1004,2024-02-29 20:50:00,125,,
1005,2024-02-29 20:50:00,125,,
1006,2024-02-29 20:50:00,125,,
792,2024-02-29 21:00:00,126,,
793,2024-02-29 21:00:00,126,,
794,2024-02-29 21:00:00,126,,
795,2024-02-29 21:00:00,126,,
796,2024-02-29 21:00:00,126,,
797,2024-02-29 21:00:00,126,,
798,2024-02-29 21:00:00,126,,
799,2024-02-29 21:00:00,126,,
800,2024-02-29 21:00:00,126,,
801,2024-02-29 21:00:00,126,,
802,2024-02-29 21:00:00,126,,
803,2024-02-29 21:00:00,126,,
804,2024-02-29 21:00:00,126,,
805,2024-02-29 21:00:00,126,,
806,2024-02-29 21:00:00,126,,
807,2024-02-29 21:00:00,126,,
808,2024-02-29 21:00:00,126,,
809,2024-02-29 21:00:00,126,,
810,2024-02-29 21:00:00,126,,
811,2024-02-29 21:00:00,126,,
812,2024-02-29 21:00:00,126,,
813,2024-02-29 21:00:00,126,,
814,2024-02-29 21:00:00,126,,
815,2024-02-29 21:00:00,126,,
816,2024-02-29 21:00:00,126,,
817,2024-02-29 21:00:00,126,,
818,2024-02-29 21:00:00,126,,
819,2024-02-29 21:00:00,126,,
820,2024-02-29 21:00:00,126,,
821,2024-02-29 21:00:00,126,,
822,2024-02-29 21:00:00,126,,
823,2024-02-29 21:00:00,126,,
824,2024-02-29 21:00:00,126,,
825,2024-02-29 21:00:00,126,,
826,2024-02-29 21:00:00,126,,
827,2024-02-29 21:00:00,126,,
828,2024-02-29 21:00:00,126,,
829,2024-02-29 21:00:00,126,,
830,2024-02-29 21:00:00,126,,
831,2024-02-29 21:00:00,126,,
832,2024-02-29 21:00:00,126,,
833,2024-02-29 21:00:00,126,,
834,2024-02-29 21:00:00,126,,
835,2024-02-29 21:00:00,126,,
836,2024-02-29 21:00:00,126,,
837,2024-02-29 21:00:00,126,,
838,2024-02-29 21:00:00,126,,
839,2024-02-29 21:00:00,126,,
840,2024-02-29 21:00:00,126,,
841,2024-02-29 21:00:00,126,,
842,2024-02-29 21:00:00,126,,
843,2024-02-29 21:00:00,126,,
844,2024-02-29 21:00:00,126,,
845,2024-02-29 21:00:00,126,,
846,2024-02-29 21:00:00,126,,
847,2024-02-29 21:00:00,126,,
848,2024-02-29 21:00:00,126,,
849,2024-02-29 21:00:00,126,,
850,2024-02-29 21:00:00,126,,
851,2024-02-29 21:00:00,126,,
852,2024-02-29 21:00:00,126,,
853,2024-02-29 21:00:00,126,,
854,2024-02-29 21:00:00,126,,
855,2024-02-29 21:00:00,126,,
856,2024-02-29 21:00:00,126,,
857,2024-02-29 21:00:00,126,,
858,2024-02-29 21:00:00,126,,
859,2024-02-29 21:00:00,126,,
860,2024-02-29 21:00:00,126,,
861,2024-02-29 21:00:00,126,,
862,2024-02-29 21:00:00,126,,
863,2024-02-29 21:00:00,126,,
864,2024-02-29 21:00:00,126,,
865,2024-02-29 21:00:00,126,,
866,2024-02-29 21:00:00,126,,
867,2024-02-29 21:00:00,126,,
868,2024-02-29 21:00:00,126,,
869,2024-02-29 21:00:00,126,,
870,2024-02-29 21:00:00,126,,
871,2024-02-29 21:00:00,126,,
872,2024-02-29 21:00:00,126,,
873,2024-02-29 21:00:00,126,,
874,2024-02-29 21:00:00,126,,
875,2024-02-29 21:00:00,126,,
876,2024-02-29 21:00:00,126,,
877,2024-02-29 21:00:00,126,,
878,2024-02-29 21:00:00,126,,
879,2024-02-29 21:00:00,126,,
880,2024-02-29 21:00:00,126,,
881,2024-02-29 21:00:00,126,,
882,2024-02-29 21:00:00,126,,
883,2024-02-29 21:00:00,126,,
884,2024-02-29 21:00:00,126,,
885,2024-02-29 21:00:00,126,,
886,2024-02-29 21:00:00,126,,
887,2024-02-29 21:00:00,126,,
888,2024-02-29 21:00:00,126,,
889,2024-02-29 21:00:00,126,,
890,2024-02-29 21:00:00,126,,
891,2024-02-29 21:00:00,126,,
892,2024-02-29 21:00:00,126,,
893,2024-02-29 21:00:00,126,,
894,2024-02-29 21:00:00,126,,
895,2024-02-29 21:00:00,126,,
896,2024-02-29 21:00:00,126,,
897,2024-02-29 21:00:00,126,,
898,2024-02-29 21:00:00,126,,
899,2024-02-29 21:00:00,126,,
900,2024-02-29 21:00:00,126,,
901,2024-02-29 21:00:00,126,,
902,2024-02-29 21:00:00,126,,
903,2024-02-29 21:00:00,126,,
904,2024-02-29 21:00:00,126,,
905,2024-02-29 21:00:00,126,,
906,2024-02-29 21:00:00,126,,
907,2024-02-29 21:00:00,126,,
908,2024-02-29 21:00:00,126,,
909,2024-02-29 21:00:00,126,,
910,2024-02-29 21:00:00,126,,
911,2024-02-29 21:00:00,126,,
912,2024-02-29 21:00:00,126,,
913,2024-02-29 21:00:00,126,,
914,2024-02-29 21:00:00,126,,
915,2024-02-29 21:00:00,126,,
916,2024-02-29 21:00:00,126,,
917,2024-02-29 21:00:00,126,,
918,2024-02-29 21:00:00,126,,
919,2024-02-29 21:00:00,126,,
920,2024-02-29 21:00:00,126,,
921,2024-02-29 21:00:00,126,,
922,2024-02-29 21:00:00,126,,
923,2024-02-29 21:00:00,126,,
924,2024-02-29 21:00:00,126,,
925,2024-02-29 21:00:00,126,,
926,2024-02-29 21:00:00,126,,
927,2024-02-29 21:00:00,126,,
928,2024-02-29 21:00:00,126,,
929,2024-02-29 21:00:00,126,,
930,2024-02-29 21:00:00,126,,
931,2024-02-29 21:00:00,126,,
932,2024-02-29 21:00:00,126,,
933,2024-02-29 21:00:00,126,,
934,2024-02-29 21:00:00,126,,
935,2024-02-29 21:00:00,126,,
936,2024-02-29 21:00:00,126,,
937,2024-02-29 21:00:00,126,,
938,2024-02-29 21:00:00,126,,
939,2024-02-29 21:00:00,126,,
940,2024-02-29 21:00:00,126,,
941,2024-02-29 21:00:00,126,,
942,2024-02-29 21:00:00,126,,
943,2024-02-29 21:00:00,126,,
944,2024-02-29 21:00:00,126,,
945,2024-02-29 21:00:00,126,,
946,2024-02-29 21:00:00,126,,
947,2024-02-29 21:00:00,126,,
948,2024-02-29 21:00:00,126,,
949,2024-02-29 21:00:00,126,,
950,2024-02-29 21:00:00,126,,
951,2024-02-29 21:00:00,126,,
952,2024-02-29 21:00:00,126,,
953,2024-02-29 21:00:00,126,,
954,2024-02-29 21:00:00,126,,
955,2024-02-29 21:00:00,126,,
956,2024-02-29 21:00:00,126,,
957,2024-02-29 21:00:00,126,,
958,2024-02-29 21:00:00,126,,
959,2024-02-29 21:00:00,126,,
960,2024-02-29 21:00:00,126,,
961,2024-02-29 21:00:00,126,,
962,2024-02-29 21:00:00,126,,
963,2024-02-29 21:00:00,126,,
964,2024-02-29 21:00:00,126,,
965,2024-02-29 21:00:00,126,,
966,2024-02-29 21:00:00,126,,
967,2024-02-29 21:00:00,126,,
968,2024-02-29 21:00:00,126,,
969,2024-02-29 21:00:00,126,,
970,2024-02-29 21:00:00,126,,
971,2024-02-29 21:00:00,126,,
972,2024-02-29 21:00:00,126,,
973,2024-02-29 21:00:00,126,,
974,2024-02-29 21:00:00,126,,
975,2024-02-29 21:00:00,126,,
976,2024-02-29 21:00:00,126,,
977,2024-02-29 21:00:00,126,,
978,2024-02-29 21:00:00,126,,
979,2024-02-29 21:00:00,126,,
980,2024-02-29 21:00:00,126,,
981,2024-02-29 21:00:00,126,,
982,2024-02-29 21:00:00,126,,
983,2024-02-29 21:00:00,126,,
984,2024-02-29 21:00:00,126,,
985,2024-02-29 21:00:00,126,,
986,2024-02-29 21:00:00,126,,
987,2024-02-29 21:00:00,126,,
988,2024-02-29 21:00:00,126,,
989,2024-02-29 21:00:00,126,,
990,2024-02-29 21:00:00,126,,
991,2024-02-29 21:00:00,126,,
992,2024-02-29 21:00:00,126,,
993,2024-02-29 21:00:00,126,,
994,2024-02-29 21:00:00,126,,
995,2024-02-29 21:00:00,126,,
996,2024-02-29 21:00:00,126,,
997,2024-02-29 21:00:00,126,,
998,2024-02-29 21:00:00,126,,
999,2024-02-29 21:00:00,126,,
1000,2024-02-29 21:00:00,126,,
1001,2024-02-29 21:00:00,126,,
1002,2024-02-29 21:00:00,126,,
1003,2024-02-29 21:00:00,126,,
1004,2024-02-29 21:00:00,126,,
1005,2024-02-29 21:00:00,126,,
1006,2024-02-29 21:00:00,126,,
792,2024-02-29 21:10:00,127,,
793,2024-02-29 21:10:00,127,,
794,2024-02-29 21:10:00,127,,
795,2024-02-29 21:10:00,127,,
796,2024-02-29 21:10:00,127,,
797,2024-02-29 21:10:00,127,,
798,2024-02-29 21:10:00,127,,
799,2024-02-29 21:10:00,127,,
800,2024-02-29 21:10:00,127,,
801,2024-02-29 21:10:00,127,,
802,2024-02-29 21:10:00,127,,
803,2024-02-29 21:10:00,127,,
804,2024-02-29 21:10:00,127,,
805,2024-02-29 21:10:00,127,,
806,2024-02-29 21:10:00,127,,
807,2024-02-29 21:10:00,127,,
808,2024-02-29 21:10:00,127,,
809,2024-02-29 21:10:00,127,,
810,2024-02-29 21:10:00,127,,
811,2024-02-29 21:10:00,127,,
812,2024-02-29 21:10:00,127,,
813,2024-02-29 21:10:00,127,,
814,2024-02-29 21:10:00,127,,
815,2024-02-29 21:10:00,127,,
816,2024-02-29 21:10:00,127,,
817,2024-02-29 21:10:00,127,,
818,2024-02-29 21:10:00,127,,
819,2024-02-29 21:10:00,127,,
820,2024-02-29 21:10:00,127,,
821,2024-02-29 21:10:00,127,,
822,2024-02-29 21:10:00,127,,
823,2024-02-29 21:10:00,127,,
824,2024-02-29 21:10:00,127,,
825,2024-02-29 21:10:00,127,,
826,2024-02-29 21:10:00,127,,
827,2024-02-29 21:10:00,127,,
828,2024-02-29 21:10:00,127,,
829,2024-02-29 21:10:00,127,,
830,2024-02-29 21:10:00,127,,
831,2024-02-29 21:10:00,127,,
832,2024-02-29 21:10:00,127,,
833,2024-02-29 21:10:00,127,,
834,2024-02-29 21:10:00,127,,
835,2024-02-29 21:10:00,127,,
836,2024-02-29 21:10:00,127,,
837,2024-02-29 21:10:00,127,,
838,2024-02-29 21:10:00,127,,
839,2024-02-29 21:10:00,127,,
840,2024-02-29 21:10:00,127,,
841,2024-02-29 21:10:00,127,,
842,2024-02-29 21:10:00,127,,
843,2024-02-29 21:10:00,127,,
844,2024-02-29 21:10:00,127,,
845,2024-02-29 21:10:00,127,,
846,2024-02-29 21:10:00,127,,
847,2024-02-29 21:10:00,127,,
848,2024-02-29 21:10:00,127,,
849,2024-02-29 21:10:00,127,,
850,2024-02-29 21:10:00,127,,
851,2024-02-29 21:10:00,127,,
852,2024-02-29 21:10:00,127,,
853,2024-02-29 21:10:00,127,,
854,2024-02-29 21:10:00,127,,
855,2024-02-29 21:10:00,127,,
856,2024-02-29 21:10:00,127,,
857,2024-02-29 21:10:00,127,,
858,2024-02-29 21:10:00,127,,
859,2024-02-29 21:10:00,127,,
860,2024-02-29 21:10:00,127,,
861,2024-02-29 21:10:00,127,,
862,2024-02-29 21:10:00,127,,
863,2024-02-29 21:10:00,127,,
864,2024-02-29 21:10:00,127,,
865,2024-02-29 21:10:00,127,,
866,2024-02-29 21:10:00,127,,
867,2024-02-29 21:10:00,127,,
868,2024-02-29 21:10:00,127,,
869,2024-02-29 21:10:00,127,,
870,2024-02-29 21:10:00,127,,
871,2024-02-29 21:10:00,127,,
872,2024-02-29 21:10:00,127,,
873,2024-02-29 21:10:00,127,,
874,2024-02-29 21:10:00,127,,
875,2024-02-29 21:10:00,127,,
876,2024-02-29 21:10:00,127,,
877,2024-02-29 21:10:00,127,,
878,2024-02-29 21:10:00,127,,
879,2024-02-29 21:10:00,127,,
880,2024-02-29 21:10:00,127,,
881,2024-02-29 21:10:00,127,,
882,2024-02-29 21:10:00,127,,
883,2024-02-29 21:10:00,127,,
884,2024-02-29 21:10:00,127,,
885,2024-02-29 21:10:00,127,,
886,2024-02-29 21:10:00,127,,
887,2024-02-29 21:10:00,127,,
888,2024-02-29 21:10:00,127,,
889,2024-02-29 21:10:00,127,,
890,2024-02-29 21:10:00,127,,
891,2024-02-29 21:10:00,127,,
892,2024-02-29 21:10:00,127,,
893,2024-02-29 21:10:00,127,,
894,2024-02-29 21:10:00,127,,
895,2024-02-29 21:10:00,127,,
896,2024-02-29 21:10:00,127,,
897,2024-02-29 21:10:00,127,,
898,2024-02-29 21:10:00,127,,
899,2024-02-29 21:10:00,127,,
900,2024-02-29 21:10:00,127,,
901,2024-02-29 21:10:00,127,,
902,2024-02-29 21:10:00,127,,
903,2024-02-29 21:10:00,127,,
904,2024-02-29 21:10:00,127,,
905,2024-02-29 21:10:00,127,,
906,2024-02-29 21:10:00,127,,
907,2024-02-29 21:10:00,127,,
908,2024-02-29 21:10:00,127,,
909,2024-02-29 21:10:00,127,,
910,2024-02-29 21:10:00,127,,
911,2024-02-29 21:10:00,127,,
912,2024-02-29 21:10:00,127,,
913,2024-02-29 21:10:00,127,,
914,2024-02-29 21:10:00,127,,
915,2024-02-29 21:10:00,127,,
916,2024-02-29 21:10:00,127,,
917,2024-02-29 21:10:00,127,,
918,2024-02-29 21:10:00,127,,
919,2024-02-29 21:10:00,127,,
920,2024-02-29 21:10:00,127,,
921,2024-02-29 21:10:00,127,,
922,2024-02-29 21:10:00,127,,
923,2024-02-29 21:10:00,127,,
924,2024-02-29 21:10:00,127,,
925,2024-02-29 21:10:00,127,,
926,2024-02-29 21:10:00,127,,
927,2024-02-29 21:10:00,127,,
928,2024-02-29 21:10:00,127,,
929,2024-02-29 21:10:00,127,,
930,2024-02-29 21:10:00,127,,
931,2024-02-29 21:10:00,127,,
932,2024-02-29 21:10:00,127,,
933,2024-02-29 21:10:00,127,,
934,2024-02-29 21:10:00,127,,
935,2024-02-29 21:10:00,127,,
936,2024-02-29 21:10:00,127,,
937,2024-02-29 21:10:00,127,,
938,2024-02-29 21:10:00,127,,
939,2024-02-29 21:10:00,127,,
940,2024-02-29 21:10:00,127,,
941,2024-02-29 21:10:00,127,,
942,2024-02-29 21:10:00,127,,
943,2024-02-29 21:10:00,127,,
944,2024-02-29 21:10:00,127,,
945,2024-02-29 21:10:00,127,,
946,2024-02-29 21:10:00,127,,
947,2024-02-29 21:10:00,127,,
948,2024-02-29 21:10:00,127,,
949,2024-02-29 21:10:00,127,,
950,2024-02-29 21:10:00,127,,
951,2024-02-29 21:10:00,127,,
952,2024-02-29 21:10:00,127,,
953,2024-02-29 21:10:00,127,,
954,2024-02-29 21:10:00,127,,
955,2024-02-29 21:10:00,127,,
956,2024-02-29 21:10:00,127,,
957,2024-02-29 21:10:00,127,,
958,2024-02-29 21:10:00,127,,
959,2024-02-29 21:10:00,127,,
960,2024-02-29 21:10:00,127,,
961,2024-02-29 21:10:00,127,,
962,2024-02-29 21:10:00,127,,
963,2024-02-29 21:10:00,127,,
964,2024-02-29 21:10:00,127,,
965,2024-02-29 21:10:00,127,,
966,2024-02-29 21:10:00,127,,
967,2024-02-29 21:10:00,127,,
968,2024-02-29 21:10:00,127,,
969,2024-02-29 21:10:00,127,,
970,2024-02-29 21:10:00,127,,
971,2024-02-29 21:10:00,127,,
972,2024-02-29 21:10:00,127,,
973,2024-02-29 21:10:00,127,,
974,2024-02-29 21:10:00,127,,
975,2024-02-29 21:10:00,127,,
976,2024-02-29 21:10:00,127,,
977,2024-02-29 21:10:00,127,,
978,2024-02-29 21:10:00,127,,
979,2024-02-29 21:10:00,127,,
980,2024-02-29 21:10:00,127,,
981,2024-02-29 21:10:00,127,,
982,2024-02-29 21:10:00,127,,
983,2024-02-29 21:10:00,127,,
984,2024-02-29 21:10:00,127,,
985,2024-02-29 21:10:00,127,,
986,2024-02-29 21:10:00,127,,
987,2024-02-29 21:10:00,127,,
988,2024-02-29 21:10:00,127,,
989,2024-02-29 21:10:00,127,,
990,2024-02-29 21:10:00,127,,
991,2024-02-29 21:10:00,127,,
992,2024-02-29 21:10:00,127,,
993,2024-02-29 21:10:00,127,,
994,2024-02-29 21:10:00,127,,
995,2024-02-29 21:10:00,127,,
996,2024-02-29 21:10:00,127,,
997,2024-02-29 21:10:00,127,,
998,2024-02-29 21:10:00,127,,
999,2024-02-29 21:10:00,127,,
1000,2024-02-29 21:10:00,127,,
1001,2024-02-29 21:10:00,127,,
1002,2024-02-29 21:10:00,127,,
1003,2024-02-29 21:10:00,127,,
1004,2024-02-29 21:10:00,127,,
1005,2024-02-29 21:10:00,127,,
1006,2024-02-29 21:10:00,127,,
792,2024-02-29 21:20:00,128,,
793,2024-02-29 21:20:00,128,,
794,2024-02-29 21:20:00,128,,
795,2024-02-29 21:20:00,128,,
796,2024-02-29 21:20:00,128,,
797,2024-02-29 21:20:00,128,,
798,2024-02-29 21:20:00,128,,
799,2024-02-29 21:20:00,128,,
800,2024-02-29 21:20:00,128,,
801,2024-02-29 21:20:00,128,,
802,2024-02-29 21:20:00,128,,
803,2024-02-29 21:20:00,128,,
804,2024-02-29 21:20:00,128,,
805,2024-02-29 21:20:00,128,,
806,2024-02-29 21:20:00,128,,
807,2024-02-29 21:20:00,128,,
808,2024-02-29 21:20:00,128,,
809,2024-02-29 21:20:00,128,,
810,2024-02-29 21:20:00,128,,
811,2024-02-29 21:20:00,128,,
812,2024-02-29 21:20:00,128,,
813,2024-02-29 21:20:00,128,,
814,2024-02-29 21:20:00,128,,
815,2024-02-29 21:20:00,128,,
816,2024-02-29 21:20:00,128,,
817,2024-02-29 21:20:00,128,,
818,2024-02-29 21:20:00,128,,
819,2024-02-29 21:20:00,128,,
820,2024-02-29 21:20:00,128,,
821,2024-02-29 21:20:00,128,,
822,2024-02-29 21:20:00,128,,
823,2024-02-29 21:20:00,128,,
824,2024-02-29 21:20:00,128,,
825,2024-02-29 21:20:00,128,,
826,2024-02-29 21:20:00,128,,
827,2024-02-29 21:20:00,128,,
828,2024-02-29 21:20:00,128,,
829,2024-02-29 21:20:00,128,,
830,2024-02-29 21:20:00,128,,
831,2024-02-29 21:20:00,128,,
832,2024-02-29 21:20:00,128,,
833,2024-02-29 21:20:00,128,,
834,2024-02-29 21:20:00,128,,
835,2024-02-29 21:20:00,128,,
836,2024-02-29 21:20:00,128,,
837,2024-02-29 21:20:00,128,,
838,2024-02-29 21:20:00,128,,
839,2024-02-29 21:20:00,128,,
840,2024-02-29 21:20:00,128,,
841,2024-02-29 21:20:00,128,,
842,2024-02-29 21:20:00,128,,
843,2024-02-29 21:20:00,128,,
844,2024-02-29 21:20:00,128,,
845,2024-02-29 21:20:00,128,,
846,2024-02-29 21:20:00,128,,
847,2024-02-29 21:20:00,128,,
848,2024-02-29 21:20:00,128,,
849,2024-02-29 21:20:00,128,,
850,2024-02-29 21:20:00,128,,
851,2024-02-29 21:20:00,128,,
852,2024-02-29 21:20:00,128,,
853,2024-02-29 21:20:00,128,,
854,2024-02-29 21:20:00,128,,
855,2024-02-29 21:20:00,128,,
856,2024-02-29 21:20:00,128,,
857,2024-02-29 21:20:00,128,,
858,2024-02-29 21:20:00,128,,
859,2024-02-29 21:20:00,128,,
860,2024-02-29 21:20:00,128,,
861,2024-02-29 21:20:00,128,,
862,2024-02-29 21:20:00,128,,
863,2024-02-29 21:20:00,128,,
864,2024-02-29 21:20:00,128,,
865,2024-02-29 21:20:00,128,,
866,2024-02-29 21:20:00,128,,
867,2024-02-29 21:20:00,128,,
868,2024-02-29 21:20:00,128,,
869,2024-02-29 21:20:00,128,,
870,2024-02-29 21:20:00,128,,
871,2024-02-29 21:20:00,128,,
872,2024-02-29 21:20:00,128,,
873,2024-02-29 21:20:00,128,,
874,2024-02-29 21:20:00,128,,
875,2024-02-29 21:20:00,128,,
876,2024-02-29 21:20:00,128,,
877,2024-02-29 21:20:00,128,,
878,2024-02-29 21:20:00,128,,
879,2024-02-29 21:20:00,128,,
880,2024-02-29 21:20:00,128,,
881,2024-02-29 21:20:00,128,,
882,2024-02-29 21:20:00,128,,
883,2024-02-29 21:20:00,128,,
884,2024-02-29 21:20:00,128,,
885,2024-02-29 21:20:00,128,,
886,2024-02-29 21:20:00,128,,
887,2024-02-29 21:20:00,128,,
888,2024-02-29 21:20:00,128,,
889,2024-02-29 21:20:00,128,,
890,2024-02-29 21:20:00,128,,
891,2024-02-29 21:20:00,128,,
892,2024-02-29 21:20:00,128,,
893,2024-02-29 21:20:00,128,,
894,2024-02-29 21:20:00,128,,
895,2024-02-29 21:20:00,128,,
896,2024-02-29 21:20:00,128,,
897,2024-02-29 21:20:00,128,,
898,2024-02-29 21:20:00,128,,
899,2024-02-29 21:20:00,128,,
900,2024-02-29 21:20:00,128,,
901,2024-02-29 21:20:00,128,,
902,2024-02-29 21:20:00,128,,
903,2024-02-29 21:20:00,128,,
904,2024-02-29 21:20:00,128,,
905,2024-02-29 21:20:00,128,,
906,2024-02-29 21:20:00,128,,
907,2024-02-29 21:20:00,128,,
908,2024-02-29 21:20:00,128,,
909,2024-02-29 21:20:00,128,,
910,2024-02-29 21:20:00,128,,
911,2024-02-29 21:20:00,128,,
912,2024-02-29 21:20:00,128,,
913,2024-02-29 21:20:00,128,,
914,2024-02-29 21:20:00,128,,
915,2024-02-29 21:20:00,128,,
916,2024-02-29 21:20:00,128,,
917,2024-02-29 21:20:00,128,,
918,2024-02-29 21:20:00,128,,
919,2024-02-29 21:20:00,128,,
920,2024-02-29 21:20:00,128,,
921,2024-02-29 21:20:00,128,,
922,2024-02-29 21:20:00,128,,
923,2024-02-29 21:20:00,128,,
924,2024-02-29 21:20:00,128,,
925,2024-02-29 21:20:00,128,,
926,2024-02-29 21:20:00,128,,
927,2024-02-29 21:20:00,128,,
928,2024-02-29 21:20:00,128,,
929,2024-02-29 21:20:00,128,,
930,2024-02-29 21:20:00,128,,
931,2024-02-29 21:20:00,128,,
932,2024-02-29 21:20:00,128,,
933,2024-02-29 21:20:00,128,,
934,2024-02-29 21:20:00,128,,
935,2024-02-29 21:20:00,128,,
936,2024-02-29 21:20:00,128,,
937,2024-02-29 21:20:00,128,,
938,2024-02-29 21:20:00,128,,
939,2024-02-29 21:20:00,128,,
940,2024-02-29 21:20:00,128,,
941,2024-02-29 21:20:00,128,,
942,2024-02-29 21:20:00,128,,
943,2024-02-29 21:20:00,128,,
944,2024-02-29 21:20:00,128,,
945,2024-02-29 21:20:00,128,,
946,2024-02-29 21:20:00,128,,
947,2024-02-29 21:20:00,128,,
948,2024-02-29 21:20:00,128,,
949,2024-02-29 21:20:00,128,,
950,2024-02-29 21:20:00,128,,
951,2024-02-29 21:20:00,128,,
952,2024-02-29 21:20:00,128,,
953,2024-02-29 21:20:00,128,,
954,2024-02-29 21:20:00,128,,
955,2024-02-29 21:20:00,128,,
956,2024-02-29 21:20:00,128,,
957,2024-02-29 21:20:00,128,,
958,2024-02-29 21:20:00,128,,
959,2024-02-29 21:20:00,128,,
960,2024-02-29 21:20:00,128,,
961,2024-02-29 21:20:00,128,,
962,2024-02-29 21:20:00,128,,
963,2024-02-29 21:20:00,128,,
964,2024-02-29 21:20:00,128,,
965,2024-02-29 21:20:00,128,,
966,2024-02-29 21:20:00,128,,
967,2024-02-29 21:20:00,128,,
968,2024-02-29 21:20:00,128,,
969,2024-02-29 21:20:00,128,,
970,2024-02-29 21:20:00,128,,
971,2024-02-29 21:20:00,128,,
972,2024-02-29 21:20:00,128,,
973,2024-02-29 21:20:00,128,,
974,2024-02-29 21:20:00,128,,
975,2024-02-29 21:20:00,128,,
976,2024-02-29 21:20:00,128,,
977,2024-02-29 21:20:00,128,,
978,2024-02-29 21:20:00,128,,
979,2024-02-29 21:20:00,128,,
980,2024-02-29 21:20:00,128,,
981,2024-02-29 21:20:00,128,,
982,2024-02-29 21:20:00,128,,
983,2024-02-29 21:20:00,128,,
984,2024-02-29 21:20:00,128,,
985,2024-02-29 21:20:00,128,,
986,2024-02-29 21:20:00,128,,
987,2024-02-29 21:20:00,128,,
988,2024-02-29 21:20:00,128,,
989,2024-02-29 21:20:00,128,,
990,2024-02-29 21:20:00,128,,
991,2024-02-29 21:20:00,128,,
992,2024-02-29 21:20:00,128,,
993,2024-02-29 21:20:00,128,,
994,2024-02-29 21:20:00,128,,
995,2024-02-29 21:20:00,128,,
996,2024-02-29 21:20:00,128,,
997,2024-02-29 21:20:00,128,,
998,2024-02-29 21:20:00,128,,
999,2024-02-29 21:20:00,128,,
1000,2024-02-29 21:20:00,128,,
1001,2024-02-29 21:20:00,128,,
1002,2024-02-29 21:20:00,128,,
1003,2024-02-29 21:20:00,128,,
1004,2024-02-29 21:20:00,128,,
1005,2024-02-29 21:20:00,128,,
1006,2024-02-29 21:20:00,128,,
792,2024-02-29 21:30:00,129,,
793,2024-02-29 21:30:00,129,,
794,2024-02-29 21:30:00,129,,
795,2024-02-29 21:30:00,129,,
796,2024-02-29 21:30:00,129,,
797,2024-02-29 21:30:00,129,,
798,2024-02-29 21:30:00,129,,
799,2024-02-29 21:30:00,129,,
800,2024-02-29 21:30:00,129,,
801,2024-02-29 21:30:00,129,,
802,2024-02-29 21:30:00,129,,
803,2024-02-29 21:30:00,129,,
804,2024-02-29 21:30:00,129,,
805,2024-02-29 21:30:00,129,,
806,2024-02-29 21:30:00,129,,
807,2024-02-29 21:30:00,129,,
808,2024-02-29 21:30:00,129,,
809,2024-02-29 21:30:00,129,,
810,2024-02-29 21:30:00,129,,
811,2024-02-29 21:30:00,129,,
812,2024-02-29 21:30:00,129,,
813,2024-02-29 21:30:00,129,,
814,2024-02-29 21:30:00,129,,
815,2024-02-29 21:30:00,129,,
816,2024-02-29 21:30:00,129,,
817,2024-02-29 21:30:00,129,,
818,2024-02-29 21:30:00,129,,
819,2024-02-29 21:30:00,129,,
820,2024-02-29 21:30:00,129,,
821,2024-02-29 21:30:00,129,,
822,2024-02-29 21:30:00,129,,
823,2024-02-29 21:30:00,129,,
824,2024-02-29 21:30:00,129,,
825,2024-02-29 21:30:00,129,,
826,2024-02-29 21:30:00,129,,
827,2024-02-29 21:30:00,129,,
828,2024-02-29 21:30:00,129,,
829,2024-02-29 21:30:00,129,,
830,2024-02-29 21:30:00,129,,
831,2024-02-29 21:30:00,129,,
832,2024-02-29 21:30:00,129,,
833,2024-02-29 21:30:00,129,,
834,2024-02-29 21:30:00,129,,
835,2024-02-29 21:30:00,129,,
836,2024-02-29 21:30:00,129,,
837,2024-02-29 21:30:00,129,,
838,2024-02-29 21:30:00,129,,
839,2024-02-29 21:30:00,129,,
840,2024-02-29 21:30:00,129,,
841,2024-02-29 21:30:00,129,,
842,2024-02-29 21:30:00,129,,
843,2024-02-29 21:30:00,129,,
844,2024-02-29 21:30:00,129,,
845,2024-02-29 21:30:00,129,,
846,2024-02-29 21:30:00,129,,
847,2024-02-29 21:30:00,129,,
848,2024-02-29 21:30:00,129,,
849,2024-02-29 21:30:00,129,,
850,2024-02-29 21:30:00,129,,
851,2024-02-29 21:30:00,129,,
852,2024-02-29 21:30:00,129,,
853,2024-02-29 21:30:00,129,,
854,2024-02-29 21:30:00,129,,
855,2024-02-29 21:30:00,129,,
856,2024-02-29 21:30:00,129,,
857,2024-02-29 21:30:00,129,,
858,2024-02-29 21:30:00,129,,
859,2024-02-29 21:30:00,129,,
860,2024-02-29 21:30:00,129,,
861,2024-02-29 21:30:00,129,,
862,2024-02-29 21:30:00,129,,
863,2024-02-29 21:30:00,129,,
864,2024-02-29 21:30:00,129,,
865,2024-02-29 21:30:00,129,,
866,2024-02-29 21:30:00,129,,
867,2024-02-29 21:30:00,129,,
868,2024-02-29 21:30:00,129,,
869,2024-02-29 21:30:00,129,,
870,2024-02-29 21:30:00,129,,
871,2024-02-29 21:30:00,129,,
872,2024-02-29 21:30:00,129,,
873,2024-02-29 21:30:00,129,,
874,2024-02-29 21:30:00,129,,
875,2024-02-29 21:30:00,129,,
876,2024-02-29 21:30:00,129,,
877,2024-02-29 21:30:00,129,,
878,2024-02-29 21:30:00,129,,
879,2024-02-29 21:30:00,129,,
880,2024-02-29 21:30:00,129,,
881,2024-02-29 21:30:00,129,,
882,2024-02-29 21:30:00,129,,
883,2024-02-29 21:30:00,129,,
884,2024-02-29 21:30:00,129,,
885,2024-02-29 21:30:00,129,,
886,2024-02-29 21:30:00,129,,
887,2024-02-29 21:30:00,129,,
888,2024-02-29 21:30:00,129,,
889,2024-02-29 21:30:00,129,,
890,2024-02-29 21:30:00,129,,
891,2024-02-29 21:30:00,129,,
892,2024-02-29 21:30:00,129,,
893,2024-02-29 21:30:00,129,,
894,2024-02-29 21:30:00,129,,
895,2024-02-29 21:30:00,129,,
896,2024-02-29 21:30:00,129,,
897,2024-02-29 21:30:00,129,,
898,2024-02-29 21:30:00,129,,
899,2024-02-29 21:30:00,129,,
900,2024-02-29 21:30:00,129,,
901,2024-02-29 21:30:00,129,,
902,2024-02-29 21:30:00,129,,
903,2024-02-29 21:30:00,129,,
904,2024-02-29 21:30:00,129,,
905,2024-02-29 21:30:00,129,,
906,2024-02-29 21:30:00,129,,
907,2024-02-29 21:30:00,129,,
908,2024-02-29 21:30:00,129,,
909,2024-02-29 21:30:00,129,,
910,2024-02-29 21:30:00,129,,
911,2024-02-29 21:30:00,129,,
912,2024-02-29 21:30:00,129,,
913,2024-02-29 21:30:00,129,,
914,2024-02-29 21:30:00,129,,
915,2024-02-29 21:30:00,129,,
916,2024-02-29 21:30:00,129,,
917,2024-02-29 21:30:00,129,,
918,2024-02-29 21:30:00,129,,
919,2024-02-29 21:30:00,129,,
920,2024-02-29 21:30:00,129,,
921,2024-02-29 21:30:00,129,,
922,2024-02-29 21:30:00,129,,
923,2024-02-29 21:30:00,129,,
924,2024-02-29 21:30:00,129,,
925,2024-02-29 21:30:00,129,,
926,2024-02-29 21:30:00,129,,
927,2024-02-29 21:30:00,129,,
928,2024-02-29 21:30:00,129,,
929,2024-02-29 21:30:00,129,,
930,2024-02-29 21:30:00,129,,
931,2024-02-29 21:30:00,129,,
932,2024-02-29 21:30:00,129,,
933,2024-02-29 21:30:00,129,,
934,2024-02-29 21:30:00,129,,
935,2024-02-29 21:30:00,129,,
936,2024-02-29 21:30:00,129,,
937,2024-02-29 21:30:00,129,,
938,2024-02-29 21:30:00,129,,
939,2024-02-29 21:30:00,129,,
940,2024-02-29 21:30:00,129,,
941,2024-02-29 21:30:00,129,,
942,2024-02-29 21:30:00,129,,
943,2024-02-29 21:30:00,129,,
944,2024-02-29 21:30:00,129,,
945,2024-02-29 21:30:00,129,,
946,2024-02-29 21:30:00,129,,
947,2024-02-29 21:30:00,129,,
948,2024-02-29 21:30:00,129,,
949,2024-02-29 21:30:00,129,,
950,2024-02-29 21:30:00,129,,
951,2024-02-29 21:30:00,129,,
952,2024-02-29 21:30:00,129,,
953,2024-02-29 21:30:00,129,,
954,2024-02-29 21:30:00,129,,
955,2024-02-29 21:30:00,129,,
956,2024-02-29 21:30:00,129,,
957,2024-02-29 21:30:00,129,,
958,2024-02-29 21:30:00,129,,
959,2024-02-29 21:30:00,129,,
960,2024-02-29 21:30:00,129,,
961,2024-02-29 21:30:00,129,,
962,2024-02-29 21:30:00,129,,
963,2024-02-29 21:30:00,129,,
964,2024-02-29 21:30:00,129,,
965,2024-02-29 21:30:00,129,,
966,2024-02-29 21:30:00,129,,
967,2024-02-29 21:30:00,129,,
968,2024-02-29 21:30:00,129,,
969,2024-02-29 21:30:00,129,,
970,2024-02-29 21:30:00,129,,
971,2024-02-29 21:30:00,129,,
972,2024-02-29 21:30:00,129,,
973,2024-02-29 21:30:00,129,,
974,2024-02-29 21:30:00,129,,
975,2024-02-29 21:30:00,129,,
976,2024-02-29 21:30:00,129,,
977,2024-02-29 21:30:00,129,,
978,2024-02-29 21:30:00,129,,
979,2024-02-29 21:30:00,129,,
980,2024-02-29 21:30:00,129,,
981,2024-02-29 21:30:00,129,,
982,2024-02-29 21:30:00,129,,
983,2024-02-29 21:30:00,129,,
984,2024-02-29 21:30:00,129,,
985,2024-02-29 21:30:00,129,,
986,2024-02-29 21:30:00,129,,
987,2024-02-29 21:30:00,129,,
988,2024-02-29 21:30:00,129,,
989,2024-02-29 21:30:00,129,,
990,2024-02-29 21:30:00,129,,
991,2024-02-29 21:30:00,129,,
992,2024-02-29 21:30:00,129,,
993,2024-02-29 21:30:00,129,,
994,2024-02-29 21:30:00,129,,
995,2024-02-29 21:30:00,129,,
996,2024-02-29 21:30:00,129,,
997,2024-02-29 21:30:00,129,,
998,2024-02-29 21:30:00,129,,
999,2024-02-29 21:30:00,129,,
1000,2024-02-29 21:30:00,129,,
1001,2024-02-29 21:30:00,129,,
1002,2024-02-29 21:30:00,129,,
1003,2024-02-29 21:30:00,129,,
1004,2024-02-29 21:30:00,129,,
1005,2024-02-29 21:30:00,129,,
1006,2024-02-29 21:30:00,129,,
792,2024-02-29 21:40:00,130,,
793,2024-02-29 21:40:00,130,,
794,2024-02-29 21:40:00,130,,
795,2024-02-29 21:40:00,130,,
796,2024-02-29 21:40:00,130,,
797,2024-02-29 21:40:00,130,,
798,2024-02-29 21:40:00,130,,
799,2024-02-29 21:40:00,130,,
800,2024-02-29 21:40:00,130,,
801,2024-02-29 21:40:00,130,,
802,2024-02-29 21:40:00,130,,
803,2024-02-29 21:40:00,130,,
804,2024-02-29 21:40:00,130,,
805,2024-02-29 21:40:00,130,,
806,2024-02-29 21:40:00,130,,
807,2024-02-29 21:40:00,130,,
808,2024-02-29 21:40:00,130,,
809,2024-02-29 21:40:00,130,,
810,2024-02-29 21:40:00,130,,
811,2024-02-29 21:40:00,130,,
812,2024-02-29 21:40:00,130,,
813,2024-02-29 21:40:00,130,,
814,2024-02-29 21:40:00,130,,
815,2024-02-29 21:40:00,130,,
816,2024-02-29 21:40:00,130,,
817,2024-02-29 21:40:00,130,,
818,2024-02-29 21:40:00,130,,
819,2024-02-29 21:40:00,130,,
820,2024-02-29 21:40:00,130,,
821,2024-02-29 21:40:00,130,,
822,2024-02-29 21:40:00,130,,
823,2024-02-29 21:40:00,130,,
824,2024-02-29 21:40:00,130,,
825,2024-02-29 21:40:00,130,,
826,2024-02-29 21:40:00,130,,
827,2024-02-29 21:40:00,130,,
828,2024-02-29 21:40:00,130,,
829,2024-02-29 21:40:00,130,,
830,2024-02-29 21:40:00,130,,
831,2024-02-29 21:40:00,130,,
832,2024-02-29 21:40:00,130,,
833,2024-02-29 21:40:00,130,,
834,2024-02-29 21:40:00,130,,
835,2024-02-29 21:40:00,130,,
836,2024-02-29 21:40:00,130,,
837,2024-02-29 21:40:00,130,,
838,2024-02-29 21:40:00,130,,
839,2024-02-29 21:40:00,130,,
840,2024-02-29 21:40:00,130,,
841,2024-02-29 21:40:00,130,,
842,2024-02-29 21:40:00,130,,
843,2024-02-29 21:40:00,130,,
844,2024-02-29 21:40:00,130,,
845,2024-02-29 21:40:00,130,,
846,2024-02-29 21:40:00,130,,
847,2024-02-29 21:40:00,130,,
848,2024-02-29 21:40:00,130,,
849,2024-02-29 21:40:00,130,,
850,2024-02-29 21:40:00,130,,
851,2024-02-29 21:40:00,130,,
852,2024-02-29 21:40:00,130,,
853,2024-02-29 21:40:00,130,,
854,2024-02-29 21:40:00,130,,
855,2024-02-29 21:40:00,130,,
856,2024-02-29 21:40:00,130,,
857,2024-02-29 21:40:00,130,,
858,2024-02-29 21:40:00,130,,
859,2024-02-29 21:40:00,130,,
860,2024-02-29 21:40:00,130,,
861,2024-02-29 21:40:00,130,,
862,2024-02-29 21:40:00,130,,
863,2024-02-29 21:40:00,130,,
864,2024-02-29 21:40:00,130,,
865,2024-02-29 21:40:00,130,,
866,2024-02-29 21:40:00,130,,
867,2024-02-29 21:40:00,130,,
868,2024-02-29 21:40:00,130,,
869,2024-02-29 21:40:00,130,,
870,2024-02-29 21:40:00,130,,
871,2024-02-29 21:40:00,130,,
872,2024-02-29 21:40:00,130,,
873,2024-02-29 21:40:00,130,,
874,2024-02-29 21:40:00,130,,
875,2024-02-29 21:40:00,130,,
876,2024-02-29 21:40:00,130,,
877,2024-02-29 21:40:00,130,,
878,2024-02-29 21:40:00,130,,
879,2024-02-29 21:40:00,130,,
880,2024-02-29 21:40:00,130,,
881,2024-02-29 21:40:00,130,,
882,2024-02-29 21:40:00,130,,
883,2024-02-29 21:40:00,130,,
884,2024-02-29 21:40:00,130,,
885,2024-02-29 21:40:00,130,,
886,2024-02-29 21:40:00,130,,
887,2024-02-29 21:40:00,130,,
888,2024-02-29 21:40:00,130,,
889,2024-02-29 21:40:00,130,,
890,2024-02-29 21:40:00,130,,
891,2024-02-29 21:40:00,130,,
892,2024-02-29 21:40:00,130,,
893,2024-02-29 21:40:00,130,,
894,2024-02-29 21:40:00,130,,
895,2024-02-29 21:40:00,130,,
896,2024-02-29 21:40:00,130,,
897,2024-02-29 21:40:00,130,,
898,2024-02-29 21:40:00,130,,
899,2024-02-29 21:40:00,130,,
900,2024-02-29 21:40:00,130,,
901,2024-02-29 21:40:00,130,,
902,2024-02-29 21:40:00,130,,
903,2024-02-29 21:40:00,130,,
904,2024-02-29 21:40:00,130,,
905,2024-02-29 21:40:00,130,,
906,2024-02-29 21:40:00,130,,
907,2024-02-29 21:40:00,130,,
908,2024-02-29 21:40:00,130,,
909,2024-02-29 21:40:00,130,,
910,2024-02-29 21:40:00,130,,
911,2024-02-29 21:40:00,130,,
912,2024-02-29 21:40:00,130,,
913,2024-02-29 21:40:00,130,,
914,2024-02-29 21:40:00,130,,
915,2024-02-29 21:40:00,130,,
916,2024-02-29 21:40:00,130,,
917,2024-02-29 21:40:00,130,,
918,2024-02-29 21:40:00,130,,
919,2024-02-29 21:40:00,130,,
920,2024-02-29 21:40:00,130,,
921,2024-02-29 21:40:00,130,,
922,2024-02-29 21:40:00,130,,
923,2024-02-29 21:40:00,130,,
924,2024-02-29 21:40:00,130,,
925,2024-02-29 21:40:00,130,,
926,2024-02-29 21:40:00,130,,
927,2024-02-29 21:40:00,130,,
928,2024-02-29 21:40:00,130,,
929,2024-02-29 21:40:00,130,,
930,2024-02-29 21:40:00,130,,
931,2024-02-29 21:40:00,130,,
932,2024-02-29 21:40:00,130,,
933,2024-02-29 21:40:00,130,,
934,2024-02-29 21:40:00,130,,
935,2024-02-29 21:40:00,130,,
936,2024-02-29 21:40:00,130,,
937,2024-02-29 21:40:00,130,,
938,2024-02-29 21:40:00,130,,
939,2024-02-29 21:40:00,130,,
940,2024-02-29 21:40:00,130,,
941,2024-02-29 21:40:00,130,,
942,2024-02-29 21:40:00,130,,
943,2024-02-29 21:40:00,130,,
944,2024-02-29 21:40:00,130,,
945,2024-02-29 21:40:00,130,,
946,2024-02-29 21:40:00,130,,
947,2024-02-29 21:40:00,130,,
948,2024-02-29 21:40:00,130,,
949,2024-02-29 21:40:00,130,,
950,2024-02-29 21:40:00,130,,
951,2024-02-29 21:40:00,130,,
952,2024-02-29 21:40:00,130,,
953,2024-02-29 21:40:00,130,,
954,2024-02-29 21:40:00,130,,
955,2024-02-29 21:40:00,130,,
956,2024-02-29 21:40:00,130,,
957,2024-02-29 21:40:00,130,,
958,2024-02-29 21:40:00,130,,
959,2024-02-29 21:40:00,130,,
960,2024-02-29 21:40:00,130,,
961,2024-02-29 21:40:00,130,,
962,2024-02-29 21:40:00,130,,
963,2024-02-29 21:40:00,130,,
964,2024-02-29 21:40:00,130,,
965,2024-02-29 21:40:00,130,,
966,2024-02-29 21:40:00,130,,
967,2024-02-29 21:40:00,130,,
968,2024-02-29 21:40:00,130,,
969,2024-02-29 21:40:00,130,,
970,2024-02-29 21:40:00,130,,
971,2024-02-29 21:40:00,130,,
972,2024-02-29 21:40:00,130,,
973,2024-02-29 21:40:00,130,,
974,2024-02-29 21:40:00,130,,
975,2024-02-29 21:40:00,130,,
976,2024-02-29 21:40:00,130,,
977,2024-02-29 21:40:00,130,,
978,2024-02-29 21:40:00,130,,
979,2024-02-29 21:40:00,130,,
980,2024-02-29 21:40:00,130,,
981,2024-02-29 21:40:00,130,,
982,2024-02-29 21:40:00,130,,
983,2024-02-29 21:40:00,130,,
984,2024-02-29 21:40:00,130,,
985,2024-02-29 21:40:00,130,,
986,2024-02-29 21:40:00,130,,
987,2024-02-29 21:40:00,130,,
988,2024-02-29 21:40:00,130,,
989,2024-02-29 21:40:00,130,,
990,2024-02-29 21:40:00,130,,
991,2024-02-29 21:40:00,130,,
992,2024-02-29 21:40:00,130,,
993,2024-02-29 21:40:00,130,,
994,2024-02-29 21:40:00,130,,
995,2024-02-29 21:40:00,130,,
996,2024-02-29 21:40:00,130,,
997,2024-02-29 21:40:00,130,,
998,2024-02-29 21:40:00,130,,
999,2024-02-29 21:40:00,130,,
1000,2024-02-29 21:40:00,130,,
1001,2024-02-29 21:40:00,130,,
1002,2024-02-29 21:40:00,130,,
1003,2024-02-29 21:40:00,130,,
1004,2024-02-29 21:40:00,130,,
1005,2024-02-29 21:40:00,130,,
1006,2024-02-29 21:40:00,130,,
792,2024-02-29 21:50:00,131,,
793,2024-02-29 21:50:00,131,,
794,2024-02-29 21:50:00,131,,
795,2024-02-29 21:50:00,131,,
796,2024-02-29 21:50:00,131,,
797,2024-02-29 21:50:00,131,,
798,2024-02-29 21:50:00,131,,
799,2024-02-29 21:50:00,131,,
800,2024-02-29 21:50:00,131,,
801,2024-02-29 21:50:00,131,,
802,2024-02-29 21:50:00,131,,
803,2024-02-29 21:50:00,131,,
804,2024-02-29 21:50:00,131,,
805,2024-02-29 21:50:00,131,,
806,2024-02-29 21:50:00,131,,
807,2024-02-29 21:50:00,131,,
808,2024-02-29 21:50:00,131,,
809,2024-02-29 21:50:00,131,,
810,2024-02-29 21:50:00,131,,
811,2024-02-29 21:50:00,131,,
812,2024-02-29 21:50:00,131,,
813,2024-02-29 21:50:00,131,,
814,2024-02-29 21:50:00,131,,
815,2024-02-29 21:50:00,131,,
816,2024-02-29 21:50:00,131,,
817,2024-02-29 21:50:00,131,,
818,2024-02-29 21:50:00,131,,
819,2024-02-29 21:50:00,131,,
820,2024-02-29 21:50:00,131,,
821,2024-02-29 21:50:00,131,,
822,2024-02-29 21:50:00,131,,
823,2024-02-29 21:50:00,131,,
824,2024-02-29 21:50:00,131,,
825,2024-02-29 21:50:00,131,,
826,2024-02-29 21:50:00,131,,
827,2024-02-29 21:50:00,131,,
828,2024-02-29 21:50:00,131,,
829,2024-02-29 21:50:00,131,,
830,2024-02-29 21:50:00,131,,
831,2024-02-29 21:50:00,131,,
832,2024-02-29 21:50:00,131,,
833,2024-02-29 21:50:00,131,,
834,2024-02-29 21:50:00,131,,
835,2024-02-29 21:50:00,131,,
836,2024-02-29 21:50:00,131,,
837,2024-02-29 21:50:00,131,,
838,2024-02-29 21:50:00,131,,
839,2024-02-29 21:50:00,131,,
840,2024-02-29 21:50:00,131,,
841,2024-02-29 21:50:00,131,,
842,2024-02-29 21:50:00,131,,
843,2024-02-29 21:50:00,131,,
844,2024-02-29 21:50:00,131,,
845,2024-02-29 21:50:00,131,,
846,2024-02-29 21:50:00,131,,
847,2024-02-29 21:50:00,131,,
848,2024-02-29 21:50:00,131,,
849,2024-02-29 21:50:00,131,,
850,2024-02-29 21:50:00,131,,
851,2024-02-29 21:50:00,131,,
852,2024-02-29 21:50:00,131,,
853,2024-02-29 21:50:00,131,,
854,2024-02-29 21:50:00,131,,
855,2024-02-29 21:50:00,131,,
856,2024-02-29 21:50:00,131,,
857,2024-02-29 21:50:00,131,,
858,2024-02-29 21:50:00,131,,
859,2024-02-29 21:50:00,131,,
860,2024-02-29 21:50:00,131,,
861,2024-02-29 21:50:00,131,,
862,2024-02-29 21:50:00,131,,
863,2024-02-29 21:50:00,131,,
864,2024-02-29 21:50:00,131,,
865,2024-02-29 21:50:00,131,,
866,2024-02-29 21:50:00,131,,
867,2024-02-29 21:50:00,131,,
868,2024-02-29 21:50:00,131,,
869,2024-02-29 21:50:00,131,,
870,2024-02-29 21:50:00,131,,
871,2024-02-29 21:50:00,131,,
872,2024-02-29 21:50:00,131,,
873,2024-02-29 21:50:00,131,,
874,2024-02-29 21:50:00,131,,
875,2024-02-29 21:50:00,131,,
876,2024-02-29 21:50:00,131,,
877,2024-02-29 21:50:00,131,,
878,2024-02-29 21:50:00,131,,
879,2024-02-29 21:50:00,131,,
880,2024-02-29 21:50:00,131,,
881,2024-02-29 21:50:00,131,,
882,2024-02-29 21:50:00,131,,
883,2024-02-29 21:50:00,131,,
884,2024-02-29 21:50:00,131,,
885,2024-02-29 21:50:00,131,,
886,2024-02-29 21:50:00,131,,
887,2024-02-29 21:50:00,131,,
888,2024-02-29 21:50:00,131,,
889,2024-02-29 21:50:00,131,,
890,2024-02-29 21:50:00,131,,
891,2024-02-29 21:50:00,131,,
892,2024-02-29 21:50:00,131,,
893,2024-02-29 21:50:00,131,,
894,2024-02-29 21:50:00,131,,
895,2024-02-29 21:50:00,131,,
896,2024-02-29 21:50:00,131,,
897,2024-02-29 21:50:00,131,,
898,2024-02-29 21:50:00,131,,
899,2024-02-29 21:50:00,131,,
900,2024-02-29 21:50:00,131,,
901,2024-02-29 21:50:00,131,,
902,2024-02-29 21:50:00,131,,
903,2024-02-29 21:50:00,131,,
904,2024-02-29 21:50:00,131,,
905,2024-02-29 21:50:00,131,,
906,2024-02-29 21:50:00,131,,
907,2024-02-29 21:50:00,131,,
908,2024-02-29 21:50:00,131,,
909,2024-02-29 21:50:00,131,,
910,2024-02-29 21:50:00,131,,
911,2024-02-29 21:50:00,131,,
912,2024-02-29 21:50:00,131,,
913,2024-02-29 21:50:00,131,,
914,2024-02-29 21:50:00,131,,
915,2024-02-29 21:50:00,131,,
916,2024-02-29 21:50:00,131,,
917,2024-02-29 21:50:00,131,,
918,2024-02-29 21:50:00,131,,
919,2024-02-29 21:50:00,131,,
920,2024-02-29 21:50:00,131,,
921,2024-02-29 21:50:00,131,,
922,2024-02-29 21:50:00,131,,
923,2024-02-29 21:50:00,131,,
924,2024-02-29 21:50:00,131,,
925,2024-02-29 21:50:00,131,,
926,2024-02-29 21:50:00,131,,
927,2024-02-29 21:50:00,131,,
928,2024-02-29 21:50:00,131,,
929,2024-02-29 21:50:00,131,,
930,2024-02-29 21:50:00,131,,
931,2024-02-29 21:50:00,131,,
932,2024-02-29 21:50:00,131,,
933,2024-02-29 21:50:00,131,,
934,2024-02-29 21:50:00,131,,
935,2024-02-29 21:50:00,131,,
936,2024-02-29 21:50:00,131,,
937,2024-02-29 21:50:00,131,,
938,2024-02-29 21:50:00,131,,
939,2024-02-29 21:50:00,131,,
940,2024-02-29 21:50:00,131,,
941,2024-02-29 21:50:00,131,,
942,2024-02-29 21:50:00,131,,
943,2024-02-29 21:50:00,131,,
944,2024-02-29 21:50:00,131,,
945,2024-02-29 21:50:00,131,,
946,2024-02-29 21:50:00,131,,
947,2024-02-29 21:50:00,131,,
948,2024-02-29 21:50:00,131,,
949,2024-02-29 21:50:00,131,,
950,2024-02-29 21:50:00,131,,
951,2024-02-29 21:50:00,131,,
952,2024-02-29 21:50:00,131,,
953,2024-02-29 21:50:00,131,,
954,2024-02-29 21:50:00,131,,
955,2024-02-29 21:50:00,131,,
956,2024-02-29 21:50:00,131,,
957,2024-02-29 21:50:00,131,,
958,2024-02-29 21:50:00,131,,
959,2024-02-29 21:50:00,131,,
960,2024-02-29 21:50:00,131,,
961,2024-02-29 21:50:00,131,,
962,2024-02-29 21:50:00,131,,
963,2024-02-29 21:50:00,131,,
964,2024-02-29 21:50:00,131,,
965,2024-02-29 21:50:00,131,,
966,2024-02-29 21:50:00,131,,
967,2024-02-29 21:50:00,131,,
968,2024-02-29 21:50:00,131,,
969,2024-02-29 21:50:00,131,,
970,2024-02-29 21:50:00,131,,
971,2024-02-29 21:50:00,131,,
972,2024-02-29 21:50:00,131,,
973,2024-02-29 21:50:00,131,,
974,2024-02-29 21:50:00,131,,
975,2024-02-29 21:50:00,131,,
976,2024-02-29 21:50:00,131,,
977,2024-02-29 21:50:00,131,,
978,2024-02-29 21:50:00,131,,
979,2024-02-29 21:50:00,131,,
980,2024-02-29 21:50:00,131,,
981,2024-02-29 21:50:00,131,,
982,2024-02-29 21:50:00,131,,
983,2024-02-29 21:50:00,131,,
984,2024-02-29 21:50:00,131,,
985,2024-02-29 21:50:00,131,,
986,2024-02-29 21:50:00,131,,
987,2024-02-29 21:50:00,131,,
988,2024-02-29 21:50:00,131,,
989,2024-02-29 21:50:00,131,,
990,2024-02-29 21:50:00,131,,
991,2024-02-29 21:50:00,131,,
992,2024-02-29 21:50:00,131,,
993,2024-02-29 21:50:00,131,,
994,2024-02-29 21:50:00,131,,
995,2024-02-29 21:50:00,131,,
996,2024-02-29 21:50:00,131,,
997,2024-02-29 21:50:00,131,,
998,2024-02-29 21:50:00,131,,
999,2024-02-29 21:50:00,131,,
1000,2024-02-29 21:50:00,131,,
1001,2024-02-29 21:50:00,131,,
1002,2024-02-29 21:50:00,131,,
1003,2024-02-29 21:50:00,131,,
1004,2024-02-29 21:50:00,131,,
1005,2024-02-29 21:50:00,131,,
1006,2024-02-29 21:50:00,131,,
792,2024-02-29 22:00:00,132,,
793,2024-02-29 22:00:00,132,,
794,2024-02-29 22:00:00,132,,
795,2024-02-29 22:00:00,132,,
796,2024-02-29 22:00:00,132,,
797,2024-02-29 22:00:00,132,,
798,2024-02-29 22:00:00,132,,
799,2024-02-29 22:00:00,132,,
800,2024-02-29 22:00:00,132,,
801,2024-02-29 22:00:00,132,,
802,2024-02-29 22:00:00,132,,
803,2024-02-29 22:00:00,132,,
804,2024-02-29 22:00:00,132,,
805,2024-02-29 22:00:00,132,,
806,2024-02-29 22:00:00,132,,
807,2024-02-29 22:00:00,132,,
808,2024-02-29 22:00:00,132,,
809,2024-02-29 22:00:00,132,,
810,2024-02-29 22:00:00,132,,
811,2024-02-29 22:00:00,132,,
812,2024-02-29 22:00:00,132,,
813,2024-02-29 22:00:00,132,,
814,2024-02-29 22:00:00,132,,
815,2024-02-29 22:00:00,132,,
816,2024-02-29 22:00:00,132,,
817,2024-02-29 22:00:00,132,,
818,2024-02-29 22:00:00,132,,
819,2024-02-29 22:00:00,132,,
820,2024-02-29 22:00:00,132,,
821,2024-02-29 22:00:00,132,,
822,2024-02-29 22:00:00,132,,
823,2024-02-29 22:00:00,132,,
824,2024-02-29 22:00:00,132,,
825,2024-02-29 22:00:00,132,,
826,2024-02-29 22:00:00,132,,
827,2024-02-29 22:00:00,132,,
828,2024-02-29 22:00:00,132,,
829,2024-02-29 22:00:00,132,,
830,2024-02-29 22:00:00,132,,
831,2024-02-29 22:00:00,132,,
832,2024-02-29 22:00:00,132,,
833,2024-02-29 22:00:00,132,,
834,2024-02-29 22:00:00,132,,
835,2024-02-29 22:00:00,132,,
836,2024-02-29 22:00:00,132,,
837,2024-02-29 22:00:00,132,,
838,2024-02-29 22:00:00,132,,
839,2024-02-29 22:00:00,132,,
840,2024-02-29 22:00:00,132,,
841,2024-02-29 22:00:00,132,,
842,2024-02-29 22:00:00,132,,
843,2024-02-29 22:00:00,132,,
844,2024-02-29 22:00:00,132,,
845,2024-02-29 22:00:00,132,,
846,2024-02-29 22:00:00,132,,
847,2024-02-29 22:00:00,132,,
848,2024-02-29 22:00:00,132,,
849,2024-02-29 22:00:00,132,,
850,2024-02-29 22:00:00,132,,
851,2024-02-29 22:00:00,132,,
852,2024-02-29 22:00:00,132,,
853,2024-02-29 22:00:00,132,,
854,2024-02-29 22:00:00,132,,
855,2024-02-29 22:00:00,132,,
856,2024-02-29 22:00:00,132,,
857,2024-02-29 22:00:00,132,,
858,2024-02-29 22:00:00,132,,
859,2024-02-29 22:00:00,132,,
860,2024-02-29 22:00:00,132,,
861,2024-02-29 22:00:00,132,,
862,2024-02-29 22:00:00,132,,
863,2024-02-29 22:00:00,132,,
864,2024-02-29 22:00:00,132,,
865,2024-02-29 22:00:00,132,,
866,2024-02-29 22:00:00,132,,
867,2024-02-29 22:00:00,132,,
868,2024-02-29 22:00:00,132,,
869,2024-02-29 22:00:00,132,,
870,2024-02-29 22:00:00,132,,
871,2024-02-29 22:00:00,132,,
872,2024-02-29 22:00:00,132,,
873,2024-02-29 22:00:00,132,,
874,2024-02-29 22:00:00,132,,
875,2024-02-29 22:00:00,132,,
876,2024-02-29 22:00:00,132,,
877,2024-02-29 22:00:00,132,,
878,2024-02-29 22:00:00,132,,
879,2024-02-29 22:00:00,132,,
880,2024-02-29 22:00:00,132,,
881,2024-02-29 22:00:00,132,,
882,2024-02-29 22:00:00,132,,
883,2024-02-29 22:00:00,132,,
884,2024-02-29 22:00:00,132,,
885,2024-02-29 22:00:00,132,,
886,2024-02-29 22:00:00,132,,
887,2024-02-29 22:00:00,132,,
888,2024-02-29 22:00:00,132,,
889,2024-02-29 22:00:00,132,,
890,2024-02-29 22:00:00,132,,
891,2024-02-29 22:00:00,132,,
892,2024-02-29 22:00:00,132,,
893,2024-02-29 22:00:00,132,,
894,2024-02-29 22:00:00,132,,
895,2024-02-29 22:00:00,132,,
896,2024-02-29 22:00:00,132,,
897,2024-02-29 22:00:00,132,,
898,2024-02-29 22:00:00,132,,
899,2024-02-29 22:00:00,132,,
900,2024-02-29 22:00:00,132,,
901,2024-02-29 22:00:00,132,,
902,2024-02-29 22:00:00,132,,
903,2024-02-29 22:00:00,132,,
904,2024-02-29 22:00:00,132,,
905,2024-02-29 22:00:00,132,,
906,2024-02-29 22:00:00,132,,
907,2024-02-29 22:00:00,132,,
908,2024-02-29 22:00:00,132,,
909,2024-02-29 22:00:00,132,,
910,2024-02-29 22:00:00,132,,
911,2024-02-29 22:00:00,132,,
912,2024-02-29 22:00:00,132,,
913,2024-02-29 22:00:00,132,,
914,2024-02-29 22:00:00,132,,
915,2024-02-29 22:00:00,132,,
916,2024-02-29 22:00:00,132,,
917,2024-02-29 22:00:00,132,,
918,2024-02-29 22:00:00,132,,
919,2024-02-29 22:00:00,132,,
920,2024-02-29 22:00:00,132,,
921,2024-02-29 22:00:00,132,,
922,2024-02-29 22:00:00,132,,
923,2024-02-29 22:00:00,132,,
924,2024-02-29 22:00:00,132,,
925,2024-02-29 22:00:00,132,,
926,2024-02-29 22:00:00,132,,
927,2024-02-29 22:00:00,132,,
928,2024-02-29 22:00:00,132,,
929,2024-02-29 22:00:00,132,,
930,2024-02-29 22:00:00,132,,
931,2024-02-29 22:00:00,132,,
932,2024-02-29 22:00:00,132,,
933,2024-02-29 22:00:00,132,,
934,2024-02-29 22:00:00,132,,
935,2024-02-29 22:00:00,132,,
936,2024-02-29 22:00:00,132,,
937,2024-02-29 22:00:00,132,,
938,2024-02-29 22:00:00,132,,
939,2024-02-29 22:00:00,132,,
940,2024-02-29 22:00:00,132,,
941,2024-02-29 22:00:00,132,,
942,2024-02-29 22:00:00,132,,
943,2024-02-29 22:00:00,132,,
944,2024-02-29 22:00:00,132,,
945,2024-02-29 22:00:00,132,,
946,2024-02-29 22:00:00,132,,
947,2024-02-29 22:00:00,132,,
948,2024-02-29 22:00:00,132,,
949,2024-02-29 22:00:00,132,,
950,2024-02-29 22:00:00,132,,
951,2024-02-29 22:00:00,132,,
952,2024-02-29 22:00:00,132,,
953,2024-02-29 22:00:00,132,,
954,2024-02-29 22:00:00,132,,
955,2024-02-29 22:00:00,132,,
956,2024-02-29 22:00:00,132,,
957,2024-02-29 22:00:00,132,,
958,2024-02-29 22:00:00,132,,
959,2024-02-29 22:00:00,132,,
960,2024-02-29 22:00:00,132,,
961,2024-02-29 22:00:00,132,,
962,2024-02-29 22:00:00,132,,
963,2024-02-29 22:00:00,132,,
964,2024-02-29 22:00:00,132,,
965,2024-02-29 22:00:00,132,,
966,2024-02-29 22:00:00,132,,
967,2024-02-29 22:00:00,132,,
968,2024-02-29 22:00:00,132,,
969,2024-02-29 22:00:00,132,,
970,2024-02-29 22:00:00,132,,
971,2024-02-29 22:00:00,132,,
972,2024-02-29 22:00:00,132,,
973,2024-02-29 22:00:00,132,,
974,2024-02-29 22:00:00,132,,
975,2024-02-29 22:00:00,132,,
976,2024-02-29 22:00:00,132,,
977,2024-02-29 22:00:00,132,,
978,2024-02-29 22:00:00,132,,
979,2024-02-29 22:00:00,132,,
980,2024-02-29 22:00:00,132,,
981,2024-02-29 22:00:00,132,,
982,2024-02-29 22:00:00,132,,
983,2024-02-29 22:00:00,132,,
984,2024-02-29 22:00:00,132,,
985,2024-02-29 22:00:00,132,,
986,2024-02-29 22:00:00,132,,
987,2024-02-29 22:00:00,132,,
988,2024-02-29 22:00:00,132,,
989,2024-02-29 22:00:00,132,,
990,2024-02-29 22:00:00,132,,
991,2024-02-29 22:00:00,132,,
992,2024-02-29 22:00:00,132,,
993,2024-02-29 22:00:00,132,,
994,2024-02-29 22:00:00,132,,
995,2024-02-29 22:00:00,132,,
996,2024-02-29 22:00:00,132,,
997,2024-02-29 22:00:00,132,,
998,2024-02-29 22:00:00,132,,
999,2024-02-29 22:00:00,132,,
1000,2024-02-29 22:00:00,132,,
1001,2024-02-29 22:00:00,132,,
1002,2024-02-29 22:00:00,132,,
1003,2024-02-29 22:00:00,132,,
1004,2024-02-29 22:00:00,132,,
1005,2024-02-29 22:00:00,132,,
1006,2024-02-29 22:00:00,132,,
792,2024-02-29 22:10:00,133,,
793,2024-02-29 22:10:00,133,,
794,2024-02-29 22:10:00,133,,
795,2024-02-29 22:10:00,133,,
796,2024-02-29 22:10:00,133,,
797,2024-02-29 22:10:00,133,,
798,2024-02-29 22:10:00,133,,
799,2024-02-29 22:10:00,133,,
800,2024-02-29 22:10:00,133,,
801,2024-02-29 22:10:00,133,,
802,2024-02-29 22:10:00,133,,
803,2024-02-29 22:10:00,133,,
804,2024-02-29 22:10:00,133,,
805,2024-02-29 22:10:00,133,,
806,2024-02-29 22:10:00,133,,
807,2024-02-29 22:10:00,133,,
808,2024-02-29 22:10:00,133,,
809,2024-02-29 22:10:00,133,,
810,2024-02-29 22:10:00,133,,
811,2024-02-29 22:10:00,133,,
812,2024-02-29 22:10:00,133,,
813,2024-02-29 22:10:00,133,,
814,2024-02-29 22:10:00,133,,
815,2024-02-29 22:10:00,133,,
816,2024-02-29 22:10:00,133,,
817,2024-02-29 22:10:00,133,,
818,2024-02-29 22:10:00,133,,
819,2024-02-29 22:10:00,133,,
820,2024-02-29 22:10:00,133,,
821,2024-02-29 22:10:00,133,,
822,2024-02-29 22:10:00,133,,
823,2024-02-29 22:10:00,133,,
824,2024-02-29 22:10:00,133,,
825,2024-02-29 22:10:00,133,,
826,2024-02-29 22:10:00,133,,
827,2024-02-29 22:10:00,133,,
828,2024-02-29 22:10:00,133,,
829,2024-02-29 22:10:00,133,,
830,2024-02-29 22:10:00,133,,
831,2024-02-29 22:10:00,133,,
832,2024-02-29 22:10:00,133,,
833,2024-02-29 22:10:00,133,,
834,2024-02-29 22:10:00,133,,
835,2024-02-29 22:10:00,133,,
836,2024-02-29 22:10:00,133,,
837,2024-02-29 22:10:00,133,,
838,2024-02-29 22:10:00,133,,
839,2024-02-29 22:10:00,133,,
840,2024-02-29 22:10:00,133,,
841,2024-02-29 22:10:00,133,,
842,2024-02-29 22:10:00,133,,
843,2024-02-29 22:10:00,133,,
844,2024-02-29 22:10:00,133,,
845,2024-02-29 22:10:00,133,,
846,2024-02-29 22:10:00,133,,
847,2024-02-29 22:10:00,133,,
848,2024-02-29 22:10:00,133,,
849,2024-02-29 22:10:00,133,,
850,2024-02-29 22:10:00,133,,
851,2024-02-29 22:10:00,133,,
852,2024-02-29 22:10:00,133,,
853,2024-02-29 22:10:00,133,,
854,2024-02-29 22:10:00,133,,
855,2024-02-29 22:10:00,133,,
856,2024-02-29 22:10:00,133,,
857,2024-02-29 22:10:00,133,,
858,2024-02-29 22:10:00,133,,
859,2024-02-29 22:10:00,133,,
860,2024-02-29 22:10:00,133,,
861,2024-02-29 22:10:00,133,,
862,2024-02-29 22:10:00,133,,
863,2024-02-29 22:10:00,133,,
864,2024-02-29 22:10:00,133,,
865,2024-02-29 22:10:00,133,,
866,2024-02-29 22:10:00,133,,
867,2024-02-29 22:10:00,133,,
868,2024-02-29 22:10:00,133,,
869,2024-02-29 22:10:00,133,,
870,2024-02-29 22:10:00,133,,
871,2024-02-29 22:10:00,133,,
872,2024-02-29 22:10:00,133,,
873,2024-02-29 22:10:00,133,,
874,2024-02-29 22:10:00,133,,
875,2024-02-29 22:10:00,133,,
876,2024-02-29 22:10:00,133,,
877,2024-02-29 22:10:00,133,,
878,2024-02-29 22:10:00,133,,
879,2024-02-29 22:10:00,133,,
880,2024-02-29 22:10:00,133,,
881,2024-02-29 22:10:00,133,,
882,2024-02-29 22:10:00,133,,
883,2024-02-29 22:10:00,133,,
884,2024-02-29 22:10:00,133,,
885,2024-02-29 22:10:00,133,,
886,2024-02-29 22:10:00,133,,
887,2024-02-29 22:10:00,133,,
888,2024-02-29 22:10:00,133,,
889,2024-02-29 22:10:00,133,,
890,2024-02-29 22:10:00,133,,
891,2024-02-29 22:10:00,133,,
892,2024-02-29 22:10:00,133,,
893,2024-02-29 22:10:00,133,,
894,2024-02-29 22:10:00,133,,
895,2024-02-29 22:10:00,133,,
896,2024-02-29 22:10:00,133,,
897,2024-02-29 22:10:00,133,,
898,2024-02-29 22:10:00,133,,
899,2024-02-29 22:10:00,133,,
900,2024-02-29 22:10:00,133,,
901,2024-02-29 22:10:00,133,,
902,2024-02-29 22:10:00,133,,
903,2024-02-29 22:10:00,133,,
904,2024-02-29 22:10:00,133,,
905,2024-02-29 22:10:00,133,,
906,2024-02-29 22:10:00,133,,
907,2024-02-29 22:10:00,133,,
908,2024-02-29 22:10:00,133,,
909,2024-02-29 22:10:00,133,,
910,2024-02-29 22:10:00,133,,
911,2024-02-29 22:10:00,133,,
912,2024-02-29 22:10:00,133,,
913,2024-02-29 22:10:00,133,,
914,2024-02-29 22:10:00,133,,
915,2024-02-29 22:10:00,133,,
916,2024-02-29 22:10:00,133,,
917,2024-02-29 22:10:00,133,,
918,2024-02-29 22:10:00,133,,
919,2024-02-29 22:10:00,133,,
920,2024-02-29 22:10:00,133,,
921,2024-02-29 22:10:00,133,,
922,2024-02-29 22:10:00,133,,
923,2024-02-29 22:10:00,133,,
924,2024-02-29 22:10:00,133,,
925,2024-02-29 22:10:00,133,,
926,2024-02-29 22:10:00,133,,
927,2024-02-29 22:10:00,133,,
928,2024-02-29 22:10:00,133,,
929,2024-02-29 22:10:00,133,,
930,2024-02-29 22:10:00,133,,
931,2024-02-29 22:10:00,133,,
932,2024-02-29 22:10:00,133,,
933,2024-02-29 22:10:00,133,,
934,2024-02-29 22:10:00,133,,
935,2024-02-29 22:10:00,133,,
936,2024-02-29 22:10:00,133,,
937,2024-02-29 22:10:00,133,,
938,2024-02-29 22:10:00,133,,
939,2024-02-29 22:10:00,133,,
940,2024-02-29 22:10:00,133,,
941,2024-02-29 22:10:00,133,,
942,2024-02-29 22:10:00,133,,
943,2024-02-29 22:10:00,133,,
944,2024-02-29 22:10:00,133,,
945,2024-02-29 22:10:00,133,,
946,2024-02-29 22:10:00,133,,
947,2024-02-29 22:10:00,133,,
948,2024-02-29 22:10:00,133,,
949,2024-02-29 22:10:00,133,,
950,2024-02-29 22:10:00,133,,
951,2024-02-29 22:10:00,133,,
952,2024-02-29 22:10:00,133,,
953,2024-02-29 22:10:00,133,,
954,2024-02-29 22:10:00,133,,
955,2024-02-29 22:10:00,133,,
956,2024-02-29 22:10:00,133,,
957,2024-02-29 22:10:00,133,,
958,2024-02-29 22:10:00,133,,
959,2024-02-29 22:10:00,133,,
960,2024-02-29 22:10:00,133,,
961,2024-02-29 22:10:00,133,,
962,2024-02-29 22:10:00,133,,
963,2024-02-29 22:10:00,133,,
964,2024-02-29 22:10:00,133,,
965,2024-02-29 22:10:00,133,,
966,2024-02-29 22:10:00,133,,
967,2024-02-29 22:10:00,133,,
968,2024-02-29 22:10:00,133,,
969,2024-02-29 22:10:00,133,,
970,2024-02-29 22:10:00,133,,
971,2024-02-29 22:10:00,133,,
972,2024-02-29 22:10:00,133,,
973,2024-02-29 22:10:00,133,,
974,2024-02-29 22:10:00,133,,
975,2024-02-29 22:10:00,133,,
976,2024-02-29 22:10:00,133,,
977,2024-02-29 22:10:00,133,,
978,2024-02-29 22:10:00,133,,
979,2024-02-29 22:10:00,133,,
980,2024-02-29 22:10:00,133,,
981,2024-02-29 22:10:00,133,,
982,2024-02-29 22:10:00,133,,
983,2024-02-29 22:10:00,133,,
984,2024-02-29 22:10:00,133,,
985,2024-02-29 22:10:00,133,,
986,2024-02-29 22:10:00,133,,
987,2024-02-29 22:10:00,133,,
988,2024-02-29 22:10:00,133,,
989,2024-02-29 22:10:00,133,,
990,2024-02-29 22:10:00,133,,
991,2024-02-29 22:10:00,133,,
992,2024-02-29 22:10:00,133,,
993,2024-02-29 22:10:00,133,,
994,2024-02-29 22:10:00,133,,
995,2024-02-29 22:10:00,133,,
996,2024-02-29 22:10:00,133,,
997,2024-02-29 22:10:00,133,,
998,2024-02-29 22:10:00,133,,
999,2024-02-29 22:10:00,133,,
1000,2024-02-29 22:10:00,133,,
1001,2024-02-29 22:10:00,133,,
1002,2024-02-29 22:10:00,133,,
1003,2024-02-29 22:10:00,133,,
1004,2024-02-29 22:10:00,133,,
1005,2024-02-29 22:10:00,133,,
1006,2024-02-29 22:10:00,133,,
792,2024-02-29 22:20:00,134,,
793,2024-02-29 22:20:00,134,,
794,2024-02-29 22:20:00,134,,
795,2024-02-29 22:20:00,134,,
796,2024-02-29 22:20:00,134,,
797,2024-02-29 22:20:00,134,,
798,2024-02-29 22:20:00,134,,
799,2024-02-29 22:20:00,134,,
800,2024-02-29 22:20:00,134,,
801,2024-02-29 22:20:00,134,,
802,2024-02-29 22:20:00,134,,
803,2024-02-29 22:20:00,134,,
804,2024-02-29 22:20:00,134,,
805,2024-02-29 22:20:00,134,,
806,2024-02-29 22:20:00,134,,
807,2024-02-29 22:20:00,134,,
808,2024-02-29 22:20:00,134,,
809,2024-02-29 22:20:00,134,,
810,2024-02-29 22:20:00,134,,
811,2024-02-29 22:20:00,134,,
812,2024-02-29 22:20:00,134,,
813,2024-02-29 22:20:00,134,,
814,2024-02-29 22:20:00,134,,
815,2024-02-29 22:20:00,134,,
816,2024-02-29 22:20:00,134,,
817,2024-02-29 22:20:00,134,,
818,2024-02-29 22:20:00,134,,
819,2024-02-29 22:20:00,134,,
820,2024-02-29 22:20:00,134,,
821,2024-02-29 22:20:00,134,,
822,2024-02-29 22:20:00,134,,
823,2024-02-29 22:20:00,134,,
824,2024-02-29 22:20:00,134,,
825,2024-02-29 22:20:00,134,,
826,2024-02-29 22:20:00,134,,
827,2024-02-29 22:20:00,134,,
828,2024-02-29 22:20:00,134,,
829,2024-02-29 22:20:00,134,,
830,2024-02-29 22:20:00,134,,
831,2024-02-29 22:20:00,134,,
832,2024-02-29 22:20:00,134,,
833,2024-02-29 22:20:00,134,,
834,2024-02-29 22:20:00,134,,
835,2024-02-29 22:20:00,134,,
836,2024-02-29 22:20:00,134,,
837,2024-02-29 22:20:00,134,,
838,2024-02-29 22:20:00,134,,
839,2024-02-29 22:20:00,134,,
840,2024-02-29 22:20:00,134,,
841,2024-02-29 22:20:00,134,,
842,2024-02-29 22:20:00,134,,
843,2024-02-29 22:20:00,134,,
844,2024-02-29 22:20:00,134,,
845,2024-02-29 22:20:00,134,,
846,2024-02-29 22:20:00,134,,
847,2024-02-29 22:20:00,134,,
848,2024-02-29 22:20:00,134,,
849,2024-02-29 22:20:00,134,,
850,2024-02-29 22:20:00,134,,
851,2024-02-29 22:20:00,134,,
852,2024-02-29 22:20:00,134,,
853,2024-02-29 22:20:00,134,,
854,2024-02-29 22:20:00,134,,
855,2024-02-29 22:20:00,134,,
856,2024-02-29 22:20:00,134,,
857,2024-02-29 22:20:00,134,,
858,2024-02-29 22:20:00,134,,
859,2024-02-29 22:20:00,134,,
860,2024-02-29 22:20:00,134,,
861,2024-02-29 22:20:00,134,,
862,2024-02-29 22:20:00,134,,
863,2024-02-29 22:20:00,134,,
864,2024-02-29 22:20:00,134,,
865,2024-02-29 22:20:00,134,,
866,2024-02-29 22:20:00,134,,
867,2024-02-29 22:20:00,134,,
868,2024-02-29 22:20:00,134,,
869,2024-02-29 22:20:00,134,,
870,2024-02-29 22:20:00,134,,
871,2024-02-29 22:20:00,134,,
872,2024-02-29 22:20:00,134,,
873,2024-02-29 22:20:00,134,,
874,2024-02-29 22:20:00,134,,
875,2024-02-29 22:20:00,134,,
876,2024-02-29 22:20:00,134,,
877,2024-02-29 22:20:00,134,,
878,2024-02-29 22:20:00,134,,
879,2024-02-29 22:20:00,134,,
880,2024-02-29 22:20:00,134,,
881,2024-02-29 22:20:00,134,,
882,2024-02-29 22:20:00,134,,
883,2024-02-29 22:20:00,134,,
884,2024-02-29 22:20:00,134,,
885,2024-02-29 22:20:00,134,,
886,2024-02-29 22:20:00,134,,
887,2024-02-29 22:20:00,134,,
888,2024-02-29 22:20:00,134,,
889,2024-02-29 22:20:00,134,,
890,2024-02-29 22:20:00,134,,
891,2024-02-29 22:20:00,134,,
892,2024-02-29 22:20:00,134,,
893,2024-02-29 22:20:00,134,,
894,2024-02-29 22:20:00,134,,
895,2024-02-29 22:20:00,134,,
896,2024-02-29 22:20:00,134,,
897,2024-02-29 22:20:00,134,,
898,2024-02-29 22:20:00,134,,
899,2024-02-29 22:20:00,134,,
900,2024-02-29 22:20:00,134,,
901,2024-02-29 22:20:00,134,,
902,2024-02-29 22:20:00,134,,
903,2024-02-29 22:20:00,134,,
904,2024-02-29 22:20:00,134,,
905,2024-02-29 22:20:00,134,,
906,2024-02-29 22:20:00,134,,
907,2024-02-29 22:20:00,134,,
908,2024-02-29 22:20:00,134,,
909,2024-02-29 22:20:00,134,,
910,2024-02-29 22:20:00,134,,
911,2024-02-29 22:20:00,134,,
912,2024-02-29 22:20:00,134,,
913,2024-02-29 22:20:00,134,,
914,2024-02-29 22:20:00,134,,
915,2024-02-29 22:20:00,134,,
916,2024-02-29 22:20:00,134,,
917,2024-02-29 22:20:00,134,,
918,2024-02-29 22:20:00,134,,
919,2024-02-29 22:20:00,134,,
920,2024-02-29 22:20:00,134,,
921,2024-02-29 22:20:00,134,,
922,2024-02-29 22:20:00,134,,
923,2024-02-29 22:20:00,134,,
924,2024-02-29 22:20:00,134,,
925,2024-02-29 22:20:00,134,,
926,2024-02-29 22:20:00,134,,
927,2024-02-29 22:20:00,134,,
928,2024-02-29 22:20:00,134,,
929,2024-02-29 22:20:00,134,,
930,2024-02-29 22:20:00,134,,
931,2024-02-29 22:20:00,134,,
932,2024-02-29 22:20:00,134,,
933,2024-02-29 22:20:00,134,,
934,2024-02-29 22:20:00,134,,
935,2024-02-29 22:20:00,134,,
936,2024-02-29 22:20:00,134,,
937,2024-02-29 22:20:00,134,,
938,2024-02-29 22:20:00,134,,
939,2024-02-29 22:20:00,134,,
940,2024-02-29 22:20:00,134,,
941,2024-02-29 22:20:00,134,,
942,2024-02-29 22:20:00,134,,
943,2024-02-29 22:20:00,134,,
944,2024-02-29 22:20:00,134,,
945,2024-02-29 22:20:00,134,,
946,2024-02-29 22:20:00,134,,
947,2024-02-29 22:20:00,134,,
948,2024-02-29 22:20:00,134,,
949,2024-02-29 22:20:00,134,,
950,2024-02-29 22:20:00,134,,
951,2024-02-29 22:20:00,134,,
952,2024-02-29 22:20:00,134,,
953,2024-02-29 22:20:00,134,,
954,2024-02-29 22:20:00,134,,
955,2024-02-29 22:20:00,134,,
956,2024-02-29 22:20:00,134,,
957,2024-02-29 22:20:00,134,,
958,2024-02-29 22:20:00,134,,
959,2024-02-29 22:20:00,134,,
960,2024-02-29 22:20:00,134,,
961,2024-02-29 22:20:00,134,,
962,2024-02-29 22:20:00,134,,
963,2024-02-29 22:20:00,134,,
964,2024-02-29 22:20:00,134,,
965,2024-02-29 22:20:00,134,,
966,2024-02-29 22:20:00,134,,
967,2024-02-29 22:20:00,134,,
968,2024-02-29 22:20:00,134,,
969,2024-02-29 22:20:00,134,,
970,2024-02-29 22:20:00,134,,
971,2024-02-29 22:20:00,134,,
972,2024-02-29 22:20:00,134,,
973,2024-02-29 22:20:00,134,,
974,2024-02-29 22:20:00,134,,
975,2024-02-29 22:20:00,134,,
976,2024-02-29 22:20:00,134,,
977,2024-02-29 22:20:00,134,,
978,2024-02-29 22:20:00,134,,
979,2024-02-29 22:20:00,134,,
980,2024-02-29 22:20:00,134,,
981,2024-02-29 22:20:00,134,,
982,2024-02-29 22:20:00,134,,
983,2024-02-29 22:20:00,134,,
984,2024-02-29 22:20:00,134,,
985,2024-02-29 22:20:00,134,,
986,2024-02-29 22:20:00,134,,
987,2024-02-29 22:20:00,134,,
988,2024-02-29 22:20:00,134,,
989,2024-02-29 22:20:00,134,,
990,2024-02-29 22:20:00,134,,
991,2024-02-29 22:20:00,134,,
992,2024-02-29 22:20:00,134,,
993,2024-02-29 22:20:00,134,,
994,2024-02-29 22:20:00,134,,
995,2024-02-29 22:20:00,134,,
996,2024-02-29 22:20:00,134,,
997,2024-02-29 22:20:00,134,,
998,2024-02-29 22:20:00,134,,
999,2024-02-29 22:20:00,134,,
1000,2024-02-29 22:20:00,134,,
1001,2024-02-29 22:20:00,134,,
1002,2024-02-29 22:20:00,134,,
1003,2024-02-29 22:20:00,134,,
1004,2024-02-29 22:20:00,134,,
1005,2024-02-29 22:20:00,134,,
1006,2024-02-29 22:20:00,134,,
792,2024-02-29 22:30:00,135,,
793,2024-02-29 22:30:00,135,,
794,2024-02-29 22:30:00,135,,
795,2024-02-29 22:30:00,135,,
796,2024-02-29 22:30:00,135,,
797,2024-02-29 22:30:00,135,,
798,2024-02-29 22:30:00,135,,
799,2024-02-29 22:30:00,135,,
800,2024-02-29 22:30:00,135,,
801,2024-02-29 22:30:00,135,,
802,2024-02-29 22:30:00,135,,
803,2024-02-29 22:30:00,135,,
804,2024-02-29 22:30:00,135,,
805,2024-02-29 22:30:00,135,,
806,2024-02-29 22:30:00,135,,
807,2024-02-29 22:30:00,135,,
808,2024-02-29 22:30:00,135,,
809,2024-02-29 22:30:00,135,,
810,2024-02-29 22:30:00,135,,
811,2024-02-29 22:30:00,135,,
812,2024-02-29 22:30:00,135,,
813,2024-02-29 22:30:00,135,,
814,2024-02-29 22:30:00,135,,
815,2024-02-29 22:30:00,135,,
816,2024-02-29 22:30:00,135,,
817,2024-02-29 22:30:00,135,,
818,2024-02-29 22:30:00,135,,
819,2024-02-29 22:30:00,135,,
820,2024-02-29 22:30:00,135,,
821,2024-02-29 22:30:00,135,,
822,2024-02-29 22:30:00,135,,
823,2024-02-29 22:30:00,135,,
824,2024-02-29 22:30:00,135,,
825,2024-02-29 22:30:00,135,,
826,2024-02-29 22:30:00,135,,
827,2024-02-29 22:30:00,135,,
828,2024-02-29 22:30:00,135,,
829,2024-02-29 22:30:00,135,,
830,2024-02-29 22:30:00,135,,
831,2024-02-29 22:30:00,135,,
832,2024-02-29 22:30:00,135,,
833,2024-02-29 22:30:00,135,,
834,2024-02-29 22:30:00,135,,
835,2024-02-29 22:30:00,135,,
836,2024-02-29 22:30:00,135,,
837,2024-02-29 22:30:00,135,,
838,2024-02-29 22:30:00,135,,
839,2024-02-29 22:30:00,135,,
840,2024-02-29 22:30:00,135,,
841,2024-02-29 22:30:00,135,,
842,2024-02-29 22:30:00,135,,
843,2024-02-29 22:30:00,135,,
844,2024-02-29 22:30:00,135,,
845,2024-02-29 22:30:00,135,,
846,2024-02-29 22:30:00,135,,
847,2024-02-29 22:30:00,135,,
848,2024-02-29 22:30:00,135,,
849,2024-02-29 22:30:00,135,,
850,2024-02-29 22:30:00,135,,
851,2024-02-29 22:30:00,135,,
852,2024-02-29 22:30:00,135,,
853,2024-02-29 22:30:00,135,,
854,2024-02-29 22:30:00,135,,
855,2024-02-29 22:30:00,135,,
856,2024-02-29 22:30:00,135,,
857,2024-02-29 22:30:00,135,,
858,2024-02-29 22:30:00,135,,
859,2024-02-29 22:30:00,135,,
860,2024-02-29 22:30:00,135,,
861,2024-02-29 22:30:00,135,,
862,2024-02-29 22:30:00,135,,
863,2024-02-29 22:30:00,135,,
864,2024-02-29 22:30:00,135,,
865,2024-02-29 22:30:00,135,,
866,2024-02-29 22:30:00,135,,
867,2024-02-29 22:30:00,135,,
868,2024-02-29 22:30:00,135,,
869,2024-02-29 22:30:00,135,,
870,2024-02-29 22:30:00,135,,
871,2024-02-29 22:30:00,135,,
872,2024-02-29 22:30:00,135,,
873,2024-02-29 22:30:00,135,,
874,2024-02-29 22:30:00,135,,
875,2024-02-29 22:30:00,135,,
876,2024-02-29 22:30:00,135,,
877,2024-02-29 22:30:00,135,,
878,2024-02-29 22:30:00,135,,
879,2024-02-29 22:30:00,135,,
880,2024-02-29 22:30:00,135,,
881,2024-02-29 22:30:00,135,,
882,2024-02-29 22:30:00,135,,
883,2024-02-29 22:30:00,135,,
884,2024-02-29 22:30:00,135,,
885,2024-02-29 22:30:00,135,,
886,2024-02-29 22:30:00,135,,
887,2024-02-29 22:30:00,135,,
888,2024-02-29 22:30:00,135,,
889,2024-02-29 22:30:00,135,,
890,2024-02-29 22:30:00,135,,
891,2024-02-29 22:30:00,135,,
892,2024-02-29 22:30:00,135,,
893,2024-02-29 22:30:00,135,,
894,2024-02-29 22:30:00,135,,
895,2024-02-29 22:30:00,135,,
896,2024-02-29 22:30:00,135,,
897,2024-02-29 22:30:00,135,,
898,2024-02-29 22:30:00,135,,
899,2024-02-29 22:30:00,135,,
900,2024-02-29 22:30:00,135,,
901,2024-02-29 22:30:00,135,,
902,2024-02-29 22:30:00,135,,
903,2024-02-29 22:30:00,135,,
904,2024-02-29 22:30:00,135,,
905,2024-02-29 22:30:00,135,,
906,2024-02-29 22:30:00,135,,
907,2024-02-29 22:30:00,135,,
908,2024-02-29 22:30:00,135,,
909,2024-02-29 22:30:00,135,,
910,2024-02-29 22:30:00,135,,
911,2024-02-29 22:30:00,135,,
912,2024-02-29 22:30:00,135,,
913,2024-02-29 22:30:00,135,,
914,2024-02-29 22:30:00,135,,
915,2024-02-29 22:30:00,135,,
916,2024-02-29 22:30:00,135,,
917,2024-02-29 22:30:00,135,,
918,2024-02-29 22:30:00,135,,
919,2024-02-29 22:30:00,135,,
920,2024-02-29 22:30:00,135,,
921,2024-02-29 22:30:00,135,,
922,2024-02-29 22:30:00,135,,
923,2024-02-29 22:30:00,135,,
924,2024-02-29 22:30:00,135,,
925,2024-02-29 22:30:00,135,,
926,2024-02-29 22:30:00,135,,
927,2024-02-29 22:30:00,135,,
928,2024-02-29 22:30:00,135,,
929,2024-02-29 22:30:00,135,,
930,2024-02-29 22:30:00,135,,
931,2024-02-29 22:30:00,135,,
932,2024-02-29 22:30:00,135,,
933,2024-02-29 22:30:00,135,,
934,2024-02-29 22:30:00,135,,
935,2024-02-29 22:30:00,135,,
936,2024-02-29 22:30:00,135,,
937,2024-02-29 22:30:00,135,,
938,2024-02-29 22:30:00,135,,
939,2024-02-29 22:30:00,135,,
940,2024-02-29 22:30:00,135,,
941,2024-02-29 22:30:00,135,,
942,2024-02-29 22:30:00,135,,
943,2024-02-29 22:30:00,135,,
944,2024-02-29 22:30:00,135,,
945,2024-02-29 22:30:00,135,,
946,2024-02-29 22:30:00,135,,
947,2024-02-29 22:30:00,135,,
948,2024-02-29 22:30:00,135,,
949,2024-02-29 22:30:00,135,,
950,2024-02-29 22:30:00,135,,
951,2024-02-29 22:30:00,135,,
952,2024-02-29 22:30:00,135,,
953,2024-02-29 22:30:00,135,,
954,2024-02-29 22:30:00,135,,
955,2024-02-29 22:30:00,135,,
956,2024-02-29 22:30:00,135,,
957,2024-02-29 22:30:00,135,,
958,2024-02-29 22:30:00,135,,
959,2024-02-29 22:30:00,135,,
960,2024-02-29 22:30:00,135,,
961,2024-02-29 22:30:00,135,,
962,2024-02-29 22:30:00,135,,
963,2024-02-29 22:30:00,135,,
964,2024-02-29 22:30:00,135,,
965,2024-02-29 22:30:00,135,,
966,2024-02-29 22:30:00,135,,
967,2024-02-29 22:30:00,135,,
968,2024-02-29 22:30:00,135,,
969,2024-02-29 22:30:00,135,,
970,2024-02-29 22:30:00,135,,
971,2024-02-29 22:30:00,135,,
972,2024-02-29 22:30:00,135,,
973,2024-02-29 22:30:00,135,,
974,2024-02-29 22:30:00,135,,
975,2024-02-29 22:30:00,135,,
976,2024-02-29 22:30:00,135,,
977,2024-02-29 22:30:00,135,,
978,2024-02-29 22:30:00,135,,
979,2024-02-29 22:30:00,135,,
980,2024-02-29 22:30:00,135,,
981,2024-02-29 22:30:00,135,,
982,2024-02-29 22:30:00,135,,
983,2024-02-29 22:30:00,135,,
984,2024-02-29 22:30:00,135,,
985,2024-02-29 22:30:00,135,,
986,2024-02-29 22:30:00,135,,
987,2024-02-29 22:30:00,135,,
988,2024-02-29 22:30:00,135,,
989,2024-02-29 22:30:00,135,,
990,2024-02-29 22:30:00,135,,
991,2024-02-29 22:30:00,135,,
992,2024-02-29 22:30:00,135,,
993,2024-02-29 22:30:00,135,,
994,2024-02-29 22:30:00,135,,
995,2024-02-29 22:30:00,135,,
996,2024-02-29 22:30:00,135,,
997,2024-02-29 22:30:00,135,,
998,2024-02-29 22:30:00,135,,
999,2024-02-29 22:30:00,135,,
1000,2024-02-29 22:30:00,135,,
1001,2024-02-29 22:30:00,135,,
1002,2024-02-29 22:30:00,135,,
1003,2024-02-29 22:30:00,135,,
1004,2024-02-29 22:30:00,135,,
1005,2024-02-29 22:30:00,135,,
1006,2024-02-29 22:30:00,135,,
792,2024-02-29 22:40:00,136,,
793,2024-02-29 22:40:00,136,,
794,2024-02-29 22:40:00,136,,
795,2024-02-29 22:40:00,136,,
796,2024-02-29 22:40:00,136,,
797,2024-02-29 22:40:00,136,,
798,2024-02-29 22:40:00,136,,
799,2024-02-29 22:40:00,136,,
800,2024-02-29 22:40:00,136,,
801,2024-02-29 22:40:00,136,,
802,2024-02-29 22:40:00,136,,
803,2024-02-29 22:40:00,136,,
804,2024-02-29 22:40:00,136,,
805,2024-02-29 22:40:00,136,,
806,2024-02-29 22:40:00,136,,
807,2024-02-29 22:40:00,136,,
808,2024-02-29 22:40:00,136,,
809,2024-02-29 22:40:00,136,,
810,2024-02-29 22:40:00,136,,
811,2024-02-29 22:40:00,136,,
812,2024-02-29 22:40:00,136,,
813,2024-02-29 22:40:00,136,,
814,2024-02-29 22:40:00,136,,
815,2024-02-29 22:40:00,136,,
816,2024-02-29 22:40:00,136,,
817,2024-02-29 22:40:00,136,,
818,2024-02-29 22:40:00,136,,
819,2024-02-29 22:40:00,136,,
820,2024-02-29 22:40:00,136,,
821,2024-02-29 22:40:00,136,,
822,2024-02-29 22:40:00,136,,
823,2024-02-29 22:40:00,136,,
824,2024-02-29 22:40:00,136,,
825,2024-02-29 22:40:00,136,,
826,2024-02-29 22:40:00,136,,
827,2024-02-29 22:40:00,136,,
828,2024-02-29 22:40:00,136,,
829,2024-02-29 22:40:00,136,,
830,2024-02-29 22:40:00,136,,
831,2024-02-29 22:40:00,136,,
832,2024-02-29 22:40:00,136,,
833,2024-02-29 22:40:00,136,,
834,2024-02-29 22:40:00,136,,
835,2024-02-29 22:40:00,136,,
836,2024-02-29 22:40:00,136,,
837,2024-02-29 22:40:00,136,,
838,2024-02-29 22:40:00,136,,
839,2024-02-29 22:40:00,136,,
840,2024-02-29 22:40:00,136,,
841,2024-02-29 22:40:00,136,,
842,2024-02-29 22:40:00,136,,
843,2024-02-29 22:40:00,136,,
844,2024-02-29 22:40:00,136,,
845,2024-02-29 22:40:00,136,,
846,2024-02-29 22:40:00,136,,
847,2024-02-29 22:40:00,136,,
848,2024-02-29 22:40:00,136,,
849,2024-02-29 22:40:00,136,,
850,2024-02-29 22:40:00,136,,
851,2024-02-29 22:40:00,136,,
852,2024-02-29 22:40:00,136,,
853,2024-02-29 22:40:00,136,,
854,2024-02-29 22:40:00,136,,
855,2024-02-29 22:40:00,136,,
856,2024-02-29 22:40:00,136,,
857,2024-02-29 22:40:00,136,,
858,2024-02-29 22:40:00,136,,
859,2024-02-29 22:40:00,136,,
860,2024-02-29 22:40:00,136,,
861,2024-02-29 22:40:00,136,,
862,2024-02-29 22:40:00,136,,
863,2024-02-29 22:40:00,136,,
864,2024-02-29 22:40:00,136,,
865,2024-02-29 22:40:00,136,,
866,2024-02-29 22:40:00,136,,
867,2024-02-29 22:40:00,136,,
868,2024-02-29 22:40:00,136,,
869,2024-02-29 22:40:00,136,,
870,2024-02-29 22:40:00,136,,
871,2024-02-29 22:40:00,136,,
872,2024-02-29 22:40:00,136,,
873,2024-02-29 22:40:00,136,,
874,2024-02-29 22:40:00,136,,
875,2024-02-29 22:40:00,136,,
876,2024-02-29 22:40:00,136,,
877,2024-02-29 22:40:00,136,,
878,2024-02-29 22:40:00,136,,
879,2024-02-29 22:40:00,136,,
880,2024-02-29 22:40:00,136,,
881,2024-02-29 22:40:00,136,,
882,2024-02-29 22:40:00,136,,
883,2024-02-29 22:40:00,136,,
884,2024-02-29 22:40:00,136,,
885,2024-02-29 22:40:00,136,,
886,2024-02-29 22:40:00,136,,
887,2024-02-29 22:40:00,136,,
888,2024-02-29 22:40:00,136,,
889,2024-02-29 22:40:00,136,,
890,2024-02-29 22:40:00,136,,
891,2024-02-29 22:40:00,136,,
892,2024-02-29 22:40:00,136,,
893,2024-02-29 22:40:00,136,,
894,2024-02-29 22:40:00,136,,
895,2024-02-29 22:40:00,136,,
896,2024-02-29 22:40:00,136,,
897,2024-02-29 22:40:00,136,,
898,2024-02-29 22:40:00,136,,
899,2024-02-29 22:40:00,136,,
900,2024-02-29 22:40:00,136,,
901,2024-02-29 22:40:00,136,,
902,2024-02-29 22:40:00,136,,
903,2024-02-29 22:40:00,136,,
904,2024-02-29 22:40:00,136,,
905,2024-02-29 22:40:00,136,,
906,2024-02-29 22:40:00,136,,
907,2024-02-29 22:40:00,136,,
908,2024-02-29 22:40:00,136,,
909,2024-02-29 22:40:00,136,,
910,2024-02-29 22:40:00,136,,
911,2024-02-29 22:40:00,136,,
912,2024-02-29 22:40:00,136,,
913,2024-02-29 22:40:00,136,,
914,2024-02-29 22:40:00,136,,
915,2024-02-29 22:40:00,136,,
916,2024-02-29 22:40:00,136,,
917,2024-02-29 22:40:00,136,,
918,2024-02-29 22:40:00,136,,
919,2024-02-29 22:40:00,136,,
920,2024-02-29 22:40:00,136,,
921,2024-02-29 22:40:00,136,,
922,2024-02-29 22:40:00,136,,
923,2024-02-29 22:40:00,136,,
924,2024-02-29 22:40:00,136,,
925,2024-02-29 22:40:00,136,,
926,2024-02-29 22:40:00,136,,
927,2024-02-29 22:40:00,136,,
928,2024-02-29 22:40:00,136,,
929,2024-02-29 22:40:00,136,,
930,2024-02-29 22:40:00,136,,
931,2024-02-29 22:40:00,136,,
932,2024-02-29 22:40:00,136,,
933,2024-02-29 22:40:00,136,,
934,2024-02-29 22:40:00,136,,
935,2024-02-29 22:40:00,136,,
936,2024-02-29 22:40:00,136,,
937,2024-02-29 22:40:00,136,,
938,2024-02-29 22:40:00,136,,
939,2024-02-29 22:40:00,136,,
940,2024-02-29 22:40:00,136,,
941,2024-02-29 22:40:00,136,,
942,2024-02-29 22:40:00,136,,
943,2024-02-29 22:40:00,136,,
944,2024-02-29 22:40:00,136,,
945,2024-02-29 22:40:00,136,,
946,2024-02-29 22:40:00,136,,
947,2024-02-29 22:40:00,136,,
948,2024-02-29 22:40:00,136,,
949,2024-02-29 22:40:00,136,,
950,2024-02-29 22:40:00,136,,
951,2024-02-29 22:40:00,136,,
952,2024-02-29 22:40:00,136,,
953,2024-02-29 22:40:00,136,,
954,2024-02-29 22:40:00,136,,
955,2024-02-29 22:40:00,136,,
956,2024-02-29 22:40:00,136,,
957,2024-02-29 22:40:00,136,,
958,2024-02-29 22:40:00,136,,
959,2024-02-29 22:40:00,136,,
960,2024-02-29 22:40:00,136,,
961,2024-02-29 22:40:00,136,,
962,2024-02-29 22:40:00,136,,
963,2024-02-29 22:40:00,136,,
964,2024-02-29 22:40:00,136,,
965,2024-02-29 22:40:00,136,,
966,2024-02-29 22:40:00,136,,
967,2024-02-29 22:40:00,136,,
968,2024-02-29 22:40:00,136,,
969,2024-02-29 22:40:00,136,,
970,2024-02-29 22:40:00,136,,
971,2024-02-29 22:40:00,136,,
972,2024-02-29 22:40:00,136,,
973,2024-02-29 22:40:00,136,,
974,2024-02-29 22:40:00,136,,
975,2024-02-29 22:40:00,136,,
976,2024-02-29 22:40:00,136,,
977,2024-02-29 22:40:00,136,,
978,2024-02-29 22:40:00,136,,
979,2024-02-29 22:40:00,136,,
980,2024-02-29 22:40:00,136,,
981,2024-02-29 22:40:00,136,,
982,2024-02-29 22:40:00,136,,
983,2024-02-29 22:40:00,136,,
984,2024-02-29 22:40:00,136,,
985,2024-02-29 22:40:00,136,,
986,2024-02-29 22:40:00,136,,
987,2024-02-29 22:40:00,136,,
988,2024-02-29 22:40:00,136,,
989,2024-02-29 22:40:00,136,,
990,2024-02-29 22:40:00,136,,
991,2024-02-29 22:40:00,136,,
992,2024-02-29 22:40:00,136,,
993,2024-02-29 22:40:00,136,,
994,2024-02-29 22:40:00,136,,
995,2024-02-29 22:40:00,136,,
996,2024-02-29 22:40:00,136,,
997,2024-02-29 22:40:00,136,,
998,2024-02-29 22:40:00,136,,
999,2024-02-29 22:40:00,136,,
1000,2024-02-29 22:40:00,136,,
1001,2024-02-29 22:40:00,136,,
1002,2024-02-29 22:40:00,136,,
1003,2024-02-29 22:40:00,136,,
1004,2024-02-29 22:40:00,136,,
1005,2024-02-29 22:40:00,136,,
1006,2024-02-29 22:40:00,136,,
792,2024-02-29 22:50:00,137,,
793,2024-02-29 22:50:00,137,,
794,2024-02-29 22:50:00,137,,
795,2024-02-29 22:50:00,137,,
796,2024-02-29 22:50:00,137,,
797,2024-02-29 22:50:00,137,,
798,2024-02-29 22:50:00,137,,
799,2024-02-29 22:50:00,137,,
800,2024-02-29 22:50:00,137,,
801,2024-02-29 22:50:00,137,,
802,2024-02-29 22:50:00,137,,
803,2024-02-29 22:50:00,137,,
804,2024-02-29 22:50:00,137,,
805,2024-02-29 22:50:00,137,,
806,2024-02-29 22:50:00,137,,
807,2024-02-29 22:50:00,137,,
808,2024-02-29 22:50:00,137,,
809,2024-02-29 22:50:00,137,,
810,2024-02-29 22:50:00,137,,
811,2024-02-29 22:50:00,137,,
812,2024-02-29 22:50:00,137,,
813,2024-02-29 22:50:00,137,,
814,2024-02-29 22:50:00,137,,
815,2024-02-29 22:50:00,137,,
816,2024-02-29 22:50:00,137,,
817,2024-02-29 22:50:00,137,,
818,2024-02-29 22:50:00,137,,
819,2024-02-29 22:50:00,137,,
820,2024-02-29 22:50:00,137,,
821,2024-02-29 22:50:00,137,,
822,2024-02-29 22:50:00,137,,
823,2024-02-29 22:50:00,137,,
824,2024-02-29 22:50:00,137,,
825,2024-02-29 22:50:00,137,,
826,2024-02-29 22:50:00,137,,
827,2024-02-29 22:50:00,137,,
828,2024-02-29 22:50:00,137,,
829,2024-02-29 22:50:00,137,,
830,2024-02-29 22:50:00,137,,
831,2024-02-29 22:50:00,137,,
832,2024-02-29 22:50:00,137,,
833,2024-02-29 22:50:00,137,,
834,2024-02-29 22:50:00,137,,
835,2024-02-29 22:50:00,137,,
836,2024-02-29 22:50:00,137,,
837,2024-02-29 22:50:00,137,,
838,2024-02-29 22:50:00,137,,
839,2024-02-29 22:50:00,137,,
840,2024-02-29 22:50:00,137,,
841,2024-02-29 22:50:00,137,,
842,2024-02-29 22:50:00,137,,
843,2024-02-29 22:50:00,137,,
844,2024-02-29 22:50:00,137,,
845,2024-02-29 22:50:00,137,,
846,2024-02-29 22:50:00,137,,
847,2024-02-29 22:50:00,137,,
848,2024-02-29 22:50:00,137,,
849,2024-02-29 22:50:00,137,,
850,2024-02-29 22:50:00,137,,
851,2024-02-29 22:50:00,137,,
852,2024-02-29 22:50:00,137,,
853,2024-02-29 22:50:00,137,,
854,2024-02-29 22:50:00,137,,
855,2024-02-29 22:50:00,137,,
856,2024-02-29 22:50:00,137,,
857,2024-02-29 22:50:00,137,,
858,2024-02-29 22:50:00,137,,
859,2024-02-29 22:50:00,137,,
860,2024-02-29 22:50:00,137,,
861,2024-02-29 22:50:00,137,,
862,2024-02-29 22:50:00,137,,
863,2024-02-29 22:50:00,137,,
864,2024-02-29 22:50:00,137,,
865,2024-02-29 22:50:00,137,,
866,2024-02-29 22:50:00,137,,
867,2024-02-29 22:50:00,137,,
868,2024-02-29 22:50:00,137,,
869,2024-02-29 22:50:00,137,,
870,2024-02-29 22:50:00,137,,
871,2024-02-29 22:50:00,137,,
872,2024-02-29 22:50:00,137,,
873,2024-02-29 22:50:00,137,,
874,2024-02-29 22:50:00,137,,
875,2024-02-29 22:50:00,137,,
876,2024-02-29 22:50:00,137,,
877,2024-02-29 22:50:00,137,,
878,2024-02-29 22:50:00,137,,
879,2024-02-29 22:50:00,137,,
880,2024-02-29 22:50:00,137,,
881,2024-02-29 22:50:00,137,,
882,2024-02-29 22:50:00,137,,
883,2024-02-29 22:50:00,137,,
884,2024-02-29 22:50:00,137,,
885,2024-02-29 22:50:00,137,,
886,2024-02-29 22:50:00,137,,
887,2024-02-29 22:50:00,137,,
888,2024-02-29 22:50:00,137,,
889,2024-02-29 22:50:00,137,,
890,2024-02-29 22:50:00,137,,
891,2024-02-29 22:50:00,137,,
892,2024-02-29 22:50:00,137,,
893,2024-02-29 22:50:00,137,,
894,2024-02-29 22:50:00,137,,
895,2024-02-29 22:50:00,137,,
896,2024-02-29 22:50:00,137,,
897,2024-02-29 22:50:00,137,,
898,2024-02-29 22:50:00,137,,
899,2024-02-29 22:50:00,137,,
900,2024-02-29 22:50:00,137,,
901,2024-02-29 22:50:00,137,,
902,2024-02-29 22:50:00,137,,
903,2024-02-29 22:50:00,137,,
904,2024-02-29 22:50:00,137,,
905,2024-02-29 22:50:00,137,,
906,2024-02-29 22:50:00,137,,
907,2024-02-29 22:50:00,137,,
908,2024-02-29 22:50:00,137,,
909,2024-02-29 22:50:00,137,,
910,2024-02-29 22:50:00,137,,
911,2024-02-29 22:50:00,137,,
912,2024-02-29 22:50:00,137,,
913,2024-02-29 22:50:00,137,,
914,2024-02-29 22:50:00,137,,
915,2024-02-29 22:50:00,137,,
916,2024-02-29 22:50:00,137,,
917,2024-02-29 22:50:00,137,,
918,2024-02-29 22:50:00,137,,
919,2024-02-29 22:50:00,137,,
920,2024-02-29 22:50:00,137,,
921,2024-02-29 22:50:00,137,,
922,2024-02-29 22:50:00,137,,
923,2024-02-29 22:50:00,137,,
924,2024-02-29 22:50:00,137,,
925,2024-02-29 22:50:00,137,,
926,2024-02-29 22:50:00,137,,
927,2024-02-29 22:50:00,137,,
928,2024-02-29 22:50:00,137,,
929,2024-02-29 22:50:00,137,,
930,2024-02-29 22:50:00,137,,
931,2024-02-29 22:50:00,137,,
932,2024-02-29 22:50:00,137,,
933,2024-02-29 22:50:00,137,,
934,2024-02-29 22:50:00,137,,
935,2024-02-29 22:50:00,137,,
936,2024-02-29 22:50:00,137,,
937,2024-02-29 22:50:00,137,,
938,2024-02-29 22:50:00,137,,
939,2024-02-29 22:50:00,137,,
940,2024-02-29 22:50:00,137,,
941,2024-02-29 22:50:00,137,,
942,2024-02-29 22:50:00,137,,
943,2024-02-29 22:50:00,137,,
944,2024-02-29 22:50:00,137,,
945,2024-02-29 22:50:00,137,,
946,2024-02-29 22:50:00,137,,
947,2024-02-29 22:50:00,137,,
948,2024-02-29 22:50:00,137,,
949,2024-02-29 22:50:00,137,,
950,2024-02-29 22:50:00,137,,
951,2024-02-29 22:50:00,137,,
952,2024-02-29 22:50:00,137,,
953,2024-02-29 22:50:00,137,,
954,2024-02-29 22:50:00,137,,
955,2024-02-29 22:50:00,137,,
956,2024-02-29 22:50:00,137,,
957,2024-02-29 22:50:00,137,,
958,2024-02-29 22:50:00,137,,
959,2024-02-29 22:50:00,137,,
960,2024-02-29 22:50:00,137,,
961,2024-02-29 22:50:00,137,,
962,2024-02-29 22:50:00,137,,
963,2024-02-29 22:50:00,137,,
964,2024-02-29 22:50:00,137,,
965,2024-02-29 22:50:00,137,,
966,2024-02-29 22:50:00,137,,
967,2024-02-29 22:50:00,137,,
968,2024-02-29 22:50:00,137,,
969,2024-02-29 22:50:00,137,,
970,2024-02-29 22:50:00,137,,
971,2024-02-29 22:50:00,137,,
972,2024-02-29 22:50:00,137,,
973,2024-02-29 22:50:00,137,,
974,2024-02-29 22:50:00,137,,
975,2024-02-29 22:50:00,137,,
976,2024-02-29 22:50:00,137,,
977,2024-02-29 22:50:00,137,,
978,2024-02-29 22:50:00,137,,
979,2024-02-29 22:50:00,137,,
980,2024-02-29 22:50:00,137,,
981,2024-02-29 22:50:00,137,,
982,2024-02-29 22:50:00,137,,
983,2024-02-29 22:50:00,137,,
984,2024-02-29 22:50:00,137,,
985,2024-02-29 22:50:00,137,,
986,2024-02-29 22:50:00,137,,
987,2024-02-29 22:50:00,137,,
988,2024-02-29 22:50:00,137,,
989,2024-02-29 22:50:00,137,,
990,2024-02-29 22:50:00,137,,
991,2024-02-29 22:50:00,137,,
992,2024-02-29 22:50:00,137,,
993,2024-02-29 22:50:00,137,,
994,2024-02-29 22:50:00,137,,
995,2024-02-29 22:50:00,137,,
996,2024-02-29 22:50:00,137,,
997,2024-02-29 22:50:00,137,,
998,2024-02-29 22:50:00,137,,
999,2024-02-29 22:50:00,137,,
1000,2024-02-29 22:50:00,137,,
1001,2024-02-29 22:50:00,137,,
1002,2024-02-29 22:50:00,137,,
1003,2024-02-29 22:50:00,137,,
1004,2024-02-29 22:50:00,137,,
1005,2024-02-29 22:50:00,137,,
1006,2024-02-29 22:50:00,137,,
792,2024-02-29 23:00:00,138,,
793,2024-02-29 23:00:00,138,,
794,2024-02-29 23:00:00,138,,
795,2024-02-29 23:00:00,138,,
796,2024-02-29 23:00:00,138,,
797,2024-02-29 23:00:00,138,,
798,2024-02-29 23:00:00,138,,
799,2024-02-29 23:00:00,138,,
800,2024-02-29 23:00:00,138,,
801,2024-02-29 23:00:00,138,,
802,2024-02-29 23:00:00,138,,
803,2024-02-29 23:00:00,138,,
804,2024-02-29 23:00:00,138,,
805,2024-02-29 23:00:00,138,,
806,2024-02-29 23:00:00,138,,
807,2024-02-29 23:00:00,138,,
808,2024-02-29 23:00:00,138,,
809,2024-02-29 23:00:00,138,,
810,2024-02-29 23:00:00,138,,
811,2024-02-29 23:00:00,138,,
812,2024-02-29 23:00:00,138,,
813,2024-02-29 23:00:00,138,,
814,2024-02-29 23:00:00,138,,
815,2024-02-29 23:00:00,138,,
816,2024-02-29 23:00:00,138,,
817,2024-02-29 23:00:00,138,,
818,2024-02-29 23:00:00,138,,
819,2024-02-29 23:00:00,138,,
820,2024-02-29 23:00:00,138,,
821,2024-02-29 23:00:00,138,,
822,2024-02-29 23:00:00,138,,
823,2024-02-29 23:00:00,138,,
824,2024-02-29 23:00:00,138,,
825,2024-02-29 23:00:00,138,,
826,2024-02-29 23:00:00,138,,
827,2024-02-29 23:00:00,138,,
828,2024-02-29 23:00:00,138,,
829,2024-02-29 23:00:00,138,,
830,2024-02-29 23:00:00,138,,
831,2024-02-29 23:00:00,138,,
832,2024-02-29 23:00:00,138,,
833,2024-02-29 23:00:00,138,,
834,2024-02-29 23:00:00,138,,
835,2024-02-29 23:00:00,138,,
836,2024-02-29 23:00:00,138,,
837,2024-02-29 23:00:00,138,,
838,2024-02-29 23:00:00,138,,
839,2024-02-29 23:00:00,138,,
840,2024-02-29 23:00:00,138,,
841,2024-02-29 23:00:00,138,,
842,2024-02-29 23:00:00,138,,
843,2024-02-29 23:00:00,138,,
844,2024-02-29 23:00:00,138,,
845,2024-02-29 23:00:00,138,,
846,2024-02-29 23:00:00,138,,
847,2024-02-29 23:00:00,138,,
848,2024-02-29 23:00:00,138,,
849,2024-02-29 23:00:00,138,,
850,2024-02-29 23:00:00,138,,
851,2024-02-29 23:00:00,138,,
852,2024-02-29 23:00:00,138,,
853,2024-02-29 23:00:00,138,,
854,2024-02-29 23:00:00,138,,
855,2024-02-29 23:00:00,138,,
856,2024-02-29 23:00:00,138,,
857,2024-02-29 23:00:00,138,,
858,2024-02-29 23:00:00,138,,
859,2024-02-29 23:00:00,138,,
860,2024-02-29 23:00:00,138,,
861,2024-02-29 23:00:00,138,,
862,2024-02-29 23:00:00,138,,
863,2024-02-29 23:00:00,138,,
864,2024-02-29 23:00:00,138,,
865,2024-02-29 23:00:00,138,,
866,2024-02-29 23:00:00,138,,
867,2024-02-29 23:00:00,138,,
868,2024-02-29 23:00:00,138,,
869,2024-02-29 23:00:00,138,,
870,2024-02-29 23:00:00,138,,
871,2024-02-29 23:00:00,138,,
872,2024-02-29 23:00:00,138,,
873,2024-02-29 23:00:00,138,,
874,2024-02-29 23:00:00,138,,
875,2024-02-29 23:00:00,138,,
876,2024-02-29 23:00:00,138,,
877,2024-02-29 23:00:00,138,,
878,2024-02-29 23:00:00,138,,
879,2024-02-29 23:00:00,138,,
880,2024-02-29 23:00:00,138,,
881,2024-02-29 23:00:00,138,,
882,2024-02-29 23:00:00,138,,
883,2024-02-29 23:00:00,138,,
884,2024-02-29 23:00:00,138,,
885,2024-02-29 23:00:00,138,,
886,2024-02-29 23:00:00,138,,
887,2024-02-29 23:00:00,138,,
888,2024-02-29 23:00:00,138,,
889,2024-02-29 23:00:00,138,,
890,2024-02-29 23:00:00,138,,
891,2024-02-29 23:00:00,138,,
892,2024-02-29 23:00:00,138,,
893,2024-02-29 23:00:00,138,,
894,2024-02-29 23:00:00,138,,
895,2024-02-29 23:00:00,138,,
896,2024-02-29 23:00:00,138,,
897,2024-02-29 23:00:00,138,,
898,2024-02-29 23:00:00,138,,
899,2024-02-29 23:00:00,138,,
900,2024-02-29 23:00:00,138,,
901,2024-02-29 23:00:00,138,,
902,2024-02-29 23:00:00,138,,
903,2024-02-29 23:00:00,138,,
904,2024-02-29 23:00:00,138,,
905,2024-02-29 23:00:00,138,,
906,2024-02-29 23:00:00,138,,
907,2024-02-29 23:00:00,138,,
908,2024-02-29 23:00:00,138,,
909,2024-02-29 23:00:00,138,,
910,2024-02-29 23:00:00,138,,
911,2024-02-29 23:00:00,138,,
912,2024-02-29 23:00:00,138,,
913,2024-02-29 23:00:00,138,,
914,2024-02-29 23:00:00,138,,
915,2024-02-29 23:00:00,138,,
916,2024-02-29 23:00:00,138,,
917,2024-02-29 23:00:00,138,,
918,2024-02-29 23:00:00,138,,
919,2024-02-29 23:00:00,138,,
920,2024-02-29 23:00:00,138,,
921,2024-02-29 23:00:00,138,,
922,2024-02-29 23:00:00,138,,
923,2024-02-29 23:00:00,138,,
924,2024-02-29 23:00:00,138,,
925,2024-02-29 23:00:00,138,,
926,2024-02-29 23:00:00,138,,
927,2024-02-29 23:00:00,138,,
928,2024-02-29 23:00:00,138,,
929,2024-02-29 23:00:00,138,,
930,2024-02-29 23:00:00,138,,
931,2024-02-29 23:00:00,138,,
932,2024-02-29 23:00:00,138,,
933,2024-02-29 23:00:00,138,,
934,2024-02-29 23:00:00,138,,
935,2024-02-29 23:00:00,138,,
936,2024-02-29 23:00:00,138,,
937,2024-02-29 23:00:00,138,,
938,2024-02-29 23:00:00,138,,
939,2024-02-29 23:00:00,138,,
940,2024-02-29 23:00:00,138,,
941,2024-02-29 23:00:00,138,,
942,2024-02-29 23:00:00,138,,
943,2024-02-29 23:00:00,138,,
944,2024-02-29 23:00:00,138,,
945,2024-02-29 23:00:00,138,,
946,2024-02-29 23:00:00,138,,
947,2024-02-29 23:00:00,138,,
948,2024-02-29 23:00:00,138,,
949,2024-02-29 23:00:00,138,,
950,2024-02-29 23:00:00,138,,
951,2024-02-29 23:00:00,138,,
952,2024-02-29 23:00:00,138,,
953,2024-02-29 23:00:00,138,,
954,2024-02-29 23:00:00,138,,
955,2024-02-29 23:00:00,138,,
956,2024-02-29 23:00:00,138,,
957,2024-02-29 23:00:00,138,,
958,2024-02-29 23:00:00,138,,
959,2024-02-29 23:00:00,138,,
960,2024-02-29 23:00:00,138,,
961,2024-02-29 23:00:00,138,,
962,2024-02-29 23:00:00,138,,
963,2024-02-29 23:00:00,138,,
964,2024-02-29 23:00:00,138,,
965,2024-02-29 23:00:00,138,,
966,2024-02-29 23:00:00,138,,
967,2024-02-29 23:00:00,138,,
968,2024-02-29 23:00:00,138,,
969,2024-02-29 23:00:00,138,,
970,2024-02-29 23:00:00,138,,
971,2024-02-29 23:00:00,138,,
972,2024-02-29 23:00:00,138,,
973,2024-02-29 23:00:00,138,,
974,2024-02-29 23:00:00,138,,
975,2024-02-29 23:00:00,138,,
976,2024-02-29 23:00:00,138,,
977,2024-02-29 23:00:00,138,,
978,2024-02-29 23:00:00,138,,
979,2024-02-29 23:00:00,138,,
980,2024-02-29 23:00:00,138,,
981,2024-02-29 23:00:00,138,,
982,2024-02-29 23:00:00,138,,
983,2024-02-29 23:00:00,138,,
984,2024-02-29 23:00:00,138,,
985,2024-02-29 23:00:00,138,,
986,2024-02-29 23:00:00,138,,
987,2024-02-29 23:00:00,138,,
988,2024-02-29 23:00:00,138,,
989,2024-02-29 23:00:00,138,,
990,2024-02-29 23:00:00,138,,
991,2024-02-29 23:00:00,138,,
992,2024-02-29 23:00:00,138,,
993,2024-02-29 23:00:00,138,,
994,2024-02-29 23:00:00,138,,
995,2024-02-29 23:00:00,138,,
996,2024-02-29 23:00:00,138,,
997,2024-02-29 23:00:00,138,,
998,2024-02-29 23:00:00,138,,
999,2024-02-29 23:00:00,138,,
1000,2024-02-29 23:00:00,138,,
1001,2024-02-29 23:00:00,138,,
1002,2024-02-29 23:00:00,138,,
1003,2024-02-29 23:00:00,138,,
1004,2024-02-29 23:00:00,138,,
1005,2024-02-29 23:00:00,138,,
1006,2024-02-29 23:00:00,138,,
792,2024-02-29 23:10:00,139,,
793,2024-02-29 23:10:00,139,,
794,2024-02-29 23:10:00,139,,
795,2024-02-29 23:10:00,139,,
796,2024-02-29 23:10:00,139,,
797,2024-02-29 23:10:00,139,,
798,2024-02-29 23:10:00,139,,
799,2024-02-29 23:10:00,139,,
800,2024-02-29 23:10:00,139,,
801,2024-02-29 23:10:00,139,,
802,2024-02-29 23:10:00,139,,
803,2024-02-29 23:10:00,139,,
804,2024-02-29 23:10:00,139,,
805,2024-02-29 23:10:00,139,,
806,2024-02-29 23:10:00,139,,
807,2024-02-29 23:10:00,139,,
808,2024-02-29 23:10:00,139,,
809,2024-02-29 23:10:00,139,,
810,2024-02-29 23:10:00,139,,
811,2024-02-29 23:10:00,139,,
812,2024-02-29 23:10:00,139,,
813,2024-02-29 23:10:00,139,,
814,2024-02-29 23:10:00,139,,
815,2024-02-29 23:10:00,139,,
816,2024-02-29 23:10:00,139,,
817,2024-02-29 23:10:00,139,,
818,2024-02-29 23:10:00,139,,
819,2024-02-29 23:10:00,139,,
820,2024-02-29 23:10:00,139,,
821,2024-02-29 23:10:00,139,,
822,2024-02-29 23:10:00,139,,
823,2024-02-29 23:10:00,139,,
824,2024-02-29 23:10:00,139,,
825,2024-02-29 23:10:00,139,,
826,2024-02-29 23:10:00,139,,
827,2024-02-29 23:10:00,139,,
828,2024-02-29 23:10:00,139,,
829,2024-02-29 23:10:00,139,,
830,2024-02-29 23:10:00,139,,
831,2024-02-29 23:10:00,139,,
832,2024-02-29 23:10:00,139,,
833,2024-02-29 23:10:00,139,,
834,2024-02-29 23:10:00,139,,
835,2024-02-29 23:10:00,139,,
836,2024-02-29 23:10:00,139,,
837,2024-02-29 23:10:00,139,,
838,2024-02-29 23:10:00,139,,
839,2024-02-29 23:10:00,139,,
840,2024-02-29 23:10:00,139,,
841,2024-02-29 23:10:00,139,,
842,2024-02-29 23:10:00,139,,
843,2024-02-29 23:10:00,139,,
844,2024-02-29 23:10:00,139,,
845,2024-02-29 23:10:00,139,,
846,2024-02-29 23:10:00,139,,
847,2024-02-29 23:10:00,139,,
848,2024-02-29 23:10:00,139,,
849,2024-02-29 23:10:00,139,,
850,2024-02-29 23:10:00,139,,
851,2024-02-29 23:10:00,139,,
852,2024-02-29 23:10:00,139,,
853,2024-02-29 23:10:00,139,,
854,2024-02-29 23:10:00,139,,
855,2024-02-29 23:10:00,139,,
856,2024-02-29 23:10:00,139,,
857,2024-02-29 23:10:00,139,,
858,2024-02-29 23:10:00,139,,
859,2024-02-29 23:10:00,139,,
860,2024-02-29 23:10:00,139,,
861,2024-02-29 23:10:00,139,,
862,2024-02-29 23:10:00,139,,
863,2024-02-29 23:10:00,139,,
864,2024-02-29 23:10:00,139,,
865,2024-02-29 23:10:00,139,,
866,2024-02-29 23:10:00,139,,
867,2024-02-29 23:10:00,139,,
868,2024-02-29 23:10:00,139,,
869,2024-02-29 23:10:00,139,,
870,2024-02-29 23:10:00,139,,
871,2024-02-29 23:10:00,139,,
872,2024-02-29 23:10:00,139,,
873,2024-02-29 23:10:00,139,,
874,2024-02-29 23:10:00,139,,
875,2024-02-29 23:10:00,139,,
876,2024-02-29 23:10:00,139,,
877,2024-02-29 23:10:00,139,,
878,2024-02-29 23:10:00,139,,
879,2024-02-29 23:10:00,139,,
880,2024-02-29 23:10:00,139,,
881,2024-02-29 23:10:00,139,,
882,2024-02-29 23:10:00,139,,
883,2024-02-29 23:10:00,139,,
884,2024-02-29 23:10:00,139,,
885,2024-02-29 23:10:00,139,,
886,2024-02-29 23:10:00,139,,
887,2024-02-29 23:10:00,139,,
888,2024-02-29 23:10:00,139,,
889,2024-02-29 23:10:00,139,,
890,2024-02-29 23:10:00,139,,
891,2024-02-29 23:10:00,139,,
892,2024-02-29 23:10:00,139,,
893,2024-02-29 23:10:00,139,,
894,2024-02-29 23:10:00,139,,
895,2024-02-29 23:10:00,139,,
896,2024-02-29 23:10:00,139,,
897,2024-02-29 23:10:00,139,,
898,2024-02-29 23:10:00,139,,
899,2024-02-29 23:10:00,139,,
900,2024-02-29 23:10:00,139,,
901,2024-02-29 23:10:00,139,,
902,2024-02-29 23:10:00,139,,
903,2024-02-29 23:10:00,139,,
904,2024-02-29 23:10:00,139,,
905,2024-02-29 23:10:00,139,,
906,2024-02-29 23:10:00,139,,
907,2024-02-29 23:10:00,139,,
908,2024-02-29 23:10:00,139,,
909,2024-02-29 23:10:00,139,,
910,2024-02-29 23:10:00,139,,
911,2024-02-29 23:10:00,139,,
912,2024-02-29 23:10:00,139,,
913,2024-02-29 23:10:00,139,,
914,2024-02-29 23:10:00,139,,
915,2024-02-29 23:10:00,139,,
916,2024-02-29 23:10:00,139,,
917,2024-02-29 23:10:00,139,,
918,2024-02-29 23:10:00,139,,
919,2024-02-29 23:10:00,139,,
920,2024-02-29 23:10:00,139,,
921,2024-02-29 23:10:00,139,,
922,2024-02-29 23:10:00,139,,
923,2024-02-29 23:10:00,139,,
924,2024-02-29 23:10:00,139,,
925,2024-02-29 23:10:00,139,,
926,2024-02-29 23:10:00,139,,
927,2024-02-29 23:10:00,139,,
928,2024-02-29 23:10:00,139,,
929,2024-02-29 23:10:00,139,,
930,2024-02-29 23:10:00,139,,
931,2024-02-29 23:10:00,139,,
932,2024-02-29 23:10:00,139,,
933,2024-02-29 23:10:00,139,,
934,2024-02-29 23:10:00,139,,
935,2024-02-29 23:10:00,139,,
936,2024-02-29 23:10:00,139,,
937,2024-02-29 23:10:00,139,,
938,2024-02-29 23:10:00,139,,
939,2024-02-29 23:10:00,139,,
940,2024-02-29 23:10:00,139,,
941,2024-02-29 23:10:00,139,,
942,2024-02-29 23:10:00,139,,
943,2024-02-29 23:10:00,139,,
944,2024-02-29 23:10:00,139,,
945,2024-02-29 23:10:00,139,,
946,2024-02-29 23:10:00,139,,
947,2024-02-29 23:10:00,139,,
948,2024-02-29 23:10:00,139,,
949,2024-02-29 23:10:00,139,,
950,2024-02-29 23:10:00,139,,
951,2024-02-29 23:10:00,139,,
952,2024-02-29 23:10:00,139,,
953,2024-02-29 23:10:00,139,,
954,2024-02-29 23:10:00,139,,
955,2024-02-29 23:10:00,139,,
956,2024-02-29 23:10:00,139,,
957,2024-02-29 23:10:00,139,,
958,2024-02-29 23:10:00,139,,
959,2024-02-29 23:10:00,139,,
960,2024-02-29 23:10:00,139,,
961,2024-02-29 23:10:00,139,,
962,2024-02-29 23:10:00,139,,
963,2024-02-29 23:10:00,139,,
964,2024-02-29 23:10:00,139,,
965,2024-02-29 23:10:00,139,,
966,2024-02-29 23:10:00,139,,
967,2024-02-29 23:10:00,139,,
968,2024-02-29 23:10:00,139,,
969,2024-02-29 23:10:00,139,,
970,2024-02-29 23:10:00,139,,
971,2024-02-29 23:10:00,139,,
972,2024-02-29 23:10:00,139,,
973,2024-02-29 23:10:00,139,,
974,2024-02-29 23:10:00,139,,
975,2024-02-29 23:10:00,139,,
976,2024-02-29 23:10:00,139,,
977,2024-02-29 23:10:00,139,,
978,2024-02-29 23:10:00,139,,
979,2024-02-29 23:10:00,139,,
980,2024-02-29 23:10:00,139,,
981,2024-02-29 23:10:00,139,,
982,2024-02-29 23:10:00,139,,
983,2024-02-29 23:10:00,139,,
984,2024-02-29 23:10:00,139,,
985,2024-02-29 23:10:00,139,,
986,2024-02-29 23:10:00,139,,
987,2024-02-29 23:10:00,139,,
988,2024-02-29 23:10:00,139,,
989,2024-02-29 23:10:00,139,,
990,2024-02-29 23:10:00,139,,
991,2024-02-29 23:10:00,139,,
992,2024-02-29 23:10:00,139,,
993,2024-02-29 23:10:00,139,,
994,2024-02-29 23:10:00,139,,
995,2024-02-29 23:10:00,139,,
996,2024-02-29 23:10:00,139,,
997,2024-02-29 23:10:00,139,,
998,2024-02-29 23:10:00,139,,
999,2024-02-29 23:10:00,139,,
1000,2024-02-29 23:10:00,139,,
1001,2024-02-29 23:10:00,139,,
1002,2024-02-29 23:10:00,139,,
1003,2024-02-29 23:10:00,139,,
1004,2024-02-29 23:10:00,139,,
1005,2024-02-29 23:10:00,139,,
1006,2024-02-29 23:10:00,139,,
792,2024-02-29 23:20:00,140,,
793,2024-02-29 23:20:00,140,,
794,2024-02-29 23:20:00,140,,
795,2024-02-29 23:20:00,140,,
796,2024-02-29 23:20:00,140,,
797,2024-02-29 23:20:00,140,,
798,2024-02-29 23:20:00,140,,
799,2024-02-29 23:20:00,140,,
800,2024-02-29 23:20:00,140,,
801,2024-02-29 23:20:00,140,,
802,2024-02-29 23:20:00,140,,
803,2024-02-29 23:20:00,140,,
804,2024-02-29 23:20:00,140,,
805,2024-02-29 23:20:00,140,,
806,2024-02-29 23:20:00,140,,
807,2024-02-29 23:20:00,140,,
808,2024-02-29 23:20:00,140,,
809,2024-02-29 23:20:00,140,,
810,2024-02-29 23:20:00,140,,
811,2024-02-29 23:20:00,140,,
812,2024-02-29 23:20:00,140,,
813,2024-02-29 23:20:00,140,,
814,2024-02-29 23:20:00,140,,
815,2024-02-29 23:20:00,140,,
816,2024-02-29 23:20:00,140,,
817,2024-02-29 23:20:00,140,,
818,2024-02-29 23:20:00,140,,
819,2024-02-29 23:20:00,140,,
820,2024-02-29 23:20:00,140,,
821,2024-02-29 23:20:00,140,,
822,2024-02-29 23:20:00,140,,
823,2024-02-29 23:20:00,140,,
824,2024-02-29 23:20:00,140,,
825,2024-02-29 23:20:00,140,,
826,2024-02-29 23:20:00,140,,
827,2024-02-29 23:20:00,140,,
828,2024-02-29 23:20:00,140,,
829,2024-02-29 23:20:00,140,,
830,2024-02-29 23:20:00,140,,
831,2024-02-29 23:20:00,140,,
832,2024-02-29 23:20:00,140,,
833,2024-02-29 23:20:00,140,,
834,2024-02-29 23:20:00,140,,
835,2024-02-29 23:20:00,140,,
836,2024-02-29 23:20:00,140,,
837,2024-02-29 23:20:00,140,,
838,2024-02-29 23:20:00,140,,
839,2024-02-29 23:20:00,140,,
840,2024-02-29 23:20:00,140,,
841,2024-02-29 23:20:00,140,,
842,2024-02-29 23:20:00,140,,
843,2024-02-29 23:20:00,140,,
844,2024-02-29 23:20:00,140,,
845,2024-02-29 23:20:00,140,,
846,2024-02-29 23:20:00,140,,
847,2024-02-29 23:20:00,140,,
848,2024-02-29 23:20:00,140,,
849,2024-02-29 23:20:00,140,,
850,2024-02-29 23:20:00,140,,
851,2024-02-29 23:20:00,140,,
852,2024-02-29 23:20:00,140,,
853,2024-02-29 23:20:00,140,,
854,2024-02-29 23:20:00,140,,
855,2024-02-29 23:20:00,140,,
856,2024-02-29 23:20:00,140,,
857,2024-02-29 23:20:00,140,,
858,2024-02-29 23:20:00,140,,
859,2024-02-29 23:20:00,140,,
860,2024-02-29 23:20:00,140,,
861,2024-02-29 23:20:00,140,,
862,2024-02-29 23:20:00,140,,
863,2024-02-29 23:20:00,140,,
864,2024-02-29 23:20:00,140,,
865,2024-02-29 23:20:00,140,,
866,2024-02-29 23:20:00,140,,
867,2024-02-29 23:20:00,140,,
868,2024-02-29 23:20:00,140,,
869,2024-02-29 23:20:00,140,,
870,2024-02-29 23:20:00,140,,
871,2024-02-29 23:20:00,140,,
872,2024-02-29 23:20:00,140,,
873,2024-02-29 23:20:00,140,,
874,2024-02-29 23:20:00,140,,
875,2024-02-29 23:20:00,140,,
876,2024-02-29 23:20:00,140,,
877,2024-02-29 23:20:00,140,,
878,2024-02-29 23:20:00,140,,
879,2024-02-29 23:20:00,140,,
880,2024-02-29 23:20:00,140,,
881,2024-02-29 23:20:00,140,,
882,2024-02-29 23:20:00,140,,
883,2024-02-29 23:20:00,140,,
884,2024-02-29 23:20:00,140,,
885,2024-02-29 23:20:00,140,,
886,2024-02-29 23:20:00,140,,
887,2024-02-29 23:20:00,140,,
888,2024-02-29 23:20:00,140,,
889,2024-02-29 23:20:00,140,,
890,2024-02-29 23:20:00,140,,
891,2024-02-29 23:20:00,140,,
892,2024-02-29 23:20:00,140,,
893,2024-02-29 23:20:00,140,,
894,2024-02-29 23:20:00,140,,
895,2024-02-29 23:20:00,140,,
896,2024-02-29 23:20:00,140,,
897,2024-02-29 23:20:00,140,,
898,2024-02-29 23:20:00,140,,
899,2024-02-29 23:20:00,140,,
900,2024-02-29 23:20:00,140,,
901,2024-02-29 23:20:00,140,,
902,2024-02-29 23:20:00,140,,
903,2024-02-29 23:20:00,140,,
904,2024-02-29 23:20:00,140,,
905,2024-02-29 23:20:00,140,,
906,2024-02-29 23:20:00,140,,
907,2024-02-29 23:20:00,140,,
908,2024-02-29 23:20:00,140,,
909,2024-02-29 23:20:00,140,,
910,2024-02-29 23:20:00,140,,
911,2024-02-29 23:20:00,140,,
912,2024-02-29 23:20:00,140,,
913,2024-02-29 23:20:00,140,,
914,2024-02-29 23:20:00,140,,
915,2024-02-29 23:20:00,140,,
916,2024-02-29 23:20:00,140,,
917,2024-02-29 23:20:00,140,,
918,2024-02-29 23:20:00,140,,
919,2024-02-29 23:20:00,140,,
920,2024-02-29 23:20:00,140,,
921,2024-02-29 23:20:00,140,,
922,2024-02-29 23:20:00,140,,
923,2024-02-29 23:20:00,140,,
924,2024-02-29 23:20:00,140,,
925,2024-02-29 23:20:00,140,,
926,2024-02-29 23:20:00,140,,
927,2024-02-29 23:20:00,140,,
928,2024-02-29 23:20:00,140,,
929,2024-02-29 23:20:00,140,,
930,2024-02-29 23:20:00,140,,
931,2024-02-29 23:20:00,140,,
932,2024-02-29 23:20:00,140,,
933,2024-02-29 23:20:00,140,,
934,2024-02-29 23:20:00,140,,
935,2024-02-29 23:20:00,140,,
936,2024-02-29 23:20:00,140,,
937,2024-02-29 23:20:00,140,,
938,2024-02-29 23:20:00,140,,
939,2024-02-29 23:20:00,140,,
940,2024-02-29 23:20:00,140,,
941,2024-02-29 23:20:00,140,,
942,2024-02-29 23:20:00,140,,
943,2024-02-29 23:20:00,140,,
944,2024-02-29 23:20:00,140,,
945,2024-02-29 23:20:00,140,,
946,2024-02-29 23:20:00,140,,
947,2024-02-29 23:20:00,140,,
948,2024-02-29 23:20:00,140,,
949,2024-02-29 23:20:00,140,,
950,2024-02-29 23:20:00,140,,
951,2024-02-29 23:20:00,140,,
952,2024-02-29 23:20:00,140,,
953,2024-02-29 23:20:00,140,,
954,2024-02-29 23:20:00,140,,
955,2024-02-29 23:20:00,140,,
956,2024-02-29 23:20:00,140,,
957,2024-02-29 23:20:00,140,,
958,2024-02-29 23:20:00,140,,
959,2024-02-29 23:20:00,140,,
960,2024-02-29 23:20:00,140,,
961,2024-02-29 23:20:00,140,,
962,2024-02-29 23:20:00,140,,
963,2024-02-29 23:20:00,140,,
964,2024-02-29 23:20:00,140,,
965,2024-02-29 23:20:00,140,,
966,2024-02-29 23:20:00,140,,
967,2024-02-29 23:20:00,140,,
968,2024-02-29 23:20:00,140,,
969,2024-02-29 23:20:00,140,,
970,2024-02-29 23:20:00,140,,
971,2024-02-29 23:20:00,140,,
972,2024-02-29 23:20:00,140,,
973,2024-02-29 23:20:00,140,,
974,2024-02-29 23:20:00,140,,
975,2024-02-29 23:20:00,140,,
976,2024-02-29 23:20:00,140,,
977,2024-02-29 23:20:00,140,,
978,2024-02-29 23:20:00,140,,
979,2024-02-29 23:20:00,140,,
980,2024-02-29 23:20:00,140,,
981,2024-02-29 23:20:00,140,,
982,2024-02-29 23:20:00,140,,
983,2024-02-29 23:20:00,140,,
984,2024-02-29 23:20:00,140,,
985,2024-02-29 23:20:00,140,,
986,2024-02-29 23:20:00,140,,
987,2024-02-29 23:20:00,140,,
988,2024-02-29 23:20:00,140,,
989,2024-02-29 23:20:00,140,,
990,2024-02-29 23:20:00,140,,
991,2024-02-29 23:20:00,140,,
992,2024-02-29 23:20:00,140,,
993,2024-02-29 23:20:00,140,,
994,2024-02-29 23:20:00,140,,
995,2024-02-29 23:20:00,140,,
996,2024-02-29 23:20:00,140,,
997,2024-02-29 23:20:00,140,,
998,2024-02-29 23:20:00,140,,
999,2024-02-29 23:20:00,140,,
1000,2024-02-29 23:20:00,140,,
1001,2024-02-29 23:20:00,140,,
1002,2024-02-29 23:20:00,140,,
1003,2024-02-29 23:20:00,140,,
1004,2024-02-29 23:20:00,140,,
1005,2024-02-29 23:20:00,140,,
1006,2024-02-29 23:20:00,140,,
792,2024-02-29 23:30:00,141,,
793,2024-02-29 23:30:00,141,,
794,2024-02-29 23:30:00,141,,
795,2024-02-29 23:30:00,141,,
796,2024-02-29 23:30:00,141,,
797,2024-02-29 23:30:00,141,,
798,2024-02-29 23:30:00,141,,
799,2024-02-29 23:30:00,141,,
800,2024-02-29 23:30:00,141,,
801,2024-02-29 23:30:00,141,,
802,2024-02-29 23:30:00,141,,
803,2024-02-29 23:30:00,141,,
804,2024-02-29 23:30:00,141,,
805,2024-02-29 23:30:00,141,,
806,2024-02-29 23:30:00,141,,
807,2024-02-29 23:30:00,141,,
808,2024-02-29 23:30:00,141,,
809,2024-02-29 23:30:00,141,,
810,2024-02-29 23:30:00,141,,
811,2024-02-29 23:30:00,141,,
812,2024-02-29 23:30:00,141,,
813,2024-02-29 23:30:00,141,,
814,2024-02-29 23:30:00,141,,
815,2024-02-29 23:30:00,141,,
816,2024-02-29 23:30:00,141,,
817,2024-02-29 23:30:00,141,,
818,2024-02-29 23:30:00,141,,
819,2024-02-29 23:30:00,141,,
820,2024-02-29 23:30:00,141,,
821,2024-02-29 23:30:00,141,,
822,2024-02-29 23:30:00,141,,
823,2024-02-29 23:30:00,141,,
824,2024-02-29 23:30:00,141,,
825,2024-02-29 23:30:00,141,,
826,2024-02-29 23:30:00,141,,
827,2024-02-29 23:30:00,141,,
828,2024-02-29 23:30:00,141,,
829,2024-02-29 23:30:00,141,,
830,2024-02-29 23:30:00,141,,
831,2024-02-29 23:30:00,141,,
832,2024-02-29 23:30:00,141,,
833,2024-02-29 23:30:00,141,,
834,2024-02-29 23:30:00,141,,
835,2024-02-29 23:30:00,141,,
836,2024-02-29 23:30:00,141,,
837,2024-02-29 23:30:00,141,,
838,2024-02-29 23:30:00,141,,
839,2024-02-29 23:30:00,141,,
840,2024-02-29 23:30:00,141,,
841,2024-02-29 23:30:00,141,,
842,2024-02-29 23:30:00,141,,
843,2024-02-29 23:30:00,141,,
844,2024-02-29 23:30:00,141,,
845,2024-02-29 23:30:00,141,,
846,2024-02-29 23:30:00,141,,
847,2024-02-29 23:30:00,141,,
848,2024-02-29 23:30:00,141,,
849,2024-02-29 23:30:00,141,,
850,2024-02-29 23:30:00,141,,
851,2024-02-29 23:30:00,141,,
852,2024-02-29 23:30:00,141,,
853,2024-02-29 23:30:00,141,,
854,2024-02-29 23:30:00,141,,
855,2024-02-29 23:30:00,141,,
856,2024-02-29 23:30:00,141,,
857,2024-02-29 23:30:00,141,,
858,2024-02-29 23:30:00,141,,
859,2024-02-29 23:30:00,141,,
860,2024-02-29 23:30:00,141,,
861,2024-02-29 23:30:00,141,,
862,2024-02-29 23:30:00,141,,
863,2024-02-29 23:30:00,141,,
864,2024-02-29 23:30:00,141,,
865,2024-02-29 23:30:00,141,,
866,2024-02-29 23:30:00,141,,
867,2024-02-29 23:30:00,141,,
868,2024-02-29 23:30:00,141,,
869,2024-02-29 23:30:00,141,,
870,2024-02-29 23:30:00,141,,
871,2024-02-29 23:30:00,141,,
872,2024-02-29 23:30:00,141,,
873,2024-02-29 23:30:00,141,,
874,2024-02-29 23:30:00,141,,
875,2024-02-29 23:30:00,141,,
876,2024-02-29 23:30:00,141,,
877,2024-02-29 23:30:00,141,,
878,2024-02-29 23:30:00,141,,
879,2024-02-29 23:30:00,141,,
880,2024-02-29 23:30:00,141,,
881,2024-02-29 23:30:00,141,,
882,2024-02-29 23:30:00,141,,
883,2024-02-29 23:30:00,141,,
884,2024-02-29 23:30:00,141,,
885,2024-02-29 23:30:00,141,,
886,2024-02-29 23:30:00,141,,
887,2024-02-29 23:30:00,141,,
888,2024-02-29 23:30:00,141,,
889,2024-02-29 23:30:00,141,,
890,2024-02-29 23:30:00,141,,
891,2024-02-29 23:30:00,141,,
892,2024-02-29 23:30:00,141,,
893,2024-02-29 23:30:00,141,,
894,2024-02-29 23:30:00,141,,
895,2024-02-29 23:30:00,141,,
896,2024-02-29 23:30:00,141,,
897,2024-02-29 23:30:00,141,,
898,2024-02-29 23:30:00,141,,
899,2024-02-29 23:30:00,141,,
900,2024-02-29 23:30:00,141,,
901,2024-02-29 23:30:00,141,,
902,2024-02-29 23:30:00,141,,
903,2024-02-29 23:30:00,141,,
904,2024-02-29 23:30:00,141,,
905,2024-02-29 23:30:00,141,,
906,2024-02-29 23:30:00,141,,
907,2024-02-29 23:30:00,141,,
908,2024-02-29 23:30:00,141,,
909,2024-02-29 23:30:00,141,,
910,2024-02-29 23:30:00,141,,
911,2024-02-29 23:30:00,141,,
912,2024-02-29 23:30:00,141,,
913,2024-02-29 23:30:00,141,,
914,2024-02-29 23:30:00,141,,
915,2024-02-29 23:30:00,141,,
916,2024-02-29 23:30:00,141,,
917,2024-02-29 23:30:00,141,,
918,2024-02-29 23:30:00,141,,
919,2024-02-29 23:30:00,141,,
920,2024-02-29 23:30:00,141,,
921,2024-02-29 23:30:00,141,,
922,2024-02-29 23:30:00,141,,
923,2024-02-29 23:30:00,141,,
924,2024-02-29 23:30:00,141,,
925,2024-02-29 23:30:00,141,,
926,2024-02-29 23:30:00,141,,
927,2024-02-29 23:30:00,141,,
928,2024-02-29 23:30:00,141,,
929,2024-02-29 23:30:00,141,,
930,2024-02-29 23:30:00,141,,
931,2024-02-29 23:30:00,141,,
932,2024-02-29 23:30:00,141,,
933,2024-02-29 23:30:00,141,,
934,2024-02-29 23:30:00,141,,
935,2024-02-29 23:30:00,141,,
936,2024-02-29 23:30:00,141,,
937,2024-02-29 23:30:00,141,,
938,2024-02-29 23:30:00,141,,
939,2024-02-29 23:30:00,141,,
940,2024-02-29 23:30:00,141,,
941,2024-02-29 23:30:00,141,,
942,2024-02-29 23:30:00,141,,
943,2024-02-29 23:30:00,141,,
944,2024-02-29 23:30:00,141,,
945,2024-02-29 23:30:00,141,,
946,2024-02-29 23:30:00,141,,
947,2024-02-29 23:30:00,141,,
948,2024-02-29 23:30:00,141,,
949,2024-02-29 23:30:00,141,,
950,2024-02-29 23:30:00,141,,
951,2024-02-29 23:30:00,141,,
952,2024-02-29 23:30:00,141,,
953,2024-02-29 23:30:00,141,,
954,2024-02-29 23:30:00,141,,
955,2024-02-29 23:30:00,141,,
956,2024-02-29 23:30:00,141,,
957,2024-02-29 23:30:00,141,,
958,2024-02-29 23:30:00,141,,
959,2024-02-29 23:30:00,141,,
960,2024-02-29 23:30:00,141,,
961,2024-02-29 23:30:00,141,,
962,2024-02-29 23:30:00,141,,
963,2024-02-29 23:30:00,141,,
964,2024-02-29 23:30:00,141,,
965,2024-02-29 23:30:00,141,,
966,2024-02-29 23:30:00,141,,
967,2024-02-29 23:30:00,141,,
968,2024-02-29 23:30:00,141,,
969,2024-02-29 23:30:00,141,,
970,2024-02-29 23:30:00,141,,
971,2024-02-29 23:30:00,141,,
972,2024-02-29 23:30:00,141,,
973,2024-02-29 23:30:00,141,,
974,2024-02-29 23:30:00,141,,
975,2024-02-29 23:30:00,141,,
976,2024-02-29 23:30:00,141,,
977,2024-02-29 23:30:00,141,,
978,2024-02-29 23:30:00,141,,
979,2024-02-29 23:30:00,141,,
980,2024-02-29 23:30:00,141,,
981,2024-02-29 23:30:00,141,,
982,2024-02-29 23:30:00,141,,
983,2024-02-29 23:30:00,141,,
984,2024-02-29 23:30:00,141,,
985,2024-02-29 23:30:00,141,,
986,2024-02-29 23:30:00,141,,
987,2024-02-29 23:30:00,141,,
988,2024-02-29 23:30:00,141,,
989,2024-02-29 23:30:00,141,,
990,2024-02-29 23:30:00,141,,
991,2024-02-29 23:30:00,141,,
992,2024-02-29 23:30:00,141,,
993,2024-02-29 23:30:00,141,,
994,2024-02-29 23:30:00,141,,
995,2024-02-29 23:30:00,141,,
996,2024-02-29 23:30:00,141,,
997,2024-02-29 23:30:00,141,,
998,2024-02-29 23:30:00,141,,
999,2024-02-29 23:30:00,141,,
1000,2024-02-29 23:30:00,141,,
1001,2024-02-29 23:30:00,141,,
1002,2024-02-29 23:30:00,141,,
1003,2024-02-29 23:30:00,141,,
1004,2024-02-29 23:30:00,141,,
1005,2024-02-29 23:30:00,141,,
1006,2024-02-29 23:30:00,141,,
792,2024-02-29 23:40:00,142,,
793,2024-02-29 23:40:00,142,,
794,2024-02-29 23:40:00,142,,
795,2024-02-29 23:40:00,142,,
796,2024-02-29 23:40:00,142,,
797,2024-02-29 23:40:00,142,,
798,2024-02-29 23:40:00,142,,
799,2024-02-29 23:40:00,142,,
800,2024-02-29 23:40:00,142,,
801,2024-02-29 23:40:00,142,,
802,2024-02-29 23:40:00,142,,
803,2024-02-29 23:40:00,142,,
804,2024-02-29 23:40:00,142,,
805,2024-02-29 23:40:00,142,,
806,2024-02-29 23:40:00,142,,
807,2024-02-29 23:40:00,142,,
808,2024-02-29 23:40:00,142,,
809,2024-02-29 23:40:00,142,,
810,2024-02-29 23:40:00,142,,
811,2024-02-29 23:40:00,142,,
812,2024-02-29 23:40:00,142,,
813,2024-02-29 23:40:00,142,,
814,2024-02-29 23:40:00,142,,
815,2024-02-29 23:40:00,142,,
816,2024-02-29 23:40:00,142,,
817,2024-02-29 23:40:00,142,,
818,2024-02-29 23:40:00,142,,
819,2024-02-29 23:40:00,142,,
820,2024-02-29 23:40:00,142,,
821,2024-02-29 23:40:00,142,,
822,2024-02-29 23:40:00,142,,
823,2024-02-29 23:40:00,142,,
824,2024-02-29 23:40:00,142,,
825,2024-02-29 23:40:00,142,,
826,2024-02-29 23:40:00,142,,
827,2024-02-29 23:40:00,142,,
828,2024-02-29 23:40:00,142,,
829,2024-02-29 23:40:00,142,,
830,2024-02-29 23:40:00,142,,
831,2024-02-29 23:40:00,142,,
832,2024-02-29 23:40:00,142,,
833,2024-02-29 23:40:00,142,,
834,2024-02-29 23:40:00,142,,
835,2024-02-29 23:40:00,142,,
836,2024-02-29 23:40:00,142,,
837,2024-02-29 23:40:00,142,,
838,2024-02-29 23:40:00,142,,
839,2024-02-29 23:40:00,142,,
840,2024-02-29 23:40:00,142,,
841,2024-02-29 23:40:00,142,,
842,2024-02-29 23:40:00,142,,
843,2024-02-29 23:40:00,142,,
844,2024-02-29 23:40:00,142,,
845,2024-02-29 23:40:00,142,,
846,2024-02-29 23:40:00,142,,
847,2024-02-29 23:40:00,142,,
848,2024-02-29 23:40:00,142,,
849,2024-02-29 23:40:00,142,,
850,2024-02-29 23:40:00,142,,
851,2024-02-29 23:40:00,142,,
852,2024-02-29 23:40:00,142,,
853,2024-02-29 23:40:00,142,,
854,2024-02-29 23:40:00,142,,
855,2024-02-29 23:40:00,142,,
856,2024-02-29 23:40:00,142,,
857,2024-02-29 23:40:00,142,,
858,2024-02-29 23:40:00,142,,
859,2024-02-29 23:40:00,142,,
860,2024-02-29 23:40:00,142,,
861,2024-02-29 23:40:00,142,,
862,2024-02-29 23:40:00,142,,
863,2024-02-29 23:40:00,142,,
864,2024-02-29 23:40:00,142,,
865,2024-02-29 23:40:00,142,,
866,2024-02-29 23:40:00,142,,
867,2024-02-29 23:40:00,142,,
868,2024-02-29 23:40:00,142,,
869,2024-02-29 23:40:00,142,,
870,2024-02-29 23:40:00,142,,
871,2024-02-29 23:40:00,142,,
872,2024-02-29 23:40:00,142,,
873,2024-02-29 23:40:00,142,,
874,2024-02-29 23:40:00,142,,
875,2024-02-29 23:40:00,142,,
876,2024-02-29 23:40:00,142,,
877,2024-02-29 23:40:00,142,,
878,2024-02-29 23:40:00,142,,
879,2024-02-29 23:40:00,142,,
880,2024-02-29 23:40:00,142,,
881,2024-02-29 23:40:00,142,,
882,2024-02-29 23:40:00,142,,
883,2024-02-29 23:40:00,142,,
884,2024-02-29 23:40:00,142,,
885,2024-02-29 23:40:00,142,,
886,2024-02-29 23:40:00,142,,
887,2024-02-29 23:40:00,142,,
888,2024-02-29 23:40:00,142,,
889,2024-02-29 23:40:00,142,,
890,2024-02-29 23:40:00,142,,
891,2024-02-29 23:40:00,142,,
892,2024-02-29 23:40:00,142,,
893,2024-02-29 23:40:00,142,,
894,2024-02-29 23:40:00,142,,
895,2024-02-29 23:40:00,142,,
896,2024-02-29 23:40:00,142,,
897,2024-02-29 23:40:00,142,,
898,2024-02-29 23:40:00,142,,
899,2024-02-29 23:40:00,142,,
900,2024-02-29 23:40:00,142,,
901,2024-02-29 23:40:00,142,,
902,2024-02-29 23:40:00,142,,
903,2024-02-29 23:40:00,142,,
904,2024-02-29 23:40:00,142,,
905,2024-02-29 23:40:00,142,,
906,2024-02-29 23:40:00,142,,
907,2024-02-29 23:40:00,142,,
908,2024-02-29 23:40:00,142,,
909,2024-02-29 23:40:00,142,,
910,2024-02-29 23:40:00,142,,
911,2024-02-29 23:40:00,142,,
912,2024-02-29 23:40:00,142,,
913,2024-02-29 23:40:00,142,,
914,2024-02-29 23:40:00,142,,
915,2024-02-29 23:40:00,142,,
916,2024-02-29 23:40:00,142,,
917,2024-02-29 23:40:00,142,,
918,2024-02-29 23:40:00,142,,
919,2024-02-29 23:40:00,142,,
920,2024-02-29 23:40:00,142,,
921,2024-02-29 23:40:00,142,,
922,2024-02-29 23:40:00,142,,
923,2024-02-29 23:40:00,142,,
924,2024-02-29 23:40:00,142,,
925,2024-02-29 23:40:00,142,,
926,2024-02-29 23:40:00,142,,
927,2024-02-29 23:40:00,142,,
928,2024-02-29 23:40:00,142,,
929,2024-02-29 23:40:00,142,,
930,2024-02-29 23:40:00,142,,
931,2024-02-29 23:40:00,142,,
932,2024-02-29 23:40:00,142,,
933,2024-02-29 23:40:00,142,,
934,2024-02-29 23:40:00,142,,
935,2024-02-29 23:40:00,142,,
936,2024-02-29 23:40:00,142,,
937,2024-02-29 23:40:00,142,,
938,2024-02-29 23:40:00,142,,
939,2024-02-29 23:40:00,142,,
940,2024-02-29 23:40:00,142,,
941,2024-02-29 23:40:00,142,,
942,2024-02-29 23:40:00,142,,
943,2024-02-29 23:40:00,142,,
944,2024-02-29 23:40:00,142,,
945,2024-02-29 23:40:00,142,,
946,2024-02-29 23:40:00,142,,
947,2024-02-29 23:40:00,142,,
948,2024-02-29 23:40:00,142,,
949,2024-02-29 23:40:00,142,,
950,2024-02-29 23:40:00,142,,
951,2024-02-29 23:40:00,142,,
952,2024-02-29 23:40:00,142,,
953,2024-02-29 23:40:00,142,,
954,2024-02-29 23:40:00,142,,
955,2024-02-29 23:40:00,142,,
956,2024-02-29 23:40:00,142,,
957,2024-02-29 23:40:00,142,,
958,2024-02-29 23:40:00,142,,
959,2024-02-29 23:40:00,142,,
960,2024-02-29 23:40:00,142,,
961,2024-02-29 23:40:00,142,,
962,2024-02-29 23:40:00,142,,
963,2024-02-29 23:40:00,142,,
964,2024-02-29 23:40:00,142,,
965,2024-02-29 23:40:00,142,,
966,2024-02-29 23:40:00,142,,
967,2024-02-29 23:40:00,142,,
968,2024-02-29 23:40:00,142,,
969,2024-02-29 23:40:00,142,,
970,2024-02-29 23:40:00,142,,
971,2024-02-29 23:40:00,142,,
972,2024-02-29 23:40:00,142,,
973,2024-02-29 23:40:00,142,,
974,2024-02-29 23:40:00,142,,
975,2024-02-29 23:40:00,142,,
976,2024-02-29 23:40:00,142,,
977,2024-02-29 23:40:00,142,,
978,2024-02-29 23:40:00,142,,
979,2024-02-29 23:40:00,142,,
980,2024-02-29 23:40:00,142,,
981,2024-02-29 23:40:00,142,,
982,2024-02-29 23:40:00,142,,
983,2024-02-29 23:40:00,142,,
984,2024-02-29 23:40:00,142,,
985,2024-02-29 23:40:00,142,,
986,2024-02-29 23:40:00,142,,
987,2024-02-29 23:40:00,142,,
988,2024-02-29 23:40:00,142,,
989,2024-02-29 23:40:00,142,,
990,2024-02-29 23:40:00,142,,
991,2024-02-29 23:40:00,142,,
992,2024-02-29 23:40:00,142,,
993,2024-02-29 23:40:00,142,,
994,2024-02-29 23:40:00,142,,
995,2024-02-29 23:40:00,142,,
996,2024-02-29 23:40:00,142,,
997,2024-02-29 23:40:00,142,,
998,2024-02-29 23:40:00,142,,
999,2024-02-29 23:40:00,142,,
1000,2024-02-29 23:40:00,142,,
1001,2024-02-29 23:40:00,142,,
1002,2024-02-29 23:40:00,142,,
1003,2024-02-29 23:40:00,142,,
1004,2024-02-29 23:40:00,142,,
1005,2024-02-29 23:40:00,142,,
1006,2024-02-29 23:40:00,142,,
2,2024-02-29 23:50:00,143,32.0,61.56
3,2024-02-29 23:50:00,143,37.0,69.68
4,2024-02-29 23:50:00,143,70.0,64.77
5,2024-02-29 23:50:00,143,44.0,73.89
6,2024-02-29 23:50:00,143,45.0,86.09
7,2024-02-29 23:50:00,143,55.0,52.05
8,2024-02-29 23:50:00,143,43.0,66.0
9,2024-02-29 23:50:00,143,33.0,80.36
10,2024-02-29 23:50:00,143,82.0,66.22
11,2024-02-29 23:50:00,143,103.0,62.79
12,2024-02-29 23:50:00,143,214.0,68.08
13,2024-02-29 23:50:00,143,223.0,59.43
14,2024-02-29 23:50:00,143,113.0,67.14
15,2024-02-29 23:50:00,143,119.0,71.34
16,2024-02-29 23:50:00,143,102.0,61.0
17,2024-02-29 23:50:00,143,80.0,73.22
18,2024-02-29 23:50:00,143,147.0,62.43
19,2024-02-29 23:50:00,143,122.0,67.15
20,2024-02-29 23:50:00,143,140.0,46.76
21,2024-02-29 23:50:00,143,129.0,58.2
22,2024-02-29 23:50:00,143,99.0,73.59
23,2024-02-29 23:50:00,143,95.0,60.19
24,2024-02-29 23:50:00,143,177.0,45.96
25,2024-02-29 23:50:00,143,159.0,79.28
26,2024-02-29 23:50:00,143,124.0,77.65
27,2024-02-29 23:50:00,143,181.0,82.88
28,2024-02-29 23:50:00,143,173.0,88.92
29,2024-02-29 23:50:00,143,150.0,87.43
30,2024-02-29 23:50:00,143,149.0,71.61
31,2024-02-29 23:50:00,143,82.0,82.67
32,2024-02-29 23:50:00,143,80.0,90.14
33,2024-02-29 23:50:00,143,87.0,93.55
34,2024-02-29 23:50:00,143,70.0,89.01
35,2024-02-29 23:50:00,143,67.0,79.36
36,2024-02-29 23:50:00,143,73.0,103.7
37,2024-02-29 23:50:00,143,82.0,87.98
38,2024-02-29 23:50:00,143,94.0,56.14
39,2024-02-29 23:50:00,143,56.0,60.75
40,2024-02-29 23:50:00,143,53.0,68.23
41,2024-02-29 23:50:00,143,45.0,41.07
42,2024-02-29 23:50:00,143,72.0,42.53
43,2024-02-29 23:50:00,143,101.0,50.41
44,2024-02-29 23:50:00,143,96.0,58.99
45,2024-02-29 23:50:00,143,74.0,68.36
46,2024-02-29 23:50:00,143,78.0,68.92
47,2024-02-29 23:50:00,143,82.0,66.05
48,2024-02-29 23:50:00,143,80.0,71.17
49,2024-02-29 23:50:00,143,65.0,74.55
50,2024-02-29 23:50:00,143,169.0,65.72
51,2024-02-29 23:50:00,143,131.0,50.71
52,2024-02-29 23:50:00,143,90.0,80.67
53,2024-02-29 23:50:00,143,61.0,78.16
54,2024-02-29 23:50:00,143,84.0,80.23
55,2024-02-29 23:50:00,143,70.0,58.16
56,2024-02-29 23:50:00,143,65.0,78.92
57,2024-02-29 23:50:00,143,58.0,81.19
58,2024-02-29 23:50:00,143,74.0,64.85
59,2024-02-29 23:50:00,143,61.0,73.51
60,2024-02-29 23:50:00,143,46.0,71.76
61,2024-02-29 23:50:00,143,13.0,90.31
62,2024-02-29 23:50:00,143,13.0,57.92
63,2024-02-29 23:50:00,143,74.0,83.11
64,2024-02-29 23:50:00,143,88.0,92.49
65,2024-02-29 23:50:00,143,112.0,94.48
66,2024-02-29 23:50:00,143,99.0,103.26
67,2024-02-29 23:50:00,143,101.0,103.14
68,2024-02-29 23:50:00,143,97.0,94.73
69,2024-02-29 23:50:00,143,39.0,86.87
70,2024-02-29 23:50:00,143,39.0,97.36
71,2024-02-29 23:50:00,143,36.0,90.39
72,2024-02-29 23:50:00,143,44.0,84.34
73,2024-02-29 23:50:00,143,27.0,79.7
74,2024-02-29 23:50:00,143,43.0,98.95
75,2024-02-29 23:50:00,143,74.0,79.62
76,2024-02-29 23:50:00,143,55.0,85.71
77,2024-02-29 23:50:00,143,97.0,103.15
78,2024-02-29 23:50:00,143,86.0,91.71
79,2024-02-29 23:50:00,143,92.0,93.3
80,2024-02-29 23:50:00,143,100.0,100.72
81,2024-02-29 23:50:00,143,34.0,80.5
82,2024-02-29 23:50:00,143,37.0,80.3
83,2024-02-29 23:50:00,143,64.0,95.05
84,2024-02-29 23:50:00,143,42.0,81.17
85,2024-02-29 23:50:00,143,32.0,82.16
87,2024-02-29 23:50:00,143,21.0,75.67
88,2024-02-29 23:50:00,143,79.0,86.68
89,2024-02-29 23:50:00,143,80.0,107.85
90,2024-02-29 23:50:00,143,79.0,108.68
91,2024-02-29 23:50:00,143,132.0,85.04
92,2024-02-29 23:50:00,143,145.0,96.41
93,2024-02-29 23:50:00,143,154.0,107.31
94,2024-02-29 23:50:00,143,138.0,97.14
95,2024-02-29 23:50:00,143,154.0,91.23
96,2024-02-29 23:50:00,143,131.0,85.87
97,2024-02-29 23:50:00,143,139.0,77.73
98,2024-02-29 23:50:00,143,172.0,86.57
99,2024-02-29 23:50:00,143,52.0,80.5
100,2024-02-29 23:50:00,143,32.0,73.22
101,2024-02-29 23:50:00,143,11.0,56.82
102,2024-02-29 23:50:00,143,52.0,85.71
104,2024-02-29 23:50:00,143,80.0,110.95
105,2024-02-29 23:50:00,143,66.0,97.42
106,2024-02-29 23:50:00,143,141.0,104.8
107,2024-02-29 23:50:00,143,155.0,97.57
109,2024-02-29 23:50:00,143,134.0,97.15
110,2024-02-29 23:50:00,143,136.0,105.1
111,2024-02-29 23:50:00,143,82.0,94.21
112,2024-02-29 23:50:00,143,74.0,122.27
113,2024-02-29 23:50:00,143,34.0,87.35
114,2024-02-29 23:50:00,143,37.0,90.97
115,2024-02-29 23:50:00,143,59.0,85.97
116,2024-02-29 23:50:00,143,58.0,85.69
117,2024-02-29 23:50:00,143,59.0,103.15
118,2024-02-29 23:50:00,143,53.0,88.36
119,2024-02-29 23:50:00,143,48.0,94.44
120,2024-02-29 23:50:00,143,55.0,108.78
121,2024-02-29 23:50:00,143,60.0,102.65
122,2024-02-29 23:50:00,143,25.0,97.84
123,2024-02-29 23:50:00,143,21.0,113.24
124,2024-02-29 23:50:00,143,23.0,83.13
125,2024-02-29 23:50:00,143,125.0,106.93
126,2024-02-29 23:50:00,143,60.0,93.32
127,2024-02-29 23:50:00,143,67.0,92.43
128,2024-02-29 23:50:00,143,130.0,112.79
129,2024-02-29 23:50:00,143,122.0,114.81
130,2024-02-29 23:50:00,143,119.0,109.34
131,2024-02-29 23:50:00,143,123.0,107.28
132,2024-02-29 23:50:00,143,117.0,92.08
133,2024-02-29 23:50:00,143,48.0,83.75
134,2024-02-29 23:50:00,143,70.0,80.01
135,2024-02-29 23:50:00,143,25.0,64.44
136,2024-02-29 23:50:00,143,20.0,91.6
137,2024-02-29 23:50:00,143,23.0,80.52
138,2024-02-29 23:50:00,143,61.0,77.43
139,2024-02-29 23:50:00,143,90.0,81.41
140,2024-02-29 23:50:00,143,125.0,84.81
141,2024-02-29 23:50:00,143,148.0,73.87
142,2024-02-29 23:50:00,143,94.0,87.27
143,2024-02-29 23:50:00,143,85.0,81.09
144,2024-02-29 23:50:00,143,152.0,77.09
145,2024-02-29 23:50:00,143,84.0,68.37
146,2024-02-29 23:50:00,143,77.0,76.49
147,2024-02-29 23:50:00,143,84.0,88.26
148,2024-02-29 23:50:00,143,73.0,92.22
149,2024-02-29 23:50:00,143,48.0,74.9
150,2024-02-29 23:50:00,143,51.0,79.18
151,2024-02-29 23:50:00,143,70.0,64.29
152,2024-02-29 23:50:00,143,67.0,79.69
153,2024-02-29 23:50:00,143,17.0,71.06
154,2024-02-29 23:50:00,143,20.0,67.75
155,2024-02-29 23:50:00,143,53.0,96.64
156,2024-02-29 23:50:00,143,74.0,96.34
157,2024-02-29 23:50:00,143,8.0,36.75
158,2024-02-29 23:50:00,143,13.0,50.31
159,2024-02-29 23:50:00,143,39.0,72.54
160,2024-02-29 23:50:00,143,35.0,78.69
161,2024-02-29 23:50:00,143,44.0,41.91
162,2024-02-29 23:50:00,143,41.0,77.24
163,2024-02-29 23:50:00,143,44.0,78.18
164,2024-02-29 23:50:00,143,65.0,63.46
165,2024-02-29 23:50:00,143,62.0,80.71
166,2024-02-29 23:50:00,143,76.0,74.43
167,2024-02-29 23:50:00,143,10.0,83.7
168,2024-02-29 23:50:00,143,107.0,74.7
169,2024-02-29 23:50:00,143,84.0,70.6
170,2024-02-29 23:50:00,143,119.0,82.95
171,2024-02-29 23:50:00,143,123.0,81.75
172,2024-02-29 23:50:00,143,86.0,82.66
173,2024-02-29 23:50:00,143,101.0,86.98
174,2024-02-29 23:50:00,143,140.0,85.38
175,2024-02-29 23:50:00,143,91.0,74.36
176,2024-02-29 23:50:00,143,23.0,111.35
177,2024-02-29 23:50:00,143,42.0,102.24
179,2024-02-29 23:50:00,143,68.0,73.53
181,2024-02-29 23:50:00,143,32.0,65.81
182,2024-02-29 23:50:00,143,78.0,55.26
183,2024-02-29 23:50:00,143,145.0,66.85
184,2024-02-29 23:50:00,143,103.0,57.09
187,2024-02-29 23:50:00,143,92.0,67.72
188,2024-02-29 23:50:00,143,52.0,73.31
189,2024-02-29 23:50:00,143,50.0,65.68
190,2024-02-29 23:50:00,143,102.0,76.99
191,2024-02-29 23:50:00,143,99.0,66.85
192,2024-02-29 23:50:00,143,95.0,57.8
193,2024-02-29 23:50:00,143,102.0,84.39
194,2024-02-29 23:50:00,143,103.0,71.79
195,2024-02-29 23:50:00,143,81.0,67.72
196,2024-02-29 23:50:00,143,107.0,84.21
197,2024-02-29 23:50:00,143,90.0,91.52
198,2024-02-29 23:50:00,143,173.0,87.57
199,2024-02-29 23:50:00,143,119.0,87.39
200,2024-02-29 23:50:00,143,108.0,75.17
201,2024-02-29 23:50:00,143,158.0,77.73
202,2024-02-29 23:50:00,143,173.0,60.58
203,2024-02-29 23:50:00,143,119.0,61.71
204,2024-02-29 23:50:00,143,92.0,75.67
205,2024-02-29 23:50:00,143,112.0,92.88
206,2024-02-29 23:50:00,143,67.0,89.43
207,2024-02-29 23:50:00,143,86.0,80.64
208,2024-02-29 23:50:00,143,77.0,71.27
209,2024-02-29 23:50:00,143,81.0,75.27
210,2024-02-29 23:50:00,143,46.0,91.13
211,2024-02-29 23:50:00,143,46.0,86.65
212,2024-02-29 23:50:00,143,90.0,83.47
213,2024-02-29 23:50:00,143,68.0,82.85
214,2024-02-29 23:50:00,143,145.0,80.48
215,2024-02-29 23:50:00,143,104.0,81.99
216,2024-02-29 23:50:00,143,149.0,64.3
217,2024-02-29 23:50:00,143,143.0,80.98
218,2024-02-29 23:50:00,143,115.0,87.92
219,2024-02-29 23:50:00,143,118.0,85.41
220,2024-02-29 23:50:00,143,89.0,83.13
221,2024-02-29 23:50:00,143,77.0,84.64
222,2024-02-29 23:50:00,143,51.0,81.67
223,2024-02-29 23:50:00,143,67.0,72.46
224,2024-02-29 23:50:00,143,62.0,69.39
225,2024-02-29 23:50:00,143,65.0,83.82
226,2024-02-29 23:50:00,143,95.0,69.43
227,2024-02-29 23:50:00,143,60.0,69.68
228,2024-02-29 23:50:00,143,42.0,60.26
229,2024-02-29 23:50:00,143,52.0,61.1
230,2024-02-29 23:50:00,143,74.0,68.85
231,2024-02-29 23:50:00,143,58.0,74.76
234,2024-02-29 23:50:00,143,154.0,54.8
235,2024-02-29 23:50:00,143,198.0,66.3
236,2024-02-29 23:50:00,143,78.0,48.49
237,2024-02-29 23:50:00,143,24.0,71.33
238,2024-02-29 23:50:00,143,22.0,58.5
240,2024-02-29 23:50:00,143,28.0,51.93
241,2024-02-29 23:50:00,143,0.0,
242,2024-02-29 23:50:00,143,38.0,74.92
243,2024-02-29 23:50:00,143,101.0,78.02
244,2024-02-29 23:50:00,143,93.0,73.95
245,2024-02-29 23:50:00,143,141.0,68.89
246,2024-02-29 23:50:00,143,142.0,53.03
247,2024-02-29 23:50:00,143,126.0,41.57
248,2024-02-29 23:50:00,143,103.0,46.88
249,2024-02-29 23:50:00,143,42.0,50.4
250,2024-02-29 23:50:00,143,83.0,68.78
251,2024-02-29 23:50:00,143,86.0,67.0
252,2024-02-29 23:50:00,143,115.0,61.88
253,2024-02-29 23:50:00,143,224.0,67.24
254,2024-02-29 23:50:00,143,126.0,64.21
255,2024-02-29 23:50:00,143,166.0,53.35
256,2024-02-29 23:50:00,143,147.0,65.56
257,2024-02-29 23:50:00,143,119.0,60.97
258,2024-02-29 23:50:00,143,142.0,78.26
259,2024-02-29 23:50:00,143,140.0,69.91
260,2024-02-29 23:50:00,143,141.0,69.96
261,2024-02-29 23:50:00,143,77.0,60.62
262,2024-02-29 23:50:00,143,100.0,77.15
263,2024-02-29 23:50:00,143,99.0,55.37
264,2024-02-29 23:50:00,143,92.0,73.35
265,2024-02-29 23:50:00,143,87.0,60.84
266,2024-02-29 23:50:00,143,84.0,75.01
267,2024-02-29 23:50:00,143,91.0,53.42
268,2024-02-29 23:50:00,143,129.0,73.21
269,2024-02-29 23:50:00,143,128.0,77.62
270,2024-02-29 23:50:00,143,115.0,81.06
272,2024-02-29 23:50:00,143,111.0,79.18
273,2024-02-29 23:50:00,143,50.0,69.3
274,2024-02-29 23:50:00,143,88.0,73.61
275,2024-02-29 23:50:00,143,74.0,69.55
276,2024-02-29 23:50:00,143,100.0,72.02
277,2024-02-29 23:50:00,143,92.0,67.45
278,2024-02-29 23:50:00,143,95.0,72.82
279,2024-02-29 23:50:00,143,102.0,66.57
280,2024-02-29 23:50:00,143,88.0,70.23
281,2024-02-29 23:50:00,143,83.0,61.63
282,2024-02-29 23:50:00,143,106.0,63.53
283,2024-02-29 23:50:00,143,108.0,63.58
284,2024-02-29 23:50:00,143,98.0,74.17
285,2024-02-29 23:50:00,143,129.0,67.27
286,2024-02-29 23:50:00,143,147.0,71.18
287,2024-02-29 23:50:00,143,135.0,81.84
288,2024-02-29 23:50:00,143,121.0,73.43
289,2024-02-29 23:50:00,143,85.0,53.52
290,2024-02-29 23:50:00,143,97.0,66.28
291,2024-02-29 23:50:00,143,112.0,68.41
292,2024-02-29 23:50:00,143,115.0,61.58
293,2024-02-29 23:50:00,143,139.0,78.09
294,2024-02-29 23:50:00,143,103.0,65.73
295,2024-02-29 23:50:00,143,104.0,64.42
296,2024-02-29 23:50:00,143,97.0,58.07
297,2024-02-29 23:50:00,143,120.0,62.66
298,2024-02-29 23:50:00,143,131.0,51.92
299,2024-02-29 23:50:00,143,114.0,43.3
300,2024-02-29 23:50:00,143,73.0,51.44
301,2024-02-29 23:50:00,143,171.0,67.85
302,2024-02-29 23:50:00,143,104.0,79.5
303,2024-02-29 23:50:00,143,109.0,81.39
305,2024-02-29 23:50:00,143,35.0,49.77
306,2024-02-29 23:50:00,143,84.0,72.83
307,2024-02-29 23:50:00,143,83.0,101.54
308,2024-02-29 23:50:00,143,89.0,82.73
309,2024-02-29 23:50:00,143,95.0,100.67
310,2024-02-29 23:50:00,143,80.0,93.44
311,2024-02-29 23:50:00,143,101.0,99.5
312,2024-02-29 23:50:00,143,90.0,106.8
313,2024-02-29 23:50:00,143,85.0,107.95
314,2024-02-29 23:50:00,143,94.0,100.91
315,2024-02-29 23:50:00,143,88.0,94.59
316,2024-02-29 23:50:00,143,93.0,85.55
317,2024-02-29 23:50:00,143,81.0,84.23
318,2024-02-29 23:50:00,143,79.0,90.09
319,2024-02-29 23:50:00,143,76.0,98.63
320,2024-02-29 23:50:00,143,67.0,89.46
321,2024-02-29 23:50:00,143,74.0,102.38
322,2024-02-29 23:50:00,143,91.0,97.4
323,2024-02-29 23:50:00,143,84.0,108.61
324,2024-02-29 23:50:00,143,86.0,96.98
325,2024-02-29 23:50:00,143,44.0,74.75
326,2024-02-29 23:50:00,143,44.0,101.5
327,2024-02-29 23:50:00,143,37.0,96.7
328,2024-02-29 23:50:00,143,61.0,100.13
329,2024-02-29 23:50:00,143,66.0,99.74
330,2024-02-29 23:50:00,143,5.0,18.2
331,2024-02-29 23:50:00,143,71.0,104.61
332,2024-02-29 23:50:00,143,96.0,95.3
333,2024-02-29 23:50:00,143,90.0,96.98
334,2024-02-29 23:50:00,143,83.0,102.05
335,2024-02-29 23:50:00,143,85.0,102.05
336,2024-02-29 23:50:00,143,77.0,89.56
337,2024-02-29 23:50:00,143,80.0,93.5
338,2024-02-29 23:50:00,143,80.0,102.66
339,2024-02-29 23:50:00,143,73.0,98.82
340,2024-02-29 23:50:00,143,66.0,101.47
341,2024-02-29 23:50:00,143,103.0,98.6
342,2024-02-29 23:50:00,143,117.0,99.29
343,2024-02-29 23:50:00,143,105.0,104.06
344,2024-02-29 23:50:00,143,101.0,104.89
345,2024-02-29 23:50:00,143,95.0,107.0
346,2024-02-29 23:50:00,143,111.0,104.72
347,2024-02-29 23:50:00,143,103.0,104.35
348,2024-02-29 23:50:00,143,123.0,106.25
349,2024-02-29 23:50:00,143,117.0,85.71
350,2024-02-29 23:50:00,143,122.0,93.77
351,2024-02-29 23:50:00,143,28.0,80.25
352,2024-02-29 23:50:00,143,29.0,66.14
353,2024-02-29 23:50:00,143,20.0,74.9
354,2024-02-29 23:50:00,143,20.0,70.35
355,2024-02-29 23:50:00,143,9.0,80.0
356,2024-02-29 23:50:00,143,33.0,69.39
357,2024-02-29 23:50:00,143,40.0,74.83
358,2024-02-29 23:50:00,143,43.0,82.28
359,2024-02-29 23:50:00,143,57.0,73.42
360,2024-02-29 23:50:00,143,59.0,78.46
361,2024-02-29 23:50:00,143,65.0,79.88
362,2024-02-29 23:50:00,143,62.0,89.06
364,2024-02-29 23:50:00,143,168.0,63.65
367,2024-02-29 23:50:00,143,90.0,85.7
368,2024-02-29 23:50:00,143,182.0,87.14
370,2024-02-29 23:50:00,143,164.0,84.81
371,2024-02-29 23:50:00,143,158.0,75.99
372,2024-02-29 23:50:00,143,136.0,87.19
373,2024-02-29 23:50:00,143,89.0,96.17
374,2024-02-29 23:50:00,143,66.0,107.83
375,2024-02-29 23:50:00,143,66.0,95.32
376,2024-02-29 23:50:00,143,60.0,96.65
377,2024-02-29 23:50:00,143,73.0,106.84
378,2024-02-29 23:50:00,143,73.0,100.15
379,2024-02-29 23:50:00,143,74.0,91.36
380,2024-02-29 23:50:00,143,44.0,79.32
381,2024-02-29 23:50:00,143,26.0,90.46
382,2024-02-29 23:50:00,143,28.0,75.96
383,2024-02-29 23:50:00,143,9.0,83.22
384,2024-02-29 23:50:00,143,8.0,85.5
385,2024-02-29 23:50:00,143,16.0,80.0
386,2024-02-29 23:50:00,143,18.0,68.44
387,2024-02-29 23:50:00,143,44.0,64.05
388,2024-02-29 23:50:00,143,77.0,74.22
389,2024-02-29 23:50:00,143,78.0,93.85
390,2024-02-29 23:50:00,143,80.0,97.2
391,2024-02-29 23:50:00,143,79.0,73.44
392,2024-02-29 23:50:00,143,59.0,90.92
393,2024-02-29 23:50:00,143,63.0,110.67
394,2024-02-29 23:50:00,143,55.0,97.55
395,2024-02-29 23:50:00,143,93.0,95.32
397,2024-02-29 23:50:00,143,10.0,79.6
398,2024-02-29 23:50:00,143,3.0,76.67
399,2024-02-29 23:50:00,143,7.0,44.0
400,2024-02-29 23:50:00,143,8.0,55.75
401,2024-02-29 23:50:00,143,9.0,57.78
402,2024-02-29 23:50:00,143,9.0,79.33
403,2024-02-29 23:50:00,143,9.0,63.89
404,2024-02-29 23:50:00,143,9.0,59.0
405,2024-02-29 23:50:00,143,10.0,63.7
406,2024-02-29 23:50:00,143,6.0,74.67
407,2024-02-29 23:50:00,143,5.0,85.4
408,2024-02-29 23:50:00,143,12.0,100.25
409,2024-02-29 23:50:00,143,10.0,89.6
410,2024-02-29 23:50:00,143,11.0,82.64
411,2024-02-29 23:50:00,143,13.0,86.62
412,2024-02-29 23:50:00,143,10.0,71.4
413,2024-02-29 23:50:00,143,10.0,101.8
414,2024-02-29 23:50:00,143,10.0,78.8
415,2024-02-29 23:50:00,143,28.0,83.61
417,2024-02-29 23:50:00,143,23.0,113.87
418,2024-02-29 23:50:00,143,31.0,107.32
419,2024-02-29 23:50:00,143,29.0,92.79
420,2024-02-29 23:50:00,143,32.0,105.91
421,2024-02-29 23:50:00,143,27.0,105.19
422,2024-02-29 23:50:00,143,15.0,77.2
423,2024-02-29 23:50:00,143,29.0,102.69
424,2024-02-29 23:50:00,143,22.0,96.23
425,2024-02-29 23:50:00,143,23.0,104.96
426,2024-02-29 23:50:00,143,24.0,96.08
427,2024-02-29 23:50:00,143,25.0,97.6
428,2024-02-29 23:50:00,143,25.0,100.08
429,2024-02-29 23:50:00,143,24.0,79.62
430,2024-02-29 23:50:00,143,28.0,67.71
431,2024-02-29 23:50:00,143,28.0,71.29
433,2024-02-29 23:50:00,143,7.0,74.57
436,2024-02-29 23:50:00,143,104.0,72.37
437,2024-02-29 23:50:00,143,36.0,67.86
438,2024-02-29 23:50:00,143,36.0,79.94
439,2024-02-29 23:50:00,143,48.0,81.75
440,2024-02-29 23:50:00,143,37.0,81.14
441,2024-02-29 23:50:00,143,33.0,65.94
442,2024-02-29 23:50:00,143,93.0,70.89
445,2024-02-29 23:50:00,143,98.0,70.9
446,2024-02-29 23:50:00,143,96.0,58.66
447,2024-02-29 23:50:00,143,58.0,77.98
448,2024-02-29 23:50:00,143,98.0,75.21
449,2024-02-29 23:50:00,143,22.0,75.41
450,2024-02-29 23:50:00,143,19.0,72.53
451,2024-02-29 23:50:00,143,56.0,68.93
452,2024-02-29 23:50:00,143,46.0,77.04
453,2024-02-29 23:50:00,143,50.0,85.46
454,2024-02-29 23:50:00,143,75.0,77.64
455,2024-02-29 23:50:00,143,33.0,69.24
456,2024-02-29 23:50:00,143,83.0,71.17
457,2024-02-29 23:50:00,143,47.0,87.47
458,2024-02-29 23:50:00,143,33.0,73.73
459,2024-02-29 23:50:00,143,32.0,81.06
460,2024-02-29 23:50:00,143,32.0,90.03
461,2024-02-29 23:50:00,143,33.0,92.88
462,2024-02-29 23:50:00,143,33.0,85.3
463,2024-02-29 23:50:00,143,32.0,92.69
464,2024-02-29 23:50:00,143,7.0,72.71
465,2024-02-29 23:50:00,143,7.0,83.57
467,2024-02-29 23:50:00,143,79.0,86.29
468,2024-02-29 23:50:00,143,101.0,78.95
470,2024-02-29 23:50:00,143,101.0,78.93
471,2024-02-29 23:50:00,143,104.0,75.15
472,2024-02-29 23:50:00,143,34.0,85.47
473,2024-02-29 23:50:00,143,37.0,79.86
474,2024-02-29 23:50:00,143,38.0,77.71
475,2024-02-29 23:50:00,143,54.0,74.39
476,2024-02-29 23:50:00,143,50.0,71.82
477,2024-02-29 23:50:00,143,44.0,80.23
478,2024-02-29 23:50:00,143,118.0,72.14
479,2024-02-29 23:50:00,143,101.0,93.46
480,2024-02-29 23:50:00,143,105.0,77.5
481,2024-02-29 23:50:00,143,113.0,70.29
482,2024-02-29 23:50:00,143,111.0,75.14
483,2024-02-29 23:50:00,143,109.0,70.17
484,2024-02-29 23:50:00,143,111.0,67.67
485,2024-02-29 23:50:00,143,2337.0,42.49
486,2024-02-29 23:50:00,143,181.0,88.07
487,2024-02-29 23:50:00,143,175.0,78.62
490,2024-02-29 23:50:00,143,156.0,84.88
491,2024-02-29 23:50:00,143,164.0,83.01
492,2024-02-29 23:50:00,143,151.0,83.48
493,2024-02-29 23:50:00,143,152.0,77.26
494,2024-02-29 23:50:00,143,142.0,95.09
495,2024-02-29 23:50:00,143,156.0,84.23
496,2024-02-29 23:50:00,143,137.0,81.86
497,2024-02-29 23:50:00,143,140.0,89.54
498,2024-02-29 23:50:00,143,149.0,94.52
499,2024-02-29 23:50:00,143,165.0,78.16
500,2024-02-29 23:50:00,143,149.0,73.15
501,2024-02-29 23:50:00,143,149.0,94.86
502,2024-02-29 23:50:00,143,147.0,75.23
503,2024-02-29 23:50:00,143,149.0,81.76
504,2024-02-29 23:50:00,143,154.0,78.46
505,2024-02-29 23:50:00,143,153.0,77.98
506,2024-02-29 23:50:00,143,158.0,79.0
508,2024-02-29 23:50:00,143,161.0,72.91
509,2024-02-29 23:50:00,143,168.0,53.98
510,2024-02-29 23:50:00,143,224.0,64.93
511,2024-02-29 23:50:00,143,180.0,76.98
512,2024-02-29 23:50:00,143,190.0,51.99
513,2024-02-29 23:50:00,143,175.0,74.98
514,2024-02-29 23:50:00,143,129.0,89.21
515,2024-02-29 23:50:00,143,130.0,78.28
516,2024-02-29 23:50:00,143,152.0,92.05
518,2024-02-29 23:50:00,143,118.0,84.1
519,2024-02-29 23:50:00,143,118.0,90.85
520,2024-02-29 23:50:00,143,119.0,81.55
522,2024-02-29 23:50:00,143,123.0,82.54
523,2024-02-29 23:50:00,143,113.0,69.01
524,2024-02-29 23:50:00,143,113.0,96.15
525,2024-02-29 23:50:00,143,102.0,83.52
526,2024-02-29 23:50:00,143,110.0,71.38
527,2024-02-29 23:50:00,143,63.0,80.46
530,2024-02-29 23:50:00,143,94.0,77.98
531,2024-02-29 23:50:00,143,86.0,87.33
532,2024-02-29 23:50:00,143,20.0,84.3
533,2024-02-29 23:50:00,143,121.0,68.06
534,2024-02-29 23:50:00,143,108.0,67.54
535,2024-02-29 23:50:00,143,59.0,96.56
536,2024-02-29 23:50:00,143,66.0,89.29
537,2024-02-29 23:50:00,143,76.0,86.21
538,2024-02-29 23:50:00,143,84.0,83.67
539,2024-02-29 23:50:00,143,84.0,86.12
540,2024-02-29 23:50:00,143,86.0,94.3
542,2024-02-29 23:50:00,143,76.0,95.29
543,2024-02-29 23:50:00,143,80.0,94.49
545,2024-02-29 23:50:00,143,48.0,91.12
546,2024-02-29 23:50:00,143,70.0,82.4
547,2024-02-29 23:50:00,143,77.0,69.13
548,2024-02-29 23:50:00,143,99.0,88.2
549,2024-02-29 23:50:00,143,92.0,87.84
550,2024-02-29 23:50:00,143,88.0,84.6
551,2024-02-29 23:50:00,143,88.0,65.42
552,2024-02-29 23:50:00,143,78.0,74.49
553,2024-02-29 23:50:00,143,69.0,80.06
554,2024-02-29 23:50:00,143,90.0,72.28
555,2024-02-29 23:50:00,143,80.0,79.78
556,2024-02-29 23:50:00,143,76.0,73.39
557,2024-02-29 23:50:00,143,85.0,75.34
558,2024-02-29 23:50:00,143,83.0,71.33
559,2024-02-29 23:50:00,143,69.0,89.7
560,2024-02-29 23:50:00,143,123.0,90.57
561,2024-02-29 23:50:00,143,131.0,71.51
562,2024-02-29 23:50:00,143,99.0,91.94
563,2024-02-29 23:50:00,143,112.0,84.94
564,2024-02-29 23:50:00,143,111.0,77.34
565,2024-02-29 23:50:00,143,108.0,81.13
566,2024-02-29 23:50:00,143,108.0,82.41
567,2024-02-29 23:50:00,143,98.0,84.68
568,2024-02-29 23:50:00,143,95.0,89.05
569,2024-02-29 23:50:00,143,99.0,77.28
570,2024-02-29 23:50:00,143,92.0,91.95
571,2024-02-29 23:50:00,143,66.0,87.12
572,2024-02-29 23:50:00,143,83.0,75.18
573,2024-02-29 23:50:00,143,98.0,73.37
574,2024-02-29 23:50:00,143,89.0,84.56
575,2024-02-29 23:50:00,143,90.0,79.18
576,2024-02-29 23:50:00,143,77.0,83.9
577,2024-02-29 23:50:00,143,88.0,78.62
579,2024-02-29 23:50:00,143,97.0,79.78
581,2024-02-29 23:50:00,143,68.0,87.21
582,2024-02-29 23:50:00,143,83.0,92.72
583,2024-02-29 23:50:00,143,24.0,79.29
584,2024-02-29 23:50:00,143,163.0,74.01
585,2024-02-29 23:50:00,143,173.0,59.66
586,2024-02-29 23:50:00,143,161.0,85.14
587,2024-02-29 23:50:00,143,76.0,91.89
588,2024-02-29 23:50:00,143,77.0,83.97
589,2024-02-29 23:50:00,143,81.0,91.19
590,2024-02-29 23:50:00,143,69.0,78.8
591,2024-02-29 23:50:00,143,94.0,76.16
592,2024-02-29 23:50:00,143,96.0,71.88
593,2024-02-29 23:50:00,143,84.0,91.11
594,2024-02-29 23:50:00,143,63.0,74.95
595,2024-02-29 23:50:00,143,91.0,82.88
596,2024-02-29 23:50:00,143,84.0,84.19
597,2024-02-29 23:50:00,143,86.0,81.06
598,2024-02-29 23:50:00,143,79.0,83.24
599,2024-02-29 23:50:00,143,48.0,76.35
600,2024-02-29 23:50:00,143,64.0,85.83
601,2024-02-29 23:50:00,143,63.0,87.32
602,2024-02-29 23:50:00,143,98.0,88.19
603,2024-02-29 23:50:00,143,66.0,70.27
604,2024-02-29 23:50:00,143,50.0,93.88
605,2024-02-29 23:50:00,143,68.0,107.51
606,2024-02-29 23:50:00,143,66.0,92.33
607,2024-02-29 23:50:00,143,69.0,86.07
608,2024-02-29 23:50:00,143,75.0,82.27
610,2024-02-29 23:50:00,143,75.0,91.97
611,2024-02-29 23:50:00,143,72.0,79.65
612,2024-02-29 23:50:00,143,74.0,110.04
613,2024-02-29 23:50:00,143,78.0,94.36
614,2024-02-29 23:50:00,143,80.0,97.34
615,2024-02-29 23:50:00,143,80.0,92.94
616,2024-02-29 23:50:00,143,83.0,86.67
617,2024-02-29 23:50:00,143,82.0,85.8
618,2024-02-29 23:50:00,143,58.0,91.67
619,2024-02-29 23:50:00,143,61.0,82.89
620,2024-02-29 23:50:00,143,100.0,82.81
621,2024-02-29 23:50:00,143,99.0,85.66
623,2024-02-29 23:50:00,143,96.0,85.78
625,2024-02-29 23:50:00,143,35.0,46.31
626,2024-02-29 23:50:00,143,49.0,69.2
628,2024-02-29 23:50:00,143,37.0,36.62
629,2024-02-29 23:50:00,143,26.0,55.31
630,2024-02-29 23:50:00,143,24.0,57.5
631,2024-02-29 23:50:00,143,19.0,82.58
632,2024-02-29 23:50:00,143,27.0,34.22
633,2024-02-29 23:50:00,143,22.0,43.91
634,2024-02-29 23:50:00,143,62.0,62.13
635,2024-02-29 23:50:00,143,65.0,72.03
636,2024-02-29 23:50:00,143,27.0,58.59
637,2024-02-29 23:50:00,143,20.0,64.1
638,2024-02-29 23:50:00,143,42.0,47.1
639,2024-02-29 23:50:00,143,57.0,46.67
640,2024-02-29 23:50:00,143,56.0,51.54
641,2024-02-29 23:50:00,143,38.0,71.87
642,2024-02-29 23:50:00,143,36.0,51.92
643,2024-02-29 23:50:00,143,53.0,52.96
644,2024-02-29 23:50:00,143,48.0,53.27
645,2024-02-29 23:50:00,143,28.0,70.71
646,2024-02-29 23:50:00,143,27.0,79.26
648,2024-02-29 23:50:00,143,18.0,61.06
649,2024-02-29 23:50:00,143,15.0,77.33
650,2024-02-29 23:50:00,143,24.0,53.0
651,2024-02-29 23:50:00,143,13.0,60.85
652,2024-02-29 23:50:00,143,16.0,50.75
654,2024-02-29 23:50:00,143,35.0,55.46
655,2024-02-29 23:50:00,143,91.0,41.71
656,2024-02-29 23:50:00,143,105.0,43.11
657,2024-02-29 23:50:00,143,120.0,57.58
658,2024-02-29 23:50:00,143,155.0,66.54
659,2024-02-29 23:50:00,143,143.0,62.06
661,2024-02-29 23:50:00,143,11.0,76.18
662,2024-02-29 23:50:00,143,26.0,55.15
663,2024-02-29 23:50:00,143,13.0,78.23
665,2024-02-29 23:50:00,143,62.0,69.35
666,2024-02-29 23:50:00,143,53.0,68.38
667,2024-02-29 23:50:00,143,45.0,80.42
668,2024-02-29 23:50:00,143,80.0,54.74
669,2024-02-29 23:50:00,143,98.0,60.66
670,2024-02-29 23:50:00,143,40.0,77.08
671,2024-02-29 23:50:00,143,53.0,72.26
672,2024-02-29 23:50:00,143,55.0,69.44
673,2024-02-29 23:50:00,143,81.0,79.7
674,2024-02-29 23:50:00,143,44.0,72.7
675,2024-02-29 23:50:00,143,82.0,67.43
676,2024-02-29 23:50:00,143,40.0,72.88
677,2024-02-29 23:50:00,143,85.0,87.38
679,2024-02-29 23:50:00,143,53.0,73.13
680,2024-02-29 23:50:00,143,48.0,74.56
682,2024-02-29 23:50:00,143,22.0,98.59
683,2024-02-29 23:50:00,143,19.0,103.95
684,2024-02-29 23:50:00,143,17.0,86.71
685,2024-02-29 23:50:00,143,15.0,77.0
686,2024-02-29 23:50:00,143,26.0,74.77
687,2024-02-29 23:50:00,143,18.0,57.5
688,2024-02-29 23:50:00,143,20.0,72.15
689,2024-02-29 23:50:00,143,84.0,87.35
690,2024-02-29 23:50:00,143,102.0,66.25
691,2024-02-29 23:50:00,143,69.0,61.86
692,2024-02-29 23:50:00,143,51.0,87.75
693,2024-02-29 23:50:00,143,44.0,68.52
694,2024-02-29 23:50:00,143,45.0,64.47
695,2024-02-29 23:50:00,143,16.0,44.44
696,2024-02-29 23:50:00,143,43.0,76.4
697,2024-02-29 23:50:00,143,16.0,78.69
699,2024-02-29 23:50:00,143,34.0,61.53
701,2024-02-29 23:50:00,143,18.0,60.17
702,2024-02-29 23:50:00,143,8.0,60.62
703,2024-02-29 23:50:00,143,9.0,86.0
704,2024-02-29 23:50:00,143,9.0,76.11
705,2024-02-29 23:50:00,143,10.0,99.2
706,2024-02-29 23:50:00,143,78.0,67.83
707,2024-02-29 23:50:00,143,63.0,77.4
708,2024-02-29 23:50:00,143,53.0,83.21
710,2024-02-29 23:50:00,143,290.0,4.21
711,2024-02-29 23:50:00,143,32.0,68.66
712,2024-02-29 23:50:00,143,24.0,47.79
713,2024-02-29 23:50:00,143,25.0,74.24
714,2024-02-29 23:50:00,143,28.0,46.93
715,2024-02-29 23:50:00,143,36.0,93.67
716,2024-02-29 23:50:00,143,18.0,58.28
717,2024-02-29 23:50:00,143,10.0,50.6
718,2024-02-29 23:50:00,143,17.0,36.24
719,2024-02-29 23:50:00,143,33.0,52.85
720,2024-02-29 23:50:00,143,20.0,46.65
721,2024-02-29 23:50:00,143,20.0,51.7
723,2024-02-29 23:50:00,143,41.0,49.51
724,2024-02-29 23:50:00,143,27.0,80.59
725,2024-02-29 23:50:00,143,21.0,70.62
726,2024-02-29 23:50:00,143,38.0,87.42
727,2024-02-29 23:50:00,143,27.0,88.07
728,2024-02-29 23:50:00,143,36.0,89.53
729,2024-02-29 23:50:00,143,25.0,68.56
730,2024-02-29 23:50:00,143,41.0,49.88
731,2024-02-29 23:50:00,143,9.0,36.89
732,2024-02-29 23:50:00,143,9.0,74.44
733,2024-02-29 23:50:00,143,12.0,61.33
734,2024-02-29 23:50:00,143,26.0,39.88
735,2024-02-29 23:50:00,143,20.0,97.3
736,2024-02-29 23:50:00,143,14.0,78.71
737,2024-02-29 23:50:00,143,17.0,67.94
738,2024-02-29 23:50:00,143,27.0,40.78
739,2024-02-29 23:50:00,143,28.0,51.64
740,2024-02-29 23:50:00,143,22.0,70.82
741,2024-02-29 23:50:00,143,11.0,46.36
742,2024-02-29 23:50:00,143,5.0,71.4
751,2024-02-29 23:50:00,143,2.0,73.0
768,2024-02-29 23:50:00,143,10.0,80.5
769,2024-02-29 23:50:00,143,15.0,77.07
770,2024-02-29 23:50:00,143,120.0,43.48
771,2024-02-29 23:50:00,143,23.0,57.17
772,2024-02-29 23:50:00,143,27.0,49.15
773,2024-02-29 23:50:00,143,18.0,67.83
774,2024-02-29 23:50:00,143,6.0,50.83
775,2024-02-29 23:50:00,143,30.0,79.37
776,2024-02-29 23:50:00,143,38.0,57.79
777,2024-02-29 23:50:00,143,26.0,83.35
778,2024-02-29 23:50:00,143,30.0,60.07
779,2024-02-29 23:50:00,143,43.0,50.02
780,2024-02-29 23:50:00,143,18.0,53.5
781,2024-02-29 23:50:00,143,5.0,71.4
782,2024-02-29 23:50:00,143,2.0,51.0
783,2024-02-29 23:50:00,143,9.0,59.11
784,2024-02-29 23:50:00,143,3.0,66.33
785,2024-02-29 23:50:00,143,4.0,49.0
786,2024-02-29 23:50:00,143,41.0,72.51
787,2024-02-29 23:50:00,143,36.0,81.94
788,2024-02-29 23:50:00,143,31.0,87.77
789,2024-02-29 23:50:00,143,29.0,63.17
790,2024-02-29 23:50:00,143,21.0,85.62
791,2024-02-29 23:50:00,143,19.0,58.21
792,2024-02-29 23:50:00,143,97.28,89.91
793,2024-02-29 23:50:00,143,74.81,86.39
794,2024-02-29 23:50:00,143,46.57,81.98
795,2024-02-29 23:50:00,143,52.9,82.97
796,2024-02-29 23:50:00,143,56.17,83.48
797,2024-02-29 23:50:00,143,57.65,83.71
798,2024-02-29 23:50:00,143,58.91,83.91
799,2024-02-29 23:50:00,143,59.83,84.05
800,2024-02-29 23:50:00,143,20.47,81.27
801,2024-02-29 23:50:00,143,22.23,82.06
802,2024-02-29 23:50:00,143,24.11,82.9
803,2024-02-29 23:50:00,143,30.45,85.99
804,2024-02-29 23:50:00,143,30.87,86.15
805,2024-02-29 23:50:00,143,31.74,86.48
806,2024-02-29 23:50:00,143,32.58,86.81
807,2024-02-29 23:50:00,143,33.27,87.07
808,2024-02-29 23:50:00,143,29.99,85.81
809,2024-02-29 23:50:00,143,28.99,85.43
810,2024-02-29 23:50:00,143,28.9,85.39
811,2024-02-29 23:50:00,143,28.84,85.37
812,2024-02-29 23:50:00,143,85.31,98.39
813,2024-02-29 23:50:00,143,91.67,99.76
814,2024-02-29 23:50:00,143,98.42,101.21
815,2024-02-29 23:50:00,143,103.54,102.31
816,2024-02-29 23:50:00,143,108.08,103.29
817,2024-02-29 23:50:00,143,112.56,104.25
818,2024-02-29 23:50:00,143,116.83,105.17
819,2024-02-29 23:50:00,143,121.41,106.16
820,2024-02-29 23:50:00,143,28.89,85.39
821,2024-02-29 23:50:00,143,75.82,98.43
822,2024-02-29 23:50:00,143,83.07,100.35
823,2024-02-29 23:50:00,143,92.13,102.75
824,2024-02-29 23:50:00,143,101.29,105.18
825,2024-02-29 23:50:00,143,107.75,106.89
826,2024-02-29 23:50:00,143,115.41,108.92
827,2024-02-29 23:50:00,143,121.57,110.56
828,2024-02-29 23:50:00,143,130.77,104.19
829,2024-02-29 23:50:00,143,125.24,103.23
830,2024-02-29 23:50:00,143,116.73,101.75
831,2024-02-29 23:50:00,143,110.63,100.68
832,2024-02-29 23:50:00,143,104.56,99.63
833,2024-02-29 23:50:00,143,96.95,98.3
834,2024-02-29 23:50:00,143,86.03,96.4
835,2024-02-29 23:50:00,143,77.48,94.92
836,2024-02-29 23:50:00,143,69.15,93.47
837,2024-02-29 23:50:00,143,29.84,85.75
838,2024-02-29 23:50:00,143,28.66,85.3
839,2024-02-29 23:50:00,143,27.95,85.03
840,2024-02-29 23:50:00,143,28.03,85.06
841,2024-02-29 23:50:00,143,15.63,72.06
842,2024-02-29 23:50:00,143,14.61,70.54
843,2024-02-29 23:50:00,143,42.44,66.15
844,2024-02-29 23:50:00,143,41.83,66.05
845,2024-02-29 23:50:00,143,41.08,65.93
846,2024-02-29 23:50:00,143,39.98,65.76
847,2024-02-29 23:50:00,143,38.49,65.52
848,2024-02-29 23:50:00,143,35.11,64.98
849,2024-02-29 23:50:00,143,52.15,67.71
850,2024-02-29 23:50:00,143,69.3,70.47
851,2024-02-29 23:50:00,143,72.3,120.78
852,2024-02-29 23:50:00,143,70.32,119.05
853,2024-02-29 23:50:00,143,68.55,117.51
854,2024-02-29 23:50:00,143,66.62,115.83
855,2024-02-29 23:50:00,143,64.43,113.91
856,2024-02-29 23:50:00,143,62.49,112.22
857,2024-02-29 23:50:00,143,60.98,110.9
858,2024-02-29 23:50:00,143,58.81,109.01
859,2024-02-29 23:50:00,143,55.9,106.47
860,2024-02-29 23:50:00,143,53.01,103.95
861,2024-02-29 23:50:00,143,29.49,85.62
862,2024-02-29 23:50:00,143,29.66,85.68
863,2024-02-29 23:50:00,143,31.15,86.26
864,2024-02-29 23:50:00,143,24.02,83.52
865,2024-02-29 23:50:00,143,24.88,83.85
866,2024-02-29 23:50:00,143,25.55,84.11
867,2024-02-29 23:50:00,143,26.29,84.39
868,2024-02-29 23:50:00,143,27.02,84.67
869,2024-02-29 23:50:00,143,27.54,84.87
870,2024-02-29 23:50:00,143,61.69,83.84
871,2024-02-29 23:50:00,143,66.12,82.56
872,2024-02-29 23:50:00,143,68.1,81.99
873,2024-02-29 23:50:00,143,69.4,81.61
874,2024-02-29 23:50:00,143,70.11,81.41
875,2024-02-29 23:50:00,143,49.48,88.13
876,2024-02-29 23:50:00,143,51.82,87.6
877,2024-02-29 23:50:00,143,53.53,87.21
878,2024-02-29 23:50:00,143,55.27,86.82
879,2024-02-29 23:50:00,143,57.4,86.33
880,2024-02-29 23:50:00,143,32.5,77.38
881,2024-02-29 23:50:00,143,31.63,75.02
882,2024-02-29 23:50:00,143,30.07,76.49
883,2024-02-29 23:50:00,143,28.62,77.85
884,2024-02-29 23:50:00,143,27.19,79.19
885,2024-02-29 23:50:00,143,25.63,80.65
886,2024-02-29 23:50:00,143,24.38,81.83
887,2024-02-29 23:50:00,143,57.24,74.02
888,2024-02-29 23:50:00,143,57.5,74.69
889,2024-02-29 23:50:00,143,57.8,75.45
890,2024-02-29 23:50:00,143,58.19,76.41
891,2024-02-29 23:50:00,143,58.56,77.35
892,2024-02-29 23:50:00,143,44.0,80.03
893,2024-02-29 23:50:00,143,44.0,79.86
894,2024-02-29 23:50:00,143,44.0,79.68
895,2024-02-29 23:50:00,143,44.0,79.54
896,2024-02-29 23:50:00,143,44.0,79.43
897,2024-02-29 23:50:00,143,172.85,53.64
898,2024-02-29 23:50:00,143,169.04,60.7
899,2024-02-29 23:50:00,143,165.21,67.78
900,2024-02-29 23:50:00,143,161.74,74.21
901,2024-02-29 23:50:00,143,97.21,71.43
902,2024-02-29 23:50:00,143,96.51,68.12
903,2024-02-29 23:50:00,143,95.73,64.4
904,2024-02-29 23:50:00,143,94.9,60.43
905,2024-02-29 23:50:00,143,84.87,83.43
906,2024-02-29 23:50:00,143,94.97,79.68
907,2024-02-29 23:50:00,143,98.39,78.42
908,2024-02-29 23:50:00,143,99.92,77.85
909,2024-02-29 23:50:00,143,58.6,89.22
910,2024-02-29 23:50:00,143,61.96,87.13
911,2024-02-29 23:50:00,143,65.54,84.89
912,2024-02-29 23:50:00,143,69.54,82.4
913,2024-02-29 23:50:00,143,22.0,75.41
914,2024-02-29 23:50:00,143,22.0,75.41
915,2024-02-29 23:50:00,143,22.0,75.41
916,2024-02-29 23:50:00,143,22.0,75.41
917,2024-02-29 23:50:00,143,32.0,82.16
918,2024-02-29 23:50:00,143,32.0,82.16
919,2024-02-29 23:50:00,143,32.0,82.16
920,2024-02-29 23:50:00,143,32.0,82.16
921,2024-02-29 23:50:00,143,107.31,90.93
922,2024-02-29 23:50:00,143,18.04,59.32
923,2024-02-29 23:50:00,143,18.32,59.23
924,2024-02-29 23:50:00,143,19.44,54.46
925,2024-02-29 23:50:00,143,11.19,59.59
926,2024-02-29 23:50:00,143,13.6,60.11
927,2024-02-29 23:50:00,143,19.57,54.32
928,2024-02-29 23:50:00,143,105.98,78.74
929,2024-02-29 23:50:00,143,6.43,54.04
930,2024-02-29 23:50:00,143,12.83,58.44
931,2024-02-29 23:50:00,143,19.18,62.79
932,2024-02-29 23:50:00,143,24.51,66.45
933,2024-02-29 23:50:00,143,31.71,71.39
934,2024-02-29 23:50:00,143,34.04,66.8
935,2024-02-29 23:50:00,143,24.77,61.31
936,2024-02-29 23:50:00,143,18.59,57.64
937,2024-02-29 23:50:00,143,11.06,53.18
938,2024-02-29 23:50:00,143,41.1,68.73
939,2024-02-29 23:50:00,143,39.56,70.94
940,2024-02-29 23:50:00,143,37.6,73.76
941,2024-02-29 23:50:00,143,34.95,77.56
942,2024-02-29 23:50:00,143,66.29,78.64
943,2024-02-29 23:50:00,143,72.43,79.19
944,2024-02-29 23:50:00,143,76.83,79.58
945,2024-02-29 23:50:00,143,80.53,79.92
946,2024-02-29 23:50:00,143,94.93,81.89
947,2024-02-29 23:50:00,143,98.94,82.28
948,2024-02-29 23:50:00,143,103.08,82.68
949,2024-02-29 23:50:00,143,107.9,83.15
950,2024-02-29 23:50:00,143,111.99,83.55
951,2024-02-29 23:50:00,143,116.53,83.99
952,2024-02-29 23:50:00,143,121.54,84.47
953,2024-02-29 23:50:00,143,105.94,86.78
954,2024-02-29 23:50:00,143,111.57,86.55
955,2024-02-29 23:50:00,143,116.49,86.34
956,2024-02-29 23:50:00,143,121.07,86.16
957,2024-02-29 23:50:00,143,126.44,85.94
958,2024-02-29 23:50:00,143,131.27,85.74
959,2024-02-29 23:50:00,143,135.06,85.58
960,2024-02-29 23:50:00,143,181.44,63.84
961,2024-02-29 23:50:00,143,168.71,61.95
962,2024-02-29 23:50:00,143,153.36,59.67
963,2024-02-29 23:50:00,143,137.42,57.31
964,2024-02-29 23:50:00,143,128.52,55.99
965,2024-02-29 23:50:00,143,115.95,54.12
966,2024-02-29 23:50:00,143,98.23,51.49
967,2024-02-29 23:50:00,143,83.68,56.24
968,2024-02-29 23:50:00,143,92.28,57.73
969,2024-02-29 23:50:00,143,102.24,59.45
970,2024-02-29 23:50:00,143,108.25,60.49
971,2024-02-29 23:50:00,143,113.62,61.42
972,2024-02-29 23:50:00,143,122.06,62.88
973,2024-02-29 23:50:00,143,130.0,64.26
974,2024-02-29 23:50:00,143,136.73,65.42
975,2024-02-29 23:50:00,143,11.0,56.82
976,2024-02-29 23:50:00,143,11.0,56.82
977,2024-02-29 23:50:00,143,11.0,56.82
978,2024-02-29 23:50:00,143,11.0,56.82
979,2024-02-29 23:50:00,143,50.39,72.3
980,2024-02-29 23:50:00,143,60.31,76.2
981,2024-02-29 23:50:00,143,65.8,83.34
982,2024-02-29 23:50:00,143,61.02,87.14
983,2024-02-29 23:50:00,143,57.22,90.16
984,2024-02-29 23:50:00,143,69.1,90.48
985,2024-02-29 23:50:00,143,72.01,89.22
986,2024-02-29 23:50:00,143,125.99,63.89
987,2024-02-29 23:50:00,143,143.89,64.74
988,2024-02-29 23:50:00,143,161.39,65.57
989,2024-02-29 23:50:00,143,178.82,66.4
990,2024-02-29 23:50:00,143,201.7,67.49
991,2024-02-29 23:50:00,143,163.6,63.59
992,2024-02-29 23:50:00,143,155.79,60.5
993,2024-02-29 23:50:00,143,149.75,58.11
994,2024-02-29 23:50:00,143,131.0,50.71
995,2024-02-29 23:50:00,143,131.0,50.71
996,2024-02-29 23:50:00,143,128.06,75.82
997,2024-02-29 23:50:00,143,128.86,75.86
998,2024-02-29 23:50:00,143,57.36,71.17
999,2024-02-29 23:50:00,143,42.28,77.68
1000,2024-02-29 23:50:00,143,67.9,70.96
1001,2024-02-29 23:50:00,143,74.49,67.0
1002,2024-02-29 23:50:00,143,77.86,64.99
1003,2024-02-29 23:50:00,143,102.81,80.46
1004,2024-02-29 23:50:00,143,105.76,80.91
1005,2024-02-29 23:50:00,143,114.22,82.21
1006,2024-02-29 23:50:00,143,93.0,73.95
