detector_id,time_window,time_step,total_volume,avg_speed
2,2024/1/1 0:00,0,27,70.11
3,2024/1/1 0:00,0,40,74.3
4,2024/1/1 0:00,0,55,61
5,2024/1/1 0:00,0,30,67.6
6,2024/1/1 0:00,0,27,87.04
7,2024/1/1 0:00,0,36,50.53
8,2024/1/1 0:00,0,28,66.75
9,2024/1/1 0:00,0,39,73.36
10,2024/1/1 0:00,0,49,59.94
11,2024/1/1 0:00,0,100,50.74
12,2024/1/1 0:00,0,53,67.42
13,2024/1/1 0:00,0,60,59.3
14,2024/1/1 0:00,0,29,61.72
15,2024/1/1 0:00,0,27,67.41
16,2024/1/1 0:00,0,25.5,67.72
17,2024/1/1 0:00,0,24,68.04
18,2024/1/1 0:00,0,42,62.62
19,2024/1/1 0:00,0,39,63.54
20,2024/1/1 0:00,0,48.5,61.77
21,2024/1/1 0:00,0,58,60
22,2024/1/1 0:00,0,35,74.57
23,2024/1/1 0:00,0,38,73.05
24,2024/1/1 0:00,0,56,56.09
25,2024/1/1 0:00,0,61,78.82
26,2024/1/1 0:00,0,55,77.78
27,2024/1/1 0:00,0,69,88.99
28,2024/1/1 0:00,0,76,91.38
29,2024/1/1 0:00,0,57,82.16
30,2024/1/1 0:00,0,65,70.52
31,2024/1/1 0:00,0,50,80.4
32,2024/1/1 0:00,0,35,90.29
33,2024/1/1 0:00,0,38,93.24
34,2024/1/1 0:00,0,38,85.97
35,2024/1/1 0:00,0,33,80.18
36,2024/1/1 0:00,0,32,97.78
37,2024/1/1 0:00,0,31,88.23
38,2024/1/1 0:00,0,43,56.91
39,2024/1/1 0:00,0,36.5,60.64
40,2024/1/1 0:00,0,30,64.37
41,2024/1/1 0:00,0,33,39.42
42,2024/1/1 0:00,0,43,47.84
43,2024/1/1 0:00,0,53,56.26
44,2024/1/1 0:00,0,49,60.16
45,2024/1/1 0:00,0,24,67.92
46,2024/1/1 0:00,0,40,71.72
47,2024/1/1 0:00,0,47,67.06
48,2024/1/1 0:00,0,42,67.64
49,2024/1/1 0:00,0,39,76.26
50,2024/1/1 0:00,0,78,56.96
51,2024/1/1 0:00,0,60,44.08
52,2024/1/1 0:00,0,29,78.79
53,2024/1/1 0:00,0,24,68.71
54,2024/1/1 0:00,0,41,76.44
55,2024/1/1 0:00,0,37,59.05
56,2024/1/1 0:00,0,33,78.7
57,2024/1/1 0:00,0,24,74.83
58,2024/1/1 0:00,0,52,56.21
59,2024/1/1 0:00,0,28,72.68
60,2024/1/1 0:00,0,23,68.43
61,2024/1/1 0:00,0,16,94
62,2024/1/1 0:00,0,13,66.08
63,2024/1/1 0:00,0,74,73.46
64,2024/1/1 0:00,0,65,56.92
65,2024/1/1 0:00,0,148,33.4
66,2024/1/1 0:00,0,121,37.4
67,2024/1/1 0:00,0,108,39.47
68,2024/1/1 0:00,0,98,61.73
69,2024/1/1 0:00,0,39,78.64
70,2024/1/1 0:00,0,42,77.33
71,2024/1/1 0:00,0,34,77.12
72,2024/1/1 0:00,0,30,71.23
73,2024/1/1 0:00,0,13,72.08
74,2024/1/1 0:00,0,25,85.32
75,2024/1/1 0:00,0,26,73.08
76,2024/1/1 0:00,0,16,80.25
77,2024/1/1 0:00,0,50,97.44
78,2024/1/1 0:00,0,49,86.31
79,2024/1/1 0:00,0,55,88.87
80,2024/1/1 0:00,0,49,96.04
81,2024/1/1 0:00,0,24,68.54
82,2024/1/1 0:00,0,21,68.76
83,2024/1/1 0:00,0,50,89.66
84,2024/1/1 0:00,0,35,76.26
85,2024/1/1 0:00,0,24,76.21
86,2024/1/1 0:00,0,24,74.58
87,2024/1/1 0:00,0,24,72.96
88,2024/1/1 0:00,0,60,78.23
89,2024/1/1 0:00,0,60,95.55
90,2024/1/1 0:00,0,78.5,85.28
91,2024/1/1 0:00,0,97,75
92,2024/1/1 0:00,0,87,75.59
93,2024/1/1 0:00,0,103,64.78
94,2024/1/1 0:00,0,99,59.01
95,2024/1/1 0:00,0,97,63.08
96,2024/1/1 0:00,0,80,71.45
97,2024/1/1 0:00,0,92,66.7
98,2024/1/1 0:00,0,84,82.94
99,2024/1/1 0:00,0,36,94.78
100,2024/1/1 0:00,0,52,54.37
101,2024/1/1 0:00,0,8,54.5
102,2024/1/1 0:00,0,18,85.28
103,2024/1/1 0:00,0,20.5,95.18
104,2024/1/1 0:00,0,23,105.09
105,2024/1/1 0:00,0,22,96.14
106,2024/1/1 0:00,0,52,91.1
107,2024/1/1 0:00,0,52,86.13
108,2024/1/1 0:00,0,70,93.53
109,2024/1/1 0:00,0,62,92.69
110,2024/1/1 0:00,0,48,97.58
111,2024/1/1 0:00,0,20,87.05
112,2024/1/1 0:00,0,24,105.42
113,2024/1/1 0:00,0,29,87.28
114,2024/1/1 0:00,0,33,97.09
115,2024/1/1 0:00,0,39,86.31
116,2024/1/1 0:00,0,32,88.41
117,2024/1/1 0:00,0,39,99.82
118,2024/1/1 0:00,0,37,89.05
119,2024/1/1 0:00,0,32,93.16
120,2024/1/1 0:00,0,25,118.52
121,2024/1/1 0:00,0,27,104.04
122,2024/1/1 0:00,0,14,93.93
123,2024/1/1 0:00,0,14,96.79
124,2024/1/1 0:00,0,27,79.85
125,2024/1/1 0:00,0,78,91.73
126,2024/1/1 0:00,0,35,89.66
127,2024/1/1 0:00,0,59,87.85
128,2024/1/1 0:00,0,152,95.51
129,2024/1/1 0:00,0,123,99.52
130,2024/1/1 0:00,0,100,73.31
131,2024/1/1 0:00,0,94,88.64
132,2024/1/1 0:00,0,96,88.34
133,2024/1/1 0:00,0,34,82.26
134,2024/1/1 0:00,0,43,84.42
135,2024/1/1 0:00,0,44,57.55
136,2024/1/1 0:00,0,32,73.66
137,2024/1/1 0:00,0,50,57.06
138,2024/1/1 0:00,0,75,70.04
139,2024/1/1 0:00,0,95,61.22
140,2024/1/1 0:00,0,60,72.83
141,2024/1/1 0:00,0,56,77.07
142,2024/1/1 0:00,0,39,78.23
143,2024/1/1 0:00,0,34,69.79
144,2024/1/1 0:00,0,80,71.99
145,2024/1/1 0:00,0,44,65.68
146,2024/1/1 0:00,0,38,69.61
147,2024/1/1 0:00,0,40,84.05
148,2024/1/1 0:00,0,34,91.41
149,2024/1/1 0:00,0,17,70.47
150,2024/1/1 0:00,0,22,69.45
151,2024/1/1 0:00,0,24,59.67
152,2024/1/1 0:00,0,30,73.4
153,2024/1/1 0:00,0,13,72.38
154,2024/1/1 0:00,0,16,84.88
155,2024/1/1 0:00,0,19,79.74
156,2024/1/1 0:00,0,32,81.69
157,2024/1/1 0:00,0,1,24
158,2024/1/1 0:00,0,5,52.2
159,2024/1/1 0:00,0,27,72.11
160,2024/1/1 0:00,0,29,75.62
161,2024/1/1 0:00,0,34,38.94
162,2024/1/1 0:00,0,34,80.29
163,2024/1/1 0:00,0,29,74.72
164,2024/1/1 0:00,0,61,59.39
165,2024/1/1 0:00,0,56,75.66
166,2024/1/1 0:00,0,55,71.38
167,2024/1/1 0:00,0,10,73.3
168,2024/1/1 0:00,0,87,72.85
169,2024/1/1 0:00,0,82,69.26
170,2024/1/1 0:00,0,82,22.74
171,2024/1/1 0:00,0,64,15
172,2024/1/1 0:00,0,1,69
173,2024/1/1 0:00,0,2,88
174,2024/1/1 0:00,0,52,77.83
175,2024/1/1 0:00,0,29,69.14
176,2024/1/1 0:00,0,11,83.55
177,2024/1/1 0:00,0,11,84.91
178,2024/1/1 0:00,0,21,78.39
179,2024/1/1 0:00,0,31,71.87
180,2024/1/1 0:00,0,22.5,65.79
181,2024/1/1 0:00,0,14,59.71
182,2024/1/1 0:00,0,44,57.23
183,2024/1/1 0:00,0,88,62.5
184,2024/1/1 0:00,0,73,53.66
185,2024/1/1 0:00,0,63.33,57.63
186,2024/1/1 0:00,0,53.67,61.6
187,2024/1/1 0:00,0,44,65.57
188,2024/1/1 0:00,0,19,70.58
189,2024/1/1 0:00,0,15,63.07
190,2024/1/1 0:00,0,54,76.65
191,2024/1/1 0:00,0,50,64.96
192,2024/1/1 0:00,0,46.5,74.66
193,2024/1/1 0:00,0,43,84.35
194,2024/1/1 0:00,0,52,66.23
195,2024/1/1 0:00,0,44,62.18
196,2024/1/1 0:00,0,54,83.5
197,2024/1/1 0:00,0,42,87.24
198,2024/1/1 0:00,0,79,85.04
199,2024/1/1 0:00,0,52,84.9
200,2024/1/1 0:00,0,45,80.02
201,2024/1/1 0:00,0,63,75.41
202,2024/1/1 0:00,0,81,59.36
203,2024/1/1 0:00,0,54,61.11
204,2024/1/1 0:00,0,35,73.54
205,2024/1/1 0:00,0,49,91.27
206,2024/1/1 0:00,0,26,78.19
207,2024/1/1 0:00,0,28,81.43
208,2024/1/1 0:00,0,30,65.83
209,2024/1/1 0:00,0,40,81
210,2024/1/1 0:00,0,18,76.06
211,2024/1/1 0:00,0,16,88.12
212,2024/1/1 0:00,0,59,80.42
213,2024/1/1 0:00,0,40,84.1
214,2024/1/1 0:00,0,73,79.62
215,2024/1/1 0:00,0,59,82.03
216,2024/1/1 0:00,0,63,81.76
217,2024/1/1 0:00,0,83,86.6
218,2024/1/1 0:00,0,57,84.14
219,2024/1/1 0:00,0,62,78.52
220,2024/1/1 0:00,0,48,79.85
221,2024/1/1 0:00,0,44,81.02
222,2024/1/1 0:00,0,31,74.77
223,2024/1/1 0:00,0,36,62.53
224,2024/1/1 0:00,0,32,64.25
225,2024/1/1 0:00,0,36,83.5
226,2024/1/1 0:00,0,46,62.89
227,2024/1/1 0:00,0,22,62.14
228,2024/1/1 0:00,0,18,58.39
229,2024/1/1 0:00,0,14,53.29
230,2024/1/1 0:00,0,39,66.95
231,2024/1/1 0:00,0,30,82.67
232,2024/1/1 0:00,0,53,72.43
233,2024/1/1 0:00,0,76,62.2
234,2024/1/1 0:00,0,99,51.96
235,2024/1/1 0:00,0,70,65.07
236,2024/1/1 0:00,0,45,46.42
237,2024/1/1 0:00,0,4,73.75
238,2024/1/1 0:00,0,4,62.5
239,2024/1/1 0:00,0,9.5,57.72
240,2024/1/1 0:00,0,15,
241,2024/1/1 0:00,0,0,
242,2024/1/1 0:00,0,14,72.71
243,2024/1/1 0:00,0,58,78.24
244,2024/1/1 0:00,0,56,73.29
245,2024/1/1 0:00,0,81,68.15
246,2024/1/1 0:00,0,103,55.7
247,2024/1/1 0:00,0,81.5,51.64
248,2024/1/1 0:00,0,60,47.57
249,2024/1/1 0:00,0,30,67.8
250,2024/1/1 0:00,0,45,70.11
251,2024/1/1 0:00,0,46,64.2
252,2024/1/1 0:00,0,71,63.9
253,2024/1/1 0:00,0,126,67.97
254,2024/1/1 0:00,0,52,66
255,2024/1/1 0:00,0,60.5,65.28
256,2024/1/1 0:00,0,69,64.57
257,2024/1/1 0:00,0,58,61.78
258,2024/1/1 0:00,0,56,76.5
259,2024/1/1 0:00,0,61,68.9
260,2024/1/1 0:00,0,57,69.02
261,2024/1/1 0:00,0,54,59.33
262,2024/1/1 0:00,0,69,73.45
263,2024/1/1 0:00,0,69,46.35
264,2024/1/1 0:00,0,45,69.13
265,2024/1/1 0:00,0,45,57.27
266,2024/1/1 0:00,0,65,67.25
267,2024/1/1 0:00,0,67,51.3
268,2024/1/1 0:00,0,90,69.62
269,2024/1/1 0:00,0,79,76.42
270,2024/1/1 0:00,0,71,77.15
271,2024/1/1 0:00,0,64.5,76.5
272,2024/1/1 0:00,0,58,75.84
273,2024/1/1 0:00,0,25,67.64
274,2024/1/1 0:00,0,43,66.67
275,2024/1/1 0:00,0,80,66.45
276,2024/1/1 0:00,0,92,68.8
277,2024/1/1 0:00,0,77.5,68.82
278,2024/1/1 0:00,0,63,68.84
279,2024/1/1 0:00,0,71,66.94
280,2024/1/1 0:00,0,79,65.03
281,2024/1/1 0:00,0,84,55.3
282,2024/1/1 0:00,0,94,61.03
283,2024/1/1 0:00,0,84,54.24
284,2024/1/1 0:00,0,72,67.1
285,2024/1/1 0:00,0,100,65.33
286,2024/1/1 0:00,0,94,70.37
287,2024/1/1 0:00,0,85.5,70.44
288,2024/1/1 0:00,0,77,70.51
289,2024/1/1 0:00,0,63,58.97
290,2024/1/1 0:00,0,73,65.77
291,2024/1/1 0:00,0,59,61.51
292,2024/1/1 0:00,0,74,64.5
293,2024/1/1 0:00,0,70,74.46
294,2024/1/1 0:00,0,44,63.8
295,2024/1/1 0:00,0,40,62.48
296,2024/1/1 0:00,0,40,56.38
297,2024/1/1 0:00,0,49,62.49
298,2024/1/1 0:00,0,47,45.53
299,2024/1/1 0:00,0,37.5,48.7
300,2024/1/1 0:00,0,28,51.86
301,2024/1/1 0:00,0,84,67.6
302,2024/1/1 0:00,0,55,76.95
303,2024/1/1 0:00,0,56,79.18
304,2024/1/1 0:00,0,37,64.26
305,2024/1/1 0:00,0,18,49.33
306,2024/1/1 0:00,0,52,72.79
307,2024/1/1 0:00,0,60,101.4
308,2024/1/1 0:00,0,64,89.7
309,2024/1/1 0:00,0,75,101.85
310,2024/1/1 0:00,0,70,92.93
311,2024/1/1 0:00,0,70,103.09
312,2024/1/1 0:00,0,65,113.77
313,2024/1/1 0:00,0,62,109.13
314,2024/1/1 0:00,0,62,107.73
315,2024/1/1 0:00,0,68,100.96
316,2024/1/1 0:00,0,80,90.85
317,2024/1/1 0:00,0,43,85.14
318,2024/1/1 0:00,0,48,93.56
319,2024/1/1 0:00,0,53,102.21
320,2024/1/1 0:00,0,55,96.15
321,2024/1/1 0:00,0,52,110.02
322,2024/1/1 0:00,0,64,101.06
323,2024/1/1 0:00,0,69,97.17
324,2024/1/1 0:00,0,61,96.8
325,2024/1/1 0:00,0,41,77.07
326,2024/1/1 0:00,0,33,105.61
327,2024/1/1 0:00,0,38,95.18
328,2024/1/1 0:00,0,56,97.64
329,2024/1/1 0:00,0,32,68.19
330,2024/1/1 0:00,0,8,38.75
331,2024/1/1 0:00,0,52,100.9
332,2024/1/1 0:00,0,83,99.54
333,2024/1/1 0:00,0,67,105.21
334,2024/1/1 0:00,0,61,109.21
335,2024/1/1 0:00,0,67,110.49
336,2024/1/1 0:00,0,72,93.28
337,2024/1/1 0:00,0,92,93.86
338,2024/1/1 0:00,0,78,101.68
339,2024/1/1 0:00,0,84,99.38
340,2024/1/1 0:00,0,77,108.04
341,2024/1/1 0:00,0,117,98.1
342,2024/1/1 0:00,0,110,104.55
343,2024/1/1 0:00,0,101,109.35
344,2024/1/1 0:00,0,102,112.51
345,2024/1/1 0:00,0,114,108.95
346,2024/1/1 0:00,0,124,105.89
347,2024/1/1 0:00,0,111,100.79
348,2024/1/1 0:00,0,106,104.28
349,2024/1/1 0:00,0,97,91.6
350,2024/1/1 0:00,0,112,94.83
351,2024/1/1 0:00,0,14,78.21
352,2024/1/1 0:00,0,15,65.07
353,2024/1/1 0:00,0,20,76.15
354,2024/1/1 0:00,0,6,70
355,2024/1/1 0:00,0,10,93.9
356,2024/1/1 0:00,0,32,75.97
357,2024/1/1 0:00,0,28,77.93
358,2024/1/1 0:00,0,31,69.81
359,2024/1/1 0:00,0,35,66.29
360,2024/1/1 0:00,0,43,76.6
361,2024/1/1 0:00,0,47,80.66
362,2024/1/1 0:00,0,30,94.07
363,2024/1/1 0:00,0,54,78.84
364,2024/1/1 0:00,0,78,63.62
365,2024/1/1 0:00,0,70.67,70.81
366,2024/1/1 0:00,0,63.33,78.01
367,2024/1/1 0:00,0,56,85.2
368,2024/1/1 0:00,0,107,87.1
369,2024/1/1 0:00,0,107.5,86.7
370,2024/1/1 0:00,0,108,86.29
371,2024/1/1 0:00,0,98,72.36
372,2024/1/1 0:00,0,76,83.46
373,2024/1/1 0:00,0,80,95.61
374,2024/1/1 0:00,0,49,95.84
375,2024/1/1 0:00,0,42,96.24
376,2024/1/1 0:00,0,42,90.93
377,2024/1/1 0:00,0,62,100.16
378,2024/1/1 0:00,0,67,92.19
379,2024/1/1 0:00,0,64,83.22
380,2024/1/1 0:00,0,27,77.48
381,2024/1/1 0:00,0,19,93.05
382,2024/1/1 0:00,0,17,84.35
383,2024/1/1 0:00,0,6,87.33
384,2024/1/1 0:00,0,18,31.94
385,2024/1/1 0:00,0,24,79.62
386,2024/1/1 0:00,0,5,76.8
387,2024/1/1 0:00,0,11,61.27
388,2024/1/1 0:00,0,55,75
389,2024/1/1 0:00,0,48,90.88
390,2024/1/1 0:00,0,54,103.28
391,2024/1/1 0:00,0,62,75.26
392,2024/1/1 0:00,0,45,95.98
393,2024/1/1 0:00,0,43,112.58
394,2024/1/1 0:00,0,47,101.72
395,2024/1/1 0:00,0,75,94.13
396,2024/1/1 0:00,0,40,87.36
397,2024/1/1 0:00,0,5,
398,2024/1/1 0:00,0,0,
399,2024/1/1 0:00,0,7,65.14
400,2024/1/1 0:00,0,2,95.5
401,2024/1/1 0:00,0,3,66.67
402,2024/1/1 0:00,0,2,85
403,2024/1/1 0:00,0,5,72.4
404,2024/1/1 0:00,0,4,81.75
405,2024/1/1 0:00,0,7,89.57
406,2024/1/1 0:00,0,5,90
407,2024/1/1 0:00,0,4,107
408,2024/1/1 0:00,0,9,90.44
409,2024/1/1 0:00,0,6,83.5
410,2024/1/1 0:00,0,4,97
411,2024/1/1 0:00,0,2,90.5
412,2024/1/1 0:00,0,3,77
413,2024/1/1 0:00,0,3,98.33
414,2024/1/1 0:00,0,6,89.17
415,2024/1/1 0:00,0,14,83.5
416,2024/1/1 0:00,0,15.5,97.78
417,2024/1/1 0:00,0,17,112.06
418,2024/1/1 0:00,0,9,113.11
419,2024/1/1 0:00,0,8,92.88
420,2024/1/1 0:00,0,16,95.56
421,2024/1/1 0:00,0,14,74.21
422,2024/1/1 0:00,0,12,67.25
423,2024/1/1 0:00,0,16,92.81
424,2024/1/1 0:00,0,15,83.93
425,2024/1/1 0:00,0,15,94.73
426,2024/1/1 0:00,0,16,87.06
427,2024/1/1 0:00,0,13,89.62
428,2024/1/1 0:00,0,18,96.67
429,2024/1/1 0:00,0,14,89.93
430,2024/1/1 0:00,0,20,89.55
431,2024/1/1 0:00,0,20,76.15
432,2024/1/1 0:00,0,12,81.2
433,2024/1/1 0:00,0,4,86.25
434,2024/1/1 0:00,0,23.33,83.22
435,2024/1/1 0:00,0,42.67,80.18
436,2024/1/1 0:00,0,62,77.15
437,2024/1/1 0:00,0,15,65.07
438,2024/1/1 0:00,0,23,82.04
439,2024/1/1 0:00,0,20,80.69
440,2024/1/1 0:00,0,17,79.35
441,2024/1/1 0:00,0,23,61.35
442,2024/1/1 0:00,0,35,68.2
443,2024/1/1 0:00,0,39.5,67.34
444,2024/1/1 0:00,0,44,66.48
445,2024/1/1 0:00,0,48.5,65.63
446,2024/1/1 0:00,0,53,64.77
447,2024/1/1 0:00,0,44,72.93
448,2024/1/1 0:00,0,41,74.02
449,2024/1/1 0:00,0,19,80.89
450,2024/1/1 0:00,0,17,69.88
451,2024/1/1 0:00,0,43,66.63
452,2024/1/1 0:00,0,38,79.37
453,2024/1/1 0:00,0,45,84.18
454,2024/1/1 0:00,0,60,76.17
455,2024/1/1 0:00,0,24,63.54
456,2024/1/1 0:00,0,66,73.7
457,2024/1/1 0:00,0,45,96.58
458,2024/1/1 0:00,0,26,80.96
459,2024/1/1 0:00,0,39,82.44
460,2024/1/1 0:00,0,29,94.69
461,2024/1/1 0:00,0,29,99.69
462,2024/1/1 0:00,0,29,85.45
463,2024/1/1 0:00,0,18.5,84.98
464,2024/1/1 0:00,0,8,84.5
465,2024/1/1 0:00,0,14,86.43
466,2024/1/1 0:00,0,35.33,83.91
467,2024/1/1 0:00,0,56.67,81.38
468,2024/1/1 0:00,0,78,78.86
469,2024/1/1 0:00,0,75,71.53
470,2024/1/1 0:00,0,68.5,78.11
471,2024/1/1 0:00,0,62,84.69
472,2024/1/1 0:00,0,24,80.88
473,2024/1/1 0:00,0,22,88.82
474,2024/1/1 0:00,0,25,77.16
475,2024/1/1 0:00,0,30,71.17
476,2024/1/1 0:00,0,39,75.59
477,2024/1/1 0:00,0,31,85.74
478,2024/1/1 0:00,0,48,68.92
479,2024/1/1 0:00,0,54,91.19
480,2024/1/1 0:00,0,53,77.7
481,2024/1/1 0:00,0,44,72.52
482,2024/1/1 0:00,0,38,71.03
483,2024/1/1 0:00,0,51,68.41
484,2024/1/1 0:00,0,48,69.52
485,2024/1/1 0:00,0,1222,9.37
486,2024/1/1 0:00,0,72,87.14
487,2024/1/1 0:00,0,73,81.37
488,2024/1/1 0:00,0,57,73.63
489,2024/1/1 0:00,0,69.5,78.92
490,2024/1/1 0:00,0,82,84.21
491,2024/1/1 0:00,0,87,85.76
492,2024/1/1 0:00,0,78,82.13
493,2024/1/1 0:00,0,66,78.36
494,2024/1/1 0:00,0,62,92.16
495,2024/1/1 0:00,0,65,81.4
496,2024/1/1 0:00,0,68,78.99
497,2024/1/1 0:00,0,72,92.71
498,2024/1/1 0:00,0,70,101.89
499,2024/1/1 0:00,0,71,79.39
500,2024/1/1 0:00,0,67,87.24
501,2024/1/1 0:00,0,63,95.08
502,2024/1/1 0:00,0,59,73.19
503,2024/1/1 0:00,0,64,81.67
504,2024/1/1 0:00,0,79,75.54
505,2024/1/1 0:00,0,79,85.3
506,2024/1/1 0:00,0,79,82.71
507,2024/1/1 0:00,0,93.75,77.55
508,2024/1/1 0:00,0,108.5,72.4
509,2024/1/1 0:00,0,123.25,67.24
510,2024/1/1 0:00,0,138,62.08
511,2024/1/1 0:00,0,131,73.38
512,2024/1/1 0:00,0,125,60.99
513,2024/1/1 0:00,0,139,70.95
514,2024/1/1 0:00,0,86,79.67
515,2024/1/1 0:00,0,102,74.59
516,2024/1/1 0:00,0,118,81.67
517,2024/1/1 0:00,0,116.5,82.66
518,2024/1/1 0:00,0,115,83.65
519,2024/1/1 0:00,0,105,82.03
520,2024/1/1 0:00,0,95,80.41
521,2024/1/1 0:00,0,102.5,77.61
522,2024/1/1 0:00,0,110,74.81
523,2024/1/1 0:00,0,94.5,81.65
524,2024/1/1 0:00,0,79,88.48
525,2024/1/1 0:00,0,80,79.03
526,2024/1/1 0:00,0,81,65.64
527,2024/1/1 0:00,0,40,77.22
528,2024/1/1 0:00,0,50.67,76.75
529,2024/1/1 0:00,0,61.33,76.29
530,2024/1/1 0:00,0,72,75.82
531,2024/1/1 0:00,0,64,88.88
532,2024/1/1 0:00,0,63,85.64
533,2024/1/1 0:00,0,62,82.39
534,2024/1/1 0:00,0,65,70.82
535,2024/1/1 0:00,0,54,92.37
536,2024/1/1 0:00,0,57,93.18
537,2024/1/1 0:00,0,68,89.84
538,2024/1/1 0:00,0,67,86.28
539,2024/1/1 0:00,0,63,90.92
540,2024/1/1 0:00,0,65.25,90.8
541,2024/1/1 0:00,0,67.5,90.69
542,2024/1/1 0:00,0,69.75,90.57
543,2024/1/1 0:00,0,72,90.46
544,2024/1/1 0:00,0,51.5,93.78
545,2024/1/1 0:00,0,31,97.1
546,2024/1/1 0:00,0,50.5,83.08
547,2024/1/1 0:00,0,70,69.06
548,2024/1/1 0:00,0,92,82.95
549,2024/1/1 0:00,0,79,83.28
550,2024/1/1 0:00,0,72,83.19
551,2024/1/1 0:00,0,73,64.51
552,2024/1/1 0:00,0,43,73.6
553,2024/1/1 0:00,0,48,80.58
554,2024/1/1 0:00,0,55,73.27
555,2024/1/1 0:00,0,48,76.33
556,2024/1/1 0:00,0,37,71.65
557,2024/1/1 0:00,0,43,77.14
558,2024/1/1 0:00,0,35,71.86
559,2024/1/1 0:00,0,43,81.44
560,2024/1/1 0:00,0,88,91.34
561,2024/1/1 0:00,0,83.5,89.32
562,2024/1/1 0:00,0,79,87.3
563,2024/1/1 0:00,0,76,85.54
564,2024/1/1 0:00,0,75.5,81.72
565,2024/1/1 0:00,0,75,77.91
566,2024/1/1 0:00,0,59,76.86
567,2024/1/1 0:00,0,71,79.07
568,2024/1/1 0:00,0,83,81.28
569,2024/1/1 0:00,0,73,79.19
570,2024/1/1 0:00,0,68.33,76.88
571,2024/1/1 0:00,0,63.67,74.56
572,2024/1/1 0:00,0,59,72.25
573,2024/1/1 0:00,0,64,74.53
574,2024/1/1 0:00,0,64.67,78.24
575,2024/1/1 0:00,0,65.33,81.94
576,2024/1/1 0:00,0,66,85.65
577,2024/1/1 0:00,0,72,76.79
578,2024/1/1 0:00,0,71,75.88
579,2024/1/1 0:00,0,70,74.97
580,2024/1/1 0:00,0,66.33,79.4
581,2024/1/1 0:00,0,62.67,83.82
582,2024/1/1 0:00,0,59,88.25
583,2024/1/1 0:00,0,85.5,81.37
584,2024/1/1 0:00,0,112,74.49
585,2024/1/1 0:00,0,127,58.91
586,2024/1/1 0:00,0,138,81.98
587,2024/1/1 0:00,0,103,81.37
588,2024/1/1 0:00,0,68,80.76
589,2024/1/1 0:00,0,71,84.51
590,2024/1/1 0:00,0,72.5,80.44
591,2024/1/1 0:00,0,74,76.38
592,2024/1/1 0:00,0,74.25,77.4
593,2024/1/1 0:00,0,74.5,78.42
594,2024/1/1 0:00,0,74.75,79.45
595,2024/1/1 0:00,0,75,80.47
596,2024/1/1 0:00,0,69,81.13
597,2024/1/1 0:00,0,77.5,78.44
598,2024/1/1 0:00,0,86,75.74
599,2024/1/1 0:00,0,45,78.24
600,2024/1/1 0:00,0,52,85.27
601,2024/1/1 0:00,0,45,83.31
602,2024/1/1 0:00,0,76,91.64
603,2024/1/1 0:00,0,60,64.13
604,2024/1/1 0:00,0,52,81.38
605,2024/1/1 0:00,0,61.5,85.26
606,2024/1/1 0:00,0,71,89.15
607,2024/1/1 0:00,0,71,88.18
608,2024/1/1 0:00,0,77,73.66
609,2024/1/1 0:00,0,70,89.9
610,2024/1/1 0:00,0,74,87.16
611,2024/1/1 0:00,0,65,81.06
612,2024/1/1 0:00,0,67.5,89.8
613,2024/1/1 0:00,0,70,98.53
614,2024/1/1 0:00,0,71,91.18
615,2024/1/1 0:00,0,63,91.57
616,2024/1/1 0:00,0,58,85.69
617,2024/1/1 0:00,0,59,78.93
618,2024/1/1 0:00,0,38,87.87
619,2024/1/1 0:00,0,55,82.56
620,2024/1/1 0:00,0,72,77.26
621,2024/1/1 0:00,0,69.75,79.46
622,2024/1/1 0:00,0,67.5,81.67
623,2024/1/1 0:00,0,65.25,83.88
624,2024/1/1 0:00,0,63,86.08
625,2024/1/1 0:00,0,61.5,84.94
626,2024/1/1 0:00,0,60,83.8
627,2024/1/1 0:00,0,58.5,82.65
628,2024/1/1 0:00,0,57,81.51
629,2024/1/1 0:00,0,55.5,80.37
630,2024/1/1 0:00,0,54,79.23
631,2024/1/1 0:00,0,52.5,78.08
632,2024/1/1 0:00,0,51,76.94
633,2024/1/1 0:00,0,49.5,75.8
634,2024/1/1 0:00,0,48,74.66
635,2024/1/1 0:00,0,46.5,73.51
636,2024/1/1 0:00,0,45,72.37
637,2024/1/1 0:00,0,43.5,71.23
638,2024/1/1 0:00,0,42,70.09
639,2024/1/1 0:00,0,40.5,68.95
640,2024/1/1 0:00,0,39,67.8
641,2024/1/1 0:00,0,37.5,66.66
642,2024/1/1 0:00,0,36,65.52
643,2024/1/1 0:00,0,34.5,64.38
644,2024/1/1 0:00,0,33,63.23
645,2024/1/1 0:00,0,31.5,62.09
646,2024/1/1 0:00,0,30,60.95
647,2024/1/1 0:00,0,28.5,59.81
648,2024/1/1 0:00,0,27,58.66
649,2024/1/1 0:00,0,25.5,57.52
650,2024/1/1 0:00,0,24,56.38
651,2024/1/1 0:00,0,27,63.19
652,2024/1/1 0:00,0,23,50.74
653,2024/1/1 0:00,0,21.5,55.8
654,2024/1/1 0:00,0,20,60.85
655,2024/1/1 0:00,0,89,34.44
656,2024/1/1 0:00,0,93.75,38.49
657,2024/1/1 0:00,0,98.5,42.54
658,2024/1/1 0:00,0,103.25,46.6
659,2024/1/1 0:00,0,108,50.65
660,2024/1/1 0:00,0,58,61.26
661,2024/1/1 0:00,0,8,71.88
662,2024/1/1 0:00,0,26,56.12
663,2024/1/1 0:00,0,9,77.67
664,2024/1/1 0:00,0,36,72.94
665,2024/1/1 0:00,0,63,68.22
666,2024/1/1 0:00,0,61.33,63.98
667,2024/1/1 0:00,0,59.67,59.74
668,2024/1/1 0:00,0,58,55.5
669,2024/1/1 0:00,0,60,62.83
670,2024/1/1 0:00,0,56,66.6
671,2024/1/1 0:00,0,52,70.38
672,2024/1/1 0:00,0,36,61.5
673,2024/1/1 0:00,0,58,77.43
674,2024/1/1 0:00,0,39,65
675,2024/1/1 0:00,0,68,64.56
676,2024/1/1 0:00,0,29,70.76
677,2024/1/1 0:00,0,26.67,72.02
678,2024/1/1 0:00,0,24.33,73.29
679,2024/1/1 0:00,0,22,74.55
680,2024/1/1 0:00,0,26,74.77
681,2024/1/1 0:00,0,19,71.95
682,2024/1/1 0:00,0,8,82.75
683,2024/1/1 0:00,0,12,106.08
684,2024/1/1 0:00,0,19,93
685,2024/1/1 0:00,0,18,78.06
686,2024/1/1 0:00,0,13,82.77
687,2024/1/1 0:00,0,11,77.6
688,2024/1/1 0:00,0,9,72.44
689,2024/1/1 0:00,0,49,78.88
690,2024/1/1 0:00,0,58,67.17
691,2024/1/1 0:00,0,44,60.57
692,2024/1/1 0:00,0,55,86.15
693,2024/1/1 0:00,0,34,66.26
694,2024/1/1 0:00,0,35,60.29
695,2024/1/1 0:00,0,14,39.79
696,2024/1/1 0:00,0,29,69.38
697,2024/1/1 0:00,0,13,67.31
698,2024/1/1 0:00,0,22,62.72
699,2024/1/1 0:00,0,31,58.13
700,2024/1/1 0:00,0,24,56.92
701,2024/1/1 0:00,0,17,55.71
702,2024/1/1 0:00,0,15.67,62.29
703,2024/1/1 0:00,0,14.33,68.88
704,2024/1/1 0:00,0,13,75.46
705,2024/1/1 0:00,0,13,116.85
706,2024/1/1 0:00,0,26,74.5
707,2024/1/1 0:00,0,30,82.77
708,2024/1/1 0:00,0,46,77.76
709,2024/1/1 0:00,0,41,77.51
710,2024/1/1 0:00,0,36,77.25
711,2024/1/1 0:00,0,31,77
712,2024/1/1 0:00,0,19,54.95
713,2024/1/1 0:00,0,16.5,48.08
714,2024/1/1 0:00,0,14,41.21
715,2024/1/1 0:00,0,22,89.95
716,2024/1/1 0:00,0,15,55.87
717,2024/1/1 0:00,0,17,54.76
718,2024/1/1 0:00,0,16,33.75
719,2024/1/1 0:00,0,25,50.48
720,2024/1/1 0:00,0,9,43.67
721,2024/1/1 0:00,0,17,46.59
722,2024/1/1 0:00,0,19.67,54.22
723,2024/1/1 0:00,0,22.33,61.85
724,2024/1/1 0:00,0,25,69.48
725,2024/1/1 0:00,0,37,63.35
726,2024/1/1 0:00,0,29,91.72
727,2024/1/1 0:00,0,24,86
728,2024/1/1 0:00,0,38,84.74
729,2024/1/1 0:00,0,24,58.67
730,2024/1/1 0:00,0,20,50.06
731,2024/1/1 0:00,0,16,41.44
732,2024/1/1 0:00,0,19,80
733,2024/1/1 0:00,0,18,65.89
734,2024/1/1 0:00,0,16,52.94
735,2024/1/1 0:00,0,17,89.12
736,2024/1/1 0:00,0,31,89.26
737,2024/1/1 0:00,0,17,64.29
738,2024/1/1 0:00,0,19,41.53
739,2024/1/1 0:00,0,13,53.92
740,2024/1/1 0:00,0,20,72.3
741,2024/1/1 0:00,0,10.5,114.15
742,2024/1/1 0:00,0,1,156
743,2024/1/1 0:00,0,1.33,146.03
744,2024/1/1 0:00,0,1.67,136.06
745,2024/1/1 0:00,0,2,126.08
746,2024/1/1 0:00,0,2.33,116.11
747,2024/1/1 0:00,0,2.67,106.14
748,2024/1/1 0:00,0,3,96.17
749,2024/1/1 0:00,0,3.33,86.19
750,2024/1/1 0:00,0,3.67,76.22
751,2024/1/1 0:00,0,4,66.25
752,2024/1/1 0:00,0,3.94,66.12
753,2024/1/1 0:00,0,3.88,65.99
754,2024/1/1 0:00,0,3.82,65.85
755,2024/1/1 0:00,0,3.76,65.72
756,2024/1/1 0:00,0,3.71,65.59
757,2024/1/1 0:00,0,3.65,65.46
758,2024/1/1 0:00,0,3.59,65.32
759,2024/1/1 0:00,0,3.53,65.19
760,2024/1/1 0:00,0,3.47,65.06
761,2024/1/1 0:00,0,3.41,64.93
762,2024/1/1 0:00,0,3.35,64.79
763,2024/1/1 0:00,0,3.29,64.66
764,2024/1/1 0:00,0,3.24,64.53
765,2024/1/1 0:00,0,3.18,64.4
766,2024/1/1 0:00,0,3.12,64.26
767,2024/1/1 0:00,0,3.06,64.13
768,2024/1/1 0:00,0,3,64
769,2024/1/1 0:00,0,3,80.33
770,2024/1/1 0:00,0,4,76.25
771,2024/1/1 0:00,0,9,61.34
772,2024/1/1 0:00,0,14,46.43
773,2024/1/1 0:00,0,12,70.17
774,2024/1/1 0:00,0,19.33,65.97
775,2024/1/1 0:00,0,26.67,61.76
776,2024/1/1 0:00,0,34,57.56
777,2024/1/1 0:00,0,27,78.19
778,2024/1/1 0:00,0,21,60.76
779,2024/1/1 0:00,0,35,50.63
780,2024/1/1 0:00,0,10,55.4
781,2024/1/1 0:00,0,4,59
782,2024/1/1 0:00,0,2,51.5
783,2024/1/1 0:00,0,6,52
784,2024/1/1 0:00,0,2,88
785,2024/1/1 0:00,0,4,50.5
786,2024/1/1 0:00,0,26,68.12
787,2024/1/1 0:00,0,32,91.81
788,2024/1/1 0:00,0,29,80.62
789,2024/1/1 0:00,0,19,59.53
790,2024/1/1 0:00,0,26,82.42
791,2024/1/1 0:00,0,19,58.74
792,2024/1/1 0:00,0,56,47.42
793,2024/1/1 0:00,0,28,23.71
794,2024/1/1 0:00,0,13.67,33.06
795,2024/1/1 0:00,0,6.83,16.53
796,2024/1/1 0:00,0,3.42,8.26
797,2024/1/1 0:00,0,1.71,4.13
798,2024/1/1 0:00,0,0.85,2.07
799,2024/1/1 0:00,0,0.43,1.03
800,2024/1/1 0:00,0,0.21,0.52
801,2024/1/1 0:00,0,0.11,0.26
802,2024/1/1 0:00,0,0.05,0.13
803,2024/1/1 0:00,0,0.03,0.06
804,2024/1/1 0:00,0,0.01,0.02
805,2024/1/1 0:00,0,0,0.01
806,2024/1/1 0:00,0,7.25,21.82
807,2024/1/1 0:00,0,14.5,43.64
808,2024/1/1 0:00,0,0,0.01
809,2024/1/1 0:00,0,3.55,4.18
810,2024/1/1 0:00,0,7.09,8.35
811,2024/1/1 0:00,0,10.64,12.52
812,2024/1/1 0:00,0,14.18,16.69
813,2024/1/1 0:00,0,17.73,20.86
814,2024/1/1 0:00,0,21.27,25.02
815,2024/1/1 0:00,0,24.82,29.19
816,2024/1/1 0:00,0,28.36,33.36
817,2024/1/1 0:00,0,31.91,37.53
818,2024/1/1 0:00,0,35.45,41.7
819,2024/1/1 0:00,0,39,45.87
820,2024/1/1 0:00,0,43.62,46.11
821,2024/1/1 0:00,0,48.25,46.34
822,2024/1/1 0:00,0,52.88,46.58
823,2024/1/1 0:00,0,57.5,46.81
824,2024/1/1 0:00,0,62.12,47.05
825,2024/1/1 0:00,0,66.75,47.29
826,2024/1/1 0:00,0,71.38,47.52
827,2024/1/1 0:00,0,76,47.76
828,2024/1/1 0:00,0,24,48.79
829,2024/1/1 0:00,0,12,24.4
830,2024/1/1 0:00,0,6,12.2
831,2024/1/1 0:00,0,3,6.1
832,2024/1/1 0:00,0,1.5,3.05
833,2024/1/1 0:00,0,0.75,1.52
834,2024/1/1 0:00,0,0.38,0.76
835,2024/1/1 0:00,0,0.19,0.38
836,2024/1/1 0:00,0,0.09,0.19
837,2024/1/1 0:00,0,0.02,0.05
838,2024/1/1 0:00,0,0.01,0.02
839,2024/1/1 0:00,0,0,0.01
840,2024/1/1 0:00,0,2.36,3.32
841,2024/1/1 0:00,0,4.73,6.63
842,2024/1/1 0:00,0,7.09,9.93
843,2024/1/1 0:00,0,9.45,13.24
844,2024/1/1 0:00,0,11.82,16.55
845,2024/1/1 0:00,0,14.18,19.86
846,2024/1/1 0:00,0,16.55,23.17
847,2024/1/1 0:00,0,18.91,26.48
848,2024/1/1 0:00,0,21.27,29.78
849,2024/1/1 0:00,0,23.64,33.09
850,2024/1/1 0:00,0,26,36.4
851,2024/1/1 0:00,0,12,52.71
852,2024/1/1 0:00,0,6,26.36
853,2024/1/1 0:00,0,3,13.18
854,2024/1/1 0:00,0,1.5,6.59
855,2024/1/1 0:00,0,0.75,3.29
856,2024/1/1 0:00,0,0.38,1.65
857,2024/1/1 0:00,0,0.19,0.82
858,2024/1/1 0:00,0,0.09,0.41
859,2024/1/1 0:00,0,0.05,0.21
860,2024/1/1 0:00,0,0.02,0.1
861,2024/1/1 0:00,0,0.01,0.05
862,2024/1/1 0:00,0,0.02,0.05
863,2024/1/1 0:00,0,0.01,0.03
864,2024/1/1 0:00,0,13.5,39.92
865,2024/1/1 0:00,0,6.75,19.96
866,2024/1/1 0:00,0,3.38,9.98
867,2024/1/1 0:00,0,1.12,3.33
868,2024/1/1 0:00,0,0.56,1.67
869,2024/1/1 0:00,0,0.56,1.66
870,2024/1/1 0:00,0,28,55.17
871,2024/1/1 0:00,0,14,27.58
872,2024/1/1 0:00,0,7,13.79
873,2024/1/1 0:00,0,3.5,6.9
874,2024/1/1 0:00,0,1.75,3.45
875,2024/1/1 0:00,0,0.88,1.72
876,2024/1/1 0:00,0,0.44,0.86
877,2024/1/1 0:00,0,0.22,0.43
878,2024/1/1 0:00,0,0.11,0.22
879,2024/1/1 0:00,0,19.55,43.26
880,2024/1/1 0:00,0,32.5,81.7
881,2024/1/1 0:00,0,13,40.48
882,2024/1/1 0:00,0,6.5,20.24
883,2024/1/1 0:00,0,3.25,10.12
884,2024/1/1 0:00,0,1.62,5.06
885,2024/1/1 0:00,0,0.81,2.53
886,2024/1/1 0:00,0,13.91,41.19
887,2024/1/1 0:00,0,17.5,33.14
888,2024/1/1 0:00,0,8.75,16.57
889,2024/1/1 0:00,0,4.38,8.29
890,2024/1/1 0:00,0,2.19,4.14
891,2024/1/1 0:00,0,22.59,40.37
892,2024/1/1 0:00,0,15.5,42.87
893,2024/1/1 0:00,0,7.75,21.44
894,2024/1/1 0:00,0,3.88,10.72
895,2024/1/1 0:00,0,1.94,5.36
896,2024/1/1 0:00,0,14.47,41.42
897,2024/1/1 0:00,0,28,28.04
898,2024/1/1 0:00,0,14,14.02
899,2024/1/1 0:00,0,7,7.01
900,2024/1/1 0:00,0,34,42.92
901,2024/1/1 0:00,0,20.5,37.01
902,2024/1/1 0:00,0,10.25,18.5
903,2024/1/1 0:00,0,5.12,9.25
904,2024/1/1 0:00,0,24.06,33.08
905,2024/1/1 0:00,0,22,36.07
906,2024/1/1 0:00,0,11,18.04
907,2024/1/1 0:00,0,5.5,9.02
908,2024/1/1 0:00,0,2.75,4.51
909,2024/1/1 0:00,0,1.38,2.25
910,2024/1/1 0:00,0,0.69,1.13
911,2024/1/1 0:00,0,0.34,0.56
912,2024/1/1 0:00,0,13.17,36.82
913,2024/1/1 0:00,0,6.33,26.96
914,2024/1/1 0:00,0,3.17,13.48
915,2024/1/1 0:00,0,1.58,6.74
916,2024/1/1 0:00,0,0.79,3.37
917,2024/1/1 0:00,0,0.4,1.69
918,2024/1/1 0:00,0,0.2,0.84
919,2024/1/1 0:00,0,0.1,0.42
920,2024/1/1 0:00,0,12.05,38.32
921,2024/1/1 0:00,0,9.4,27.06
922,2024/1/1 0:00,0,6.75,15.8
923,2024/1/1 0:00,0,3.38,7.9
924,2024/1/1 0:00,0,6.69,31.65
925,2024/1/1 0:00,0,3,26
926,2024/1/1 0:00,0,1.5,13
927,2024/1/1 0:00,0,0.38,3.25
928,2024/1/1 0:00,0,56.46,53.35
929,2024/1/1 0:00,0,1,25.75
930,2024/1/1 0:00,0,0.5,12.88
931,2024/1/1 0:00,0,0.25,6.44
932,2024/1/1 0:00,0,0.12,3.22
933,2024/1/1 0:00,0,0.06,1.61
934,2024/1/1 0:00,0,19.5,32.5
935,2024/1/1 0:00,0,9.75,16.25
936,2024/1/1 0:00,0,4.88,8.12
937,2024/1/1 0:00,0,4.44,29.31
938,2024/1/1 0:00,0,14,33.38
939,2024/1/1 0:00,0,7,16.69
940,2024/1/1 0:00,0,3.5,8.34
941,2024/1/1 0:00,0,21.25,40.85
942,2024/1/1 0:00,0,12,34.36
943,2024/1/1 0:00,0,6,17.18
944,2024/1/1 0:00,0,3,8.59
945,2024/1/1 0:00,0,22,42.51
946,2024/1/1 0:00,0,47.5,30.61
947,2024/1/1 0:00,0,23.75,15.3
948,2024/1/1 0:00,0,11.88,7.65
949,2024/1/1 0:00,0,5.94,3.83
950,2024/1/1 0:00,0,2.97,1.91
951,2024/1/1 0:00,0,1.48,0.96
952,2024/1/1 0:00,0,30.74,36.89
953,2024/1/1 0:00,0,1,44
954,2024/1/1 0:00,0,0.5,22
955,2024/1/1 0:00,0,0.25,11
956,2024/1/1 0:00,0,0.12,5.5
957,2024/1/1 0:00,0,0.06,2.75
958,2024/1/1 0:00,0,0.03,1.38
959,2024/1/1 0:00,0,26.02,39.6
960,2024/1/1 0:00,0,35,32.54
961,2024/1/1 0:00,0,17.5,16.27
962,2024/1/1 0:00,0,8.75,8.13
963,2024/1/1 0:00,0,4.38,4.07
964,2024/1/1 0:00,0,2.19,2.03
965,2024/1/1 0:00,0,1.09,1.02
966,2024/1/1 0:00,0,23.05,23.72
967,2024/1/1 0:00,0,22,28.62
968,2024/1/1 0:00,0,11,14.31
969,2024/1/1 0:00,0,5.5,7.15
970,2024/1/1 0:00,0,2.75,3.58
971,2024/1/1 0:00,0,1.38,1.79
972,2024/1/1 0:00,0,0.69,0.89
973,2024/1/1 0:00,0,0.34,0.45
974,2024/1/1 0:00,0,44.17,31.47
975,2024/1/1 0:00,0,2.67,18.17
976,2024/1/1 0:00,0,1.33,9.08
977,2024/1/1 0:00,0,0.67,4.54
978,2024/1/1 0:00,0,0.33,2.27
979,2024/1/1 0:00,0,0.17,1.14
980,2024/1/1 0:00,0,0.08,0.57
981,2024/1/1 0:00,0,14.36,28.33
982,2024/1/1 0:00,0,7.18,14.16
983,2024/1/1 0:00,0,3.59,7.08
984,2024/1/1 0:00,0,1.8,3.54
985,2024/1/1 0:00,0,35.93,49.89
986,2024/1/1 0:00,0,50,25.37
987,2024/1/1 0:00,0,25,12.68
988,2024/1/1 0:00,0,12.5,6.34
989,2024/1/1 0:00,0,6.25,3.17
990,2024/1/1 0:00,0,29.62,35.3
991,2024/1/1 0:00,0,39,28.48
992,2024/1/1 0:00,0,19.5,14.24
993,2024/1/1 0:00,0,9.75,7.12
994,2024/1/1 0:00,0,4.88,3.56
995,2024/1/1 0:00,0,21.62,15.88
996,2024/1/1 0:00,0,55.67,48.28
997,2024/1/1 0:00,0,27.83,24.14
998,2024/1/1 0:00,0,13.92,12.07
999,2024/1/1 0:00,0,9.97,35.36
1000,2024/1/1 0:00,0,12,31.59
1001,2024/1/1 0:00,0,6,15.8
1002,2024/1/1 0:00,0,3,7.9
1003,2024/1/1 0:00,0,1.5,3.95
1004,2024/1/1 0:00,0,0.75,1.97
1005,2024/1/1 0:00,0,40.25,31.44
1006,2024/1/1 0:00,0,56,73.29
2,2024/1/1 0:10,1,28,64.89
3,2024/1/1 0:10,1,32,72.28
4,2024/1/1 0:10,1,52,69
5,2024/1/1 0:10,1,28,73.96
6,2024/1/1 0:10,1,29,88.41
7,2024/1/1 0:10,1,42,52.33
8,2024/1/1 0:10,1,33,72.82
9,2024/1/1 0:10,1,35,79.17
10,2024/1/1 0:10,1,63,64.16
11,2024/1/1 0:10,1,109,58.08
12,2024/1/1 0:10,1,104,65.92
13,2024/1/1 0:10,1,116,58.55
14,2024/1/1 0:10,1,56,67.34
15,2024/1/1 0:10,1,68,72.91
16,2024/1/1 0:10,1,58.5,72.84
17,2024/1/1 0:10,1,49,72.78
18,2024/1/1 0:10,1,100,63.82
19,2024/1/1 0:10,1,77,69.58
20,2024/1/1 0:10,1,78.5,64.36
21,2024/1/1 0:10,1,80,59.15
22,2024/1/1 0:10,1,49,76.02
23,2024/1/1 0:10,1,52,71.23
24,2024/1/1 0:10,1,103,54.01
25,2024/1/1 0:10,1,74,79.23
26,2024/1/1 0:10,1,63,74.21
27,2024/1/1 0:10,1,74,91.61
28,2024/1/1 0:10,1,68,96.54
29,2024/1/1 0:10,1,79,83.34
30,2024/1/1 0:10,1,73,73.08
31,2024/1/1 0:10,1,51,83.04
32,2024/1/1 0:10,1,29,93
33,2024/1/1 0:10,1,43,91.3
34,2024/1/1 0:10,1,41,84.41
35,2024/1/1 0:10,1,38,76.03
36,2024/1/1 0:10,1,38,94.47
37,2024/1/1 0:10,1,38,84.21
38,2024/1/1 0:10,1,56,57.29
39,2024/1/1 0:10,1,43.5,66.63
40,2024/1/1 0:10,1,31,75.97
41,2024/1/1 0:10,1,52,44.77
42,2024/1/1 0:10,1,46.5,49.08
43,2024/1/1 0:10,1,41,53.39
44,2024/1/1 0:10,1,58,59.16
45,2024/1/1 0:10,1,45,65.02
46,2024/1/1 0:10,1,61,65.84
47,2024/1/1 0:10,1,38,65.58
48,2024/1/1 0:10,1,47,63.23
49,2024/1/1 0:10,1,39,73.31
50,2024/1/1 0:10,1,84,59.31
51,2024/1/1 0:10,1,99,46.27
52,2024/1/1 0:10,1,56,74.36
53,2024/1/1 0:10,1,39,67.97
54,2024/1/1 0:10,1,41,74.66
55,2024/1/1 0:10,1,31,57.03
56,2024/1/1 0:10,1,42,73.98
57,2024/1/1 0:10,1,36,78.94
58,2024/1/1 0:10,1,41,54.05
59,2024/1/1 0:10,1,41,67.66
60,2024/1/1 0:10,1,25,67.76
61,2024/1/1 0:10,1,23,86.13
62,2024/1/1 0:10,1,16,66.31
63,2024/1/1 0:10,1,51,85.29
64,2024/1/1 0:10,1,54,87.5
65,2024/1/1 0:10,1,108,59.84
66,2024/1/1 0:10,1,135,64.96
67,2024/1/1 0:10,1,141,67.59
68,2024/1/1 0:10,1,158,69.2
69,2024/1/1 0:10,1,65,85.62
70,2024/1/1 0:10,1,70,91.23
71,2024/1/1 0:10,1,51,84.29
72,2024/1/1 0:10,1,66,71.3
73,2024/1/1 0:10,1,21,73.95
74,2024/1/1 0:10,1,40,86.9
75,2024/1/1 0:10,1,57,76.28
76,2024/1/1 0:10,1,26,82.42
77,2024/1/1 0:10,1,54,100.35
78,2024/1/1 0:10,1,58,86.21
79,2024/1/1 0:10,1,55,91.58
80,2024/1/1 0:10,1,77,96.3
81,2024/1/1 0:10,1,26,76.23
82,2024/1/1 0:10,1,24,73.25
83,2024/1/1 0:10,1,50,89.02
84,2024/1/1 0:10,1,32,74.91
85,2024/1/1 0:10,1,18,70.89
86,2024/1/1 0:10,1,18.5,72
87,2024/1/1 0:10,1,19,73.11
88,2024/1/1 0:10,1,52,80.88
89,2024/1/1 0:10,1,55,102.64
90,2024/1/1 0:10,1,67,91.86
91,2024/1/1 0:10,1,79,81.09
92,2024/1/1 0:10,1,99,86.52
93,2024/1/1 0:10,1,101,87.9
94,2024/1/1 0:10,1,97,81.23
95,2024/1/1 0:10,1,108,78.58
96,2024/1/1 0:10,1,97,78.97
97,2024/1/1 0:10,1,95,72.59
98,2024/1/1 0:10,1,133,79.81
99,2024/1/1 0:10,1,44,93.59
100,2024/1/1 0:10,1,15,66
101,2024/1/1 0:10,1,17,53.59
102,2024/1/1 0:10,1,50,81.88
103,2024/1/1 0:10,1,48,94.58
104,2024/1/1 0:10,1,46,107.28
105,2024/1/1 0:10,1,47,93.45
106,2024/1/1 0:10,1,106,99.59
107,2024/1/1 0:10,1,102,96.24
108,2024/1/1 0:10,1,73,105.62
109,2024/1/1 0:10,1,67,94.55
110,2024/1/1 0:10,1,65,97.98
111,2024/1/1 0:10,1,41,89.34
112,2024/1/1 0:10,1,44,112
113,2024/1/1 0:10,1,28,99.93
114,2024/1/1 0:10,1,25,100.92
115,2024/1/1 0:10,1,31,83.03
116,2024/1/1 0:10,1,32,82.88
117,2024/1/1 0:10,1,31,107.16
118,2024/1/1 0:10,1,25,91.4
119,2024/1/1 0:10,1,22,94.91
120,2024/1/1 0:10,1,21,117.9
121,2024/1/1 0:10,1,28,105.46
122,2024/1/1 0:10,1,18,109
123,2024/1/1 0:10,1,16,119.88
124,2024/1/1 0:10,1,20,85.7
125,2024/1/1 0:10,1,72,103.6
126,2024/1/1 0:10,1,37,97.41
127,2024/1/1 0:10,1,54,93.96
128,2024/1/1 0:10,1,136,100.5
129,2024/1/1 0:10,1,130,102.52
130,2024/1/1 0:10,1,137,79.82
131,2024/1/1 0:10,1,142,84.36
132,2024/1/1 0:10,1,130,85.62
133,2024/1/1 0:10,1,58,81.91
134,2024/1/1 0:10,1,56,86.55
135,2024/1/1 0:10,1,21,61.33
136,2024/1/1 0:10,1,7,85.57
137,2024/1/1 0:10,1,11,74.36
138,2024/1/1 0:10,1,42,73.02
139,2024/1/1 0:10,1,71,66.89
140,2024/1/1 0:10,1,107,72.03
141,2024/1/1 0:10,1,143,77.16
142,2024/1/1 0:10,1,71,85.27
143,2024/1/1 0:10,1,66,71.64
144,2024/1/1 0:10,1,138,73.82
145,2024/1/1 0:10,1,71,66.96
146,2024/1/1 0:10,1,57,71.88
147,2024/1/1 0:10,1,55,84.09
148,2024/1/1 0:10,1,52,84.13
149,2024/1/1 0:10,1,33,70.06
150,2024/1/1 0:10,1,34,72.97
151,2024/1/1 0:10,1,44,61.25
152,2024/1/1 0:10,1,51,74.43
153,2024/1/1 0:10,1,12,67.92
154,2024/1/1 0:10,1,11,72.64
155,2024/1/1 0:10,1,55,80.24
156,2024/1/1 0:10,1,100,80.73
157,2024/1/1 0:10,1,4,56
158,2024/1/1 0:10,1,8,53.5
159,2024/1/1 0:10,1,25,74.24
160,2024/1/1 0:10,1,38,76.66
161,2024/1/1 0:10,1,40,40.67
162,2024/1/1 0:10,1,36,80.36
163,2024/1/1 0:10,1,33,74.64
164,2024/1/1 0:10,1,49,63.63
165,2024/1/1 0:10,1,47,82.53
166,2024/1/1 0:10,1,58,70.91
167,2024/1/1 0:10,1,7,79.71
168,2024/1/1 0:10,1,72,74.33
169,2024/1/1 0:10,1,49,71.33
170,2024/1/1 0:10,1,66,33.74
171,2024/1/1 0:10,1,122,39.69
172,2024/1/1 0:10,1,60,71.1
173,2024/1/1 0:10,1,66,78.68
174,2024/1/1 0:10,1,96,76.51
175,2024/1/1 0:10,1,70,65.1
176,2024/1/1 0:10,1,10,76
177,2024/1/1 0:10,1,25,82.2
178,2024/1/1 0:10,1,42.5,75.05
179,2024/1/1 0:10,1,60,67.9
180,2024/1/1 0:10,1,39.5,63.14
181,2024/1/1 0:10,1,19,58.37
182,2024/1/1 0:10,1,58,59.17
183,2024/1/1 0:10,1,91,66.27
184,2024/1/1 0:10,1,120,52.72
185,2024/1/1 0:10,1,112.33,56.93
186,2024/1/1 0:10,1,104.67,61.14
187,2024/1/1 0:10,1,97,65.35
188,2024/1/1 0:10,1,52,72.33
189,2024/1/1 0:10,1,51,60.75
190,2024/1/1 0:10,1,63,76.3
191,2024/1/1 0:10,1,70,63.27
192,2024/1/1 0:10,1,69,74.29
193,2024/1/1 0:10,1,68,85.31
194,2024/1/1 0:10,1,58,70.72
195,2024/1/1 0:10,1,48,62.35
196,2024/1/1 0:10,1,64,80.39
197,2024/1/1 0:10,1,55,88.71
198,2024/1/1 0:10,1,101,85.7
199,2024/1/1 0:10,1,67,89.1
200,2024/1/1 0:10,1,55,79.78
201,2024/1/1 0:10,1,80,75.3
202,2024/1/1 0:10,1,98,58.97
203,2024/1/1 0:10,1,86,60.99
204,2024/1/1 0:10,1,49,72
205,2024/1/1 0:10,1,52,89.65
206,2024/1/1 0:10,1,16,86.06
207,2024/1/1 0:10,1,38,72.34
208,2024/1/1 0:10,1,50,69.04
209,2024/1/1 0:10,1,47,84.94
210,2024/1/1 0:10,1,24,81.79
211,2024/1/1 0:10,1,25,79.2
212,2024/1/1 0:10,1,61,80.56
213,2024/1/1 0:10,1,61,81.1
214,2024/1/1 0:10,1,118,79.09
215,2024/1/1 0:10,1,86,79.26
216,2024/1/1 0:10,1,99,77.9
217,2024/1/1 0:10,1,102,87.45
218,2024/1/1 0:10,1,96,86.62
219,2024/1/1 0:10,1,89,80.13
220,2024/1/1 0:10,1,69,77.26
221,2024/1/1 0:10,1,55,79.62
222,2024/1/1 0:10,1,49,80.49
223,2024/1/1 0:10,1,49,63.76
224,2024/1/1 0:10,1,42,65
225,2024/1/1 0:10,1,39,81.9
226,2024/1/1 0:10,1,58,61.12
227,2024/1/1 0:10,1,35,70.29
228,2024/1/1 0:10,1,31,63.52
229,2024/1/1 0:10,1,25,57.44
230,2024/1/1 0:10,1,43,68.81
231,2024/1/1 0:10,1,21,83.29
232,2024/1/1 0:10,1,62,73.29
233,2024/1/1 0:10,1,103,63.3
234,2024/1/1 0:10,1,144,53.3
235,2024/1/1 0:10,1,155,64.29
236,2024/1/1 0:10,1,53,49.11
237,2024/1/1 0:10,1,16,61.56
238,2024/1/1 0:10,1,14,64.86
239,2024/1/1 0:10,1,14.5,57.53
240,2024/1/1 0:10,1,15,50.2
241,2024/1/1 0:10,1,1,26
242,2024/1/1 0:10,1,14,67.07
243,2024/1/1 0:10,1,62,72.79
244,2024/1/1 0:10,1,44,71.43
245,2024/1/1 0:10,1,84,66.86
246,2024/1/1 0:10,1,79,62.19
247,2024/1/1 0:10,1,85.5,54.56
248,2024/1/1 0:10,1,92,46.93
249,2024/1/1 0:10,1,61,64.3
250,2024/1/1 0:10,1,65,71.62
251,2024/1/1 0:10,1,80,64.79
252,2024/1/1 0:10,1,93,57.94
253,2024/1/1 0:10,1,173,68.45
254,2024/1/1 0:10,1,78,64.76
255,2024/1/1 0:10,1,94.5,64.76
256,2024/1/1 0:10,1,111,64.76
257,2024/1/1 0:10,1,87,61.46
258,2024/1/1 0:10,1,89,77.29
259,2024/1/1 0:10,1,84,69.54
260,2024/1/1 0:10,1,84,71.54
261,2024/1/1 0:10,1,55,60.69
262,2024/1/1 0:10,1,76,77.13
263,2024/1/1 0:10,1,116,45.74
264,2024/1/1 0:10,1,82,69.13
265,2024/1/1 0:10,1,70,61.21
266,2024/1/1 0:10,1,66,73.18
267,2024/1/1 0:10,1,67,53.16
268,2024/1/1 0:10,1,104,69.08
269,2024/1/1 0:10,1,104,76.62
270,2024/1/1 0:10,1,91,80.49
271,2024/1/1 0:10,1,82,80.36
272,2024/1/1 0:10,1,73,80.23
273,2024/1/1 0:10,1,38,68.03
274,2024/1/1 0:10,1,72,68.11
275,2024/1/1 0:10,1,81,67.31
276,2024/1/1 0:10,1,73,68.93
277,2024/1/1 0:10,1,73,70.88
278,2024/1/1 0:10,1,73,72.82
279,2024/1/1 0:10,1,70,68.6
280,2024/1/1 0:10,1,67,64.38
281,2024/1/1 0:10,1,64,60.16
282,2024/1/1 0:10,1,59,59.44
283,2024/1/1 0:10,1,148,51.69
284,2024/1/1 0:10,1,135,65.49
285,2024/1/1 0:10,1,150,64.09
286,2024/1/1 0:10,1,158,67.89
287,2024/1/1 0:10,1,121,70.06
288,2024/1/1 0:10,1,84,72.23
289,2024/1/1 0:10,1,65,60.58
290,2024/1/1 0:10,1,79,70.49
291,2024/1/1 0:10,1,111,65.52
292,2024/1/1 0:10,1,81,57.86
293,2024/1/1 0:10,1,99,76.2
294,2024/1/1 0:10,1,62,74.56
295,2024/1/1 0:10,1,67,67.39
296,2024/1/1 0:10,1,72,57.03
297,2024/1/1 0:10,1,106,59.29
298,2024/1/1 0:10,1,81,46.83
299,2024/1/1 0:10,1,62,48.24
300,2024/1/1 0:10,1,43,49.65
301,2024/1/1 0:10,1,135,67.19
302,2024/1/1 0:10,1,74,77.97
303,2024/1/1 0:10,1,67,82.12
304,2024/1/1 0:10,1,52,64.06
305,2024/1/1 0:10,1,37,46
306,2024/1/1 0:10,1,65,72.6
307,2024/1/1 0:10,1,61,100.84
308,2024/1/1 0:10,1,69,89.35
309,2024/1/1 0:10,1,70,102.17
310,2024/1/1 0:10,1,61,94.77
311,2024/1/1 0:10,1,66,104.79
312,2024/1/1 0:10,1,67,115.34
313,2024/1/1 0:10,1,73,111.82
314,2024/1/1 0:10,1,67,107.64
315,2024/1/1 0:10,1,58,97.1
316,2024/1/1 0:10,1,51,97.29
317,2024/1/1 0:10,1,41,87.15
318,2024/1/1 0:10,1,48,100.02
319,2024/1/1 0:10,1,55,104.58
320,2024/1/1 0:10,1,53,97.3
321,2024/1/1 0:10,1,46,111.07
322,2024/1/1 0:10,1,48,100.88
323,2024/1/1 0:10,1,53,100.26
324,2024/1/1 0:10,1,39,98.28
325,2024/1/1 0:10,1,32,83.06
326,2024/1/1 0:10,1,38,110.29
327,2024/1/1 0:10,1,38,99.18
328,2024/1/1 0:10,1,49,103.57
329,2024/1/1 0:10,1,26.5,60.78
330,2024/1/1 0:10,1,4,18
331,2024/1/1 0:10,1,57,103.72
332,2024/1/1 0:10,1,96,104.08
333,2024/1/1 0:10,1,96,106.76
334,2024/1/1 0:10,1,86,109.14
335,2024/1/1 0:10,1,91,107.82
336,2024/1/1 0:10,1,74,93.62
337,2024/1/1 0:10,1,71,95
338,2024/1/1 0:10,1,66,105.94
339,2024/1/1 0:10,1,69,99.45
340,2024/1/1 0:10,1,82,105.71
341,2024/1/1 0:10,1,118,98.34
342,2024/1/1 0:10,1,122,107.63
343,2024/1/1 0:10,1,121,111.17
344,2024/1/1 0:10,1,136,108.26
345,2024/1/1 0:10,1,121,106.24
346,2024/1/1 0:10,1,119,106.82
347,2024/1/1 0:10,1,96,104.59
348,2024/1/1 0:10,1,107,104.7
349,2024/1/1 0:10,1,112,90.65
350,2024/1/1 0:10,1,133,89.06
351,2024/1/1 0:10,1,14,80.36
352,2024/1/1 0:10,1,15,69.73
353,2024/1/1 0:10,1,21,72.48
354,2024/1/1 0:10,1,7,65.71
355,2024/1/1 0:10,1,14,88.36
356,2024/1/1 0:10,1,41,75.2
357,2024/1/1 0:10,1,49,77
358,2024/1/1 0:10,1,44,80.8
359,2024/1/1 0:10,1,49,76.47
360,2024/1/1 0:10,1,49,80.39
361,2024/1/1 0:10,1,45,82.29
362,2024/1/1 0:10,1,30,91.4
363,2024/1/1 0:10,1,54.5,78.65
364,2024/1/1 0:10,1,79,65.9
365,2024/1/1 0:10,1,73,73.2
366,2024/1/1 0:10,1,67,80.49
367,2024/1/1 0:10,1,61,87.79
368,2024/1/1 0:10,1,95,89.59
369,2024/1/1 0:10,1,95,88.84
370,2024/1/1 0:10,1,95,88.09
371,2024/1/1 0:10,1,98,73.3
372,2024/1/1 0:10,1,78,85.01
373,2024/1/1 0:10,1,77,98.81
374,2024/1/1 0:10,1,61,99.31
375,2024/1/1 0:10,1,58,93.16
376,2024/1/1 0:10,1,67,92.48
377,2024/1/1 0:10,1,87,103.9
378,2024/1/1 0:10,1,88,95.88
379,2024/1/1 0:10,1,82,85
380,2024/1/1 0:10,1,40,75.5
381,2024/1/1 0:10,1,28,90.11
382,2024/1/1 0:10,1,26,80.19
383,2024/1/1 0:10,1,4,85
384,2024/1/1 0:10,1,15,20.6
385,2024/1/1 0:10,1,19,80.11
386,2024/1/1 0:10,1,9,67.11
387,2024/1/1 0:10,1,27,56.44
388,2024/1/1 0:10,1,64,72.92
389,2024/1/1 0:10,1,59,92.36
390,2024/1/1 0:10,1,66,99.52
391,2024/1/1 0:10,1,61,74.39
392,2024/1/1 0:10,1,42,102.12
393,2024/1/1 0:10,1,49,113.55
394,2024/1/1 0:10,1,49,102
395,2024/1/1 0:10,1,77,98.36
396,2024/1/1 0:10,1,39.5,84.93
397,2024/1/1 0:10,1,2,
398,2024/1/1 0:10,1,0,
399,2024/1/1 0:10,1,2,63
400,2024/1/1 0:10,1,1,83
401,2024/1/1 0:10,1,2,62
402,2024/1/1 0:10,1,3,84
403,2024/1/1 0:10,1,3,79
404,2024/1/1 0:10,1,4,74.25
405,2024/1/1 0:10,1,3,81.33
406,2024/1/1 0:10,1,1,
407,2024/1/1 0:10,1,0,
408,2024/1/1 0:10,1,6,94.33
409,2024/1/1 0:10,1,4,86.75
410,2024/1/1 0:10,1,8,97.75
411,2024/1/1 0:10,1,6,96
412,2024/1/1 0:10,1,5,75.2
413,2024/1/1 0:10,1,5,81.2
414,2024/1/1 0:10,1,5,66.4
415,2024/1/1 0:10,1,18,84.72
416,2024/1/1 0:10,1,12,91.86
417,2024/1/1 0:10,1,6,99
418,2024/1/1 0:10,1,6,105.67
419,2024/1/1 0:10,1,8,67
420,2024/1/1 0:10,1,12,88.33
421,2024/1/1 0:10,1,8,85.88
422,2024/1/1 0:10,1,5,94.6
423,2024/1/1 0:10,1,8,92
424,2024/1/1 0:10,1,5,66.4
425,2024/1/1 0:10,1,7,93.29
426,2024/1/1 0:10,1,8,94.5
427,2024/1/1 0:10,1,10,94.9
428,2024/1/1 0:10,1,8,96.12
429,2024/1/1 0:10,1,6,72.17
430,2024/1/1 0:10,1,6,77.83
431,2024/1/1 0:10,1,10,73.6
432,2024/1/1 0:10,1,6,83.8
433,2024/1/1 0:10,1,2,94
434,2024/1/1 0:10,1,26,88.68
435,2024/1/1 0:10,1,50,83.36
436,2024/1/1 0:10,1,74,78.04
437,2024/1/1 0:10,1,25,67.84
438,2024/1/1 0:10,1,23,78.74
439,2024/1/1 0:10,1,22.5,83.28
440,2024/1/1 0:10,1,22,87.82
441,2024/1/1 0:10,1,28,70.07
442,2024/1/1 0:10,1,47,72.17
443,2024/1/1 0:10,1,54.33,69.35
444,2024/1/1 0:10,1,61.67,66.52
445,2024/1/1 0:10,1,69,63.7
446,2024/1/1 0:10,1,66,62.97
447,2024/1/1 0:10,1,57,72.19
448,2024/1/1 0:10,1,52,79.52
449,2024/1/1 0:10,1,24,82.46
450,2024/1/1 0:10,1,27,81.7
451,2024/1/1 0:10,1,66,66.73
452,2024/1/1 0:10,1,61,72.18
453,2024/1/1 0:10,1,52,83.75
454,2024/1/1 0:10,1,87,76.86
455,2024/1/1 0:10,1,27,68.74
456,2024/1/1 0:10,1,62,72.76
457,2024/1/1 0:10,1,40,92.42
458,2024/1/1 0:10,1,36,81.86
459,2024/1/1 0:10,1,35,85.77
460,2024/1/1 0:10,1,33,87.06
461,2024/1/1 0:10,1,41,96.95
462,2024/1/1 0:10,1,40,86.2
463,2024/1/1 0:10,1,40,92.92
464,2024/1/1 0:10,1,18,75.72
465,2024/1/1 0:10,1,10,108.5
466,2024/1/1 0:10,1,29,92.19
467,2024/1/1 0:10,1,48,75.88
468,2024/1/1 0:10,1,51,79.24
469,2024/1/1 0:10,1,72,75.86
470,2024/1/1 0:10,1,76.5,77.31
471,2024/1/1 0:10,1,81,78.75
472,2024/1/1 0:10,1,38,78.95
473,2024/1/1 0:10,1,31,80.97
474,2024/1/1 0:10,1,38,74.13
475,2024/1/1 0:10,1,48,72.27
476,2024/1/1 0:10,1,46,71.07
477,2024/1/1 0:10,1,32,83.5
478,2024/1/1 0:10,1,64,70.44
479,2024/1/1 0:10,1,67,89.16
480,2024/1/1 0:10,1,68,74.76
481,2024/1/1 0:10,1,59,71.93
482,2024/1/1 0:10,1,61,74.2
483,2024/1/1 0:10,1,60,65.58
484,2024/1/1 0:10,1,48,67.02
485,2024/1/1 0:10,1,1207,8.5
486,2024/1/1 0:10,1,114,86.73
487,2024/1/1 0:10,1,106,83.49
488,2024/1/1 0:10,1,80,74.11
489,2024/1/1 0:10,1,82.67,76.98
490,2024/1/1 0:10,1,85.33,79.85
491,2024/1/1 0:10,1,88,82.72
492,2024/1/1 0:10,1,85,81.39
493,2024/1/1 0:10,1,96,80.73
494,2024/1/1 0:10,1,77,96.77
495,2024/1/1 0:10,1,77,82.86
496,2024/1/1 0:10,1,70,78.61
497,2024/1/1 0:10,1,82,93.07
498,2024/1/1 0:10,1,80,96.89
499,2024/1/1 0:10,1,79,75.16
500,2024/1/1 0:10,1,70,82.18
501,2024/1/1 0:10,1,61,89.2
502,2024/1/1 0:10,1,64,76.92
503,2024/1/1 0:10,1,69,81.09
504,2024/1/1 0:10,1,80,73.91
505,2024/1/1 0:10,1,76,73.08
506,2024/1/1 0:10,1,69,77.55
507,2024/1/1 0:10,1,82.75,74.33
508,2024/1/1 0:10,1,96.5,71.11
509,2024/1/1 0:10,1,110.25,67.89
510,2024/1/1 0:10,1,124,64.67
511,2024/1/1 0:10,1,155,74.53
512,2024/1/1 0:10,1,116,61.09
513,2024/1/1 0:10,1,135,75.72
514,2024/1/1 0:10,1,104,83.5
515,2024/1/1 0:10,1,106,76.03
516,2024/1/1 0:10,1,102,90.17
517,2024/1/1 0:10,1,96.5,87.46
518,2024/1/1 0:10,1,91,84.76
519,2024/1/1 0:10,1,95.33,88.95
520,2024/1/1 0:10,1,99.67,93.13
521,2024/1/1 0:10,1,104,97.32
522,2024/1/1 0:10,1,109,77.52
523,2024/1/1 0:10,1,104,83.4
524,2024/1/1 0:10,1,99,89.28
525,2024/1/1 0:10,1,86,75.35
526,2024/1/1 0:10,1,86,68.62
527,2024/1/1 0:10,1,46,79
528,2024/1/1 0:10,1,59.33,78.78
529,2024/1/1 0:10,1,72.67,78.57
530,2024/1/1 0:10,1,86,78.35
531,2024/1/1 0:10,1,87,92.91
532,2024/1/1 0:10,1,91,88.34
533,2024/1/1 0:10,1,95,83.78
534,2024/1/1 0:10,1,81,70.77
535,2024/1/1 0:10,1,65,90.48
536,2024/1/1 0:10,1,63,90.05
537,2024/1/1 0:10,1,90,86.38
538,2024/1/1 0:10,1,87,79.99
539,2024/1/1 0:10,1,84,84.75
540,2024/1/1 0:10,1,84.75,87.12
541,2024/1/1 0:10,1,85.5,89.48
542,2024/1/1 0:10,1,86.25,91.85
543,2024/1/1 0:10,1,87,94.22
544,2024/1/1 0:10,1,63.5,93.36
545,2024/1/1 0:10,1,40,92.5
546,2024/1/1 0:10,1,56.5,82.2
547,2024/1/1 0:10,1,73,71.9
548,2024/1/1 0:10,1,82,81.88
549,2024/1/1 0:10,1,97,88.34
550,2024/1/1 0:10,1,83,83.02
551,2024/1/1 0:10,1,87,64.44
552,2024/1/1 0:10,1,51,75.41
553,2024/1/1 0:10,1,37,78.97
554,2024/1/1 0:10,1,36,69.28
555,2024/1/1 0:10,1,48,80.38
556,2024/1/1 0:10,1,62,70.44
557,2024/1/1 0:10,1,59,70.31
558,2024/1/1 0:10,1,34,74
559,2024/1/1 0:10,1,35,82.63
560,2024/1/1 0:10,1,81,88.28
561,2024/1/1 0:10,1,86.5,89.12
562,2024/1/1 0:10,1,92,89.96
563,2024/1/1 0:10,1,88,87.4
564,2024/1/1 0:10,1,82,83.27
565,2024/1/1 0:10,1,76,79.14
566,2024/1/1 0:10,1,73,80.75
567,2024/1/1 0:10,1,64.5,84.02
568,2024/1/1 0:10,1,56,87.3
569,2024/1/1 0:10,1,71,80.72
570,2024/1/1 0:10,1,67,78.37
571,2024/1/1 0:10,1,63,76.01
572,2024/1/1 0:10,1,59,73.66
573,2024/1/1 0:10,1,67,76.13
574,2024/1/1 0:10,1,72.5,76.22
575,2024/1/1 0:10,1,78,76.32
576,2024/1/1 0:10,1,60,93.35
577,2024/1/1 0:10,1,64,77.8
578,2024/1/1 0:10,1,67,80.28
579,2024/1/1 0:10,1,70,82.77
580,2024/1/1 0:10,1,68.33,84.87
581,2024/1/1 0:10,1,66.67,86.96
582,2024/1/1 0:10,1,65,89.06
583,2024/1/1 0:10,1,96.5,81.93
584,2024/1/1 0:10,1,128,74.79
585,2024/1/1 0:10,1,154,60.95
586,2024/1/1 0:10,1,143,86.06
587,2024/1/1 0:10,1,118.5,85.38
588,2024/1/1 0:10,1,94,84.69
589,2024/1/1 0:10,1,84,91.81
590,2024/1/1 0:10,1,97,85.18
591,2024/1/1 0:10,1,110,78.54
592,2024/1/1 0:10,1,107,87.27
593,2024/1/1 0:10,1,104,96
594,2024/1/1 0:10,1,97,89.7
595,2024/1/1 0:10,1,90,83.4
596,2024/1/1 0:10,1,105,83.26
597,2024/1/1 0:10,1,103.5,80.51
598,2024/1/1 0:10,1,102,77.76
599,2024/1/1 0:10,1,41,73.93
600,2024/1/1 0:10,1,55,87.71
601,2024/1/1 0:10,1,60,84.62
602,2024/1/1 0:10,1,85,86.38
603,2024/1/1 0:10,1,67,65.18
604,2024/1/1 0:10,1,60,86.15
605,2024/1/1 0:10,1,72.5,87.94
606,2024/1/1 0:10,1,85,89.73
607,2024/1/1 0:10,1,79,87.63
608,2024/1/1 0:10,1,80,76.71
609,2024/1/1 0:10,1,53,100.92
610,2024/1/1 0:10,1,70,88.44
611,2024/1/1 0:10,1,71,78.73
612,2024/1/1 0:10,1,75.5,85.08
613,2024/1/1 0:10,1,80,91.42
614,2024/1/1 0:10,1,87,96.26
615,2024/1/1 0:10,1,77,85.19
616,2024/1/1 0:10,1,72,88.08
617,2024/1/1 0:10,1,66,80.59
618,2024/1/1 0:10,1,36,94.56
619,2024/1/1 0:10,1,53.5,91.84
620,2024/1/1 0:10,1,71,89.11
621,2024/1/1 0:10,1,77,84.96
622,2024/1/1 0:10,1,83,80.81
623,2024/1/1 0:10,1,77,83
624,2024/1/1 0:10,1,71,85.2
625,2024/1/1 0:10,1,23,49.7
626,2024/1/1 0:10,1,40,60.02
627,2024/1/1 0:10,1,29,46.54
628,2024/1/1 0:10,1,18,33.06
629,2024/1/1 0:10,1,17,51.24
630,2024/1/1 0:10,1,20,54.8
631,2024/1/1 0:10,1,28,70.93
632,2024/1/1 0:10,1,27,36.11
633,2024/1/1 0:10,1,19,50.68
634,2024/1/1 0:10,1,44,62.05
635,2024/1/1 0:10,1,55,66.65
636,2024/1/1 0:10,1,15,58.47
637,2024/1/1 0:10,1,26.5,52.74
638,2024/1/1 0:10,1,38,47
639,2024/1/1 0:10,1,47,48.45
640,2024/1/1 0:10,1,36,49.08
641,2024/1/1 0:10,1,33,47.89
642,2024/1/1 0:10,1,30,46.7
643,2024/1/1 0:10,1,26,53.73
644,2024/1/1 0:10,1,37,46.49
645,2024/1/1 0:10,1,35,71.74
646,2024/1/1 0:10,1,37,78.73
647,2024/1/1 0:10,1,24,71.32
648,2024/1/1 0:10,1,11,63.91
649,2024/1/1 0:10,1,17,86.76
650,2024/1/1 0:10,1,25,57.68
651,2024/1/1 0:10,1,14,66.29
652,2024/1/1 0:10,1,18,54.28
653,2024/1/1 0:10,1,19.5,60.04
654,2024/1/1 0:10,1,21,65.81
655,2024/1/1 0:10,1,143,37.73
656,2024/1/1 0:10,1,138.75,41.41
657,2024/1/1 0:10,1,134.5,45.08
658,2024/1/1 0:10,1,130.25,48.76
659,2024/1/1 0:10,1,126,52.44
660,2024/1/1 0:10,1,65.5,70.52
661,2024/1/1 0:10,1,5,88.6
662,2024/1/1 0:10,1,26,56.54
663,2024/1/1 0:10,1,5,78
664,2024/1/1 0:10,1,40.5,73.28
665,2024/1/1 0:10,1,76,68.57
666,2024/1/1 0:10,1,70.5,73.46
667,2024/1/1 0:10,1,65,78.34
668,2024/1/1 0:10,1,48,53.79
669,2024/1/1 0:10,1,72,58.5
670,2024/1/1 0:10,1,59.5,65.11
671,2024/1/1 0:10,1,47,71.72
672,2024/1/1 0:10,1,64,65.06
673,2024/1/1 0:10,1,87,80.95
674,2024/1/1 0:10,1,24,69
675,2024/1/1 0:10,1,53,71.06
676,2024/1/1 0:10,1,37,73.19
677,2024/1/1 0:10,1,32.33,70.81
678,2024/1/1 0:10,1,27.67,68.42
679,2024/1/1 0:10,1,23,66.04
680,2024/1/1 0:10,1,25,81.2
681,2024/1/1 0:10,1,19,73.89
682,2024/1/1 0:10,1,10,80.7
683,2024/1/1 0:10,1,36,99.53
684,2024/1/1 0:10,1,42,80.81
685,2024/1/1 0:10,1,38,69.76
686,2024/1/1 0:10,1,35,79.06
687,2024/1/1 0:10,1,31,77.38
688,2024/1/1 0:10,1,27,75.7
689,2024/1/1 0:10,1,77,79.71
690,2024/1/1 0:10,1,56,71.09
691,2024/1/1 0:10,1,43,65.47
692,2024/1/1 0:10,1,85,81.56
693,2024/1/1 0:10,1,55,70.56
694,2024/1/1 0:10,1,39,66.08
695,2024/1/1 0:10,1,17,46.18
696,2024/1/1 0:10,1,39,79.87
697,2024/1/1 0:10,1,19,77.58
698,2024/1/1 0:10,1,34.5,69.39
699,2024/1/1 0:10,1,50,61.2
700,2024/1/1 0:10,1,37,57.54
701,2024/1/1 0:10,1,24,53.88
702,2024/1/1 0:10,1,40.5,66.53
703,2024/1/1 0:10,1,57,79.18
704,2024/1/1 0:10,1,55,79.44
705,2024/1/1 0:10,1,53,98.89
706,2024/1/1 0:10,1,41,74.32
707,2024/1/1 0:10,1,47,79.04
708,2024/1/1 0:10,1,47,78.04
709,2024/1/1 0:10,1,42.33,77.95
710,2024/1/1 0:10,1,37.67,77.85
711,2024/1/1 0:10,1,33,77.76
712,2024/1/1 0:10,1,27,50.19
713,2024/1/1 0:10,1,23,46.96
714,2024/1/1 0:10,1,19,43.74
715,2024/1/1 0:10,1,24,91.08
716,2024/1/1 0:10,1,7,51.57
717,2024/1/1 0:10,1,18,58.11
718,2024/1/1 0:10,1,17,33.71
719,2024/1/1 0:10,1,38,53.18
720,2024/1/1 0:10,1,19,47.89
721,2024/1/1 0:10,1,13,48.77
722,2024/1/1 0:10,1,14.67,55.49
723,2024/1/1 0:10,1,16.33,62.22
724,2024/1/1 0:10,1,18,68.94
725,2024/1/1 0:10,1,21,65.67
726,2024/1/1 0:10,1,26,92.42
727,2024/1/1 0:10,1,20,85.5
728,2024/1/1 0:10,1,18,82.22
729,2024/1/1 0:10,1,23,63.26
730,2024/1/1 0:10,1,19,49.73
731,2024/1/1 0:10,1,15,36.2
732,2024/1/1 0:10,1,73,77.45
733,2024/1/1 0:10,1,51,64.53
734,2024/1/1 0:10,1,71,44.73
735,2024/1/1 0:10,1,38,96.89
736,2024/1/1 0:10,1,68,88.96
737,2024/1/1 0:10,1,33,74.06
738,2024/1/1 0:10,1,31,43.9
739,2024/1/1 0:10,1,26,54.38
740,2024/1/1 0:10,1,24,70.38
741,2024/1/1 0:10,1,14,70.82
742,2024/1/1 0:10,1,4,71.25
743,2024/1/1 0:10,1,4.33,69.59
744,2024/1/1 0:10,1,4.67,67.93
745,2024/1/1 0:10,1,5,66.26
746,2024/1/1 0:10,1,5.33,64.6
747,2024/1/1 0:10,1,5.67,62.94
748,2024/1/1 0:10,1,6,61.28
749,2024/1/1 0:10,1,6.33,59.61
750,2024/1/1 0:10,1,6.67,57.95
751,2024/1/1 0:10,1,7,56.29
752,2024/1/1 0:10,1,6.71,57.77
753,2024/1/1 0:10,1,6.41,59.26
754,2024/1/1 0:10,1,6.12,60.74
755,2024/1/1 0:10,1,5.82,62.22
756,2024/1/1 0:10,1,5.53,63.7
757,2024/1/1 0:10,1,5.24,65.19
758,2024/1/1 0:10,1,4.94,66.67
759,2024/1/1 0:10,1,4.65,68.15
760,2024/1/1 0:10,1,4.35,69.64
761,2024/1/1 0:10,1,4.06,71.12
762,2024/1/1 0:10,1,3.76,72.6
763,2024/1/1 0:10,1,3.47,74.09
764,2024/1/1 0:10,1,3.18,75.57
765,2024/1/1 0:10,1,2.88,77.05
766,2024/1/1 0:10,1,2.59,78.53
767,2024/1/1 0:10,1,2.29,80.02
768,2024/1/1 0:10,1,2,81.5
769,2024/1/1 0:10,1,4,77.75
770,2024/1/1 0:10,1,9,53.78
771,2024/1/1 0:10,1,15,51.98
772,2024/1/1 0:10,1,21,50.19
773,2024/1/1 0:10,1,19,65
774,2024/1/1 0:10,1,19.5,70.92
775,2024/1/1 0:10,1,20,76.85
776,2024/1/1 0:10,1,31,55.87
777,2024/1/1 0:10,1,23,72.96
778,2024/1/1 0:10,1,22,64.14
779,2024/1/1 0:10,1,35,44.09
780,2024/1/1 0:10,1,16,53.56
781,2024/1/1 0:10,1,3,71
782,2024/1/1 0:10,1,3,60.33
783,2024/1/1 0:10,1,7,50.14
784,2024/1/1 0:10,1,3,85.33
785,2024/1/1 0:10,1,5,41.4
786,2024/1/1 0:10,1,26,68.62
787,2024/1/1 0:10,1,23,91.74
788,2024/1/1 0:10,1,22,77.09
789,2024/1/1 0:10,1,32,61.06
790,2024/1/1 0:10,1,41,87.63
791,2024/1/1 0:10,1,31,55.81
792,2024/1/1 0:10,1,66.5,44.53
793,2024/1/1 0:10,1,33.25,22.26
794,2024/1/1 0:10,1,29.42,33.9
795,2024/1/1 0:10,1,14.71,16.95
796,2024/1/1 0:10,1,7.35,8.48
797,2024/1/1 0:10,1,3.68,4.24
798,2024/1/1 0:10,1,1.84,2.12
799,2024/1/1 0:10,1,0.92,1.06
800,2024/1/1 0:10,1,0.46,0.53
801,2024/1/1 0:10,1,0.23,0.26
802,2024/1/1 0:10,1,0.11,0.13
803,2024/1/1 0:10,1,0.06,0.07
804,2024/1/1 0:10,1,0.02,0.02
805,2024/1/1 0:10,1,0.01,0.01
806,2024/1/1 0:10,1,7,24.99
807,2024/1/1 0:10,1,14,49.97
808,2024/1/1 0:10,1,0.01,0.01
809,2024/1/1 0:10,1,3.28,4.72
810,2024/1/1 0:10,1,6.55,9.43
811,2024/1/1 0:10,1,9.83,14.13
812,2024/1/1 0:10,1,13.1,18.84
813,2024/1/1 0:10,1,16.37,23.55
814,2024/1/1 0:10,1,19.64,28.26
815,2024/1/1 0:10,1,22.91,32.97
816,2024/1/1 0:10,1,26.18,37.68
817,2024/1/1 0:10,1,29.46,42.38
818,2024/1/1 0:10,1,32.73,47.09
819,2024/1/1 0:10,1,36,51.8
820,2024/1/1 0:10,1,40,51.61
821,2024/1/1 0:10,1,44,51.41
822,2024/1/1 0:10,1,48,51.22
823,2024/1/1 0:10,1,52,51.02
824,2024/1/1 0:10,1,56,50.83
825,2024/1/1 0:10,1,60,50.64
826,2024/1/1 0:10,1,64,50.44
827,2024/1/1 0:10,1,68,50.25
828,2024/1/1 0:10,1,32.5,48.99
829,2024/1/1 0:10,1,16.25,24.5
830,2024/1/1 0:10,1,8.12,12.25
831,2024/1/1 0:10,1,4.06,6.12
832,2024/1/1 0:10,1,2.03,3.06
833,2024/1/1 0:10,1,1.02,1.53
834,2024/1/1 0:10,1,0.51,0.77
835,2024/1/1 0:10,1,0.25,0.38
836,2024/1/1 0:10,1,0.13,0.19
837,2024/1/1 0:10,1,0.03,0.05
838,2024/1/1 0:10,1,0.02,0.02
839,2024/1/1 0:10,1,0.01,0.01
840,2024/1/1 0:10,1,2.96,3.31
841,2024/1/1 0:10,1,5.92,6.61
842,2024/1/1 0:10,1,8.87,9.91
843,2024/1/1 0:10,1,11.82,13.21
844,2024/1/1 0:10,1,14.78,16.51
845,2024/1/1 0:10,1,17.73,19.8
846,2024/1/1 0:10,1,20.69,23.1
847,2024/1/1 0:10,1,23.64,26.4
848,2024/1/1 0:10,1,26.59,29.7
849,2024/1/1 0:10,1,29.55,33
850,2024/1/1 0:10,1,32.5,36.3
851,2024/1/1 0:10,1,22,56
852,2024/1/1 0:10,1,11,28
853,2024/1/1 0:10,1,5.5,14
854,2024/1/1 0:10,1,2.75,7
855,2024/1/1 0:10,1,1.38,3.5
856,2024/1/1 0:10,1,0.69,1.75
857,2024/1/1 0:10,1,0.34,0.88
858,2024/1/1 0:10,1,0.17,0.44
859,2024/1/1 0:10,1,0.09,0.22
860,2024/1/1 0:10,1,0.04,0.11
861,2024/1/1 0:10,1,0.02,0.05
862,2024/1/1 0:10,1,0.03,0.05
863,2024/1/1 0:10,1,0.02,0.03
864,2024/1/1 0:10,1,10,42.85
865,2024/1/1 0:10,1,5,21.42
866,2024/1/1 0:10,1,2.5,10.71
867,2024/1/1 0:10,1,0.83,3.57
868,2024/1/1 0:10,1,0.42,1.79
869,2024/1/1 0:10,1,0.42,1.79
870,2024/1/1 0:10,1,28.33,55.5
871,2024/1/1 0:10,1,14.17,27.75
872,2024/1/1 0:10,1,7.08,13.88
873,2024/1/1 0:10,1,3.54,6.94
874,2024/1/1 0:10,1,1.77,3.47
875,2024/1/1 0:10,1,0.89,1.73
876,2024/1/1 0:10,1,0.44,0.87
877,2024/1/1 0:10,1,0.22,0.43
878,2024/1/1 0:10,1,0.11,0.22
879,2024/1/1 0:10,1,15.56,41.62
880,2024/1/1 0:10,1,35.5,83.82
881,2024/1/1 0:10,1,18,40.93
882,2024/1/1 0:10,1,9,20.46
883,2024/1/1 0:10,1,4.5,10.23
884,2024/1/1 0:10,1,2.25,5.12
885,2024/1/1 0:10,1,1.12,2.56
886,2024/1/1 0:10,1,10.56,44.13
887,2024/1/1 0:10,1,24.5,38.24
888,2024/1/1 0:10,1,12.25,19.12
889,2024/1/1 0:10,1,6.12,9.56
890,2024/1/1 0:10,1,3.06,4.78
891,2024/1/1 0:10,1,26.03,42.58
892,2024/1/1 0:10,1,16,41.75
893,2024/1/1 0:10,1,8,20.88
894,2024/1/1 0:10,1,4,10.44
895,2024/1/1 0:10,1,2,5.22
896,2024/1/1 0:10,1,21,40.36
897,2024/1/1 0:10,1,51.5,27
898,2024/1/1 0:10,1,25.75,13.5
899,2024/1/1 0:10,1,12.88,6.75
900,2024/1/1 0:10,1,43.44,42.99
901,2024/1/1 0:10,1,26,39.76
902,2024/1/1 0:10,1,13,19.88
903,2024/1/1 0:10,1,6.5,9.94
904,2024/1/1 0:10,1,31.25,33.62
905,2024/1/1 0:10,1,26.25,36.87
906,2024/1/1 0:10,1,13.12,18.44
907,2024/1/1 0:10,1,6.56,9.22
908,2024/1/1 0:10,1,3.28,4.61
909,2024/1/1 0:10,1,1.64,2.3
910,2024/1/1 0:10,1,0.82,1.15
911,2024/1/1 0:10,1,0.41,0.58
912,2024/1/1 0:10,1,28.71,38.43
913,2024/1/1 0:10,1,8,27.49
914,2024/1/1 0:10,1,4,13.74
915,2024/1/1 0:10,1,2,6.87
916,2024/1/1 0:10,1,1,3.44
917,2024/1/1 0:10,1,0.5,1.72
918,2024/1/1 0:10,1,0.25,0.86
919,2024/1/1 0:10,1,0.12,0.43
920,2024/1/1 0:10,1,9.06,35.66
921,2024/1/1 0:10,1,34.67,32
922,2024/1/1 0:10,1,17.17,38.27
923,2024/1/1 0:10,1,8.58,19.14
924,2024/1/1 0:10,1,12.29,36.35
925,2024/1/1 0:10,1,3.5,25.07
926,2024/1/1 0:10,1,1.75,12.54
927,2024/1/1 0:10,1,7.94,31.78
928,2024/1/1 0:10,1,39.31,36.77
929,2024/1/1 0:10,1,1.5,30.16
930,2024/1/1 0:10,1,0.75,15.08
931,2024/1/1 0:10,1,0.38,7.54
932,2024/1/1 0:10,1,0.19,3.77
933,2024/1/1 0:10,1,0.09,1.89
934,2024/1/1 0:10,1,12,34.5
935,2024/1/1 0:10,1,6,17.25
936,2024/1/1 0:10,1,3,8.62
937,2024/1/1 0:10,1,4,25.01
938,2024/1/1 0:10,1,16.5,36.41
939,2024/1/1 0:10,1,8.25,18.2
940,2024/1/1 0:10,1,4.12,9.1
941,2024/1/1 0:10,1,19.56,44.14
942,2024/1/1 0:10,1,19.5,33.98
943,2024/1/1 0:10,1,9.75,16.99
944,2024/1/1 0:10,1,4.88,8.5
945,2024/1/1 0:10,1,22.94,41.58
946,2024/1/1 0:10,1,35.5,33.44
947,2024/1/1 0:10,1,17.75,16.72
948,2024/1/1 0:10,1,8.88,8.36
949,2024/1/1 0:10,1,4.44,4.18
950,2024/1/1 0:10,1,2.22,2.09
951,2024/1/1 0:10,1,1.11,1.05
952,2024/1/1 0:10,1,0.55,0.52
953,2024/1/1 0:10,1,33,39.34
954,2024/1/1 0:10,1,16.5,19.67
955,2024/1/1 0:10,1,8.25,9.84
956,2024/1/1 0:10,1,4.12,4.92
957,2024/1/1 0:10,1,2.06,2.46
958,2024/1/1 0:10,1,1.03,1.23
959,2024/1/1 0:10,1,48.52,38.87
960,2024/1/1 0:10,1,77.5,32.14
961,2024/1/1 0:10,1,38.75,16.07
962,2024/1/1 0:10,1,19.38,8.04
963,2024/1/1 0:10,1,9.69,4.02
964,2024/1/1 0:10,1,4.84,2.01
965,2024/1/1 0:10,1,2.42,1
966,2024/1/1 0:10,1,27.71,25.06
967,2024/1/1 0:10,1,29,29.58
968,2024/1/1 0:10,1,14.5,14.79
969,2024/1/1 0:10,1,7.25,7.4
970,2024/1/1 0:10,1,3.62,3.7
971,2024/1/1 0:10,1,1.81,1.85
972,2024/1/1 0:10,1,0.91,0.92
973,2024/1/1 0:10,1,0.45,0.46
974,2024/1/1 0:10,1,45.73,33.37
975,2024/1/1 0:10,1,5.67,17.86
976,2024/1/1 0:10,1,2.83,8.93
977,2024/1/1 0:10,1,1.42,4.47
978,2024/1/1 0:10,1,0.71,2.23
979,2024/1/1 0:10,1,0.35,1.12
980,2024/1/1 0:10,1,0.18,0.56
981,2024/1/1 0:10,1,18.73,29.04
982,2024/1/1 0:10,1,9.36,14.52
983,2024/1/1 0:10,1,4.68,7.26
984,2024/1/1 0:10,1,2.34,3.63
985,2024/1/1 0:10,1,32.78,50.91
986,2024/1/1 0:10,1,54.5,29.04
987,2024/1/1 0:10,1,27.25,14.52
988,2024/1/1 0:10,1,13.62,7.26
989,2024/1/1 0:10,1,6.81,3.63
990,2024/1/1 0:10,1,55.41,34.77
991,2024/1/1 0:10,1,42,29.66
992,2024/1/1 0:10,1,21,14.83
993,2024/1/1 0:10,1,10.5,7.41
994,2024/1/1 0:10,1,5.25,3.71
995,2024/1/1 0:10,1,34.75,16.66
996,2024/1/1 0:10,1,70,49.38
997,2024/1/1 0:10,1,35,24.69
998,2024/1/1 0:10,1,17.5,12.35
999,2024/1/1 0:10,1,13.5,32.83
1000,2024/1/1 0:10,1,14.67,31.2
1001,2024/1/1 0:10,1,7.33,15.6
1002,2024/1/1 0:10,1,3.67,7.8
1003,2024/1/1 0:10,1,1.83,3.9
1004,2024/1/1 0:10,1,0.92,1.95
1005,2024/1/1 0:10,1,41.31,35.86
1006,2024/1/1 0:10,1,44,71.43
2,2024/1/1 0:20,2,43,67.95
3,2024/1/1 0:20,2,41,73.59
4,2024/1/1 0:20,2,53,70.4
5,2024/1/1 0:20,2,38,71.82
6,2024/1/1 0:20,2,39,90.15
7,2024/1/1 0:20,2,47,56.83
8,2024/1/1 0:20,2,45,66.47
9,2024/1/1 0:20,2,50,78.46
10,2024/1/1 0:20,2,105,58.27
11,2024/1/1 0:20,2,167,56.78
12,2024/1/1 0:20,2,185,67.56
13,2024/1/1 0:20,2,189,57.56
14,2024/1/1 0:20,2,153,64.56
15,2024/1/1 0:20,2,143,69.01
16,2024/1/1 0:20,2,175,57.71
17,2024/1/1 0:20,2,117,67.45
18,2024/1/1 0:20,2,171,58.43
19,2024/1/1 0:20,2,148,61.43
20,2024/1/1 0:20,2,137,59.26
21,2024/1/1 0:20,2,126,57.09
22,2024/1/1 0:20,2,103,69.02
23,2024/1/1 0:20,2,105,67.75
24,2024/1/1 0:20,2,175,46.85
25,2024/1/1 0:20,2,138,81.46
26,2024/1/1 0:20,2,129,78.8
27,2024/1/1 0:20,2,120,88.24
28,2024/1/1 0:20,2,127,95.15
29,2024/1/1 0:20,2,101,87.04
30,2024/1/1 0:20,2,111,73.34
31,2024/1/1 0:20,2,95.5,82.88
32,2024/1/1 0:20,2,80,92.42
33,2024/1/1 0:20,2,77,92.94
34,2024/1/1 0:20,2,58,87.29
35,2024/1/1 0:20,2,50,79.3
36,2024/1/1 0:20,2,57,101.44
37,2024/1/1 0:20,2,83,86.64
38,2024/1/1 0:20,2,91,56.66
39,2024/1/1 0:20,2,62.5,63.76
40,2024/1/1 0:20,2,34,70.85
41,2024/1/1 0:20,2,68,37.16
42,2024/1/1 0:20,2,71,43.37
43,2024/1/1 0:20,2,74,49.58
44,2024/1/1 0:20,2,85,57
45,2024/1/1 0:20,2,60,67.28
46,2024/1/1 0:20,2,78,65.42
47,2024/1/1 0:20,2,75,63.32
48,2024/1/1 0:20,2,69,67.38
49,2024/1/1 0:20,2,50,75.6
50,2024/1/1 0:20,2,124,60.35
51,2024/1/1 0:20,2,151,45.93
52,2024/1/1 0:20,2,121,76.73
53,2024/1/1 0:20,2,89,70.94
54,2024/1/1 0:20,2,106,77.02
55,2024/1/1 0:20,2,62,57.55
56,2024/1/1 0:20,2,68,79.72
57,2024/1/1 0:20,2,81,78.54
58,2024/1/1 0:20,2,97,57.25
59,2024/1/1 0:20,2,80,71.7
60,2024/1/1 0:20,2,43,69.47
61,2024/1/1 0:20,2,35,91.51
62,2024/1/1 0:20,2,32,65.41
63,2024/1/1 0:20,2,98,83.8
64,2024/1/1 0:20,2,102,90.59
65,2024/1/1 0:20,2,149,89.02
66,2024/1/1 0:20,2,119,96.76
67,2024/1/1 0:20,2,125,95.84
68,2024/1/1 0:20,2,139,88.97
69,2024/1/1 0:20,2,78,92.92
70,2024/1/1 0:20,2,77,90.64
71,2024/1/1 0:20,2,70,87.27
72,2024/1/1 0:20,2,61,79.59
73,2024/1/1 0:20,2,32,78.44
74,2024/1/1 0:20,2,60,86.28
75,2024/1/1 0:20,2,76,80.33
76,2024/1/1 0:20,2,60,88.52
77,2024/1/1 0:20,2,97,95.84
78,2024/1/1 0:20,2,74,84.99
79,2024/1/1 0:20,2,71,87.07
80,2024/1/1 0:20,2,78,94.01
81,2024/1/1 0:20,2,43,71.35
82,2024/1/1 0:20,2,49,75.49
83,2024/1/1 0:20,2,91,90.14
84,2024/1/1 0:20,2,59,77.34
85,2024/1/1 0:20,2,46,77.96
86,2024/1/1 0:20,2,36,75.38
87,2024/1/1 0:20,2,26,72.81
88,2024/1/1 0:20,2,63,79.76
89,2024/1/1 0:20,2,54,96.5
90,2024/1/1 0:20,2,95,88.6
91,2024/1/1 0:20,2,136,80.71
92,2024/1/1 0:20,2,151,95.79
93,2024/1/1 0:20,2,128,108.03
94,2024/1/1 0:20,2,120,92.13
95,2024/1/1 0:20,2,132,85.98
96,2024/1/1 0:20,2,113,83.64
97,2024/1/1 0:20,2,117,72.67
98,2024/1/1 0:20,2,161,81.74
99,2024/1/1 0:20,2,51,97.2
100,2024/1/1 0:20,2,28,62.71
101,2024/1/1 0:20,2,19,61.21
102,2024/1/1 0:20,2,120,78.98
103,2024/1/1 0:20,2,107.5,95.14
104,2024/1/1 0:20,2,95,111.29
105,2024/1/1 0:20,2,85,102.78
106,2024/1/1 0:20,2,162,106.22
107,2024/1/1 0:20,2,176,98.98
108,2024/1/1 0:20,2,177,103.69
109,2024/1/1 0:20,2,189,94.48
110,2024/1/1 0:20,2,173,103.29
111,2024/1/1 0:20,2,102,95.59
112,2024/1/1 0:20,2,104,117.84
113,2024/1/1 0:20,2,35,90.17
114,2024/1/1 0:20,2,40,94.95
115,2024/1/1 0:20,2,50,86.8
116,2024/1/1 0:20,2,43,87.81
117,2024/1/1 0:20,2,46,104.65
118,2024/1/1 0:20,2,39,89.33
119,2024/1/1 0:20,2,34,96.26
120,2024/1/1 0:20,2,36,113.33
121,2024/1/1 0:20,2,36,102.08
122,2024/1/1 0:20,2,18,106.61
123,2024/1/1 0:20,2,16,111.69
124,2024/1/1 0:20,2,32,83.31
125,2024/1/1 0:20,2,95,108.94
126,2024/1/1 0:20,2,45,98.71
127,2024/1/1 0:20,2,54,93.91
128,2024/1/1 0:20,2,109,111.87
129,2024/1/1 0:20,2,110,114.1
130,2024/1/1 0:20,2,109,107.57
131,2024/1/1 0:20,2,113,107.27
132,2024/1/1 0:20,2,106,101.44
133,2024/1/1 0:20,2,42,91.74
134,2024/1/1 0:20,2,53,82.19
135,2024/1/1 0:20,2,22,60.77
136,2024/1/1 0:20,2,16,89.62
137,2024/1/1 0:20,2,16,68.31
138,2024/1/1 0:20,2,51,75.71
139,2024/1/1 0:20,2,78,73.99
140,2024/1/1 0:20,2,190,77.04
141,2024/1/1 0:20,2,211,79.09
142,2024/1/1 0:20,2,162,84.86
143,2024/1/1 0:20,2,138,72.34
144,2024/1/1 0:20,2,262,73.91
145,2024/1/1 0:20,2,139,68.69
146,2024/1/1 0:20,2,132,73.48
147,2024/1/1 0:20,2,128,85.58
148,2024/1/1 0:20,2,128,82.73
149,2024/1/1 0:20,2,67,72.36
150,2024/1/1 0:20,2,66,73.77
151,2024/1/1 0:20,2,78,61.46
152,2024/1/1 0:20,2,89,72.72
153,2024/1/1 0:20,2,13,68.31
154,2024/1/1 0:20,2,22,77.32
155,2024/1/1 0:20,2,70,82.96
156,2024/1/1 0:20,2,118,84.55
157,2024/1/1 0:20,2,7,52.71
158,2024/1/1 0:20,2,15,59.93
159,2024/1/1 0:20,2,46,73.59
160,2024/1/1 0:20,2,38,79.05
161,2024/1/1 0:20,2,37,41.41
162,2024/1/1 0:20,2,33,80.61
163,2024/1/1 0:20,2,42,76.64
164,2024/1/1 0:20,2,68,63.87
165,2024/1/1 0:20,2,71,78.94
166,2024/1/1 0:20,2,69,73.84
167,2024/1/1 0:20,2,15,74.73
168,2024/1/1 0:20,2,88,74.28
169,2024/1/1 0:20,2,49,74.14
170,2024/1/1 0:20,2,85,78.38
171,2024/1/1 0:20,2,112,77.34
172,2024/1/1 0:20,2,80,81.94
173,2024/1/1 0:20,2,100,86.57
174,2024/1/1 0:20,2,222,73.33
175,2024/1/1 0:20,2,191,64.87
176,2024/1/1 0:20,2,38,80.89
177,2024/1/1 0:20,2,44,83.02
178,2024/1/1 0:20,2,61.5,72.72
179,2024/1/1 0:20,2,79,62.43
180,2024/1/1 0:20,2,50.5,64.62
181,2024/1/1 0:20,2,22,66.82
182,2024/1/1 0:20,2,64,61.05
183,2024/1/1 0:20,2,148,66.43
184,2024/1/1 0:20,2,180,37
185,2024/1/1 0:20,2,168.33,47.2
186,2024/1/1 0:20,2,156.67,57.39
187,2024/1/1 0:20,2,145,67.59
188,2024/1/1 0:20,2,83,71.55
189,2024/1/1 0:20,2,85,66.2
190,2024/1/1 0:20,2,142,77.31
191,2024/1/1 0:20,2,142,65.52
192,2024/1/1 0:20,2,125.5,73.2
193,2024/1/1 0:20,2,109,80.88
194,2024/1/1 0:20,2,131,64.22
195,2024/1/1 0:20,2,107,60.95
196,2024/1/1 0:20,2,118,81.84
197,2024/1/1 0:20,2,129,85.74
198,2024/1/1 0:20,2,151,82.3
199,2024/1/1 0:20,2,113,80.5
200,2024/1/1 0:20,2,98,75.81
201,2024/1/1 0:20,2,144,81.03
202,2024/1/1 0:20,2,180,59.1
203,2024/1/1 0:20,2,142,59.56
204,2024/1/1 0:20,2,101,69.39
205,2024/1/1 0:20,2,110,87.51
206,2024/1/1 0:20,2,52,89.94
207,2024/1/1 0:20,2,67,81.72
208,2024/1/1 0:20,2,72,71.58
209,2024/1/1 0:20,2,78,81.77
210,2024/1/1 0:20,2,31,83.81
211,2024/1/1 0:20,2,28,82.5
212,2024/1/1 0:20,2,74,83.43
213,2024/1/1 0:20,2,53,84.49
214,2024/1/1 0:20,2,102,80.23
215,2024/1/1 0:20,2,105,81.95
216,2024/1/1 0:20,2,116,74.99
217,2024/1/1 0:20,2,126,86.26
218,2024/1/1 0:20,2,85,85.56
219,2024/1/1 0:20,2,96,79.86
220,2024/1/1 0:20,2,99,81
221,2024/1/1 0:20,2,61,82.02
222,2024/1/1 0:20,2,44,82.55
223,2024/1/1 0:20,2,53,63.3
224,2024/1/1 0:20,2,60,68.77
225,2024/1/1 0:20,2,60,82.35
226,2024/1/1 0:20,2,74,61.73
227,2024/1/1 0:20,2,34,72
228,2024/1/1 0:20,2,43,62.37
229,2024/1/1 0:20,2,47,67.74
230,2024/1/1 0:20,2,73,69.52
231,2024/1/1 0:20,2,37,84.86
232,2024/1/1 0:20,2,74.33,74.85
233,2024/1/1 0:20,2,111.67,64.84
234,2024/1/1 0:20,2,149,54.83
235,2024/1/1 0:20,2,183,61.36
236,2024/1/1 0:20,2,85,46.28
237,2024/1/1 0:20,2,25,64.36
238,2024/1/1 0:20,2,30,57.2
239,2024/1/1 0:20,2,32.5,53.32
240,2024/1/1 0:20,2,35,
241,2024/1/1 0:20,2,0,
242,2024/1/1 0:20,2,33,78.06
243,2024/1/1 0:20,2,85,76.78
244,2024/1/1 0:20,2,90,72.08
245,2024/1/1 0:20,2,135,62.49
246,2024/1/1 0:20,2,99,59.26
247,2024/1/1 0:20,2,100,52.88
248,2024/1/1 0:20,2,101,46.5
249,2024/1/1 0:20,2,77,57.06
250,2024/1/1 0:20,2,111,67.72
251,2024/1/1 0:20,2,109,64.13
252,2024/1/1 0:20,2,139,62.15
253,2024/1/1 0:20,2,271,67.02
254,2024/1/1 0:20,2,150,63.14
255,2024/1/1 0:20,2,167.5,64.11
256,2024/1/1 0:20,2,185,65.08
257,2024/1/1 0:20,2,174,59.02
258,2024/1/1 0:20,2,191,71.47
259,2024/1/1 0:20,2,182,67.16
260,2024/1/1 0:20,2,168,68.56
261,2024/1/1 0:20,2,119,59.2
262,2024/1/1 0:20,2,179,72.84
263,2024/1/1 0:20,2,185,51.22
264,2024/1/1 0:20,2,159,67.31
265,2024/1/1 0:20,2,148,61.84
266,2024/1/1 0:20,2,147,72.04
267,2024/1/1 0:20,2,139,50.29
268,2024/1/1 0:20,2,175,70.69
269,2024/1/1 0:20,2,177,74.18
270,2024/1/1 0:20,2,161,77.22
271,2024/1/1 0:20,2,156.5,76.11
272,2024/1/1 0:20,2,152,75
273,2024/1/1 0:20,2,51,68.55
274,2024/1/1 0:20,2,91,69.26
275,2024/1/1 0:20,2,84,68.46
276,2024/1/1 0:20,2,109,69.95
277,2024/1/1 0:20,2,110,71.09
278,2024/1/1 0:20,2,111,72.23
279,2024/1/1 0:20,2,102.67,68.65
280,2024/1/1 0:20,2,94.33,65.06
281,2024/1/1 0:20,2,86,61.48
282,2024/1/1 0:20,2,124,61.77
283,2024/1/1 0:20,2,172,57.94
284,2024/1/1 0:20,2,143,70.7
285,2024/1/1 0:20,2,196,64.81
286,2024/1/1 0:20,2,199,68.56
287,2024/1/1 0:20,2,170.5,69.41
288,2024/1/1 0:20,2,142,70.27
289,2024/1/1 0:20,2,111,60.64
290,2024/1/1 0:20,2,151,68.09
291,2024/1/1 0:20,2,160,68.92
292,2024/1/1 0:20,2,116,60.43
293,2024/1/1 0:20,2,116,75.59
294,2024/1/1 0:20,2,89,66.54
295,2024/1/1 0:20,2,81,64.22
296,2024/1/1 0:20,2,78,58.83
297,2024/1/1 0:20,2,129,59.15
298,2024/1/1 0:20,2,102,45.12
299,2024/1/1 0:20,2,94.5,48.43
300,2024/1/1 0:20,2,87,51.74
301,2024/1/1 0:20,2,162,67.15
302,2024/1/1 0:20,2,100,78.43
303,2024/1/1 0:20,2,109,80.61
304,2024/1/1 0:20,2,77.5,61.46
305,2024/1/1 0:20,2,46,42.3
306,2024/1/1 0:20,2,73,76.01
307,2024/1/1 0:20,2,84,103.06
308,2024/1/1 0:20,2,88,87.69
309,2024/1/1 0:20,2,79,104.58
310,2024/1/1 0:20,2,70,89.89
311,2024/1/1 0:20,2,94,102.83
312,2024/1/1 0:20,2,90,114.29
313,2024/1/1 0:20,2,85,110.54
314,2024/1/1 0:20,2,90,106.09
315,2024/1/1 0:20,2,101,96.98
316,2024/1/1 0:20,2,97,87.89
317,2024/1/1 0:20,2,51,88.31
318,2024/1/1 0:20,2,57,97.18
319,2024/1/1 0:20,2,51,99.49
320,2024/1/1 0:20,2,66,92.98
321,2024/1/1 0:20,2,56,111.61
322,2024/1/1 0:20,2,72,100.28
323,2024/1/1 0:20,2,69,101.62
324,2024/1/1 0:20,2,62,96.42
325,2024/1/1 0:20,2,49,79.27
326,2024/1/1 0:20,2,32,101.66
327,2024/1/1 0:20,2,35,98.23
328,2024/1/1 0:20,2,67,101.01
329,2024/1/1 0:20,2,34.5,66.5
330,2024/1/1 0:20,2,2,32
331,2024/1/1 0:20,2,59,101.51
332,2024/1/1 0:20,2,84,97.95
333,2024/1/1 0:20,2,81,99.98
334,2024/1/1 0:20,2,83,105.04
335,2024/1/1 0:20,2,102,104.34
336,2024/1/1 0:20,2,79,89.68
337,2024/1/1 0:20,2,73,94.37
338,2024/1/1 0:20,2,72,106.74
339,2024/1/1 0:20,2,73,100.25
340,2024/1/1 0:20,2,80,105.47
341,2024/1/1 0:20,2,107,98.14
342,2024/1/1 0:20,2,106,109.96
343,2024/1/1 0:20,2,126,111.59
344,2024/1/1 0:20,2,124,113.27
345,2024/1/1 0:20,2,132,106.55
346,2024/1/1 0:20,2,117,106.3
347,2024/1/1 0:20,2,85,107.36
348,2024/1/1 0:20,2,98,110.18
349,2024/1/1 0:20,2,106,93.42
350,2024/1/1 0:20,2,130,93.07
351,2024/1/1 0:20,2,26,78.27
352,2024/1/1 0:20,2,27,63.37
353,2024/1/1 0:20,2,20,69.65
354,2024/1/1 0:20,2,16,60.69
355,2024/1/1 0:20,2,20,80.15
356,2024/1/1 0:20,2,61,68.62
357,2024/1/1 0:20,2,47,74
358,2024/1/1 0:20,2,48,80.77
359,2024/1/1 0:20,2,71,71.17
360,2024/1/1 0:20,2,60,78.45
361,2024/1/1 0:20,2,54,83.65
362,2024/1/1 0:20,2,41,90.95
363,2024/1/1 0:20,2,90,78.85
364,2024/1/1 0:20,2,139,66.75
365,2024/1/1 0:20,2,117.67,73.16
366,2024/1/1 0:20,2,96.33,79.58
367,2024/1/1 0:20,2,75,85.99
368,2024/1/1 0:20,2,168,85.77
369,2024/1/1 0:20,2,149.5,85.72
370,2024/1/1 0:20,2,131,85.68
371,2024/1/1 0:20,2,114,72.58
372,2024/1/1 0:20,2,103,86.67
373,2024/1/1 0:20,2,87,96.13
374,2024/1/1 0:20,2,70,100.56
375,2024/1/1 0:20,2,89,90.75
376,2024/1/1 0:20,2,88,91.91
377,2024/1/1 0:20,2,96,103.05
378,2024/1/1 0:20,2,100,93.85
379,2024/1/1 0:20,2,89,86.98
380,2024/1/1 0:20,2,52,80.12
381,2024/1/1 0:20,2,37,94.68
382,2024/1/1 0:20,2,39,76.28
383,2024/1/1 0:20,2,11,80.36
384,2024/1/1 0:20,2,22,31.82
385,2024/1/1 0:20,2,25,77.04
386,2024/1/1 0:20,2,17,64.59
387,2024/1/1 0:20,2,44,63.89
388,2024/1/1 0:20,2,88,71.17
389,2024/1/1 0:20,2,76,89.04
390,2024/1/1 0:20,2,66,100.21
391,2024/1/1 0:20,2,61,74.16
392,2024/1/1 0:20,2,49,97.53
393,2024/1/1 0:20,2,73,107.48
394,2024/1/1 0:20,2,69,102.77
395,2024/1/1 0:20,2,82,95.28
396,2024/1/1 0:20,2,43,86.89
397,2024/1/1 0:20,2,4,78.5
398,2024/1/1 0:20,2,1,61
399,2024/1/1 0:20,2,3,66.33
400,2024/1/1 0:20,2,6,76.5
401,2024/1/1 0:20,2,6,64.5
402,2024/1/1 0:20,2,5,97
403,2024/1/1 0:20,2,5,68.8
404,2024/1/1 0:20,2,3,73
405,2024/1/1 0:20,2,5,97
406,2024/1/1 0:20,2,2,102.5
407,2024/1/1 0:20,2,2,134
408,2024/1/1 0:20,2,2,136
409,2024/1/1 0:20,2,1,103
410,2024/1/1 0:20,2,1,109
411,2024/1/1 0:20,2,1,113
412,2024/1/1 0:20,2,1,90
413,2024/1/1 0:20,2,2,91
414,2024/1/1 0:20,2,1,59
415,2024/1/1 0:20,2,26,83
416,2024/1/1 0:20,2,17.5,89.72
417,2024/1/1 0:20,2,9,96.44
418,2024/1/1 0:20,2,6,94
419,2024/1/1 0:20,2,15,82.07
420,2024/1/1 0:20,2,13,89.69
421,2024/1/1 0:20,2,12,88.08
422,2024/1/1 0:20,2,3,62
423,2024/1/1 0:20,2,11,99.36
424,2024/1/1 0:20,2,8,81.88
425,2024/1/1 0:20,2,11,90.36
426,2024/1/1 0:20,2,11,86.91
427,2024/1/1 0:20,2,10,91.5
428,2024/1/1 0:20,2,8,99.12
429,2024/1/1 0:20,2,14,90.14
430,2024/1/1 0:20,2,14,92.57
431,2024/1/1 0:20,2,16,72.62
432,2024/1/1 0:20,2,8.5,112.81
433,2024/1/1 0:20,2,1,153
434,2024/1/1 0:20,2,40.33,128.11
435,2024/1/1 0:20,2,79.67,103.21
436,2024/1/1 0:20,2,119,78.32
437,2024/1/1 0:20,2,45,66.96
438,2024/1/1 0:20,2,56,76.48
439,2024/1/1 0:20,2,55,79.77
440,2024/1/1 0:20,2,54,83.06
441,2024/1/1 0:20,2,52,62.31
442,2024/1/1 0:20,2,80,66.44
443,2024/1/1 0:20,2,83,65.52
444,2024/1/1 0:20,2,86,64.61
445,2024/1/1 0:20,2,89,63.69
446,2024/1/1 0:20,2,92,59.62
447,2024/1/1 0:20,2,83,73.49
448,2024/1/1 0:20,2,94,77.39
449,2024/1/1 0:20,2,60,82.78
450,2024/1/1 0:20,2,65,79.35
451,2024/1/1 0:20,2,110,66.75
452,2024/1/1 0:20,2,109,78.2
453,2024/1/1 0:20,2,110,86.25
454,2024/1/1 0:20,2,151,76.66
455,2024/1/1 0:20,2,61,62.57
456,2024/1/1 0:20,2,102,70.96
457,2024/1/1 0:20,2,79,92.97
458,2024/1/1 0:20,2,51,78.2
459,2024/1/1 0:20,2,57,83.95
460,2024/1/1 0:20,2,60,93.43
461,2024/1/1 0:20,2,64,90.41
462,2024/1/1 0:20,2,56,83.77
463,2024/1/1 0:20,2,42,92.38
464,2024/1/1 0:20,2,15,76.33
465,2024/1/1 0:20,2,20,93.6
466,2024/1/1 0:20,2,60,90.16
467,2024/1/1 0:20,2,100,86.71
468,2024/1/1 0:20,2,108,78.66
469,2024/1/1 0:20,2,139,70.44
470,2024/1/1 0:20,2,128,75.57
471,2024/1/1 0:20,2,117,80.71
472,2024/1/1 0:20,2,48,78.79
473,2024/1/1 0:20,2,49,80.51
474,2024/1/1 0:20,2,43,77.42
475,2024/1/1 0:20,2,55,77.38
476,2024/1/1 0:20,2,53,76.47
477,2024/1/1 0:20,2,67,84.37
478,2024/1/1 0:20,2,117,69.74
479,2024/1/1 0:20,2,100,93.92
480,2024/1/1 0:20,2,94,75.86
481,2024/1/1 0:20,2,86,70.63
482,2024/1/1 0:20,2,90,75.98
483,2024/1/1 0:20,2,96,68.94
484,2024/1/1 0:20,2,65,66.45
485,2024/1/1 0:20,2,1293,4.09
486,2024/1/1 0:20,2,184,91.86
487,2024/1/1 0:20,2,177,83.02
488,2024/1/1 0:20,2,135,73.6
489,2024/1/1 0:20,2,126,80.36
490,2024/1/1 0:20,2,117,87.13
491,2024/1/1 0:20,2,136,85.8
492,2024/1/1 0:20,2,143,82.8
493,2024/1/1 0:20,2,162,80.25
494,2024/1/1 0:20,2,149,103.86
495,2024/1/1 0:20,2,131,85.15
496,2024/1/1 0:20,2,116,79.31
497,2024/1/1 0:20,2,126,93.11
498,2024/1/1 0:20,2,147,102.13
499,2024/1/1 0:20,2,133,82.05
500,2024/1/1 0:20,2,119,89.57
501,2024/1/1 0:20,2,105,97.1
502,2024/1/1 0:20,2,102,81.12
503,2024/1/1 0:20,2,106,84.25
504,2024/1/1 0:20,2,102,76.75
505,2024/1/1 0:20,2,114,83.07
506,2024/1/1 0:20,2,99,85.28
507,2024/1/1 0:20,2,120.75,79.64
508,2024/1/1 0:20,2,142.5,74
509,2024/1/1 0:20,2,164.25,68.37
510,2024/1/1 0:20,2,186,62.73
511,2024/1/1 0:20,2,160,73.64
512,2024/1/1 0:20,2,136,62.34
513,2024/1/1 0:20,2,148,74.8
514,2024/1/1 0:20,2,146,82.84
515,2024/1/1 0:20,2,135,76.82
516,2024/1/1 0:20,2,137,90.99
517,2024/1/1 0:20,2,137,86.43
518,2024/1/1 0:20,2,137,81.87
519,2024/1/1 0:20,2,120.5,80.62
520,2024/1/1 0:20,2,104,79.38
521,2024/1/1 0:20,2,122,95.82
522,2024/1/1 0:20,2,132,81.29
523,2024/1/1 0:20,2,125.5,86.51
524,2024/1/1 0:20,2,119,91.73
525,2024/1/1 0:20,2,108,77.77
526,2024/1/1 0:20,2,116,64.27
527,2024/1/1 0:20,2,60,77.27
528,2024/1/1 0:20,2,75.33,77.55
529,2024/1/1 0:20,2,90.67,77.82
530,2024/1/1 0:20,2,106,78.1
531,2024/1/1 0:20,2,115,87.55
532,2024/1/1 0:20,2,112,84.13
533,2024/1/1 0:20,2,109,80.71
534,2024/1/1 0:20,2,95,70.44
535,2024/1/1 0:20,2,93,98.86
536,2024/1/1 0:20,2,91,91.75
537,2024/1/1 0:20,2,128,86.34
538,2024/1/1 0:20,2,119,89.13
539,2024/1/1 0:20,2,104,83.51
540,2024/1/1 0:20,2,97.33,85.41
541,2024/1/1 0:20,2,90.67,87.3
542,2024/1/1 0:20,2,84,89.2
543,2024/1/1 0:20,2,77.33,91.1
544,2024/1/1 0:20,2,70.67,92.99
545,2024/1/1 0:20,2,64,94.89
546,2024/1/1 0:20,2,73.5,81.73
547,2024/1/1 0:20,2,83,68.57
548,2024/1/1 0:20,2,111,85.84
549,2024/1/1 0:20,2,113,84.37
550,2024/1/1 0:20,2,120,83.42
551,2024/1/1 0:20,2,107,60.69
552,2024/1/1 0:20,2,90,72.41
553,2024/1/1 0:20,2,51,78.69
554,2024/1/1 0:20,2,69,71.41
555,2024/1/1 0:20,2,83,80.75
556,2024/1/1 0:20,2,87,72.43
557,2024/1/1 0:20,2,77,74.22
558,2024/1/1 0:20,2,59,76.54
559,2024/1/1 0:20,2,65,87.14
560,2024/1/1 0:20,2,143,89.18
561,2024/1/1 0:20,2,129.5,91.09
562,2024/1/1 0:20,2,116,93
563,2024/1/1 0:20,2,88,87.19
564,2024/1/1 0:20,2,101,81.63
565,2024/1/1 0:20,2,114,76.08
566,2024/1/1 0:20,2,129,80.15
567,2024/1/1 0:20,2,104.5,82.34
568,2024/1/1 0:20,2,80,84.54
569,2024/1/1 0:20,2,112,78.65
570,2024/1/1 0:20,2,105,77.24
571,2024/1/1 0:20,2,98,75.82
572,2024/1/1 0:20,2,91,74.41
573,2024/1/1 0:20,2,101,68.87
574,2024/1/1 0:20,2,98,69.87
575,2024/1/1 0:20,2,95,70.87
576,2024/1/1 0:20,2,85,81.79
577,2024/1/1 0:20,2,91,76.4
578,2024/1/1 0:20,2,92,78.26
579,2024/1/1 0:20,2,93,80.13
580,2024/1/1 0:20,2,96.33,81.94
581,2024/1/1 0:20,2,99.67,83.75
582,2024/1/1 0:20,2,103,85.56
583,2024/1/1 0:20,2,144,78.56
584,2024/1/1 0:20,2,185,71.57
585,2024/1/1 0:20,2,164,59.91
586,2024/1/1 0:20,2,209,79.37
587,2024/1/1 0:20,2,164.5,79.82
588,2024/1/1 0:20,2,120,80.26
589,2024/1/1 0:20,2,117,89.4
590,2024/1/1 0:20,2,134.5,83.03
591,2024/1/1 0:20,2,152,76.66
592,2024/1/1 0:20,2,136.5,84.57
593,2024/1/1 0:20,2,121,92.48
594,2024/1/1 0:20,2,137.5,86.26
595,2024/1/1 0:20,2,154,80.03
596,2024/1/1 0:20,2,143,80.59
597,2024/1/1 0:20,2,146.5,76.28
598,2024/1/1 0:20,2,150,71.96
599,2024/1/1 0:20,2,53,75.6
600,2024/1/1 0:20,2,78,86.5
601,2024/1/1 0:20,2,77,84.81
602,2024/1/1 0:20,2,115,85.66
603,2024/1/1 0:20,2,95,62.76
604,2024/1/1 0:20,2,86,89.99
605,2024/1/1 0:20,2,96.5,91.6
606,2024/1/1 0:20,2,107,93.21
607,2024/1/1 0:20,2,114,84.56
608,2024/1/1 0:20,2,133,72.37
609,2024/1/1 0:20,2,73,89.45
610,2024/1/1 0:20,2,90,88.57
611,2024/1/1 0:20,2,70,84.83
612,2024/1/1 0:20,2,85.5,89.5
613,2024/1/1 0:20,2,101,94.18
614,2024/1/1 0:20,2,105,97.16
615,2024/1/1 0:20,2,96,90.74
616,2024/1/1 0:20,2,91,86.18
617,2024/1/1 0:20,2,76,78.63
618,2024/1/1 0:20,2,44,86.8
619,2024/1/1 0:20,2,65.5,86.08
620,2024/1/1 0:20,2,87,85.36
621,2024/1/1 0:20,2,88.5,81.84
622,2024/1/1 0:20,2,90,78.32
623,2024/1/1 0:20,2,82,83.68
624,2024/1/1 0:20,2,74,89.03
625,2024/1/1 0:20,2,52,49.02
626,2024/1/1 0:20,2,55,68.45
627,2024/1/1 0:20,2,41,51.12
628,2024/1/1 0:20,2,27,33.78
629,2024/1/1 0:20,2,21,59.67
630,2024/1/1 0:20,2,17,51.88
631,2024/1/1 0:20,2,38,73.53
632,2024/1/1 0:20,2,42,33.45
633,2024/1/1 0:20,2,21,40.71
634,2024/1/1 0:20,2,63,53.16
635,2024/1/1 0:20,2,43,67.19
636,2024/1/1 0:20,2,20,62.45
637,2024/1/1 0:20,2,35,53.44
638,2024/1/1 0:20,2,50,44.42
639,2024/1/1 0:20,2,65,47.95
640,2024/1/1 0:20,2,66,51.74
641,2024/1/1 0:20,2,33,67.03
642,2024/1/1 0:20,2,37,46.81
643,2024/1/1 0:20,2,30,54.33
644,2024/1/1 0:20,2,36,51.33
645,2024/1/1 0:20,2,55,69.87
646,2024/1/1 0:20,2,40,78.8
647,2024/1/1 0:20,2,27,70.94
648,2024/1/1 0:20,2,14,63.07
649,2024/1/1 0:20,2,10,75.2
650,2024/1/1 0:20,2,22,56.55
651,2024/1/1 0:20,2,20,68.3
652,2024/1/1 0:20,2,19,54.05
653,2024/1/1 0:20,2,23.5,57.83
654,2024/1/1 0:20,2,28,61.61
655,2024/1/1 0:20,2,269,36.76
656,2024/1/1 0:20,2,258.5,40.46
657,2024/1/1 0:20,2,248,44.16
658,2024/1/1 0:20,2,237.5,47.87
659,2024/1/1 0:20,2,227,51.57
660,2024/1/1 0:20,2,116.5,67.28
661,2024/1/1 0:20,2,6,83
662,2024/1/1 0:20,2,44,57.8
663,2024/1/1 0:20,2,11,79.73
664,2024/1/1 0:20,2,51,76.15
665,2024/1/1 0:20,2,91,72.57
666,2024/1/1 0:20,2,110.5,69.56
667,2024/1/1 0:20,2,130,66.55
668,2024/1/1 0:20,2,62,51.19
669,2024/1/1 0:20,2,77,61.94
670,2024/1/1 0:20,2,70.5,69.33
671,2024/1/1 0:20,2,64,76.72
672,2024/1/1 0:20,2,51,57.31
673,2024/1/1 0:20,2,80,76.06
674,2024/1/1 0:20,2,55,67.16
675,2024/1/1 0:20,2,86,64.38
676,2024/1/1 0:20,2,53,71.21
677,2024/1/1 0:20,2,44.67,71.53
678,2024/1/1 0:20,2,36.33,71.86
679,2024/1/1 0:20,2,28,72.18
680,2024/1/1 0:20,2,36,75.72
681,2024/1/1 0:20,2,34,72.06
682,2024/1/1 0:20,2,17,89.41
683,2024/1/1 0:20,2,62,100.82
684,2024/1/1 0:20,2,76,83.61
685,2024/1/1 0:20,2,76,75.32
686,2024/1/1 0:20,2,50,78.14
687,2024/1/1 0:20,2,41.5,75.2
688,2024/1/1 0:20,2,33,72.27
689,2024/1/1 0:20,2,74,73.43
690,2024/1/1 0:20,2,95,64.03
691,2024/1/1 0:20,2,64,61.66
692,2024/1/1 0:20,2,129,82.36
693,2024/1/1 0:20,2,84,71
694,2024/1/1 0:20,2,57,62.93
695,2024/1/1 0:20,2,27,48.81
696,2024/1/1 0:20,2,47,71.81
697,2024/1/1 0:20,2,32,73.81
698,2024/1/1 0:20,2,57,65.84
699,2024/1/1 0:20,2,82,57.88
700,2024/1/1 0:20,2,61.5,58.64
701,2024/1/1 0:20,2,41,59.41
702,2024/1/1 0:20,2,42.5,70.41
703,2024/1/1 0:20,2,44,81.41
704,2024/1/1 0:20,2,90,78.33
705,2024/1/1 0:20,2,85.5,73.74
706,2024/1/1 0:20,2,81,69.16
707,2024/1/1 0:20,2,72,78.01
708,2024/1/1 0:20,2,64,79.92
709,2024/1/1 0:20,2,56.67,78.68
710,2024/1/1 0:20,2,49.33,77.43
711,2024/1/1 0:20,2,42,76.19
712,2024/1/1 0:20,2,36,47.92
713,2024/1/1 0:20,2,37.5,48.84
714,2024/1/1 0:20,2,39,49.77
715,2024/1/1 0:20,2,43,88.21
716,2024/1/1 0:20,2,23,52.74
717,2024/1/1 0:20,2,21,45.43
718,2024/1/1 0:20,2,20,30.1
719,2024/1/1 0:20,2,47,49.36
720,2024/1/1 0:20,2,25,51.36
721,2024/1/1 0:20,2,20,53.1
722,2024/1/1 0:20,2,25.67,58.58
723,2024/1/1 0:20,2,31.33,64.06
724,2024/1/1 0:20,2,37,69.54
725,2024/1/1 0:20,2,27,64.96
726,2024/1/1 0:20,2,27,91.93
727,2024/1/1 0:20,2,27,84.48
728,2024/1/1 0:20,2,36,80.72
729,2024/1/1 0:20,2,47,51.89
730,2024/1/1 0:20,2,34.5,48.56
731,2024/1/1 0:20,2,22,45.23
732,2024/1/1 0:20,2,77,71.1
733,2024/1/1 0:20,2,66,60.98
734,2024/1/1 0:20,2,81,47.65
735,2024/1/1 0:20,2,71,92.8
736,2024/1/1 0:20,2,72,83.46
737,2024/1/1 0:20,2,78,60.12
738,2024/1/1 0:20,2,86,32.47
739,2024/1/1 0:20,2,30,51.47
740,2024/1/1 0:20,2,28,73.36
741,2024/1/1 0:20,2,16.5,75.28
742,2024/1/1 0:20,2,5,77.2
743,2024/1/1 0:20,2,4.89,75.84
744,2024/1/1 0:20,2,4.78,74.49
745,2024/1/1 0:20,2,4.67,73.13
746,2024/1/1 0:20,2,4.56,71.78
747,2024/1/1 0:20,2,4.44,70.42
748,2024/1/1 0:20,2,4.33,69.07
749,2024/1/1 0:20,2,4.22,67.71
750,2024/1/1 0:20,2,4.11,66.36
751,2024/1/1 0:20,2,4,65
752,2024/1/1 0:20,2,4.24,66.14
753,2024/1/1 0:20,2,4.47,67.28
754,2024/1/1 0:20,2,4.71,68.42
755,2024/1/1 0:20,2,4.94,69.56
756,2024/1/1 0:20,2,5.18,70.7
757,2024/1/1 0:20,2,5.41,71.84
758,2024/1/1 0:20,2,5.65,72.98
759,2024/1/1 0:20,2,5.88,74.12
760,2024/1/1 0:20,2,6.12,75.26
761,2024/1/1 0:20,2,6.35,76.4
762,2024/1/1 0:20,2,6.59,77.54
763,2024/1/1 0:20,2,6.82,78.68
764,2024/1/1 0:20,2,7.06,79.82
765,2024/1/1 0:20,2,7.29,80.96
766,2024/1/1 0:20,2,7.53,82.1
767,2024/1/1 0:20,2,7.76,83.24
768,2024/1/1 0:20,2,8,84.38
769,2024/1/1 0:20,2,8,75.88
770,2024/1/1 0:20,2,21,55.81
771,2024/1/1 0:20,2,21,51.4
772,2024/1/1 0:20,2,21,47
773,2024/1/1 0:20,2,17,62.94
774,2024/1/1 0:20,2,21.5,69.85
775,2024/1/1 0:20,2,26,76.77
776,2024/1/1 0:20,2,35,53.43
777,2024/1/1 0:20,2,28,78.68
778,2024/1/1 0:20,2,23,63
779,2024/1/1 0:20,2,59,45.27
780,2024/1/1 0:20,2,17,51.88
781,2024/1/1 0:20,2,2,67.5
782,2024/1/1 0:20,2,1,54
783,2024/1/1 0:20,2,14,58
784,2024/1/1 0:20,2,12,77.83
785,2024/1/1 0:20,2,4,54.5
786,2024/1/1 0:20,2,42,70.07
787,2024/1/1 0:20,2,27,91.59
788,2024/1/1 0:20,2,33,90.48
789,2024/1/1 0:20,2,69,60.55
790,2024/1/1 0:20,2,60,71.77
791,2024/1/1 0:20,2,59,52.44
792,2024/1/1 0:20,2,65,46.54
793,2024/1/1 0:20,2,32.5,23.27
794,2024/1/1 0:20,2,40.83,33.87
795,2024/1/1 0:20,2,20.42,16.93
796,2024/1/1 0:20,2,10.21,8.47
797,2024/1/1 0:20,2,5.1,4.23
798,2024/1/1 0:20,2,2.55,2.12
799,2024/1/1 0:20,2,1.28,1.06
800,2024/1/1 0:20,2,0.64,0.53
801,2024/1/1 0:20,2,0.32,0.26
802,2024/1/1 0:20,2,0.16,0.13
803,2024/1/1 0:20,2,0.08,0.07
804,2024/1/1 0:20,2,0.03,0.02
805,2024/1/1 0:20,2,0.01,0.01
806,2024/1/1 0:20,2,8.75,22.55
807,2024/1/1 0:20,2,17.5,45.09
808,2024/1/1 0:20,2,0.01,0.01
809,2024/1/1 0:20,2,4.33,4.96
810,2024/1/1 0:20,2,8.64,9.91
811,2024/1/1 0:20,2,12.96,14.86
812,2024/1/1 0:20,2,17.28,19.81
813,2024/1/1 0:20,2,21.6,24.76
814,2024/1/1 0:20,2,25.91,29.72
815,2024/1/1 0:20,2,30.23,34.67
816,2024/1/1 0:20,2,34.55,39.62
817,2024/1/1 0:20,2,38.87,44.57
818,2024/1/1 0:20,2,43.18,49.52
819,2024/1/1 0:20,2,47.5,54.47
820,2024/1/1 0:20,2,48.38,54.65
821,2024/1/1 0:20,2,49.25,54.84
822,2024/1/1 0:20,2,50.12,55.02
823,2024/1/1 0:20,2,51,55.2
824,2024/1/1 0:20,2,51.88,55.39
825,2024/1/1 0:20,2,52.75,55.57
826,2024/1/1 0:20,2,53.62,55.76
827,2024/1/1 0:20,2,54.5,55.94
828,2024/1/1 0:20,2,86.5,51.64
829,2024/1/1 0:20,2,43.25,25.82
830,2024/1/1 0:20,2,21.62,12.91
831,2024/1/1 0:20,2,10.81,6.46
832,2024/1/1 0:20,2,5.41,3.23
833,2024/1/1 0:20,2,2.7,1.61
834,2024/1/1 0:20,2,1.35,0.81
835,2024/1/1 0:20,2,0.68,0.4
836,2024/1/1 0:20,2,0.34,0.2
837,2024/1/1 0:20,2,0.08,0.05
838,2024/1/1 0:20,2,0.04,0.03
839,2024/1/1 0:20,2,0.01,0.01
840,2024/1/1 0:20,2,0.01,0
841,2024/1/1 0:20,2,3.66,3.8
842,2024/1/1 0:20,2,7.31,7.6
843,2024/1/1 0:20,2,10.96,11.4
844,2024/1/1 0:20,2,14.61,15.2
845,2024/1/1 0:20,2,18.25,19
846,2024/1/1 0:20,2,21.9,22.81
847,2024/1/1 0:20,2,25.55,26.61
848,2024/1/1 0:20,2,29.2,30.41
849,2024/1/1 0:20,2,32.85,34.21
850,2024/1/1 0:20,2,36.5,38.01
851,2024/1/1 0:20,2,52,58.92
852,2024/1/1 0:20,2,26,29.46
853,2024/1/1 0:20,2,13,14.73
854,2024/1/1 0:20,2,6.5,7.36
855,2024/1/1 0:20,2,3.25,3.68
856,2024/1/1 0:20,2,1.62,1.84
857,2024/1/1 0:20,2,0.81,0.92
858,2024/1/1 0:20,2,0.41,0.46
859,2024/1/1 0:20,2,0.2,0.23
860,2024/1/1 0:20,2,0.1,0.12
861,2024/1/1 0:20,2,0.05,0.06
862,2024/1/1 0:20,2,0.07,0.05
863,2024/1/1 0:20,2,0.05,0.03
864,2024/1/1 0:20,2,16,41.66
865,2024/1/1 0:20,2,8,20.83
866,2024/1/1 0:20,2,4,10.41
867,2024/1/1 0:20,2,1.33,3.47
868,2024/1/1 0:20,2,0.67,1.74
869,2024/1/1 0:20,2,0.67,1.74
870,2024/1/1 0:20,2,45.33,54.63
871,2024/1/1 0:20,2,22.67,27.32
872,2024/1/1 0:20,2,11.33,13.66
873,2024/1/1 0:20,2,5.67,6.83
874,2024/1/1 0:20,2,2.83,3.41
875,2024/1/1 0:20,2,1.42,1.71
876,2024/1/1 0:20,2,0.71,0.85
877,2024/1/1 0:20,2,0.35,0.43
878,2024/1/1 0:20,2,0.18,0.21
879,2024/1/1 0:20,2,25.09,43.51
880,2024/1/1 0:20,2,54,81.07
881,2024/1/1 0:20,2,25.5,39.1
882,2024/1/1 0:20,2,12.75,19.55
883,2024/1/1 0:20,2,6.38,9.77
884,2024/1/1 0:20,2,3.19,4.89
885,2024/1/1 0:20,2,1.59,2.44
886,2024/1/1 0:20,2,16.8,42.88
887,2024/1/1 0:20,2,35.5,35.58
888,2024/1/1 0:20,2,17.75,17.79
889,2024/1/1 0:20,2,8.88,8.9
890,2024/1/1 0:20,2,4.44,4.45
891,2024/1/1 0:20,2,32.22,41.45
892,2024/1/1 0:20,2,33.5,42.18
893,2024/1/1 0:20,2,16.75,21.09
894,2024/1/1 0:20,2,8.38,10.55
895,2024/1/1 0:20,2,4.19,5.27
896,2024/1/1 0:20,2,28.09,42.7
897,2024/1/1 0:20,2,87.5,23.42
898,2024/1/1 0:20,2,43.75,11.71
899,2024/1/1 0:20,2,21.88,5.86
900,2024/1/1 0:20,2,79.94,43.66
901,2024/1/1 0:20,2,47,38.7
902,2024/1/1 0:20,2,23.5,19.35
903,2024/1/1 0:20,2,11.75,9.67
904,2024/1/1 0:20,2,51.38,33.17
905,2024/1/1 0:20,2,42.75,36.73
906,2024/1/1 0:20,2,21.38,18.36
907,2024/1/1 0:20,2,10.69,9.18
908,2024/1/1 0:20,2,5.34,4.59
909,2024/1/1 0:20,2,2.67,2.3
910,2024/1/1 0:20,2,1.34,1.15
911,2024/1/1 0:20,2,0.67,0.57
912,2024/1/1 0:20,2,38.33,40.45
913,2024/1/1 0:20,2,20,27.59
914,2024/1/1 0:20,2,10,13.8
915,2024/1/1 0:20,2,5,6.9
916,2024/1/1 0:20,2,2.5,3.45
917,2024/1/1 0:20,2,1.25,1.72
918,2024/1/1 0:20,2,0.62,0.86
919,2024/1/1 0:20,2,0.31,0.43
920,2024/1/1 0:20,2,23.16,39.2
921,2024/1/1 0:20,2,40.33,30.83
922,2024/1/1 0:20,2,19.33,37.75
923,2024/1/1 0:20,2,9.67,18.88
924,2024/1/1 0:20,2,13.33,35.38
925,2024/1/1 0:20,2,7,29
926,2024/1/1 0:20,2,3.5,14.5
927,2024/1/1 0:20,2,9.62,29.57
928,2024/1/1 0:20,2,88.54,61.87
929,2024/1/1 0:20,2,0.5,27
930,2024/1/1 0:20,2,0.25,13.5
931,2024/1/1 0:20,2,0.12,6.75
932,2024/1/1 0:20,2,0.06,3.38
933,2024/1/1 0:20,2,0.03,1.69
934,2024/1/1 0:20,2,27.5,33.58
935,2024/1/1 0:20,2,13.75,16.79
936,2024/1/1 0:20,2,6.88,8.4
937,2024/1/1 0:20,2,5.44,31.45
938,2024/1/1 0:20,2,22.5,33.24
939,2024/1/1 0:20,2,11.25,16.62
940,2024/1/1 0:20,2,5.62,8.31
941,2024/1/1 0:20,2,27.81,43.38
942,2024/1/1 0:20,2,44.5,35.47
943,2024/1/1 0:20,2,22.25,17.74
944,2024/1/1 0:20,2,11.12,8.87
945,2024/1/1 0:20,2,58.56,42.94
946,2024/1/1 0:20,2,39,37
947,2024/1/1 0:20,2,19.5,18.5
948,2024/1/1 0:20,2,9.75,9.25
949,2024/1/1 0:20,2,4.88,4.62
950,2024/1/1 0:20,2,2.44,2.31
951,2024/1/1 0:20,2,1.22,1.16
952,2024/1/1 0:20,2,95.61,39.1
953,2024/1/1 0:20,2,50,43.28
954,2024/1/1 0:20,2,25,21.64
955,2024/1/1 0:20,2,12.5,10.82
956,2024/1/1 0:20,2,6.25,5.41
957,2024/1/1 0:20,2,3.12,2.71
958,2024/1/1 0:20,2,1.56,1.35
959,2024/1/1 0:20,2,111.78,37.34
960,2024/1/1 0:20,2,91.5,30.68
961,2024/1/1 0:20,2,45.75,15.34
962,2024/1/1 0:20,2,22.88,7.67
963,2024/1/1 0:20,2,11.44,3.84
964,2024/1/1 0:20,2,5.72,1.92
965,2024/1/1 0:20,2,2.86,0.96
966,2024/1/1 0:20,2,43.93,23.62
967,2024/1/1 0:20,2,32,30.52
968,2024/1/1 0:20,2,16,15.26
969,2024/1/1 0:20,2,8,7.63
970,2024/1/1 0:20,2,4,3.82
971,2024/1/1 0:20,2,2,1.91
972,2024/1/1 0:20,2,1,0.95
973,2024/1/1 0:20,2,0.5,0.48
974,2024/1/1 0:20,2,74.25,33.45
975,2024/1/1 0:20,2,6.33,20.4
976,2024/1/1 0:20,2,3.17,10.2
977,2024/1/1 0:20,2,1.58,5.1
978,2024/1/1 0:20,2,0.79,2.55
979,2024/1/1 0:20,2,0.4,1.28
980,2024/1/1 0:20,2,0.2,0.64
981,2024/1/1 0:20,2,17.73,27.61
982,2024/1/1 0:20,2,8.87,13.8
983,2024/1/1 0:20,2,4.43,6.9
984,2024/1/1 0:20,2,2.22,3.45
985,2024/1/1 0:20,2,41.41,53.49
986,2024/1/1 0:20,2,83.5,28.39
987,2024/1/1 0:20,2,41.75,14.2
988,2024/1/1 0:20,2,20.88,7.1
989,2024/1/1 0:20,2,10.44,3.55
990,2024/1/1 0:20,2,97.72,35.55
991,2024/1/1 0:20,2,62,30.18
992,2024/1/1 0:20,2,31,15.09
993,2024/1/1 0:20,2,15.5,7.54
994,2024/1/1 0:20,2,7.75,3.77
995,2024/1/1 0:20,2,52.92,16.57
996,2024/1/1 0:20,2,116.67,49.4
997,2024/1/1 0:20,2,58.33,24.7
998,2024/1/1 0:20,2,29.17,12.35
999,2024/1/1 0:20,2,21.39,34.62
1000,2024/1/1 0:20,2,17,32.4
1001,2024/1/1 0:20,2,8.5,16.2
1002,2024/1/1 0:20,2,4.25,8.1
1003,2024/1/1 0:20,2,2.12,4.05
1004,2024/1/1 0:20,2,1.06,2.02
1005,2024/1/1 0:20,2,72.69,51.3
1006,2024/1/1 0:20,2,90,72.08
2,2024/1/1 0:30,3,72,63.56
3,2024/1/1 0:30,3,67,73.75
4,2024/1/1 0:30,3,74,70.39
5,2024/1/1 0:30,3,48,72.4
6,2024/1/1 0:30,3,57,88.63
7,2024/1/1 0:30,3,56,57.09
8,2024/1/1 0:30,3,54,69.2
9,2024/1/1 0:30,3,62,76.89
10,2024/1/1 0:30,3,120,58.42
11,2024/1/1 0:30,3,206,52.98
12,2024/1/1 0:30,3,241,64.37
13,2024/1/1 0:30,3,248,57.78
14,2024/1/1 0:30,3,200,62.4
15,2024/1/1 0:30,3,182,69.81
16,2024/1/1 0:30,3,203,59.79
17,2024/1/1 0:30,3,142,69.42
18,2024/1/1 0:30,3,234,57.27
19,2024/1/1 0:30,3,174,53.4
20,2024/1/1 0:30,3,202.5,54.38
21,2024/1/1 0:30,3,231,55.36
22,2024/1/1 0:30,3,134,70.77
23,2024/1/1 0:30,3,113,71.79
24,2024/1/1 0:30,3,196,46.73
25,2024/1/1 0:30,3,189,77.6
26,2024/1/1 0:30,3,171,74.4
27,2024/1/1 0:30,3,178,85.47
28,2024/1/1 0:30,3,196,86.39
29,2024/1/1 0:30,3,173,83.58
30,2024/1/1 0:30,3,155,72.1
31,2024/1/1 0:30,3,126,81.76
32,2024/1/1 0:30,3,97,91.42
33,2024/1/1 0:30,3,104,91.63
34,2024/1/1 0:30,3,80,86.26
35,2024/1/1 0:30,3,79,74.43
36,2024/1/1 0:30,3,95,95.97
37,2024/1/1 0:30,3,97,78.9
38,2024/1/1 0:30,3,112,54.99
39,2024/1/1 0:30,3,86.5,60.53
40,2024/1/1 0:30,3,61,66.07
41,2024/1/1 0:30,3,88,42.7
42,2024/1/1 0:30,3,83,45.37
43,2024/1/1 0:30,3,78,48.04
44,2024/1/1 0:30,3,93,59.48
45,2024/1/1 0:30,3,77,65.04
46,2024/1/1 0:30,3,117,65.5
47,2024/1/1 0:30,3,91,64.95
48,2024/1/1 0:30,3,76,69.89
49,2024/1/1 0:30,3,49,76
50,2024/1/1 0:30,3,146,63.07
51,2024/1/1 0:30,3,153,45.5
52,2024/1/1 0:30,3,135,72.16
53,2024/1/1 0:30,3,101,71.58
54,2024/1/1 0:30,3,105,77.94
55,2024/1/1 0:30,3,106,59.99
56,2024/1/1 0:30,3,118,77.62
57,2024/1/1 0:30,3,97,78.12
58,2024/1/1 0:30,3,108,57.38
59,2024/1/1 0:30,3,88,72.44
60,2024/1/1 0:30,3,62,69.47
61,2024/1/1 0:30,3,42,92.86
62,2024/1/1 0:30,3,40,65.05
63,2024/1/1 0:30,3,101,85.73
64,2024/1/1 0:30,3,110,94.15
65,2024/1/1 0:30,3,178,92.12
66,2024/1/1 0:30,3,163,95.68
67,2024/1/1 0:30,3,136,98.27
68,2024/1/1 0:30,3,136,92.82
69,2024/1/1 0:30,3,66,94.26
70,2024/1/1 0:30,3,74,92.74
71,2024/1/1 0:30,3,85,86.84
72,2024/1/1 0:30,3,93,79.56
73,2024/1/1 0:30,3,45,84.31
74,2024/1/1 0:30,3,85,91.11
75,2024/1/1 0:30,3,117,77.35
76,2024/1/1 0:30,3,89,86.25
77,2024/1/1 0:30,3,160,94.38
78,2024/1/1 0:30,3,137,84.93
79,2024/1/1 0:30,3,142,89.57
80,2024/1/1 0:30,3,168,95.32
81,2024/1/1 0:30,3,68,74.57
82,2024/1/1 0:30,3,77,72.96
83,2024/1/1 0:30,3,118,90.56
84,2024/1/1 0:30,3,95,76.8
85,2024/1/1 0:30,3,66,76.38
86,2024/1/1 0:30,3,61,75.22
87,2024/1/1 0:30,3,56,74.05
88,2024/1/1 0:30,3,97,79.77
89,2024/1/1 0:30,3,99,99.27
90,2024/1/1 0:30,3,136,89.92
91,2024/1/1 0:30,3,173,80.56
92,2024/1/1 0:30,3,174,96.5
93,2024/1/1 0:30,3,194,104.07
94,2024/1/1 0:30,3,183,90.54
95,2024/1/1 0:30,3,212,85.15
96,2024/1/1 0:30,3,163,81.98
97,2024/1/1 0:30,3,159,71.6
98,2024/1/1 0:30,3,188,84.72
99,2024/1/1 0:30,3,69,94.67
100,2024/1/1 0:30,3,22,64.18
101,2024/1/1 0:30,3,32,58.56
102,2024/1/1 0:30,3,166,72.96
103,2024/1/1 0:30,3,148,92.46
104,2024/1/1 0:30,3,130,111.95
105,2024/1/1 0:30,3,150,100.09
106,2024/1/1 0:30,3,228,103.07
107,2024/1/1 0:30,3,232,96.43
108,2024/1/1 0:30,3,247,105.04
109,2024/1/1 0:30,3,225,95.62
110,2024/1/1 0:30,3,233,105.18
111,2024/1/1 0:30,3,137,95.32
112,2024/1/1 0:30,3,120,118.19
113,2024/1/1 0:30,3,53,99.91
114,2024/1/1 0:30,3,51,95.65
115,2024/1/1 0:30,3,65,89.63
116,2024/1/1 0:30,3,64,97.08
117,2024/1/1 0:30,3,67,107.18
118,2024/1/1 0:30,3,68,93.54
119,2024/1/1 0:30,3,62,103.15
120,2024/1/1 0:30,3,49,121.73
121,2024/1/1 0:30,3,48,108.65
122,2024/1/1 0:30,3,21,104.95
123,2024/1/1 0:30,3,16,111.5
124,2024/1/1 0:30,3,40,81.85
125,2024/1/1 0:30,3,82,106.2
126,2024/1/1 0:30,3,45,102.16
127,2024/1/1 0:30,3,50,98.56
128,2024/1/1 0:30,3,117,114.47
129,2024/1/1 0:30,3,120,118.46
130,2024/1/1 0:30,3,103,110.03
131,2024/1/1 0:30,3,97,111.84
132,2024/1/1 0:30,3,88,109.73
133,2024/1/1 0:30,3,34,93.03
134,2024/1/1 0:30,3,70,87.86
135,2024/1/1 0:30,3,35,68.49
136,2024/1/1 0:30,3,19,94.53
137,2024/1/1 0:30,3,15,70.4
138,2024/1/1 0:30,3,60,79.63
139,2024/1/1 0:30,3,76,76.99
140,2024/1/1 0:30,3,250,75.19
141,2024/1/1 0:30,3,280,76.41
142,2024/1/1 0:30,3,178,87.49
143,2024/1/1 0:30,3,159,71.37
144,2024/1/1 0:30,3,296,75.51
145,2024/1/1 0:30,3,179,65.63
146,2024/1/1 0:30,3,119,76.99
147,2024/1/1 0:30,3,148,89.32
148,2024/1/1 0:30,3,149,85.52
149,2024/1/1 0:30,3,78,74.13
150,2024/1/1 0:30,3,71,78.58
151,2024/1/1 0:30,3,84,63.48
152,2024/1/1 0:30,3,85,78.4
153,2024/1/1 0:30,3,19,66.42
154,2024/1/1 0:30,3,33,78.73
155,2024/1/1 0:30,3,95,83.23
156,2024/1/1 0:30,3,156,83.81
157,2024/1/1 0:30,3,10,57.6
158,2024/1/1 0:30,3,19,60.84
159,2024/1/1 0:30,3,50,71.54
160,2024/1/1 0:30,3,54,79.04
161,2024/1/1 0:30,3,50,40.9
162,2024/1/1 0:30,3,50,79.62
163,2024/1/1 0:30,3,43,81.4
164,2024/1/1 0:30,3,78,66.83
165,2024/1/1 0:30,3,80,79.53
166,2024/1/1 0:30,3,93,75.9
167,2024/1/1 0:30,3,16,78.75
168,2024/1/1 0:30,3,127,77.72
169,2024/1/1 0:30,3,95,72.73
170,2024/1/1 0:30,3,134,83.87
171,2024/1/1 0:30,3,149,80.7
172,2024/1/1 0:30,3,84,84.5
173,2024/1/1 0:30,3,91,92.95
174,2024/1/1 0:30,3,255,69.79
175,2024/1/1 0:30,3,215,59.49
176,2024/1/1 0:30,3,26,87.38
177,2024/1/1 0:30,3,46,85.78
178,2024/1/1 0:30,3,72,74.94
179,2024/1/1 0:30,3,98,64.09
180,2024/1/1 0:30,3,69,64.18
181,2024/1/1 0:30,3,40,64.28
182,2024/1/1 0:30,3,81,63.88
183,2024/1/1 0:30,3,150,66.3
184,2024/1/1 0:30,3,158,21.15
185,2024/1/1 0:30,3,159.67,36.41
186,2024/1/1 0:30,3,161.33,51.67
187,2024/1/1 0:30,3,163,66.93
188,2024/1/1 0:30,3,112,72.43
189,2024/1/1 0:30,3,111,66.08
190,2024/1/1 0:30,3,123,76.77
191,2024/1/1 0:30,3,145,65.06
192,2024/1/1 0:30,3,153,73.31
193,2024/1/1 0:30,3,161,81.56
194,2024/1/1 0:30,3,129,67.34
195,2024/1/1 0:30,3,106,59.23
196,2024/1/1 0:30,3,145,80.34
197,2024/1/1 0:30,3,151,88.19
198,2024/1/1 0:30,3,226,81.86
199,2024/1/1 0:30,3,189,81.13
200,2024/1/1 0:30,3,144,73.49
201,2024/1/1 0:30,3,207,77.79
202,2024/1/1 0:30,3,229,57.86
203,2024/1/1 0:30,3,187,59.31
204,2024/1/1 0:30,3,123,71.37
205,2024/1/1 0:30,3,139,85.44
206,2024/1/1 0:30,3,75,85.88
207,2024/1/1 0:30,3,89,77.99
208,2024/1/1 0:30,3,102,70.35
209,2024/1/1 0:30,3,99,81.32
210,2024/1/1 0:30,3,50,83.18
211,2024/1/1 0:30,3,37,83.14
212,2024/1/1 0:30,3,85,83.08
213,2024/1/1 0:30,3,72,81.81
214,2024/1/1 0:30,3,125,78.94
215,2024/1/1 0:30,3,87,83.74
216,2024/1/1 0:30,3,106,77.95
217,2024/1/1 0:30,3,124,86.77
218,2024/1/1 0:30,3,107,85.39
219,2024/1/1 0:30,3,104,81.27
220,2024/1/1 0:30,3,88,79.07
221,2024/1/1 0:30,3,71,82.96
222,2024/1/1 0:30,3,56,78.07
223,2024/1/1 0:30,3,61,65.07
224,2024/1/1 0:30,3,58,66.03
225,2024/1/1 0:30,3,75,81.59
226,2024/1/1 0:30,3,77,64.06
227,2024/1/1 0:30,3,43,73.44
228,2024/1/1 0:30,3,39,66.31
229,2024/1/1 0:30,3,37,69.08
230,2024/1/1 0:30,3,55,71.09
231,2024/1/1 0:30,3,39,83.82
232,2024/1/1 0:30,3,84.33,73.57
233,2024/1/1 0:30,3,129.67,63.33
234,2024/1/1 0:30,3,175,53.08
235,2024/1/1 0:30,3,213,61.85
236,2024/1/1 0:30,3,115,41.06
237,2024/1/1 0:30,3,20,64.5
238,2024/1/1 0:30,3,24,61
239,2024/1/1 0:30,3,29.5,56.61
240,2024/1/1 0:30,3,35,
241,2024/1/1 0:30,3,0,
242,2024/1/1 0:30,3,26,75.35
243,2024/1/1 0:30,3,113,75.04
244,2024/1/1 0:30,3,94,65.8
245,2024/1/1 0:30,3,139,62.2
246,2024/1/1 0:30,3,115,55.95
247,2024/1/1 0:30,3,127.5,50.26
248,2024/1/1 0:30,3,140,44.57
249,2024/1/1 0:30,3,95,58.03
250,2024/1/1 0:30,3,130,67.98
251,2024/1/1 0:30,3,141,62.57
252,2024/1/1 0:30,3,151,59.39
253,2024/1/1 0:30,3,340,64.32
254,2024/1/1 0:30,3,217,59.97
255,2024/1/1 0:30,3,214,61.99
256,2024/1/1 0:30,3,211,64.01
257,2024/1/1 0:30,3,238,57.39
258,2024/1/1 0:30,3,231,73.38
259,2024/1/1 0:30,3,172,69.21
260,2024/1/1 0:30,3,187,72.34
261,2024/1/1 0:30,3,145,59.98
262,2024/1/1 0:30,3,244,72.45
263,2024/1/1 0:30,3,167,54.22
264,2024/1/1 0:30,3,138,70.82
265,2024/1/1 0:30,3,186,59.19
266,2024/1/1 0:30,3,184,69.37
267,2024/1/1 0:30,3,168,49.48
268,2024/1/1 0:30,3,182,72.13
269,2024/1/1 0:30,3,205,73.88
270,2024/1/1 0:30,3,173,77.57
271,2024/1/1 0:30,3,189,75.56
272,2024/1/1 0:30,3,205,73.55
273,2024/1/1 0:30,3,92,68.53
274,2024/1/1 0:30,3,121,68.02
275,2024/1/1 0:30,3,118,68.06
276,2024/1/1 0:30,3,157,72.03
277,2024/1/1 0:30,3,147.5,72.37
278,2024/1/1 0:30,3,138,72.7
279,2024/1/1 0:30,3,124.5,70.84
280,2024/1/1 0:30,3,111,68.99
281,2024/1/1 0:30,3,108,63.2
282,2024/1/1 0:30,3,121,65.13
283,2024/1/1 0:30,3,116,63.43
284,2024/1/1 0:30,3,98,71.92
285,2024/1/1 0:30,3,148,66.41
286,2024/1/1 0:30,3,162,68.44
287,2024/1/1 0:30,3,146.5,70.38
288,2024/1/1 0:30,3,131,72.32
289,2024/1/1 0:30,3,113,60.65
290,2024/1/1 0:30,3,131,66.95
291,2024/1/1 0:30,3,145,69.72
292,2024/1/1 0:30,3,143,57.13
293,2024/1/1 0:30,3,178,76.07
294,2024/1/1 0:30,3,125,68.26
295,2024/1/1 0:30,3,133,62.64
296,2024/1/1 0:30,3,131,50.2
297,2024/1/1 0:30,3,166,57.31
298,2024/1/1 0:30,3,148,43.24
299,2024/1/1 0:30,3,134.5,47
300,2024/1/1 0:30,3,121,50.75
301,2024/1/1 0:30,3,257,62.05
302,2024/1/1 0:30,3,167,71.98
303,2024/1/1 0:30,3,170,76.79
304,2024/1/1 0:30,3,115,58.83
305,2024/1/1 0:30,3,60,40.87
306,2024/1/1 0:30,3,83,72.49
307,2024/1/1 0:30,3,113,100.2
308,2024/1/1 0:30,3,123,88.67
309,2024/1/1 0:30,3,128,105.45
310,2024/1/1 0:30,3,89,94.52
311,2024/1/1 0:30,3,109,103.06
312,2024/1/1 0:30,3,105,108.87
313,2024/1/1 0:30,3,87,107.92
314,2024/1/1 0:30,3,116,102.99
315,2024/1/1 0:30,3,101,100.04
316,2024/1/1 0:30,3,91,91.99
317,2024/1/1 0:30,3,49,85.86
318,2024/1/1 0:30,3,50,94.66
319,2024/1/1 0:30,3,59,100.03
320,2024/1/1 0:30,3,65,95.42
321,2024/1/1 0:30,3,68,112.72
322,2024/1/1 0:30,3,66,104.7
323,2024/1/1 0:30,3,64,100.28
324,2024/1/1 0:30,3,55,98.44
325,2024/1/1 0:30,3,24,80.54
326,2024/1/1 0:30,3,17,101.35
327,2024/1/1 0:30,3,29,99.59
328,2024/1/1 0:30,3,72,98.22
329,2024/1/1 0:30,3,37,59.11
330,2024/1/1 0:30,3,2,20
331,2024/1/1 0:30,3,63,101.14
332,2024/1/1 0:30,3,110,99.25
333,2024/1/1 0:30,3,109,101.81
334,2024/1/1 0:30,3,102,105.88
335,2024/1/1 0:30,3,94,108.51
336,2024/1/1 0:30,3,73,92.55
337,2024/1/1 0:30,3,75,95.64
338,2024/1/1 0:30,3,90,102.24
339,2024/1/1 0:30,3,89,96.58
340,2024/1/1 0:30,3,95,103.49
341,2024/1/1 0:30,3,119,101.19
342,2024/1/1 0:30,3,107,107.66
343,2024/1/1 0:30,3,116,105.33
344,2024/1/1 0:30,3,118,103.81
345,2024/1/1 0:30,3,109,106.77
346,2024/1/1 0:30,3,105,108.27
347,2024/1/1 0:30,3,95,106.37
348,2024/1/1 0:30,3,113,106.07
349,2024/1/1 0:30,3,121,89.36
350,2024/1/1 0:30,3,130,90.85
351,2024/1/1 0:30,3,41,80.76
352,2024/1/1 0:30,3,40,65.17
353,2024/1/1 0:30,3,39,72.03
354,2024/1/1 0:30,3,21,65.95
355,2024/1/1 0:30,3,32,88.59
356,2024/1/1 0:30,3,70,74.94
357,2024/1/1 0:30,3,70,76.71
358,2024/1/1 0:30,3,62,83.5
359,2024/1/1 0:30,3,70,73.46
360,2024/1/1 0:30,3,61,77.2
361,2024/1/1 0:30,3,66,82.53
362,2024/1/1 0:30,3,78,85.1
363,2024/1/1 0:30,3,103.5,76.25
364,2024/1/1 0:30,3,129,67.4
365,2024/1/1 0:30,3,115.33,73.1
366,2024/1/1 0:30,3,101.67,78.81
367,2024/1/1 0:30,3,88,84.51
368,2024/1/1 0:30,3,203,85.31
369,2024/1/1 0:30,3,181,86.08
370,2024/1/1 0:30,3,159,86.84
371,2024/1/1 0:30,3,145,75.58
372,2024/1/1 0:30,3,141,88.19
373,2024/1/1 0:30,3,104,98.64
374,2024/1/1 0:30,3,79,106.38
375,2024/1/1 0:30,3,90,94.91
376,2024/1/1 0:30,3,101,94.3
377,2024/1/1 0:30,3,91,104.52
378,2024/1/1 0:30,3,93,94.97
379,2024/1/1 0:30,3,110,83.03
380,2024/1/1 0:30,3,67,81.03
381,2024/1/1 0:30,3,57,93.72
382,2024/1/1 0:30,3,57,76.3
383,2024/1/1 0:30,3,19,80.26
384,2024/1/1 0:30,3,9,22.89
385,2024/1/1 0:30,3,41,81.07
386,2024/1/1 0:30,3,26,69.04
387,2024/1/1 0:30,3,45,64.13
388,2024/1/1 0:30,3,118,73.97
389,2024/1/1 0:30,3,130,91.78
390,2024/1/1 0:30,3,102,101.75
391,2024/1/1 0:30,3,89,77.51
392,2024/1/1 0:30,3,63,98.56
393,2024/1/1 0:30,3,80,112.3
394,2024/1/1 0:30,3,88,102.51
395,2024/1/1 0:30,3,116,95.29
396,2024/1/1 0:30,3,59,83.15
397,2024/1/1 0:30,3,2,
398,2024/1/1 0:30,3,0,
399,2024/1/1 0:30,3,3,65
400,2024/1/1 0:30,3,4,62.25
401,2024/1/1 0:30,3,3,69
402,2024/1/1 0:30,3,5,89
403,2024/1/1 0:30,3,3,55
404,2024/1/1 0:30,3,3,55.67
405,2024/1/1 0:30,3,5,95.4
406,2024/1/1 0:30,3,1,
407,2024/1/1 0:30,3,0,
408,2024/1/1 0:30,3,5,92.6
409,2024/1/1 0:30,3,3,81
410,2024/1/1 0:30,3,5,119.6
411,2024/1/1 0:30,3,2,80
412,2024/1/1 0:30,3,3,125
413,2024/1/1 0:30,3,5,112.2
414,2024/1/1 0:30,3,2,109.5
415,2024/1/1 0:30,3,32,83.78
416,2024/1/1 0:30,3,19.5,105.04
417,2024/1/1 0:30,3,7,126.29
418,2024/1/1 0:30,3,8,119.75
419,2024/1/1 0:30,3,9,104.22
420,2024/1/1 0:30,3,7,102
421,2024/1/1 0:30,3,10,93.9
422,2024/1/1 0:30,3,4,75.5
423,2024/1/1 0:30,3,11,92.91
424,2024/1/1 0:30,3,8,91.5
425,2024/1/1 0:30,3,6,98.17
426,2024/1/1 0:30,3,8,93.88
427,2024/1/1 0:30,3,7,105.57
428,2024/1/1 0:30,3,9,99.89
429,2024/1/1 0:30,3,12,91.08
430,2024/1/1 0:30,3,13,95.92
431,2024/1/1 0:30,3,11,76.45
432,2024/1/1 0:30,3,6,81.22
433,2024/1/1 0:30,3,1,86
434,2024/1/1 0:30,3,51.67,81.41
435,2024/1/1 0:30,3,102.33,76.82
436,2024/1/1 0:30,3,153,72.23
437,2024/1/1 0:30,3,59,68.75
438,2024/1/1 0:30,3,53,80.62
439,2024/1/1 0:30,3,53.5,79.03
440,2024/1/1 0:30,3,54,77.43
441,2024/1/1 0:30,3,54,62.26
442,2024/1/1 0:30,3,103,66.32
443,2024/1/1 0:30,3,111.33,66.14
444,2024/1/1 0:30,3,119.67,65.97
445,2024/1/1 0:30,3,128,65.79
446,2024/1/1 0:30,3,98,61.99
447,2024/1/1 0:30,3,112.5,67.74
448,2024/1/1 0:30,3,127,73.5
449,2024/1/1 0:30,3,70,81.47
450,2024/1/1 0:30,3,70,77.27
451,2024/1/1 0:30,3,126,63.08
452,2024/1/1 0:30,3,108,77.31
453,2024/1/1 0:30,3,113,84.35
454,2024/1/1 0:30,3,150,75.65
455,2024/1/1 0:30,3,66,63.36
456,2024/1/1 0:30,3,109,74.17
457,2024/1/1 0:30,3,78,90.92
458,2024/1/1 0:30,3,56,76.23
459,2024/1/1 0:30,3,54,77.78
460,2024/1/1 0:30,3,59,86.97
461,2024/1/1 0:30,3,70,94.71
462,2024/1/1 0:30,3,61,94.07
463,2024/1/1 0:30,3,54,95.5
464,2024/1/1 0:30,3,23,74.87
465,2024/1/1 0:30,3,20,88.2
466,2024/1/1 0:30,3,65,86.46
467,2024/1/1 0:30,3,110,84.71
468,2024/1/1 0:30,3,137,77.04
469,2024/1/1 0:30,3,175,70.41
470,2024/1/1 0:30,3,162,75.04
471,2024/1/1 0:30,3,149,79.68
472,2024/1/1 0:30,3,54,81.81
473,2024/1/1 0:30,3,47,78.47
474,2024/1/1 0:30,3,57,77.6
475,2024/1/1 0:30,3,71,73.62
476,2024/1/1 0:30,3,75,80.72
477,2024/1/1 0:30,3,66,86.38
478,2024/1/1 0:30,3,148,66.86
479,2024/1/1 0:30,3,140,87.01
480,2024/1/1 0:30,3,132,73.55
481,2024/1/1 0:30,3,121,69.85
482,2024/1/1 0:30,3,130,72.95
483,2024/1/1 0:30,3,145,66.47
484,2024/1/1 0:30,3,117,68.72
485,2024/1/1 0:30,3,1327,10.04
486,2024/1/1 0:30,3,255,87.24
487,2024/1/1 0:30,3,259,80.17
488,2024/1/1 0:30,3,240,71.77
489,2024/1/1 0:30,3,225.5,77.81
490,2024/1/1 0:30,3,211,83.84
491,2024/1/1 0:30,3,218,82.44
492,2024/1/1 0:30,3,198,83.27
493,2024/1/1 0:30,3,213,79.11
494,2024/1/1 0:30,3,198,97.05
495,2024/1/1 0:30,3,221,85.01
496,2024/1/1 0:30,3,176,78.98
497,2024/1/1 0:30,3,165,90.84
498,2024/1/1 0:30,3,179,100.27
499,2024/1/1 0:30,3,199,79.19
500,2024/1/1 0:30,3,188,90.02
501,2024/1/1 0:30,3,177,100.85
502,2024/1/1 0:30,3,170,81
503,2024/1/1 0:30,3,170,82.97
504,2024/1/1 0:30,3,152,78.05
505,2024/1/1 0:30,3,156,83.04
506,2024/1/1 0:30,3,150,85.05
507,2024/1/1 0:30,3,167.5,79.44
508,2024/1/1 0:30,3,185,73.82
509,2024/1/1 0:30,3,202.5,68.21
510,2024/1/1 0:30,3,220,62.6
511,2024/1/1 0:30,3,251,70.94
512,2024/1/1 0:30,3,173,65.39
513,2024/1/1 0:30,3,187,70.51
514,2024/1/1 0:30,3,172,84.61
515,2024/1/1 0:30,3,172,77.62
516,2024/1/1 0:30,3,178,89.69
517,2024/1/1 0:30,3,179.5,85.38
518,2024/1/1 0:30,3,181,81.08
519,2024/1/1 0:30,3,168.5,80.44
520,2024/1/1 0:30,3,156,79.79
521,2024/1/1 0:30,3,150.5,80.46
522,2024/1/1 0:30,3,145,81.14
523,2024/1/1 0:30,3,135.5,86.24
524,2024/1/1 0:30,3,126,91.35
525,2024/1/1 0:30,3,126,78.37
526,2024/1/1 0:30,3,149,69.69
527,2024/1/1 0:30,3,78,80.72
528,2024/1/1 0:30,3,91.67,79.96
529,2024/1/1 0:30,3,105.33,79.21
530,2024/1/1 0:30,3,119,78.45
531,2024/1/1 0:30,3,117,88.04
532,2024/1/1 0:30,3,122,87.91
533,2024/1/1 0:30,3,127,87.78
534,2024/1/1 0:30,3,134,73.21
535,2024/1/1 0:30,3,116,95.02
536,2024/1/1 0:30,3,114,93.61
537,2024/1/1 0:30,3,123,88.32
538,2024/1/1 0:30,3,116,85.78
539,2024/1/1 0:30,3,114,86.17
540,2024/1/1 0:30,3,119.75,87.44
541,2024/1/1 0:30,3,125.5,88.7
542,2024/1/1 0:30,3,131.25,89.96
543,2024/1/1 0:30,3,137,91.23
544,2024/1/1 0:30,3,109.5,89
545,2024/1/1 0:30,3,82,86.76
546,2024/1/1 0:30,3,89.5,79.17
547,2024/1/1 0:30,3,97,71.58
548,2024/1/1 0:30,3,114,87.02
549,2024/1/1 0:30,3,135,87.1
550,2024/1/1 0:30,3,128,86.91
551,2024/1/1 0:30,3,124,61.37
552,2024/1/1 0:30,3,104,75.56
553,2024/1/1 0:30,3,72,81.25
554,2024/1/1 0:30,3,98,69.58
555,2024/1/1 0:30,3,101,78.35
556,2024/1/1 0:30,3,103,73.44
557,2024/1/1 0:30,3,110,74.01
558,2024/1/1 0:30,3,87,69.83
559,2024/1/1 0:30,3,97,87.78
560,2024/1/1 0:30,3,154,89.03
561,2024/1/1 0:30,3,136,88.79
562,2024/1/1 0:30,3,118,88.55
563,2024/1/1 0:30,3,121,86.99
564,2024/1/1 0:30,3,141.5,81.38
565,2024/1/1 0:30,3,162,75.77
566,2024/1/1 0:30,3,165,80.08
567,2024/1/1 0:30,3,144.5,84.32
568,2024/1/1 0:30,3,124,88.56
569,2024/1/1 0:30,3,146,78.78
570,2024/1/1 0:30,3,131,77.44
571,2024/1/1 0:30,3,116,76.09
572,2024/1/1 0:30,3,101,74.75
573,2024/1/1 0:30,3,111,74.25
574,2024/1/1 0:30,3,125,74.38
575,2024/1/1 0:30,3,139,74.5
576,2024/1/1 0:30,3,117,85.08
577,2024/1/1 0:30,3,120.33,83.66
578,2024/1/1 0:30,3,123.67,82.24
579,2024/1/1 0:30,3,127,80.82
580,2024/1/1 0:30,3,120.67,81.74
581,2024/1/1 0:30,3,114.33,82.67
582,2024/1/1 0:30,3,108,83.59
583,2024/1/1 0:30,3,155,77.52
584,2024/1/1 0:30,3,202,71.44
585,2024/1/1 0:30,3,183,60.44
586,2024/1/1 0:30,3,196,79.61
587,2024/1/1 0:30,3,164,80.38
588,2024/1/1 0:30,3,132,81.14
589,2024/1/1 0:30,3,124,86.77
590,2024/1/1 0:30,3,139,81.94
591,2024/1/1 0:30,3,154,77.1
592,2024/1/1 0:30,3,159.5,84.92
593,2024/1/1 0:30,3,165,92.73
594,2024/1/1 0:30,3,171.5,85.46
595,2024/1/1 0:30,3,178,78.19
596,2024/1/1 0:30,3,164,82.16
597,2024/1/1 0:30,3,171.5,79
598,2024/1/1 0:30,3,179,75.85
599,2024/1/1 0:30,3,85,78.84
600,2024/1/1 0:30,3,105,84.72
601,2024/1/1 0:30,3,102,83.75
602,2024/1/1 0:30,3,134,86.6
603,2024/1/1 0:30,3,101,64.31
604,2024/1/1 0:30,3,90,90.61
605,2024/1/1 0:30,3,119.5,90.73
606,2024/1/1 0:30,3,149,90.85
607,2024/1/1 0:30,3,148,85.69
608,2024/1/1 0:30,3,140,73.94
609,2024/1/1 0:30,3,75,94.93
610,2024/1/1 0:30,3,109,88.97
611,2024/1/1 0:30,3,110,84.99
612,2024/1/1 0:30,3,115.5,90.08
613,2024/1/1 0:30,3,121,95.18
614,2024/1/1 0:30,3,110,93.85
615,2024/1/1 0:30,3,94,92.19
616,2024/1/1 0:30,3,93,84.53
617,2024/1/1 0:30,3,106,78.71
618,2024/1/1 0:30,3,69,88.45
619,2024/1/1 0:30,3,93,86.76
620,2024/1/1 0:30,3,117,85.07
621,2024/1/1 0:30,3,110,81.95
622,2024/1/1 0:30,3,103,78.83
623,2024/1/1 0:30,3,106.5,84.8
624,2024/1/1 0:30,3,110,90.77
625,2024/1/1 0:30,3,71,47.77
626,2024/1/1 0:30,3,62,58.81
627,2024/1/1 0:30,3,52,46.31
628,2024/1/1 0:30,3,42,33.81
629,2024/1/1 0:30,3,12,64.5
630,2024/1/1 0:30,3,28,52.86
631,2024/1/1 0:30,3,36,74.56
632,2024/1/1 0:30,3,35,33.14
633,2024/1/1 0:30,3,20,47.9
634,2024/1/1 0:30,3,61,58.15
635,2024/1/1 0:30,3,56,69.14
636,2024/1/1 0:30,3,27,61.59
637,2024/1/1 0:30,3,31,56.31
638,2024/1/1 0:30,3,35,51.03
639,2024/1/1 0:30,3,68,49.46
640,2024/1/1 0:30,3,62,53.35
641,2024/1/1 0:30,3,36,65.81
642,2024/1/1 0:30,3,48,47.35
643,2024/1/1 0:30,3,24,52.12
644,2024/1/1 0:30,3,37,51.59
645,2024/1/1 0:30,3,40,62.75
646,2024/1/1 0:30,3,30,76
647,2024/1/1 0:30,3,22.5,73
648,2024/1/1 0:30,3,15,70
649,2024/1/1 0:30,3,17,80.47
650,2024/1/1 0:30,3,37,59.32
651,2024/1/1 0:30,3,18,66.89
652,2024/1/1 0:30,3,15,54.67
653,2024/1/1 0:30,3,21.5,55.16
654,2024/1/1 0:30,3,28,55.64
655,2024/1/1 0:30,3,228,36.67
656,2024/1/1 0:30,3,218.75,41.14
657,2024/1/1 0:30,3,209.5,45.62
658,2024/1/1 0:30,3,200.25,50.1
659,2024/1/1 0:30,3,191,54.57
660,2024/1/1 0:30,3,100,69.34
661,2024/1/1 0:30,3,9,84.11
662,2024/1/1 0:30,3,48,51.17
663,2024/1/1 0:30,3,17,82.18
664,2024/1/1 0:30,3,50,76.06
665,2024/1/1 0:30,3,83,69.93
666,2024/1/1 0:30,3,78.33,64.62
667,2024/1/1 0:30,3,73.67,59.31
668,2024/1/1 0:30,3,69,54
669,2024/1/1 0:30,3,76,59.37
670,2024/1/1 0:30,3,62.5,66.34
671,2024/1/1 0:30,3,49,73.31
672,2024/1/1 0:30,3,65,66.78
673,2024/1/1 0:30,3,105,77.47
674,2024/1/1 0:30,3,54,65.35
675,2024/1/1 0:30,3,113,65.91
676,2024/1/1 0:30,3,73,65.41
677,2024/1/1 0:30,3,61.67,69.52
678,2024/1/1 0:30,3,50.33,73.63
679,2024/1/1 0:30,3,39,77.74
680,2024/1/1 0:30,3,30,73.4
681,2024/1/1 0:30,3,36,71.89
682,2024/1/1 0:30,3,14,88.21
683,2024/1/1 0:30,3,75,94.55
684,2024/1/1 0:30,3,79,81.08
685,2024/1/1 0:30,3,66,78.3
686,2024/1/1 0:30,3,56,74.46
687,2024/1/1 0:30,3,54,72.29
688,2024/1/1 0:30,3,52,70.13
689,2024/1/1 0:30,3,154,73.15
690,2024/1/1 0:30,3,129,65.28
691,2024/1/1 0:30,3,81,60.12
692,2024/1/1 0:30,3,110,81.68
693,2024/1/1 0:30,3,83,69.89
694,2024/1/1 0:30,3,58,64.57
695,2024/1/1 0:30,3,21,47.43
696,2024/1/1 0:30,3,49,76.67
697,2024/1/1 0:30,3,22,79.82
698,2024/1/1 0:30,3,37.5,70.8
699,2024/1/1 0:30,3,53,61.77
700,2024/1/1 0:30,3,50,57.97
701,2024/1/1 0:30,3,47,54.17
702,2024/1/1 0:30,3,52,73.96
703,2024/1/1 0:30,3,57,93.75
704,2024/1/1 0:30,3,166,76.11
705,2024/1/1 0:30,3,123,71.75
706,2024/1/1 0:30,3,80,67.39
707,2024/1/1 0:30,3,89,80.01
708,2024/1/1 0:30,3,72,79.89
709,2024/1/1 0:30,3,63.67,79.14
710,2024/1/1 0:30,3,55.33,78.39
711,2024/1/1 0:30,3,47,77.64
712,2024/1/1 0:30,3,47,50.55
713,2024/1/1 0:30,3,46.5,50.1
714,2024/1/1 0:30,3,46,49.65
715,2024/1/1 0:30,3,46,82
716,2024/1/1 0:30,3,19,54.05
717,2024/1/1 0:30,3,8,54.62
718,2024/1/1 0:30,3,14,35.36
719,2024/1/1 0:30,3,50,50.68
720,2024/1/1 0:30,3,16,49.19
721,2024/1/1 0:30,3,18,51.94
722,2024/1/1 0:30,3,23,58.54
723,2024/1/1 0:30,3,28,65.13
724,2024/1/1 0:30,3,33,71.73
725,2024/1/1 0:30,3,35,68.2
726,2024/1/1 0:30,3,52,96.88
727,2024/1/1 0:30,3,41,89.15
728,2024/1/1 0:30,3,37,82.54
729,2024/1/1 0:30,3,41,57.83
730,2024/1/1 0:30,3,34,57.2
731,2024/1/1 0:30,3,27,56.56
732,2024/1/1 0:30,3,92,74.99
733,2024/1/1 0:30,3,91,59.93
734,2024/1/1 0:30,3,91,44.6
735,2024/1/1 0:30,3,103,81.21
736,2024/1/1 0:30,3,75,80.27
737,2024/1/1 0:30,3,98,62.82
738,2024/1/1 0:30,3,83,31.73
739,2024/1/1 0:30,3,48,49.46
740,2024/1/1 0:30,3,34,67.29
741,2024/1/1 0:30,3,17.5,58.64
742,2024/1/1 0:30,3,1,50
743,2024/1/1 0:30,3,1.33,51.92
744,2024/1/1 0:30,3,1.67,53.83
745,2024/1/1 0:30,3,2,55.75
746,2024/1/1 0:30,3,2.33,57.67
747,2024/1/1 0:30,3,2.67,59.58
748,2024/1/1 0:30,3,3,61.5
749,2024/1/1 0:30,3,3.33,63.42
750,2024/1/1 0:30,3,3.67,65.33
751,2024/1/1 0:30,3,4,67.25
752,2024/1/1 0:30,3,4.29,68.31
753,2024/1/1 0:30,3,4.59,69.38
754,2024/1/1 0:30,3,4.88,70.44
755,2024/1/1 0:30,3,5.18,71.5
756,2024/1/1 0:30,3,5.47,72.57
757,2024/1/1 0:30,3,5.76,73.63
758,2024/1/1 0:30,3,6.06,74.69
759,2024/1/1 0:30,3,6.35,75.76
760,2024/1/1 0:30,3,6.65,76.82
761,2024/1/1 0:30,3,6.94,77.89
762,2024/1/1 0:30,3,7.24,78.95
763,2024/1/1 0:30,3,7.53,80.01
764,2024/1/1 0:30,3,7.82,81.08
765,2024/1/1 0:30,3,8.12,82.14
766,2024/1/1 0:30,3,8.41,83.2
767,2024/1/1 0:30,3,8.71,84.27
768,2024/1/1 0:30,3,9,85.33
769,2024/1/1 0:30,3,6,72.33
770,2024/1/1 0:30,3,14,63.5
771,2024/1/1 0:30,3,25.5,54.83
772,2024/1/1 0:30,3,37,46.16
773,2024/1/1 0:30,3,20,64.45
774,2024/1/1 0:30,3,26,62.3
775,2024/1/1 0:30,3,32,60.15
776,2024/1/1 0:30,3,38,58
777,2024/1/1 0:30,3,18,84.17
778,2024/1/1 0:30,3,27,60.63
779,2024/1/1 0:30,3,59,48.95
780,2024/1/1 0:30,3,15,54.33
781,2024/1/1 0:30,3,8,60.75
782,2024/1/1 0:30,3,3,57.33
783,2024/1/1 0:30,3,15,57.2
784,2024/1/1 0:30,3,12,72.67
785,2024/1/1 0:30,3,14,54.29
786,2024/1/1 0:30,3,50,70.18
787,2024/1/1 0:30,3,46,89.57
788,2024/1/1 0:30,3,32,86.44
789,2024/1/1 0:30,3,74,60.38
790,2024/1/1 0:30,3,61,74.48
791,2024/1/1 0:30,3,57,52.26
792,2024/1/1 0:30,3,65,45.42
793,2024/1/1 0:30,3,32.5,22.71
794,2024/1/1 0:30,3,66.17,32.94
795,2024/1/1 0:30,3,33.08,16.47
796,2024/1/1 0:30,3,16.54,8.24
797,2024/1/1 0:30,3,8.27,4.12
798,2024/1/1 0:30,3,4.14,2.06
799,2024/1/1 0:30,3,2.07,1.03
800,2024/1/1 0:30,3,1.03,0.51
801,2024/1/1 0:30,3,0.52,0.26
802,2024/1/1 0:30,3,0.26,0.13
803,2024/1/1 0:30,3,0.13,0.06
804,2024/1/1 0:30,3,0.04,0.02
805,2024/1/1 0:30,3,0.01,0.01
806,2024/1/1 0:30,3,0.01,0
807,2024/1/1 0:30,3,26.5,49.96
808,2024/1/1 0:30,3,0.02,0.01
809,2024/1/1 0:30,3,0.01,0
810,2024/1/1 0:30,3,4.11,5.31
811,2024/1/1 0:30,3,8.21,10.62
812,2024/1/1 0:30,3,12.31,15.93
813,2024/1/1 0:30,3,16.41,21.24
814,2024/1/1 0:30,3,20.5,26.55
815,2024/1/1 0:30,3,24.6,31.86
816,2024/1/1 0:30,3,28.7,37.17
817,2024/1/1 0:30,3,32.8,42.48
818,2024/1/1 0:30,3,36.9,47.79
819,2024/1/1 0:30,3,41,53.1
820,2024/1/1 0:30,3,43.19,53.62
821,2024/1/1 0:30,3,45.38,54.13
822,2024/1/1 0:30,3,47.56,54.65
823,2024/1/1 0:30,3,49.75,55.17
824,2024/1/1 0:30,3,51.94,55.69
825,2024/1/1 0:30,3,54.12,56.21
826,2024/1/1 0:30,3,56.31,56.72
827,2024/1/1 0:30,3,58.5,57.24
828,2024/1/1 0:30,3,116.5,52.59
829,2024/1/1 0:30,3,58.25,26.3
830,2024/1/1 0:30,3,29.12,13.15
831,2024/1/1 0:30,3,14.56,6.57
832,2024/1/1 0:30,3,7.28,3.29
833,2024/1/1 0:30,3,3.64,1.64
834,2024/1/1 0:30,3,1.82,0.82
835,2024/1/1 0:30,3,0.91,0.41
836,2024/1/1 0:30,3,0.46,0.21
837,2024/1/1 0:30,3,0.11,0.05
838,2024/1/1 0:30,3,0.06,0.03
839,2024/1/1 0:30,3,0.02,0.01
840,2024/1/1 0:30,3,0.01,0
841,2024/1/1 0:30,3,4.16,3.62
842,2024/1/1 0:30,3,8.31,7.25
843,2024/1/1 0:30,3,12.46,10.88
844,2024/1/1 0:30,3,16.61,14.5
845,2024/1/1 0:30,3,20.75,18.12
846,2024/1/1 0:30,3,24.9,21.75
847,2024/1/1 0:30,3,29.05,25.38
848,2024/1/1 0:30,3,33.2,29
849,2024/1/1 0:30,3,37.35,32.62
850,2024/1/1 0:30,3,41.5,36.25
851,2024/1/1 0:30,3,60,59.1
852,2024/1/1 0:30,3,30,29.55
853,2024/1/1 0:30,3,15,14.77
854,2024/1/1 0:30,3,7.5,7.39
855,2024/1/1 0:30,3,3.75,3.69
856,2024/1/1 0:30,3,1.88,1.85
857,2024/1/1 0:30,3,0.94,0.92
858,2024/1/1 0:30,3,0.47,0.46
859,2024/1/1 0:30,3,0.23,0.23
860,2024/1/1 0:30,3,0.12,0.12
861,2024/1/1 0:30,3,0.06,0.06
862,2024/1/1 0:30,3,0.09,0.05
863,2024/1/1 0:30,3,0.06,0.03
864,2024/1/1 0:30,3,20,40.92
865,2024/1/1 0:30,3,10,20.46
866,2024/1/1 0:30,3,5,10.23
867,2024/1/1 0:30,3,1.67,3.41
868,2024/1/1 0:30,3,0.84,1.71
869,2024/1/1 0:30,3,0.84,1.71
870,2024/1/1 0:30,3,65.33,54.04
871,2024/1/1 0:30,3,32.67,27.02
872,2024/1/1 0:30,3,16.33,13.51
873,2024/1/1 0:30,3,8.17,6.75
874,2024/1/1 0:30,3,4.08,3.38
875,2024/1/1 0:30,3,2.04,1.69
876,2024/1/1 0:30,3,1.02,0.84
877,2024/1/1 0:30,3,0.51,0.42
878,2024/1/1 0:30,3,0.26,0.21
879,2024/1/1 0:30,3,32.63,44.92
880,2024/1/1 0:30,3,55,77.01
881,2024/1/1 0:30,3,28,38.12
882,2024/1/1 0:30,3,14,19.06
883,2024/1/1 0:30,3,7,9.53
884,2024/1/1 0:30,3,3.5,4.76
885,2024/1/1 0:30,3,1.75,2.38
886,2024/1/1 0:30,3,20.88,42.12
887,2024/1/1 0:30,3,35,36.73
888,2024/1/1 0:30,3,17.5,18.36
889,2024/1/1 0:30,3,8.75,9.18
890,2024/1/1 0:30,3,4.38,4.59
891,2024/1/1 0:30,3,32.69,40.9
892,2024/1/1 0:30,3,33,43.19
893,2024/1/1 0:30,3,16.5,21.6
894,2024/1/1 0:30,3,8.25,10.8
895,2024/1/1 0:30,3,4.12,5.4
896,2024/1/1 0:30,3,35.56,43.21
897,2024/1/1 0:30,3,98,23.36
898,2024/1/1 0:30,3,49,11.68
899,2024/1/1 0:30,3,24.5,5.84
900,2024/1/1 0:30,3,106.75,41.72
901,2024/1/1 0:30,3,63.5,36.75
902,2024/1/1 0:30,3,31.75,18.38
903,2024/1/1 0:30,3,15.88,9.19
904,2024/1/1 0:30,3,63.94,32.09
905,2024/1/1 0:30,3,49.5,37.94
906,2024/1/1 0:30,3,24.75,18.97
907,2024/1/1 0:30,3,12.38,9.49
908,2024/1/1 0:30,3,6.19,4.74
909,2024/1/1 0:30,3,3.09,2.37
910,2024/1/1 0:30,3,1.55,1.19
911,2024/1/1 0:30,3,0.77,0.59
912,2024/1/1 0:30,3,58.89,38.97
913,2024/1/1 0:30,3,23.33,27.16
914,2024/1/1 0:30,3,11.67,13.58
915,2024/1/1 0:30,3,5.83,6.79
916,2024/1/1 0:30,3,2.92,3.39
917,2024/1/1 0:30,3,1.46,1.7
918,2024/1/1 0:30,3,0.73,0.85
919,2024/1/1 0:30,3,0.36,0.42
920,2024/1/1 0:30,3,33.18,38.4
921,2024/1/1 0:30,3,55,30.91
922,2024/1/1 0:30,3,25.25,37.66
923,2024/1/1 0:30,3,12.62,18.83
924,2024/1/1 0:30,3,13.81,36.58
925,2024/1/1 0:30,3,7.5,28.6
926,2024/1/1 0:30,3,3.75,14.3
927,2024/1/1 0:30,3,9.69,33.05
928,2024/1/1 0:30,3,106.56,63.31
929,2024/1/1 0:30,3,1.5,28.66
930,2024/1/1 0:30,3,0.75,14.33
931,2024/1/1 0:30,3,0.38,7.17
932,2024/1/1 0:30,3,0.19,3.58
933,2024/1/1 0:30,3,0.09,1.79
934,2024/1/1 0:30,3,27,32.68
935,2024/1/1 0:30,3,13.5,16.34
936,2024/1/1 0:30,3,6.75,8.17
937,2024/1/1 0:30,3,10.38,31.23
938,2024/1/1 0:30,3,27,34.6
939,2024/1/1 0:30,3,13.5,17.3
940,2024/1/1 0:30,3,6.75,8.65
941,2024/1/1 0:30,3,34.38,42.77
942,2024/1/1 0:30,3,50.5,35.79
943,2024/1/1 0:30,3,25.25,17.9
944,2024/1/1 0:30,3,12.62,8.95
945,2024/1/1 0:30,3,58.81,43.44
946,2024/1/1 0:30,3,38,38.5
947,2024/1/1 0:30,3,19,19.25
948,2024/1/1 0:30,3,9.5,9.62
949,2024/1/1 0:30,3,4.75,4.81
950,2024/1/1 0:30,3,2.38,2.41
951,2024/1/1 0:30,3,1.19,1.2
952,2024/1/1 0:30,3,125.59,38.2
953,2024/1/1 0:30,3,45.5,46.48
954,2024/1/1 0:30,3,22.75,23.24
955,2024/1/1 0:30,3,11.38,11.62
956,2024/1/1 0:30,3,5.69,5.81
957,2024/1/1 0:30,3,2.84,2.9
958,2024/1/1 0:30,3,1.42,1.45
959,2024/1/1 0:30,3,128.21,35.62
960,2024/1/1 0:30,3,106.5,30.92
961,2024/1/1 0:30,3,53.25,15.46
962,2024/1/1 0:30,3,26.62,7.73
963,2024/1/1 0:30,3,13.31,3.87
964,2024/1/1 0:30,3,6.66,1.93
965,2024/1/1 0:30,3,3.33,0.97
966,2024/1/1 0:30,3,59.16,21.01
967,2024/1/1 0:30,3,40.5,31.94
968,2024/1/1 0:30,3,20.25,15.97
969,2024/1/1 0:30,3,10.12,7.98
970,2024/1/1 0:30,3,5.06,3.99
971,2024/1/1 0:30,3,2.53,2
972,2024/1/1 0:30,3,1.27,1
973,2024/1/1 0:30,3,0.63,0.5
974,2024/1/1 0:30,3,75.32,33.4
975,2024/1/1 0:30,3,10.67,19.52
976,2024/1/1 0:30,3,5.33,9.76
977,2024/1/1 0:30,3,2.67,4.88
978,2024/1/1 0:30,3,1.33,2.44
979,2024/1/1 0:30,3,0.67,1.22
980,2024/1/1 0:30,3,0.33,0.61
981,2024/1/1 0:30,3,23.44,29.49
982,2024/1/1 0:30,3,11.72,14.74
983,2024/1/1 0:30,3,5.86,7.37
984,2024/1/1 0:30,3,2.93,3.69
985,2024/1/1 0:30,3,41.64,55.49
986,2024/1/1 0:30,3,103,26.49
987,2024/1/1 0:30,3,51.5,13.24
988,2024/1/1 0:30,3,25.75,6.62
989,2024/1/1 0:30,3,12.88,3.31
990,2024/1/1 0:30,3,126.94,33.84
991,2024/1/1 0:30,3,73,31.54
992,2024/1/1 0:30,3,36.5,15.77
993,2024/1/1 0:30,3,18.25,7.88
994,2024/1/1 0:30,3,9.12,3.94
995,2024/1/1 0:30,3,54.04,16.48
996,2024/1/1 0:30,3,141,51.08
997,2024/1/1 0:30,3,70.5,25.54
998,2024/1/1 0:30,3,35.25,12.77
999,2024/1/1 0:30,3,25.75,35.21
1000,2024/1/1 0:30,3,23,31.56
1001,2024/1/1 0:30,3,11.5,15.78
1002,2024/1/1 0:30,3,5.75,7.89
1003,2024/1/1 0:30,3,2.88,3.94
1004,2024/1/1 0:30,3,1.44,1.97
1005,2024/1/1 0:30,3,84.81,54.28
1006,2024/1/1 0:30,3,94,65.8
2,2024/1/1 0:40,4,70,59.76
3,2024/1/1 0:40,4,71,74.66
4,2024/1/1 0:40,4,81,71.78
5,2024/1/1 0:40,4,60,76.2
6,2024/1/1 0:40,4,62,91.97
7,2024/1/1 0:40,4,65,55.72
8,2024/1/1 0:40,4,55,71.02
9,2024/1/1 0:40,4,76,77.12
10,2024/1/1 0:40,4,151,58.88
11,2024/1/1 0:40,4,238,53.48
12,2024/1/1 0:40,4,265,63.97
13,2024/1/1 0:40,4,270,55.21
14,2024/1/1 0:40,4,161,64.3
15,2024/1/1 0:40,4,168,69.01
16,2024/1/1 0:40,4,176,61.23
17,2024/1/1 0:40,4,122,68.27
18,2024/1/1 0:40,4,187,60.93
19,2024/1/1 0:40,4,195,57.19
20,2024/1/1 0:40,4,233.5,56.99
21,2024/1/1 0:40,4,272,56.79
22,2024/1/1 0:40,4,145,74.24
23,2024/1/1 0:40,4,115,69.76
24,2024/1/1 0:40,4,254,36.96
25,2024/1/1 0:40,4,200,76.39
26,2024/1/1 0:40,4,194,73.36
27,2024/1/1 0:40,4,203,84.07
28,2024/1/1 0:40,4,215,84.51
29,2024/1/1 0:40,4,178,83.27
30,2024/1/1 0:40,4,181,69.57
31,2024/1/1 0:40,4,151,79.25
32,2024/1/1 0:40,4,121,88.93
33,2024/1/1 0:40,4,133,92.42
34,2024/1/1 0:40,4,116,88.16
35,2024/1/1 0:40,4,115,74.59
36,2024/1/1 0:40,4,114,93.54
37,2024/1/1 0:40,4,125,83.47
38,2024/1/1 0:40,4,135,54.95
39,2024/1/1 0:40,4,101.5,61.1
40,2024/1/1 0:40,4,68,67.25
41,2024/1/1 0:40,4,82,44.99
42,2024/1/1 0:40,4,69.5,47.9
43,2024/1/1 0:40,4,57,50.81
44,2024/1/1 0:40,4,97,60.06
45,2024/1/1 0:40,4,80,64.41
46,2024/1/1 0:40,4,116,64.72
47,2024/1/1 0:40,4,102,64.56
48,2024/1/1 0:40,4,79,70.56
49,2024/1/1 0:40,4,64,78.62
50,2024/1/1 0:40,4,161,58.84
51,2024/1/1 0:40,4,135,47.21
52,2024/1/1 0:40,4,126,75.15
53,2024/1/1 0:40,4,87,73.24
54,2024/1/1 0:40,4,117,79.32
55,2024/1/1 0:40,4,83,59.46
56,2024/1/1 0:40,4,87,76.4
57,2024/1/1 0:40,4,88,77.11
58,2024/1/1 0:40,4,114,51.67
59,2024/1/1 0:40,4,89,72.07
60,2024/1/1 0:40,4,51,69.06
61,2024/1/1 0:40,4,41,89.51
62,2024/1/1 0:40,4,43,66.44
63,2024/1/1 0:40,4,114,86.83
64,2024/1/1 0:40,4,122,93.2
65,2024/1/1 0:40,4,169,94.9
66,2024/1/1 0:40,4,171,101.51
67,2024/1/1 0:40,4,158,98.05
68,2024/1/1 0:40,4,169,92.44
69,2024/1/1 0:40,4,103,91.42
70,2024/1/1 0:40,4,91,94.41
71,2024/1/1 0:40,4,102,86.61
72,2024/1/1 0:40,4,105,77.16
73,2024/1/1 0:40,4,50,83.12
74,2024/1/1 0:40,4,92,87.01
75,2024/1/1 0:40,4,144,78.92
76,2024/1/1 0:40,4,112,86.71
77,2024/1/1 0:40,4,155,94.15
78,2024/1/1 0:40,4,121,84.11
79,2024/1/1 0:40,4,122,91.87
80,2024/1/1 0:40,4,157,98.3
81,2024/1/1 0:40,4,79,76.08
82,2024/1/1 0:40,4,91,75.71
83,2024/1/1 0:40,4,125,91.34
84,2024/1/1 0:40,4,84,75.95
85,2024/1/1 0:40,4,68,78.01
86,2024/1/1 0:40,4,59.5,76
87,2024/1/1 0:40,4,51,74
88,2024/1/1 0:40,4,71,81.14
89,2024/1/1 0:40,4,77,99.14
90,2024/1/1 0:40,4,130,89.32
91,2024/1/1 0:40,4,183,79.49
92,2024/1/1 0:40,4,200,96.2
93,2024/1/1 0:40,4,181,103.14
94,2024/1/1 0:40,4,160,89.42
95,2024/1/1 0:40,4,169,87.2
96,2024/1/1 0:40,4,137,82.83
97,2024/1/1 0:40,4,147,76.35
98,2024/1/1 0:40,4,232,79.26
99,2024/1/1 0:40,4,79,97.01
100,2024/1/1 0:40,4,29,68.41
101,2024/1/1 0:40,4,33,58.76
102,2024/1/1 0:40,4,140,74.24
103,2024/1/1 0:40,4,138.5,92.12
104,2024/1/1 0:40,4,137,109.99
105,2024/1/1 0:40,4,165,97.84
106,2024/1/1 0:40,4,240,103.03
107,2024/1/1 0:40,4,242,97.83
108,2024/1/1 0:40,4,248,99.33
109,2024/1/1 0:40,4,256,91.71
110,2024/1/1 0:40,4,240,100.75
111,2024/1/1 0:40,4,141,93.4
112,2024/1/1 0:40,4,136,115.6
113,2024/1/1 0:40,4,93,94.68
114,2024/1/1 0:40,4,84,93.93
115,2024/1/1 0:40,4,93,89.16
116,2024/1/1 0:40,4,85,90.45
117,2024/1/1 0:40,4,78,108.18
118,2024/1/1 0:40,4,71,94.1
119,2024/1/1 0:40,4,63,103.25
120,2024/1/1 0:40,4,71,121.96
121,2024/1/1 0:40,4,73,112.81
122,2024/1/1 0:40,4,44,115.77
123,2024/1/1 0:40,4,39,113.54
124,2024/1/1 0:40,4,36,83.5
125,2024/1/1 0:40,4,114,109.46
126,2024/1/1 0:40,4,63,103.03
127,2024/1/1 0:40,4,83,97.52
128,2024/1/1 0:40,4,158,112.27
129,2024/1/1 0:40,4,132,116.48
130,2024/1/1 0:40,4,135,109.09
131,2024/1/1 0:40,4,133,110.79
132,2024/1/1 0:40,4,126,103.9
133,2024/1/1 0:40,4,61,92.11
134,2024/1/1 0:40,4,79,85.86
135,2024/1/1 0:40,4,30,62.27
136,2024/1/1 0:40,4,19,92.68
137,2024/1/1 0:40,4,17,72.18
138,2024/1/1 0:40,4,68,75.85
139,2024/1/1 0:40,4,73,75.85
140,2024/1/1 0:40,4,232,74.73
141,2024/1/1 0:40,4,256,75.8
142,2024/1/1 0:40,4,171,84.85
143,2024/1/1 0:40,4,154,70.32
144,2024/1/1 0:40,4,278,76.87
145,2024/1/1 0:40,4,182,65.61
146,2024/1/1 0:40,4,142,75.63
147,2024/1/1 0:40,4,130,89.32
148,2024/1/1 0:40,4,133,85.32
149,2024/1/1 0:40,4,100,71.87
150,2024/1/1 0:40,4,110,72.45
151,2024/1/1 0:40,4,91,59.36
152,2024/1/1 0:40,4,107,73.96
153,2024/1/1 0:40,4,28,61.43
154,2024/1/1 0:40,4,39,75.13
155,2024/1/1 0:40,4,89,80.58
156,2024/1/1 0:40,4,149,85.22
157,2024/1/1 0:40,4,4,61.5
158,2024/1/1 0:40,4,19,55.74
159,2024/1/1 0:40,4,58,75.62
160,2024/1/1 0:40,4,42,82.02
161,2024/1/1 0:40,4,39,42.31
162,2024/1/1 0:40,4,46,81.52
163,2024/1/1 0:40,4,54,77.56
164,2024/1/1 0:40,4,73,64.88
165,2024/1/1 0:40,4,71,79.37
166,2024/1/1 0:40,4,88,72.15
167,2024/1/1 0:40,4,17,66.82
168,2024/1/1 0:40,4,151,75.78
169,2024/1/1 0:40,4,102,68.15
170,2024/1/1 0:40,4,144,85.56
171,2024/1/1 0:40,4,150,84.09
172,2024/1/1 0:40,4,121,85.81
173,2024/1/1 0:40,4,148,88.49
174,2024/1/1 0:40,4,248,71.17
175,2024/1/1 0:40,4,210,62.76
176,2024/1/1 0:40,4,44,84.39
177,2024/1/1 0:40,4,65,83.25
178,2024/1/1 0:40,4,88,71.97
179,2024/1/1 0:40,4,111,60.69
180,2024/1/1 0:40,4,67,60.02
181,2024/1/1 0:40,4,23,59.35
182,2024/1/1 0:40,4,70,62.87
183,2024/1/1 0:40,4,138,64.66
184,2024/1/1 0:40,4,135,20.26
185,2024/1/1 0:40,4,138.67,35.78
186,2024/1/1 0:40,4,142.33,51.3
187,2024/1/1 0:40,4,146,66.82
188,2024/1/1 0:40,4,90,74.46
189,2024/1/1 0:40,4,86,67.09
190,2024/1/1 0:40,4,149,73.01
191,2024/1/1 0:40,4,160,62.62
192,2024/1/1 0:40,4,152,72.44
193,2024/1/1 0:40,4,144,82.27
194,2024/1/1 0:40,4,154,65.39
195,2024/1/1 0:40,4,139,61.15
196,2024/1/1 0:40,4,170,80.63
197,2024/1/1 0:40,4,148,86.34
198,2024/1/1 0:40,4,239,80.14
199,2024/1/1 0:40,4,164,82.29
200,2024/1/1 0:40,4,143,68.45
201,2024/1/1 0:40,4,203,74.86
202,2024/1/1 0:40,4,208,59.15
203,2024/1/1 0:40,4,184,59.29
204,2024/1/1 0:40,4,128,70.24
205,2024/1/1 0:40,4,160,84.33
206,2024/1/1 0:40,4,80,84.61
207,2024/1/1 0:40,4,105,74.33
208,2024/1/1 0:40,4,108,69.56
209,2024/1/1 0:40,4,112,86.68
210,2024/1/1 0:40,4,55,86.69
211,2024/1/1 0:40,4,49,82.29
212,2024/1/1 0:40,4,110,80.43
213,2024/1/1 0:40,4,90,82.9
214,2024/1/1 0:40,4,185,78.41
215,2024/1/1 0:40,4,144,82.94
216,2024/1/1 0:40,4,148,78.92
217,2024/1/1 0:40,4,176,84.8
218,2024/1/1 0:40,4,121,85.54
219,2024/1/1 0:40,4,124,82.78
220,2024/1/1 0:40,4,82,82.4
221,2024/1/1 0:40,4,70,82.17
222,2024/1/1 0:40,4,46,78.15
223,2024/1/1 0:40,4,72,64.43
224,2024/1/1 0:40,4,72,65.39
225,2024/1/1 0:40,4,70,84.27
226,2024/1/1 0:40,4,90,63.42
227,2024/1/1 0:40,4,52,71.46
228,2024/1/1 0:40,4,41,56.95
229,2024/1/1 0:40,4,53,66.89
230,2024/1/1 0:40,4,75,71.04
231,2024/1/1 0:40,4,51,80.55
232,2024/1/1 0:40,4,87.67,72.33
233,2024/1/1 0:40,4,124.33,64.11
234,2024/1/1 0:40,4,161,55.89
235,2024/1/1 0:40,4,180,62.74
236,2024/1/1 0:40,4,92,46.2
237,2024/1/1 0:40,4,21,63.62
238,2024/1/1 0:40,4,22,55.91
239,2024/1/1 0:40,4,28.5,54.54
240,2024/1/1 0:40,4,35,53.17
241,2024/1/1 0:40,4,1,31
242,2024/1/1 0:40,4,39,77.36
243,2024/1/1 0:40,4,131,77.77
244,2024/1/1 0:40,4,114,71.2
245,2024/1/1 0:40,4,174,64.13
246,2024/1/1 0:40,4,159,58.81
247,2024/1/1 0:40,4,143.5,52.14
248,2024/1/1 0:40,4,128,45.48
249,2024/1/1 0:40,4,115,54.65
250,2024/1/1 0:40,4,138,71.09
251,2024/1/1 0:40,4,115,62.92
252,2024/1/1 0:40,4,168,58.18
253,2024/1/1 0:40,4,331,65.58
254,2024/1/1 0:40,4,196,61.07
255,2024/1/1 0:40,4,218,61.8
256,2024/1/1 0:40,4,240,62.53
257,2024/1/1 0:40,4,187,61.28
258,2024/1/1 0:40,4,222,76.53
259,2024/1/1 0:40,4,233,65.18
260,2024/1/1 0:40,4,224,66.53
261,2024/1/1 0:40,4,131,59.11
262,2024/1/1 0:40,4,195,71.65
263,2024/1/1 0:40,4,194,54.08
264,2024/1/1 0:40,4,149,70.99
265,2024/1/1 0:40,4,157,60.8
266,2024/1/1 0:40,4,175,69.19
267,2024/1/1 0:40,4,184,45.24
268,2024/1/1 0:40,4,187,72.76
269,2024/1/1 0:40,4,181,75.29
270,2024/1/1 0:40,4,202,76.27
271,2024/1/1 0:40,4,179.5,74.45
272,2024/1/1 0:40,4,157,72.63
273,2024/1/1 0:40,4,70,70.76
274,2024/1/1 0:40,4,142,64.75
275,2024/1/1 0:40,4,145,66.52
276,2024/1/1 0:40,4,151,71.37
277,2024/1/1 0:40,4,158.5,72.74
278,2024/1/1 0:40,4,166,74.11
279,2024/1/1 0:40,4,152,71.31
280,2024/1/1 0:40,4,138,68.5
281,2024/1/1 0:40,4,129,63.22
282,2024/1/1 0:40,4,164,64.29
283,2024/1/1 0:40,4,189,62.69
284,2024/1/1 0:40,4,146,70.98
285,2024/1/1 0:40,4,195,65.06
286,2024/1/1 0:40,4,189,72.01
287,2024/1/1 0:40,4,175.5,70.88
288,2024/1/1 0:40,4,162,69.75
289,2024/1/1 0:40,4,125,59.39
290,2024/1/1 0:40,4,146,67.13
291,2024/1/1 0:40,4,206,65.67
292,2024/1/1 0:40,4,140,59.15
293,2024/1/1 0:40,4,153,76.62
294,2024/1/1 0:40,4,150,70.53
295,2024/1/1 0:40,4,128,64.42
296,2024/1/1 0:40,4,125,56.14
297,2024/1/1 0:40,4,177,57.5
298,2024/1/1 0:40,4,133,44.5
299,2024/1/1 0:40,4,127.5,46.92
300,2024/1/1 0:40,4,122,49.34
301,2024/1/1 0:40,4,249,65.88
302,2024/1/1 0:40,4,172,70.38
303,2024/1/1 0:40,4,163,75
304,2024/1/1 0:40,4,120.5,58.64
305,2024/1/1 0:40,4,78,42.28
306,2024/1/1 0:40,4,86,75.48
307,2024/1/1 0:40,4,112,98.88
308,2024/1/1 0:40,4,125,86.3
309,2024/1/1 0:40,4,125,104.18
310,2024/1/1 0:40,4,111,90.52
311,2024/1/1 0:40,4,118,103.53
312,2024/1/1 0:40,4,104,110.94
313,2024/1/1 0:40,4,121,107.38
314,2024/1/1 0:40,4,130,103.51
315,2024/1/1 0:40,4,123,94.51
316,2024/1/1 0:40,4,121,87.07
317,2024/1/1 0:40,4,65,87.22
318,2024/1/1 0:40,4,60,98.77
319,2024/1/1 0:40,4,70,98.77
320,2024/1/1 0:40,4,74,95.15
321,2024/1/1 0:40,4,71,109.62
322,2024/1/1 0:40,4,67,102.19
323,2024/1/1 0:40,4,73,102.05
324,2024/1/1 0:40,4,72,97.67
325,2024/1/1 0:40,4,31,79.42
326,2024/1/1 0:40,4,24,100.12
327,2024/1/1 0:40,4,21,90.43
328,2024/1/1 0:40,4,90,
329,2024/1/1 0:40,4,45,
330,2024/1/1 0:40,4,0,
331,2024/1/1 0:40,4,81,101.91
332,2024/1/1 0:40,4,103,98.91
333,2024/1/1 0:40,4,91,100.74
334,2024/1/1 0:40,4,93,102.65
335,2024/1/1 0:40,4,96,109.16
336,2024/1/1 0:40,4,100,94.44
337,2024/1/1 0:40,4,109,96.36
338,2024/1/1 0:40,4,102,106.09
339,2024/1/1 0:40,4,86,97.87
340,2024/1/1 0:40,4,93,104.15
341,2024/1/1 0:40,4,124,99.16
342,2024/1/1 0:40,4,118,103.2
343,2024/1/1 0:40,4,133,109.1
344,2024/1/1 0:40,4,138,108.62
345,2024/1/1 0:40,4,132,107.63
346,2024/1/1 0:40,4,130,110.2
347,2024/1/1 0:40,4,97,111.3
348,2024/1/1 0:40,4,113,106.15
349,2024/1/1 0:40,4,124,87.17
350,2024/1/1 0:40,4,140,90.46
351,2024/1/1 0:40,4,47,87
352,2024/1/1 0:40,4,46,72.61
353,2024/1/1 0:40,4,46,74.2
354,2024/1/1 0:40,4,29,69.72
355,2024/1/1 0:40,4,21,78.62
356,2024/1/1 0:40,4,76,70.29
357,2024/1/1 0:40,4,64,80.38
358,2024/1/1 0:40,4,62,83.31
359,2024/1/1 0:40,4,75,73.35
360,2024/1/1 0:40,4,93,77.97
361,2024/1/1 0:40,4,93,79.3
362,2024/1/1 0:40,4,56,85.96
363,2024/1/1 0:40,4,94,76.07
364,2024/1/1 0:40,4,132,66.19
365,2024/1/1 0:40,4,123.67,72.37
366,2024/1/1 0:40,4,115.33,78.55
367,2024/1/1 0:40,4,107,84.73
368,2024/1/1 0:40,4,226,84.33
369,2024/1/1 0:40,4,208,85.19
370,2024/1/1 0:40,4,190,86.05
371,2024/1/1 0:40,4,194,74.39
372,2024/1/1 0:40,4,191,85.57
373,2024/1/1 0:40,4,119,98.49
374,2024/1/1 0:40,4,92,101.88
375,2024/1/1 0:40,4,87,95.01
376,2024/1/1 0:40,4,90,92.43
377,2024/1/1 0:40,4,90,105.34
378,2024/1/1 0:40,4,86,96.3
379,2024/1/1 0:40,4,86,87.24
380,2024/1/1 0:40,4,78,81.63
381,2024/1/1 0:40,4,62,91.32
382,2024/1/1 0:40,4,60,75.47
383,2024/1/1 0:40,4,16,83.12
384,2024/1/1 0:40,4,23,29.61
385,2024/1/1 0:40,4,46,77.96
386,2024/1/1 0:40,4,24,74.46
387,2024/1/1 0:40,4,52,66.67
388,2024/1/1 0:40,4,96,73.54
389,2024/1/1 0:40,4,107,91.37
390,2024/1/1 0:40,4,127,103.99
391,2024/1/1 0:40,4,112,78.66
392,2024/1/1 0:40,4,77,103.74
393,2024/1/1 0:40,4,88,111.27
394,2024/1/1 0:40,4,104,105.69
395,2024/1/1 0:40,4,118,97.19
396,2024/1/1 0:40,4,60,91.6
397,2024/1/1 0:40,4,2,86
398,2024/1/1 0:40,4,2,86.5
399,2024/1/1 0:40,4,6,61.83
400,2024/1/1 0:40,4,3,74.67
401,2024/1/1 0:40,4,4,80
402,2024/1/1 0:40,4,3,80.67
403,2024/1/1 0:40,4,3,61.67
404,2024/1/1 0:40,4,1,72
405,2024/1/1 0:40,4,2,116
406,2024/1/1 0:40,4,1,70
407,2024/1/1 0:40,4,1,75
408,2024/1/1 0:40,4,1,96
409,2024/1/1 0:40,4,2,85
410,2024/1/1 0:40,4,2,93
411,2024/1/1 0:40,4,2,66
412,2024/1/1 0:40,4,1,91
413,2024/1/1 0:40,4,1,100
414,2024/1/1 0:40,4,3,74.33
415,2024/1/1 0:40,4,28,
416,2024/1/1 0:40,4,14,
417,2024/1/1 0:40,4,0,
418,2024/1/1 0:40,4,2,120
419,2024/1/1 0:40,4,4,81.25
420,2024/1/1 0:40,4,6,113
421,2024/1/1 0:40,4,3,121.33
422,2024/1/1 0:40,4,1,107
423,2024/1/1 0:40,4,2,109
424,2024/1/1 0:40,4,2,88
425,2024/1/1 0:40,4,3,81.67
426,2024/1/1 0:40,4,5,90.4
427,2024/1/1 0:40,4,5,87.2
428,2024/1/1 0:40,4,4,85.5
429,2024/1/1 0:40,4,2,86.5
430,2024/1/1 0:40,4,4,97
431,2024/1/1 0:40,4,3,64.67
432,2024/1/1 0:40,4,2,88.84
433,2024/1/1 0:40,4,1,113
434,2024/1/1 0:40,4,55,97.82
435,2024/1/1 0:40,4,109,82.65
436,2024/1/1 0:40,4,163,67.47
437,2024/1/1 0:40,4,67,63.4
438,2024/1/1 0:40,4,68,75.81
439,2024/1/1 0:40,4,65,77.81
440,2024/1/1 0:40,4,62,79.81
441,2024/1/1 0:40,4,68,61.99
442,2024/1/1 0:40,4,121,64.65
443,2024/1/1 0:40,4,119.33,64.28
444,2024/1/1 0:40,4,117.67,63.92
445,2024/1/1 0:40,4,116,63.55
446,2024/1/1 0:40,4,112,59.2
447,2024/1/1 0:40,4,118,68.69
448,2024/1/1 0:40,4,139,70.27
449,2024/1/1 0:40,4,72,81.83
450,2024/1/1 0:40,4,81,74.11
451,2024/1/1 0:40,4,124,65.33
452,2024/1/1 0:40,4,114,79.68
453,2024/1/1 0:40,4,115,82.74
454,2024/1/1 0:40,4,147,74.51
455,2024/1/1 0:40,4,79,63.91
456,2024/1/1 0:40,4,139,70.63
457,2024/1/1 0:40,4,86,89.91
458,2024/1/1 0:40,4,68,78.43
459,2024/1/1 0:40,4,62,81.94
460,2024/1/1 0:40,4,56,94.07
461,2024/1/1 0:40,4,54,89.69
462,2024/1/1 0:40,4,49,87.98
463,2024/1/1 0:40,4,51,95.59
464,2024/1/1 0:40,4,13,80.69
465,2024/1/1 0:40,4,16,104.94
466,2024/1/1 0:40,4,74.5,93.54
467,2024/1/1 0:40,4,133,82.14
468,2024/1/1 0:40,4,146,75.75
469,2024/1/1 0:40,4,159,69.11
470,2024/1/1 0:40,4,157,75.04
471,2024/1/1 0:40,4,155,80.97
472,2024/1/1 0:40,4,62,80.82
473,2024/1/1 0:40,4,63,80
474,2024/1/1 0:40,4,61,72.43
475,2024/1/1 0:40,4,75,78.49
476,2024/1/1 0:40,4,61,77.54
477,2024/1/1 0:40,4,61,80.92
478,2024/1/1 0:40,4,154,66.73
479,2024/1/1 0:40,4,142,90.96
480,2024/1/1 0:40,4,138,76.13
481,2024/1/1 0:40,4,158,69.41
482,2024/1/1 0:40,4,164,70.59
483,2024/1/1 0:40,4,140,65.05
484,2024/1/1 0:40,4,118,65.29
485,2024/1/1 0:40,4,1101,0.81
486,2024/1/1 0:40,4,302,84.17
487,2024/1/1 0:40,4,296,80.99
488,2024/1/1 0:40,4,251,73.13
489,2024/1/1 0:40,4,240,78.53
490,2024/1/1 0:40,4,229,83.93
491,2024/1/1 0:40,4,228,81.89
492,2024/1/1 0:40,4,242,80.81
493,2024/1/1 0:40,4,281,74.9
494,2024/1/1 0:40,4,273,92.89
495,2024/1/1 0:40,4,258,81.56
496,2024/1/1 0:40,4,225,78.1
497,2024/1/1 0:40,4,263,85.39
498,2024/1/1 0:40,4,255,91.43
499,2024/1/1 0:40,4,242,77.35
500,2024/1/1 0:40,4,215.5,86.74
501,2024/1/1 0:40,4,189,96.12
502,2024/1/1 0:40,4,217,76.66
503,2024/1/1 0:40,4,204,79.58
504,2024/1/1 0:40,4,244,74.69
505,2024/1/1 0:40,4,228,76.7
506,2024/1/1 0:40,4,224,77.5
507,2024/1/1 0:40,4,235.5,73.92
508,2024/1/1 0:40,4,247,70.35
509,2024/1/1 0:40,4,258.5,66.78
510,2024/1/1 0:40,4,270,63.2
511,2024/1/1 0:40,4,251,73.55
512,2024/1/1 0:40,4,204,56.47
513,2024/1/1 0:40,4,204,70.15
514,2024/1/1 0:40,4,216,81.24
515,2024/1/1 0:40,4,213,75.04
516,2024/1/1 0:40,4,189,87.9
517,2024/1/1 0:40,4,190.5,86.08
518,2024/1/1 0:40,4,192,84.27
519,2024/1/1 0:40,4,191,82.92
520,2024/1/1 0:40,4,190,81.58
521,2024/1/1 0:40,4,181,91.7
522,2024/1/1 0:40,4,163,79.44
523,2024/1/1 0:40,4,168,82.63
524,2024/1/1 0:40,4,173,85.82
525,2024/1/1 0:40,4,184,78.97
526,2024/1/1 0:40,4,159,66.22
527,2024/1/1 0:40,4,88,75.84
528,2024/1/1 0:40,4,106,75.63
529,2024/1/1 0:40,4,124,75.41
530,2024/1/1 0:40,4,142,75.2
531,2024/1/1 0:40,4,127,87.06
532,2024/1/1 0:40,4,143,86.56
533,2024/1/1 0:40,4,159,86.05
534,2024/1/1 0:40,4,150,70.42
535,2024/1/1 0:40,4,129,94.4
536,2024/1/1 0:40,4,118,91.52
537,2024/1/1 0:40,4,136,88.2
538,2024/1/1 0:40,4,133,80.5
539,2024/1/1 0:40,4,120,88.5
540,2024/1/1 0:40,4,120.25,89.21
541,2024/1/1 0:40,4,120.5,89.92
542,2024/1/1 0:40,4,120.75,90.63
543,2024/1/1 0:40,4,121,91.34
544,2024/1/1 0:40,4,97.5,90.96
545,2024/1/1 0:40,4,74,90.57
546,2024/1/1 0:40,4,101,80.94
547,2024/1/1 0:40,4,128,71.3
548,2024/1/1 0:40,4,133,86.71
549,2024/1/1 0:40,4,116,88.17
550,2024/1/1 0:40,4,109,86.7
551,2024/1/1 0:40,4,110,61.54
552,2024/1/1 0:40,4,106,77.49
553,2024/1/1 0:40,4,74,81.58
554,2024/1/1 0:40,4,97,69.48
555,2024/1/1 0:40,4,82,75.48
556,2024/1/1 0:40,4,98,68.34
557,2024/1/1 0:40,4,102,76.03
558,2024/1/1 0:40,4,81,71.42
559,2024/1/1 0:40,4,80,87.36
560,2024/1/1 0:40,4,153,85.33
561,2024/1/1 0:40,4,137,88.28
562,2024/1/1 0:40,4,121,91.24
563,2024/1/1 0:40,4,137,84.78
564,2024/1/1 0:40,4,149.5,79.76
565,2024/1/1 0:40,4,162,74.75
566,2024/1/1 0:40,4,146,77.29
567,2024/1/1 0:40,4,126,83.58
568,2024/1/1 0:40,4,106,89.87
569,2024/1/1 0:40,4,132,80.74
570,2024/1/1 0:40,4,118.33,77.45
571,2024/1/1 0:40,4,104.67,74.16
572,2024/1/1 0:40,4,91,70.87
573,2024/1/1 0:40,4,103,71.23
574,2024/1/1 0:40,4,112.5,73.64
575,2024/1/1 0:40,4,122,76.05
576,2024/1/1 0:40,4,118,85.47
577,2024/1/1 0:40,4,124,75.37
578,2024/1/1 0:40,4,118,77.34
579,2024/1/1 0:40,4,112,79.3
580,2024/1/1 0:40,4,111.33,80.53
581,2024/1/1 0:40,4,110.67,81.76
582,2024/1/1 0:40,4,110,82.99
583,2024/1/1 0:40,4,166.5,77.13
584,2024/1/1 0:40,4,223,71.28
585,2024/1/1 0:40,4,194,58.76
586,2024/1/1 0:40,4,177,84.2
587,2024/1/1 0:40,4,156,83
588,2024/1/1 0:40,4,135,81.79
589,2024/1/1 0:40,4,122,90.95
590,2024/1/1 0:40,4,133,82.12
591,2024/1/1 0:40,4,144,73.28
592,2024/1/1 0:40,4,140,81.96
593,2024/1/1 0:40,4,136,90.65
594,2024/1/1 0:40,4,143,85.1
595,2024/1/1 0:40,4,150,79.54
596,2024/1/1 0:40,4,140,83.27
597,2024/1/1 0:40,4,142.5,80.17
598,2024/1/1 0:40,4,145,77.07
599,2024/1/1 0:40,4,67,76.15
600,2024/1/1 0:40,4,85,92.13
601,2024/1/1 0:40,4,88,86.69
602,2024/1/1 0:40,4,129,86.38
603,2024/1/1 0:40,4,96,63.56
604,2024/1/1 0:40,4,72,97.67
605,2024/1/1 0:40,4,99.5,96.18
606,2024/1/1 0:40,4,127,94.69
607,2024/1/1 0:40,4,124,86.48
608,2024/1/1 0:40,4,124,77.85
609,2024/1/1 0:40,4,75,92.44
610,2024/1/1 0:40,4,103,89.47
611,2024/1/1 0:40,4,106,83.49
612,2024/1/1 0:40,4,109.5,91.7
613,2024/1/1 0:40,4,113,99.9
614,2024/1/1 0:40,4,99,96.33
615,2024/1/1 0:40,4,110,91.87
616,2024/1/1 0:40,4,105,86.18
617,2024/1/1 0:40,4,116,80.91
618,2024/1/1 0:40,4,67,92.66
619,2024/1/1 0:40,4,86,87.98
620,2024/1/1 0:40,4,105,83.29
621,2024/1/1 0:40,4,112,81.32
622,2024/1/1 0:40,4,119,79.36
623,2024/1/1 0:40,4,115.5,84.36
624,2024/1/1 0:40,4,112,89.36
625,2024/1/1 0:40,4,53,46.57
626,2024/1/1 0:40,4,65,64.83
627,2024/1/1 0:40,4,47,48.88
628,2024/1/1 0:40,4,29,32.93
629,2024/1/1 0:40,4,13,67.69
630,2024/1/1 0:40,4,23,52.09
631,2024/1/1 0:40,4,30,73.33
632,2024/1/1 0:40,4,31,30.23
633,2024/1/1 0:40,4,22,39.05
634,2024/1/1 0:40,4,47,61.36
635,2024/1/1 0:40,4,62,67.27
636,2024/1/1 0:40,4,29,64.24
637,2024/1/1 0:40,4,30,56.72
638,2024/1/1 0:40,4,31,49.19
639,2024/1/1 0:40,4,71,46.46
640,2024/1/1 0:40,4,55,55.4
641,2024/1/1 0:40,4,43,69
642,2024/1/1 0:40,4,43,52.02
643,2024/1/1 0:40,4,45,48.33
644,2024/1/1 0:40,4,50,53.98
645,2024/1/1 0:40,4,45,60.18
646,2024/1/1 0:40,4,34,69.85
647,2024/1/1 0:40,4,23.5,71.24
648,2024/1/1 0:40,4,13,72.62
649,2024/1/1 0:40,4,12,83
650,2024/1/1 0:40,4,27,64.11
651,2024/1/1 0:40,4,25,62.76
652,2024/1/1 0:40,4,17,52.47
653,2024/1/1 0:40,4,27,51.38
654,2024/1/1 0:40,4,37,50.3
655,2024/1/1 0:40,4,223,36.37
656,2024/1/1 0:40,4,217.5,41.02
657,2024/1/1 0:40,4,212,45.68
658,2024/1/1 0:40,4,206.5,50.34
659,2024/1/1 0:40,4,201,54.99
660,2024/1/1 0:40,4,104,66.85
661,2024/1/1 0:40,4,7,78.71
662,2024/1/1 0:40,4,34,54.29
663,2024/1/1 0:40,4,16,70.25
664,2024/1/1 0:40,4,65,69.79
665,2024/1/1 0:40,4,114,69.33
666,2024/1/1 0:40,4,128.5,68.84
667,2024/1/1 0:40,4,143,68.35
668,2024/1/1 0:40,4,107,55.3
669,2024/1/1 0:40,4,113,60.3
670,2024/1/1 0:40,4,101.5,65.41
671,2024/1/1 0:40,4,90,70.53
672,2024/1/1 0:40,4,72,61.62
673,2024/1/1 0:40,4,113,77.43
674,2024/1/1 0:40,4,63,69.08
675,2024/1/1 0:40,4,109,65.49
676,2024/1/1 0:40,4,73,69.75
677,2024/1/1 0:40,4,61.67,70.86
678,2024/1/1 0:40,4,50.33,71.97
679,2024/1/1 0:40,4,39,73.08
680,2024/1/1 0:40,4,41,79.83
681,2024/1/1 0:40,4,57,71.79
682,2024/1/1 0:40,4,29,85.14
683,2024/1/1 0:40,4,55,88.98
684,2024/1/1 0:40,4,53,82.92
685,2024/1/1 0:40,4,52,76.42
686,2024/1/1 0:40,4,58,78.6
687,2024/1/1 0:40,4,51.5,79.04
688,2024/1/1 0:40,4,45,79.47
689,2024/1/1 0:40,4,148,77.22
690,2024/1/1 0:40,4,129,63.31
691,2024/1/1 0:40,4,101,59.83
692,2024/1/1 0:40,4,130,78.61
693,2024/1/1 0:40,4,86,68.99
694,2024/1/1 0:40,4,54,65.5
695,2024/1/1 0:40,4,25,47.8
696,2024/1/1 0:40,4,63,79.02
697,2024/1/1 0:40,4,23,78.78
698,2024/1/1 0:40,4,45.5,68.1
699,2024/1/1 0:40,4,68,57.41
700,2024/1/1 0:40,4,55.5,58.17
701,2024/1/1 0:40,4,43,58.93
702,2024/1/1 0:40,4,45,71.64
703,2024/1/1 0:40,4,47,84.36
704,2024/1/1 0:40,4,151,74.72
705,2024/1/1 0:40,4,126,74.2
706,2024/1/1 0:40,4,101,73.69
707,2024/1/1 0:40,4,82,82.71
708,2024/1/1 0:40,4,61,81.46
709,2024/1/1 0:40,4,58.33,80.71
710,2024/1/1 0:40,4,55.67,79.96
711,2024/1/1 0:40,4,53,79.21
712,2024/1/1 0:40,4,61,50.49
713,2024/1/1 0:40,4,58,48.67
714,2024/1/1 0:40,4,55,46.85
715,2024/1/1 0:40,4,52,77.75
716,2024/1/1 0:40,4,17,61.35
717,2024/1/1 0:40,4,16,51.31
718,2024/1/1 0:40,4,17,40.94
719,2024/1/1 0:40,4,53,52.17
720,2024/1/1 0:40,4,29,47.24
721,2024/1/1 0:40,4,20,52.1
722,2024/1/1 0:40,4,25.67,57.17
723,2024/1/1 0:40,4,31.33,62.23
724,2024/1/1 0:40,4,37,67.3
725,2024/1/1 0:40,4,34,58.71
726,2024/1/1 0:40,4,32,89.19
727,2024/1/1 0:40,4,38,79.37
728,2024/1/1 0:40,4,40,80.3
729,2024/1/1 0:40,4,40,54.42
730,2024/1/1 0:40,4,29,48.49
731,2024/1/1 0:40,4,18,42.56
732,2024/1/1 0:40,4,63,74.71
733,2024/1/1 0:40,4,84,58.87
734,2024/1/1 0:40,4,69,43.86
735,2024/1/1 0:40,4,70,65.07
736,2024/1/1 0:40,4,71,86.28
737,2024/1/1 0:40,4,55,54.58
738,2024/1/1 0:40,4,70,30.66
739,2024/1/1 0:40,4,42,51.31
740,2024/1/1 0:40,4,43,64.91
741,2024/1/1 0:40,4,25.5,70.52
742,2024/1/1 0:40,4,8,76.12
743,2024/1/1 0:40,4,7.56,75.75
744,2024/1/1 0:40,4,7.11,75.37
745,2024/1/1 0:40,4,6.67,75
746,2024/1/1 0:40,4,6.22,74.62
747,2024/1/1 0:40,4,5.78,74.25
748,2024/1/1 0:40,4,5.33,73.87
749,2024/1/1 0:40,4,4.89,73.5
750,2024/1/1 0:40,4,4.44,73.12
751,2024/1/1 0:40,4,4,72.75
752,2024/1/1 0:40,4,4.53,73.75
753,2024/1/1 0:40,4,5.06,74.74
754,2024/1/1 0:40,4,5.59,75.74
755,2024/1/1 0:40,4,6.12,76.74
756,2024/1/1 0:40,4,6.65,77.73
757,2024/1/1 0:40,4,7.18,78.73
758,2024/1/1 0:40,4,7.71,79.73
759,2024/1/1 0:40,4,8.24,80.72
760,2024/1/1 0:40,4,8.76,81.72
761,2024/1/1 0:40,4,9.29,82.71
762,2024/1/1 0:40,4,9.82,83.71
763,2024/1/1 0:40,4,10.35,84.71
764,2024/1/1 0:40,4,10.88,85.7
765,2024/1/1 0:40,4,11.41,86.7
766,2024/1/1 0:40,4,11.94,87.7
767,2024/1/1 0:40,4,12.47,88.69
768,2024/1/1 0:40,4,13,89.69
769,2024/1/1 0:40,4,7,75
770,2024/1/1 0:40,4,24,60.88
771,2024/1/1 0:40,4,23,53.82
772,2024/1/1 0:40,4,22,46.77
773,2024/1/1 0:40,4,37,65.19
774,2024/1/1 0:40,4,28,75.41
775,2024/1/1 0:40,4,19,85.63
776,2024/1/1 0:40,4,30,54.13
777,2024/1/1 0:40,4,28,84.43
778,2024/1/1 0:40,4,34,63.97
779,2024/1/1 0:40,4,71,50.86
780,2024/1/1 0:40,4,21,51.95
781,2024/1/1 0:40,4,12,68.17
782,2024/1/1 0:40,4,9,63.56
783,2024/1/1 0:40,4,12,56.08
784,2024/1/1 0:40,4,12,70.67
785,2024/1/1 0:40,4,14,53.71
786,2024/1/1 0:40,4,65,68.91
787,2024/1/1 0:40,4,46,94.22
788,2024/1/1 0:40,4,23,85.26
789,2024/1/1 0:40,4,68,59.72
790,2024/1/1 0:40,4,72,74.43
791,2024/1/1 0:40,4,61,50.61
792,2024/1/1 0:40,4,70,45.23
793,2024/1/1 0:40,4,35,22.62
794,2024/1/1 0:40,4,62,32.44
795,2024/1/1 0:40,4,31,16.22
796,2024/1/1 0:40,4,15.5,8.11
797,2024/1/1 0:40,4,7.75,4.06
798,2024/1/1 0:40,4,3.88,2.03
799,2024/1/1 0:40,4,1.94,1.01
800,2024/1/1 0:40,4,0.97,0.51
801,2024/1/1 0:40,4,0.48,0.25
802,2024/1/1 0:40,4,0.24,0.13
803,2024/1/1 0:40,4,0.12,0.06
804,2024/1/1 0:40,4,0.04,0.02
805,2024/1/1 0:40,4,0.01,0.01
806,2024/1/1 0:40,4,0.01,0
807,2024/1/1 0:40,4,46.5,47.34
808,2024/1/1 0:40,4,0.02,0.01
809,2024/1/1 0:40,4,0.01,0
810,2024/1/1 0:40,4,5.71,5.47
811,2024/1/1 0:40,4,11.41,10.95
812,2024/1/1 0:40,4,17.11,16.42
813,2024/1/1 0:40,4,22.81,21.89
814,2024/1/1 0:40,4,28.5,27.36
815,2024/1/1 0:40,4,34.2,32.84
816,2024/1/1 0:40,4,39.9,38.31
817,2024/1/1 0:40,4,45.6,43.78
818,2024/1/1 0:40,4,51.3,49.26
819,2024/1/1 0:40,4,57,54.73
820,2024/1/1 0:40,4,59.75,54.91
821,2024/1/1 0:40,4,62.5,55.08
822,2024/1/1 0:40,4,65.25,55.26
823,2024/1/1 0:40,4,68,55.43
824,2024/1/1 0:40,4,70.75,55.61
825,2024/1/1 0:40,4,73.5,55.79
826,2024/1/1 0:40,4,76.25,55.96
827,2024/1/1 0:40,4,79,56.14
828,2024/1/1 0:40,4,120,50.38
829,2024/1/1 0:40,4,60,25.19
830,2024/1/1 0:40,4,30,12.59
831,2024/1/1 0:40,4,15,6.3
832,2024/1/1 0:40,4,7.5,3.15
833,2024/1/1 0:40,4,3.75,1.57
834,2024/1/1 0:40,4,1.88,0.79
835,2024/1/1 0:40,4,0.94,0.39
836,2024/1/1 0:40,4,0.47,0.2
837,2024/1/1 0:40,4,0.12,0.05
838,2024/1/1 0:40,4,0.06,0.02
839,2024/1/1 0:40,4,0.02,0.01
840,2024/1/1 0:40,4,0.01,0
841,2024/1/1 0:40,4,4.31,3.77
842,2024/1/1 0:40,4,8.61,7.55
843,2024/1/1 0:40,4,12.91,11.32
844,2024/1/1 0:40,4,17.21,15.1
845,2024/1/1 0:40,4,21.5,18.87
846,2024/1/1 0:40,4,25.8,22.64
847,2024/1/1 0:40,4,30.1,26.42
848,2024/1/1 0:40,4,34.4,30.19
849,2024/1/1 0:40,4,38.7,33.97
850,2024/1/1 0:40,4,43,37.74
851,2024/1/1 0:40,4,68,57.8
852,2024/1/1 0:40,4,34,28.9
853,2024/1/1 0:40,4,17,14.45
854,2024/1/1 0:40,4,8.5,7.22
855,2024/1/1 0:40,4,4.25,3.61
856,2024/1/1 0:40,4,2.12,1.81
857,2024/1/1 0:40,4,1.06,0.9
858,2024/1/1 0:40,4,0.53,0.45
859,2024/1/1 0:40,4,0.27,0.23
860,2024/1/1 0:40,4,0.13,0.11
861,2024/1/1 0:40,4,0.07,0.06
862,2024/1/1 0:40,4,0.09,0.05
863,2024/1/1 0:40,4,0.07,0.03
864,2024/1/1 0:40,4,18,41.75
865,2024/1/1 0:40,4,9,20.88
866,2024/1/1 0:40,4,4.5,10.44
867,2024/1/1 0:40,4,1.5,3.48
868,2024/1/1 0:40,4,0.76,1.74
869,2024/1/1 0:40,4,0.75,1.74
870,2024/1/1 0:40,4,74.67,52.99
871,2024/1/1 0:40,4,37.33,26.5
872,2024/1/1 0:40,4,18.67,13.25
873,2024/1/1 0:40,4,9.33,6.62
874,2024/1/1 0:40,4,4.67,3.31
875,2024/1/1 0:40,4,2.33,1.66
876,2024/1/1 0:40,4,1.17,0.83
877,2024/1/1 0:40,4,0.58,0.41
878,2024/1/1 0:40,4,0.29,0.21
879,2024/1/1 0:40,4,46.65,44.68
880,2024/1/1 0:40,4,65,80.18
881,2024/1/1 0:40,4,34,39.22
882,2024/1/1 0:40,4,17,19.61
883,2024/1/1 0:40,4,8.5,9.8
884,2024/1/1 0:40,4,4.25,4.9
885,2024/1/1 0:40,4,2.12,2.45
886,2024/1/1 0:40,4,19.06,42.98
887,2024/1/1 0:40,4,37.5,36.68
888,2024/1/1 0:40,4,18.75,18.34
889,2024/1/1 0:40,4,9.38,9.17
890,2024/1/1 0:40,4,4.69,4.58
891,2024/1/1 0:40,4,48.84,41.28
892,2024/1/1 0:40,4,30.5,40.46
893,2024/1/1 0:40,4,15.25,20.23
894,2024/1/1 0:40,4,7.62,10.12
895,2024/1/1 0:40,4,3.81,5.06
896,2024/1/1 0:40,4,40.91,43.34
897,2024/1/1 0:40,4,127,18.48
898,2024/1/1 0:40,4,63.5,9.24
899,2024/1/1 0:40,4,31.75,4.62
900,2024/1/1 0:40,4,115.88,40.5
901,2024/1/1 0:40,4,69.5,35.13
902,2024/1/1 0:40,4,34.75,17.57
903,2024/1/1 0:40,4,17.38,8.78
904,2024/1/1 0:40,4,76.19,31.87
905,2024/1/1 0:40,4,54.25,36.6
906,2024/1/1 0:40,4,27.12,18.3
907,2024/1/1 0:40,4,13.56,9.15
908,2024/1/1 0:40,4,6.78,4.57
909,2024/1/1 0:40,4,3.39,2.29
910,2024/1/1 0:40,4,1.7,1.14
911,2024/1/1 0:40,4,0.85,0.57
912,2024/1/1 0:40,4,72.42,39.75
913,2024/1/1 0:40,4,24,27.28
914,2024/1/1 0:40,4,12,13.64
915,2024/1/1 0:40,4,6,6.82
916,2024/1/1 0:40,4,3,3.41
917,2024/1/1 0:40,4,1.5,1.7
918,2024/1/1 0:40,4,0.75,0.85
919,2024/1/1 0:40,4,0.38,0.43
920,2024/1/1 0:40,4,34.19,39.22
921,2024/1/1 0:40,4,45.33,30.22
922,2024/1/1 0:40,4,23.33,36.27
923,2024/1/1 0:40,4,11.67,18.13
924,2024/1/1 0:40,4,16.33,35.04
925,2024/1/1 0:40,4,6,28.04
926,2024/1/1 0:40,4,3,14.02
927,2024/1/1 0:40,4,9.5,31.42
928,2024/1/1 0:40,4,114.5,62.09
929,2024/1/1 0:40,4,4.5,31.78
930,2024/1/1 0:40,4,2.25,15.89
931,2024/1/1 0:40,4,1.12,7.94
932,2024/1/1 0:40,4,0.56,3.97
933,2024/1/1 0:40,4,0.28,1.99
934,2024/1/1 0:40,4,31.5,34.54
935,2024/1/1 0:40,4,15.75,17.27
936,2024/1/1 0:40,4,7.88,8.64
937,2024/1/1 0:40,4,10.94,31.17
938,2024/1/1 0:40,4,27.5,35.51
939,2024/1/1 0:40,4,13.75,17.75
940,2024/1/1 0:40,4,6.88,8.88
941,2024/1/1 0:40,4,41.44,43
942,2024/1/1 0:40,4,43.5,36.62
943,2024/1/1 0:40,4,21.75,18.31
944,2024/1/1 0:40,4,10.88,9.16
945,2024/1/1 0:40,4,63.94,44.24
946,2024/1/1 0:40,4,36.5,37.92
947,2024/1/1 0:40,4,18.25,18.96
948,2024/1/1 0:40,4,9.12,9.48
949,2024/1/1 0:40,4,4.56,4.74
950,2024/1/1 0:40,4,2.28,2.37
951,2024/1/1 0:40,4,1.14,1.19
952,2024/1/1 0:40,4,116.57,37.96
953,2024/1/1 0:40,4,74,44.24
954,2024/1/1 0:40,4,37,22.12
955,2024/1/1 0:40,4,18.5,11.06
956,2024/1/1 0:40,4,9.25,5.53
957,2024/1/1 0:40,4,4.62,2.77
958,2024/1/1 0:40,4,2.31,1.38
959,2024/1/1 0:40,4,125.16,36.28
960,2024/1/1 0:40,4,90,31.37
961,2024/1/1 0:40,4,45,15.68
962,2024/1/1 0:40,4,22.5,7.84
963,2024/1/1 0:40,4,11.25,3.92
964,2024/1/1 0:40,4,5.62,1.96
965,2024/1/1 0:40,4,2.81,0.98
966,2024/1/1 0:40,4,47.41,23.59
967,2024/1/1 0:40,4,35,31.44
968,2024/1/1 0:40,4,17.5,15.72
969,2024/1/1 0:40,4,8.75,7.86
970,2024/1/1 0:40,4,4.38,3.93
971,2024/1/1 0:40,4,2.19,1.96
972,2024/1/1 0:40,4,1.09,0.98
973,2024/1/1 0:40,4,0.55,0.49
974,2024/1/1 0:40,4,69.27,32.58
975,2024/1/1 0:40,4,11,19.59
976,2024/1/1 0:40,4,5.5,9.79
977,2024/1/1 0:40,4,2.75,4.9
978,2024/1/1 0:40,4,1.38,2.45
979,2024/1/1 0:40,4,0.69,1.22
980,2024/1/1 0:40,4,0.34,0.61
981,2024/1/1 0:40,4,26.45,28.82
982,2024/1/1 0:40,4,13.22,14.41
983,2024/1/1 0:40,4,6.61,7.21
984,2024/1/1 0:40,4,3.31,3.6
985,2024/1/1 0:40,4,47.1,54.23
986,2024/1/1 0:40,4,119,26.74
987,2024/1/1 0:40,4,59.5,13.37
988,2024/1/1 0:40,4,29.75,6.68
989,2024/1/1 0:40,4,14.88,3.34
990,2024/1/1 0:40,4,139.94,33.66
991,2024/1/1 0:40,4,80.5,29.42
992,2024/1/1 0:40,4,40.25,14.71
993,2024/1/1 0:40,4,20.12,7.36
994,2024/1/1 0:40,4,10.06,3.68
995,2024/1/1 0:40,4,48.35,16.96
996,2024/1/1 0:40,4,143,50.88
997,2024/1/1 0:40,4,71.5,25.44
998,2024/1/1 0:40,4,35.75,12.72
999,2024/1/1 0:40,4,25.58,34.08
1000,2024/1/1 0:40,4,26.33,32.34
1001,2024/1/1 0:40,4,13.17,16.17
1002,2024/1/1 0:40,4,6.58,8.08
1003,2024/1/1 0:40,4,3.29,4.04
1004,2024/1/1 0:40,4,1.65,2.02
1005,2024/1/1 0:40,4,95.88,54.4
1006,2024/1/1 0:40,4,114,71.2
2,2024/1/1 0:50,5,58,68.43
3,2024/1/1 0:50,5,73,75.92
4,2024/1/1 0:50,5,81,68.63
5,2024/1/1 0:50,5,59,71.46
6,2024/1/1 0:50,5,48,87.85
7,2024/1/1 0:50,5,53,54.08
8,2024/1/1 0:50,5,73,64.49
9,2024/1/1 0:50,5,93,75.37
10,2024/1/1 0:50,5,145,57.69
11,2024/1/1 0:50,5,217,54.1
12,2024/1/1 0:50,5,254,59.84
13,2024/1/1 0:50,5,288,55.66
14,2024/1/1 0:50,5,163,64.29
15,2024/1/1 0:50,5,130,68.44
16,2024/1/1 0:50,5,146,60.19
17,2024/1/1 0:50,5,127,71.17
18,2024/1/1 0:50,5,178,61.92
19,2024/1/1 0:50,5,143,63.22
20,2024/1/1 0:50,5,163.5,60.28
21,2024/1/1 0:50,5,184,57.35
22,2024/1/1 0:50,5,125,70.82
23,2024/1/1 0:50,5,114,69.68
24,2024/1/1 0:50,5,223,40.22
25,2024/1/1 0:50,5,213,74.5
26,2024/1/1 0:50,5,187,72.81
27,2024/1/1 0:50,5,247,81.15
28,2024/1/1 0:50,5,254,80.3
29,2024/1/1 0:50,5,209,84
30,2024/1/1 0:50,5,190,69.67
31,2024/1/1 0:50,5,160,80.9
32,2024/1/1 0:50,5,130,92.13
33,2024/1/1 0:50,5,141,92.72
34,2024/1/1 0:50,5,111,90.69
35,2024/1/1 0:50,5,112,76.1
36,2024/1/1 0:50,5,100,93.83
37,2024/1/1 0:50,5,126,76.04
38,2024/1/1 0:50,5,108,54.26
39,2024/1/1 0:50,5,86,62.5
40,2024/1/1 0:50,5,64,70.75
41,2024/1/1 0:50,5,69,41.84
42,2024/1/1 0:50,5,76.5,47.64
43,2024/1/1 0:50,5,84,53.44
44,2024/1/1 0:50,5,114,59.63
45,2024/1/1 0:50,5,83,64.63
46,2024/1/1 0:50,5,117,69.65
47,2024/1/1 0:50,5,99,64.57
48,2024/1/1 0:50,5,88,70.69
49,2024/1/1 0:50,5,71,75.06
50,2024/1/1 0:50,5,170,61.89
51,2024/1/1 0:50,5,189,43.1
52,2024/1/1 0:50,5,157,73.78
53,2024/1/1 0:50,5,87,74.28
54,2024/1/1 0:50,5,143,77.13
55,2024/1/1 0:50,5,109,56.77
56,2024/1/1 0:50,5,120,72.9
57,2024/1/1 0:50,5,95,73.56
58,2024/1/1 0:50,5,111,51.61
59,2024/1/1 0:50,5,80,68.85
60,2024/1/1 0:50,5,74,69.46
61,2024/1/1 0:50,5,44,90.07
62,2024/1/1 0:50,5,41,64.71
63,2024/1/1 0:50,5,114,87.08
64,2024/1/1 0:50,5,108,92.99
65,2024/1/1 0:50,5,147,98.11
66,2024/1/1 0:50,5,151,104.66
67,2024/1/1 0:50,5,159,101.45
68,2024/1/1 0:50,5,177,95.21
69,2024/1/1 0:50,5,107,96.01
70,2024/1/1 0:50,5,98,96.6
71,2024/1/1 0:50,5,86,86.35
72,2024/1/1 0:50,5,94,78.27
73,2024/1/1 0:50,5,57,82.16
74,2024/1/1 0:50,5,108,91
75,2024/1/1 0:50,5,139,77.37
76,2024/1/1 0:50,5,104,86.94
77,2024/1/1 0:50,5,165,93
78,2024/1/1 0:50,5,175,82.61
79,2024/1/1 0:50,5,178,88.48
80,2024/1/1 0:50,5,170,95.56
81,2024/1/1 0:50,5,85,76.18
82,2024/1/1 0:50,5,86,76.36
83,2024/1/1 0:50,5,132,89.48
84,2024/1/1 0:50,5,108,75.08
85,2024/1/1 0:50,5,71,73.94
86,2024/1/1 0:50,5,61,73.63
87,2024/1/1 0:50,5,51,73.33
88,2024/1/1 0:50,5,101,81.16
89,2024/1/1 0:50,5,89,102.25
90,2024/1/1 0:50,5,140,90.44
91,2024/1/1 0:50,5,191,78.63
92,2024/1/1 0:50,5,211,91.49
93,2024/1/1 0:50,5,196,103.43
94,2024/1/1 0:50,5,191,92.31
95,2024/1/1 0:50,5,178,87.71
96,2024/1/1 0:50,5,168,83.32
97,2024/1/1 0:50,5,162,74.54
98,2024/1/1 0:50,5,228,78.07
99,2024/1/1 0:50,5,86,95.12
100,2024/1/1 0:50,5,46,68.98
101,2024/1/1 0:50,5,36,59.36
102,2024/1/1 0:50,5,128,76.7
103,2024/1/1 0:50,5,129,94.56
104,2024/1/1 0:50,5,130,112.42
105,2024/1/1 0:50,5,149,98.49
106,2024/1/1 0:50,5,237,102.64
107,2024/1/1 0:50,5,262,97.81
108,2024/1/1 0:50,5,243,105.47
109,2024/1/1 0:50,5,211,95.91
110,2024/1/1 0:50,5,215,103.51
111,2024/1/1 0:50,5,138,95.54
112,2024/1/1 0:50,5,131,120.02
113,2024/1/1 0:50,5,97,90.6
114,2024/1/1 0:50,5,112,91.21
115,2024/1/1 0:50,5,99,92.51
116,2024/1/1 0:50,5,101,95.88
117,2024/1/1 0:50,5,103,105.72
118,2024/1/1 0:50,5,80,92.72
119,2024/1/1 0:50,5,98,100.72
120,2024/1/1 0:50,5,80,118.9
121,2024/1/1 0:50,5,90,112.66
122,2024/1/1 0:50,5,52,116.73
123,2024/1/1 0:50,5,53,123.06
124,2024/1/1 0:50,5,48,80.23
125,2024/1/1 0:50,5,126,112.19
126,2024/1/1 0:50,5,67,101.6
127,2024/1/1 0:50,5,55,97.69
128,2024/1/1 0:50,5,134,116.21
129,2024/1/1 0:50,5,152,117.22
130,2024/1/1 0:50,5,154,110.7
131,2024/1/1 0:50,5,168,110.89
132,2024/1/1 0:50,5,156,107.58
133,2024/1/1 0:50,5,80,95.39
134,2024/1/1 0:50,5,72,86.29
135,2024/1/1 0:50,5,48,66.15
136,2024/1/1 0:50,5,30,91.07
137,2024/1/1 0:50,5,33,78.24
138,2024/1/1 0:50,5,88,81.9
139,2024/1/1 0:50,5,103,78.45
140,2024/1/1 0:50,5,248,78.16
141,2024/1/1 0:50,5,277,78.2
142,2024/1/1 0:50,5,153,85.24
143,2024/1/1 0:50,5,137,70.66
144,2024/1/1 0:50,5,274,75.6
145,2024/1/1 0:50,5,168,67.72
146,2024/1/1 0:50,5,145,74.39
147,2024/1/1 0:50,5,146,90.53
148,2024/1/1 0:50,5,152,83.45
149,2024/1/1 0:50,5,101,74.35
150,2024/1/1 0:50,5,82,73.41
151,2024/1/1 0:50,5,91,61.24
152,2024/1/1 0:50,5,116,73.26
153,2024/1/1 0:50,5,31,68.74
154,2024/1/1 0:50,5,36,81.61
155,2024/1/1 0:50,5,94,83.14
156,2024/1/1 0:50,5,158,85.25
157,2024/1/1 0:50,5,14,50.5
158,2024/1/1 0:50,5,17,56.82
159,2024/1/1 0:50,5,68,70.99
160,2024/1/1 0:50,5,65,80.97
161,2024/1/1 0:50,5,64,41.34
162,2024/1/1 0:50,5,39,82.64
163,2024/1/1 0:50,5,49,76.41
164,2024/1/1 0:50,5,100,63.19
165,2024/1/1 0:50,5,95,79.59
166,2024/1/1 0:50,5,94,68.69
167,2024/1/1 0:50,5,18,67.83
168,2024/1/1 0:50,5,124,77.73
169,2024/1/1 0:50,5,105,71.24
170,2024/1/1 0:50,5,155,83.41
171,2024/1/1 0:50,5,161,84.46
172,2024/1/1 0:50,5,130,84.32
173,2024/1/1 0:50,5,178,88.22
174,2024/1/1 0:50,5,284,68.12
175,2024/1/1 0:50,5,189,62.05
176,2024/1/1 0:50,5,36,83.19
177,2024/1/1 0:50,5,57,81.4
178,2024/1/1 0:50,5,71.5,73.37
179,2024/1/1 0:50,5,86,65.33
180,2024/1/1 0:50,5,60,64.72
181,2024/1/1 0:50,5,34,64.12
182,2024/1/1 0:50,5,74,65.05
183,2024/1/1 0:50,5,111,64.32
184,2024/1/1 0:50,5,147,45.84
185,2024/1/1 0:50,5,144,52.11
186,2024/1/1 0:50,5,141,58.38
187,2024/1/1 0:50,5,138,64.65
188,2024/1/1 0:50,5,100,71.24
189,2024/1/1 0:50,5,106,65.72
190,2024/1/1 0:50,5,171,73.95
191,2024/1/1 0:50,5,142,63.38
192,2024/1/1 0:50,5,156.5,73.04
193,2024/1/1 0:50,5,171,82.71
194,2024/1/1 0:50,5,178,64.62
195,2024/1/1 0:50,5,114,59.18
196,2024/1/1 0:50,5,131,78.85
197,2024/1/1 0:50,5,148,85.86
198,2024/1/1 0:50,5,239,80.51
199,2024/1/1 0:50,5,146,80.42
200,2024/1/1 0:50,5,128,72.08
201,2024/1/1 0:50,5,204,77.15
202,2024/1/1 0:50,5,222,61.43
203,2024/1/1 0:50,5,158,58.96
204,2024/1/1 0:50,5,119,68.58
205,2024/1/1 0:50,5,151,87.26
206,2024/1/1 0:50,5,65,86.15
207,2024/1/1 0:50,5,85,81.6
208,2024/1/1 0:50,5,85,70.6
209,2024/1/1 0:50,5,80,83.51
210,2024/1/1 0:50,5,50,83.58
211,2024/1/1 0:50,5,45,84.38
212,2024/1/1 0:50,5,93,82.78
213,2024/1/1 0:50,5,85,82.96
214,2024/1/1 0:50,5,154,78.64
215,2024/1/1 0:50,5,125,82.07
216,2024/1/1 0:50,5,150,75.43
217,2024/1/1 0:50,5,139,87.1
218,2024/1/1 0:50,5,123,84.92
219,2024/1/1 0:50,5,125,81.01
220,2024/1/1 0:50,5,91,78.89
221,2024/1/1 0:50,5,64,80.64
222,2024/1/1 0:50,5,56,80.02
223,2024/1/1 0:50,5,76,67.88
224,2024/1/1 0:50,5,69,68.52
225,2024/1/1 0:50,5,59,85.83
226,2024/1/1 0:50,5,71,65.99
227,2024/1/1 0:50,5,45,73.84
228,2024/1/1 0:50,5,29,68.66
229,2024/1/1 0:50,5,44,70.2
230,2024/1/1 0:50,5,67,74.25
231,2024/1/1 0:50,5,44,81.84
232,2024/1/1 0:50,5,85.33,73.25
233,2024/1/1 0:50,5,126.67,64.67
234,2024/1/1 0:50,5,168,56.08
235,2024/1/1 0:50,5,181,64.01
236,2024/1/1 0:50,5,96,45.82
237,2024/1/1 0:50,5,20,64.1
238,2024/1/1 0:50,5,19,61.95
239,2024/1/1 0:50,5,22,58.78
240,2024/1/1 0:50,5,25,
241,2024/1/1 0:50,5,0,
242,2024/1/1 0:50,5,33,77.67
243,2024/1/1 0:50,5,108,72.6
244,2024/1/1 0:50,5,97,69.35
245,2024/1/1 0:50,5,155,64.73
246,2024/1/1 0:50,5,130,59.55
247,2024/1/1 0:50,5,128,53.61
248,2024/1/1 0:50,5,126,47.67
249,2024/1/1 0:50,5,87,60.17
250,2024/1/1 0:50,5,108,73.85
251,2024/1/1 0:50,5,116,68.54
252,2024/1/1 0:50,5,134,62.55
253,2024/1/1 0:50,5,281,67.89
254,2024/1/1 0:50,5,190,63.27
255,2024/1/1 0:50,5,214,63.16
256,2024/1/1 0:50,5,238,63.05
257,2024/1/1 0:50,5,232,58.94
258,2024/1/1 0:50,5,218,75.03
259,2024/1/1 0:50,5,211,67.62
260,2024/1/1 0:50,5,220,64.8
261,2024/1/1 0:50,5,120,58.38
262,2024/1/1 0:50,5,201,76.88
263,2024/1/1 0:50,5,226,53.98
264,2024/1/1 0:50,5,171,68.06
265,2024/1/1 0:50,5,125,61.04
266,2024/1/1 0:50,5,144,70.62
267,2024/1/1 0:50,5,176,47.32
268,2024/1/1 0:50,5,202,70.95
269,2024/1/1 0:50,5,193,75.97
270,2024/1/1 0:50,5,166,79.49
271,2024/1/1 0:50,5,165,78.06
272,2024/1/1 0:50,5,164,76.62
273,2024/1/1 0:50,5,75,67.45
274,2024/1/1 0:50,5,138,66.63
275,2024/1/1 0:50,5,138,67.96
276,2024/1/1 0:50,5,176,70.36
277,2024/1/1 0:50,5,160.5,71.81
278,2024/1/1 0:50,5,145,73.26
279,2024/1/1 0:50,5,142,70.72
280,2024/1/1 0:50,5,139,68.19
281,2024/1/1 0:50,5,124,61.85
282,2024/1/1 0:50,5,135,64.46
283,2024/1/1 0:50,5,152,63.83
284,2024/1/1 0:50,5,134,71.97
285,2024/1/1 0:50,5,183,65.52
286,2024/1/1 0:50,5,202,69.75
287,2024/1/1 0:50,5,185.5,70.09
288,2024/1/1 0:50,5,169,70.43
289,2024/1/1 0:50,5,127,60.72
290,2024/1/1 0:50,5,151,67.45
291,2024/1/1 0:50,5,176,68.18
292,2024/1/1 0:50,5,148,59.84
293,2024/1/1 0:50,5,139,76.96
294,2024/1/1 0:50,5,116,71.16
295,2024/1/1 0:50,5,126,62.27
296,2024/1/1 0:50,5,111,52.4
297,2024/1/1 0:50,5,146,57.84
298,2024/1/1 0:50,5,140,43.8
299,2024/1/1 0:50,5,133,44.6
300,2024/1/1 0:50,5,126,45.39
301,2024/1/1 0:50,5,247,62.56
302,2024/1/1 0:50,5,170,70.28
303,2024/1/1 0:50,5,177,74.74
304,2024/1/1 0:50,5,131,60.4
305,2024/1/1 0:50,5,85,46.06
306,2024/1/1 0:50,5,106,71.7
307,2024/1/1 0:50,5,112,101.15
308,2024/1/1 0:50,5,115,88.12
309,2024/1/1 0:50,5,120,105.33
310,2024/1/1 0:50,5,107,92.07
311,2024/1/1 0:50,5,119,103.68
312,2024/1/1 0:50,5,120,113.05
313,2024/1/1 0:50,5,120,109.67
314,2024/1/1 0:50,5,131,105.46
315,2024/1/1 0:50,5,120,97.09
316,2024/1/1 0:50,5,99,89.02
317,2024/1/1 0:50,5,55,85
318,2024/1/1 0:50,5,64,99.2
319,2024/1/1 0:50,5,69,102.77
320,2024/1/1 0:50,5,78,94.95
321,2024/1/1 0:50,5,69,114.91
322,2024/1/1 0:50,5,76,101.87
323,2024/1/1 0:50,5,71,94.04
324,2024/1/1 0:50,5,66,97.08
325,2024/1/1 0:50,5,15,73.73
326,2024/1/1 0:50,5,25,107.4
327,2024/1/1 0:50,5,18,101.67
328,2024/1/1 0:50,5,58,106.59
329,2024/1/1 0:50,5,29.5,84.8
330,2024/1/1 0:50,5,1,63
331,2024/1/1 0:50,5,60,98.1
332,2024/1/1 0:50,5,101,95.41
333,2024/1/1 0:50,5,83,99.45
334,2024/1/1 0:50,5,90,106.5
335,2024/1/1 0:50,5,100,108.18
336,2024/1/1 0:50,5,89,94.75
337,2024/1/1 0:50,5,103,95.58
338,2024/1/1 0:50,5,91,102.64
339,2024/1/1 0:50,5,81,92.65
340,2024/1/1 0:50,5,74,103.5
341,2024/1/1 0:50,5,92,101.15
342,2024/1/1 0:50,5,117,107.38
343,2024/1/1 0:50,5,116,108.88
344,2024/1/1 0:50,5,118,109.35
345,2024/1/1 0:50,5,108,107.88
346,2024/1/1 0:50,5,106,110.52
347,2024/1/1 0:50,5,94,112.31
348,2024/1/1 0:50,5,114,104.35
349,2024/1/1 0:50,5,121,87.98
350,2024/1/1 0:50,5,139,92.34
351,2024/1/1 0:50,5,34,84.26
352,2024/1/1 0:50,5,36,67.78
353,2024/1/1 0:50,5,38,74.26
354,2024/1/1 0:50,5,26,68.42
355,2024/1/1 0:50,5,21,84.95
356,2024/1/1 0:50,5,81,74.35
357,2024/1/1 0:50,5,67,79.31
358,2024/1/1 0:50,5,67,80.18
359,2024/1/1 0:50,5,72,72.1
360,2024/1/1 0:50,5,79,77.05
361,2024/1/1 0:50,5,76,78.32
362,2024/1/1 0:50,5,72,86.97
363,2024/1/1 0:50,5,124,75.86
364,2024/1/1 0:50,5,176,64.75
365,2024/1/1 0:50,5,147.67,68.68
366,2024/1/1 0:50,5,119.33,72.62
367,2024/1/1 0:50,5,91,76.55
368,2024/1/1 0:50,5,250,80.81
369,2024/1/1 0:50,5,239,82.24
370,2024/1/1 0:50,5,228,83.68
371,2024/1/1 0:50,5,195,73.72
372,2024/1/1 0:50,5,146,87.27
373,2024/1/1 0:50,5,155,96.35
374,2024/1/1 0:50,5,134,99.5
375,2024/1/1 0:50,5,121,91.55
376,2024/1/1 0:50,5,98,95.05
377,2024/1/1 0:50,5,92,100.89
378,2024/1/1 0:50,5,82,95.74
379,2024/1/1 0:50,5,101,82.02
380,2024/1/1 0:50,5,75,80.75
381,2024/1/1 0:50,5,49,93.8
382,2024/1/1 0:50,5,60,77.3
383,2024/1/1 0:50,5,19,83.37
384,2024/1/1 0:50,5,11,53.27
385,2024/1/1 0:50,5,38,79.11
386,2024/1/1 0:50,5,26,72.69
387,2024/1/1 0:50,5,36,65.86
388,2024/1/1 0:50,5,136,74.57
389,2024/1/1 0:50,5,147,92.29
390,2024/1/1 0:50,5,131,100.03
391,2024/1/1 0:50,5,116,76.92
392,2024/1/1 0:50,5,89,100.11
393,2024/1/1 0:50,5,102,111.6
394,2024/1/1 0:50,5,114,102.88
395,2024/1/1 0:50,5,133,96.71
396,2024/1/1 0:50,5,68,90.69
397,2024/1/1 0:50,5,3,84.67
398,2024/1/1 0:50,5,2,93
399,2024/1/1 0:50,5,4,58.75
400,2024/1/1 0:50,5,3,81.67
401,2024/1/1 0:50,5,2,73
402,2024/1/1 0:50,5,3,86.67
403,2024/1/1 0:50,5,4,62.75
404,2024/1/1 0:50,5,6,62.67
405,2024/1/1 0:50,5,7,75.71
406,2024/1/1 0:50,5,1,75
407,2024/1/1 0:50,5,2,93
408,2024/1/1 0:50,5,3,104
409,2024/1/1 0:50,5,5,110.2
410,2024/1/1 0:50,5,5,137.2
411,2024/1/1 0:50,5,4,137.75
412,2024/1/1 0:50,5,1,
413,2024/1/1 0:50,5,0,
414,2024/1/1 0:50,5,2,87
415,2024/1/1 0:50,5,33,
416,2024/1/1 0:50,5,16.5,
417,2024/1/1 0:50,5,0,
418,2024/1/1 0:50,5,1,128
419,2024/1/1 0:50,5,4,80.75
420,2024/1/1 0:50,5,2,92
421,2024/1/1 0:50,5,1,79
422,2024/1/1 0:50,5,1,74
423,2024/1/1 0:50,5,2,93
424,2024/1/1 0:50,5,3,
425,2024/1/1 0:50,5,0,
426,2024/1/1 0:50,5,1,
427,2024/1/1 0:50,5,0,
428,2024/1/1 0:50,5,0,
429,2024/1/1 0:50,5,3,110.33
430,2024/1/1 0:50,5,4,97
431,2024/1/1 0:50,5,4,
432,2024/1/1 0:50,5,2,
433,2024/1/1 0:50,5,0,
434,2024/1/1 0:50,5,43.67,
435,2024/1/1 0:50,5,87.33,
436,2024/1/1 0:50,5,131,53.94
437,2024/1/1 0:50,5,67,60.43
438,2024/1/1 0:50,5,55,73.93
439,2024/1/1 0:50,5,61,75.52
440,2024/1/1 0:50,5,67,77.1
441,2024/1/1 0:50,5,44,62.7
442,2024/1/1 0:50,5,110,66.5
443,2024/1/1 0:50,5,119.33,64.81
444,2024/1/1 0:50,5,128.67,63.13
445,2024/1/1 0:50,5,138,61.44
446,2024/1/1 0:50,5,106,62.43
447,2024/1/1 0:50,5,89,70.99
448,2024/1/1 0:50,5,104,71.97
449,2024/1/1 0:50,5,54,83.19
450,2024/1/1 0:50,5,61,72.82
451,2024/1/1 0:50,5,101,63.66
452,2024/1/1 0:50,5,105,80.01
453,2024/1/1 0:50,5,97,87.47
454,2024/1/1 0:50,5,103,76.65
455,2024/1/1 0:50,5,50,64.8
456,2024/1/1 0:50,5,115,69.24
457,2024/1/1 0:50,5,82,93.94
458,2024/1/1 0:50,5,66,79.2
459,2024/1/1 0:50,5,53,83.85
460,2024/1/1 0:50,5,60,91.17
461,2024/1/1 0:50,5,64,94.03
462,2024/1/1 0:50,5,63,88.46
463,2024/1/1 0:50,5,51,99.06
464,2024/1/1 0:50,5,15,81.27
465,2024/1/1 0:50,5,11,86.27
466,2024/1/1 0:50,5,63.5,85.48
467,2024/1/1 0:50,5,116,84.68
468,2024/1/1 0:50,5,139,78.08
469,2024/1/1 0:50,5,163,67.24
470,2024/1/1 0:50,5,145.5,71.74
471,2024/1/1 0:50,5,128,76.23
472,2024/1/1 0:50,5,53,76.92
473,2024/1/1 0:50,5,61,78.79
474,2024/1/1 0:50,5,52,75.9
475,2024/1/1 0:50,5,65,77.65
476,2024/1/1 0:50,5,58,71.64
477,2024/1/1 0:50,5,63,89.6
478,2024/1/1 0:50,5,99,88.9
479,2024/1/1 0:50,5,135,88.21
480,2024/1/1 0:50,5,141,75.89
481,2024/1/1 0:50,5,131,71.29
482,2024/1/1 0:50,5,112,73.97
483,2024/1/1 0:50,5,133,65.51
484,2024/1/1 0:50,5,128,67.08
485,2024/1/1 0:50,5,1418,18.57
486,2024/1/1 0:50,5,262,88.52
487,2024/1/1 0:50,5,268,80.16
488,2024/1/1 0:50,5,273,71.72
489,2024/1/1 0:50,5,259,77.82
490,2024/1/1 0:50,5,245,83.91
491,2024/1/1 0:50,5,237,82.22
492,2024/1/1 0:50,5,241,80.05
493,2024/1/1 0:50,5,242,75.54
494,2024/1/1 0:50,5,252,95
495,2024/1/1 0:50,5,248,81.8
496,2024/1/1 0:50,5,192,77.23
497,2024/1/1 0:50,5,214,89.63
498,2024/1/1 0:50,5,231,90.54
499,2024/1/1 0:50,5,234,73.89
500,2024/1/1 0:50,5,224.5,83.98
501,2024/1/1 0:50,5,215,94.07
502,2024/1/1 0:50,5,233,74.94
503,2024/1/1 0:50,5,225,79.35
504,2024/1/1 0:50,5,213,75.02
505,2024/1/1 0:50,5,206,74.2
506,2024/1/1 0:50,5,212,76.01
507,2024/1/1 0:50,5,227.25,72.32
508,2024/1/1 0:50,5,242.5,68.64
509,2024/1/1 0:50,5,257.75,64.95
510,2024/1/1 0:50,5,273,61.26
511,2024/1/1 0:50,5,245,71.73
512,2024/1/1 0:50,5,218,60.52
513,2024/1/1 0:50,5,237,69.04
514,2024/1/1 0:50,5,224,72.56
515,2024/1/1 0:50,5,211,76.08
516,2024/1/1 0:50,5,220,89.14
517,2024/1/1 0:50,5,232,86
518,2024/1/1 0:50,5,244,82.85
519,2024/1/1 0:50,5,205.5,82.56
520,2024/1/1 0:50,5,167,82.26
521,2024/1/1 0:50,5,177,95.14
522,2024/1/1 0:50,5,186,80.37
523,2024/1/1 0:50,5,182,84.84
524,2024/1/1 0:50,5,178,89.3
525,2024/1/1 0:50,5,169,76.7
526,2024/1/1 0:50,5,149,65.41
527,2024/1/1 0:50,5,88,80.52
528,2024/1/1 0:50,5,107.67,78.78
529,2024/1/1 0:50,5,127.33,77.03
530,2024/1/1 0:50,5,147,75.29
531,2024/1/1 0:50,5,128,86.13
532,2024/1/1 0:50,5,157.5,85.06
533,2024/1/1 0:50,5,187,84
534,2024/1/1 0:50,5,186,70.18
535,2024/1/1 0:50,5,147,95.75
536,2024/1/1 0:50,5,133,91.67
537,2024/1/1 0:50,5,153,92.75
538,2024/1/1 0:50,5,161,81.57
539,2024/1/1 0:50,5,159,86.5
540,2024/1/1 0:50,5,158,88.38
541,2024/1/1 0:50,5,157,90.26
542,2024/1/1 0:50,5,156,92.13
543,2024/1/1 0:50,5,155,94.01
544,2024/1/1 0:50,5,128,93
545,2024/1/1 0:50,5,101,92
546,2024/1/1 0:50,5,119,80.5
547,2024/1/1 0:50,5,137,68.99
548,2024/1/1 0:50,5,154,84.86
549,2024/1/1 0:50,5,154,84.8
550,2024/1/1 0:50,5,154,83.71
551,2024/1/1 0:50,5,142,61.41
552,2024/1/1 0:50,5,107,73.53
553,2024/1/1 0:50,5,93,81.7
554,2024/1/1 0:50,5,102,70.38
555,2024/1/1 0:50,5,111,81.18
556,2024/1/1 0:50,5,100,74.38
557,2024/1/1 0:50,5,107,76.14
558,2024/1/1 0:50,5,96,74.29
559,2024/1/1 0:50,5,83,87.66
560,2024/1/1 0:50,5,129,84.16
561,2024/1/1 0:50,5,127.5,85.7
562,2024/1/1 0:50,5,126,87.25
563,2024/1/1 0:50,5,129,86.83
564,2024/1/1 0:50,5,129,81.8
565,2024/1/1 0:50,5,129,76.77
566,2024/1/1 0:50,5,131,80.67
567,2024/1/1 0:50,5,114,83.32
568,2024/1/1 0:50,5,97,85.98
569,2024/1/1 0:50,5,106,81.74
570,2024/1/1 0:50,5,103.33,78.38
571,2024/1/1 0:50,5,100.67,75.02
572,2024/1/1 0:50,5,98,71.66
573,2024/1/1 0:50,5,116,74.1
574,2024/1/1 0:50,5,117,74.94
575,2024/1/1 0:50,5,118,75.78
576,2024/1/1 0:50,5,107,89.07
577,2024/1/1 0:50,5,123,74.24
578,2024/1/1 0:50,5,116,78.38
579,2024/1/1 0:50,5,109,82.53
580,2024/1/1 0:50,5,105.67,84.57
581,2024/1/1 0:50,5,102.33,86.62
582,2024/1/1 0:50,5,99,88.66
583,2024/1/1 0:50,5,128.5,83
584,2024/1/1 0:50,5,158,77.35
585,2024/1/1 0:50,5,179,58.9
586,2024/1/1 0:50,5,179,81.74
587,2024/1/1 0:50,5,155.5,80.57
588,2024/1/1 0:50,5,132,79.41
589,2024/1/1 0:50,5,133,89.01
590,2024/1/1 0:50,5,136.5,81.6
591,2024/1/1 0:50,5,140,74.18
592,2024/1/1 0:50,5,145.5,82.89
593,2024/1/1 0:50,5,151,91.6
594,2024/1/1 0:50,5,154.5,84.54
595,2024/1/1 0:50,5,158,77.47
596,2024/1/1 0:50,5,140,82.32
597,2024/1/1 0:50,5,162.5,77.74
598,2024/1/1 0:50,5,185,73.17
599,2024/1/1 0:50,5,87,73.98
600,2024/1/1 0:50,5,97,88.44
601,2024/1/1 0:50,5,102,85.61
602,2024/1/1 0:50,5,131,87.47
603,2024/1/1 0:50,5,102,64.34
604,2024/1/1 0:50,5,88,94.05
605,2024/1/1 0:50,5,110,95.41
606,2024/1/1 0:50,5,132,96.77
607,2024/1/1 0:50,5,122,86.06
608,2024/1/1 0:50,5,116,74.08
609,2024/1/1 0:50,5,79,93.08
610,2024/1/1 0:50,5,112,89.14
611,2024/1/1 0:50,5,132,78.19
612,2024/1/1 0:50,5,128.5,88.1
613,2024/1/1 0:50,5,125,98
614,2024/1/1 0:50,5,96,98.99
615,2024/1/1 0:50,5,107,92.46
616,2024/1/1 0:50,5,112,87.29
617,2024/1/1 0:50,5,125,85.21
618,2024/1/1 0:50,5,81,88.04
619,2024/1/1 0:50,5,99,86.82
620,2024/1/1 0:50,5,117,85.59
621,2024/1/1 0:50,5,131.5,81.18
622,2024/1/1 0:50,5,146,76.76
623,2024/1/1 0:50,5,134,82.42
624,2024/1/1 0:50,5,122,88.07
625,2024/1/1 0:50,5,63,45.37
626,2024/1/1 0:50,5,83,68.57
627,2024/1/1 0:50,5,55.5,50.32
628,2024/1/1 0:50,5,28,32.07
629,2024/1/1 0:50,5,25,64.48
630,2024/1/1 0:50,5,19,56.16
631,2024/1/1 0:50,5,31,71.13
632,2024/1/1 0:50,5,29,33.03
633,2024/1/1 0:50,5,16,45.38
634,2024/1/1 0:50,5,41,61.49
635,2024/1/1 0:50,5,52,58.92
636,2024/1/1 0:50,5,17,61.94
637,2024/1/1 0:50,5,32.5,55.18
638,2024/1/1 0:50,5,48,48.42
639,2024/1/1 0:50,5,53,51.68
640,2024/1/1 0:50,5,58,54.93
641,2024/1/1 0:50,5,31,70.13
642,2024/1/1 0:50,5,37,52
643,2024/1/1 0:50,5,44,48.32
644,2024/1/1 0:50,5,39,51.82
645,2024/1/1 0:50,5,44,66.11
646,2024/1/1 0:50,5,31,80.58
647,2024/1/1 0:50,5,23.5,74.69
648,2024/1/1 0:50,5,16,68.81
649,2024/1/1 0:50,5,15,93.93
650,2024/1/1 0:50,5,25,62.4
651,2024/1/1 0:50,5,11,60.55
652,2024/1/1 0:50,5,12,56.92
653,2024/1/1 0:50,5,20,57.68
654,2024/1/1 0:50,5,28,58.43
655,2024/1/1 0:50,5,233,37.32
656,2024/1/1 0:50,5,228,41.79
657,2024/1/1 0:50,5,223,46.26
658,2024/1/1 0:50,5,218,50.73
659,2024/1/1 0:50,5,213,55.2
660,2024/1/1 0:50,5,110.5,66.1
661,2024/1/1 0:50,5,8,77
662,2024/1/1 0:50,5,24,57.21
663,2024/1/1 0:50,5,6,86.83
664,2024/1/1 0:50,5,60.5,76.51
665,2024/1/1 0:50,5,115,66.19
666,2024/1/1 0:50,5,105,69.59
667,2024/1/1 0:50,5,95,72.98
668,2024/1/1 0:50,5,70,55.17
669,2024/1/1 0:50,5,82,61.06
670,2024/1/1 0:50,5,77,66.03
671,2024/1/1 0:50,5,72,71
672,2024/1/1 0:50,5,87,66.6
673,2024/1/1 0:50,5,101,81.07
674,2024/1/1 0:50,5,67,69.39
675,2024/1/1 0:50,5,105,64.88
676,2024/1/1 0:50,5,63,72.29
677,2024/1/1 0:50,5,60,71.59
678,2024/1/1 0:50,5,57,70.89
679,2024/1/1 0:50,5,54,70.19
680,2024/1/1 0:50,5,49,73.86
681,2024/1/1 0:50,5,40,70.2
682,2024/1/1 0:50,5,16,87.88
683,2024/1/1 0:50,5,48,88.73
684,2024/1/1 0:50,5,49,87.41
685,2024/1/1 0:50,5,49,74.57
686,2024/1/1 0:50,5,51,71.82
687,2024/1/1 0:50,5,45.5,72.74
688,2024/1/1 0:50,5,40,73.67
689,2024/1/1 0:50,5,172,74.19
690,2024/1/1 0:50,5,129,65.65
691,2024/1/1 0:50,5,92,60.53
692,2024/1/1 0:50,5,110,82.4
693,2024/1/1 0:50,5,77,71.9
694,2024/1/1 0:50,5,80,63.14
695,2024/1/1 0:50,5,33,50.33
696,2024/1/1 0:50,5,56,74.75
697,2024/1/1 0:50,5,29,83.34
698,2024/1/1 0:50,5,36.5,72.91
699,2024/1/1 0:50,5,44,62.48
700,2024/1/1 0:50,5,40,59.97
701,2024/1/1 0:50,5,36,57.47
702,2024/1/1 0:50,5,35.5,70.39
703,2024/1/1 0:50,5,35,83.31
704,2024/1/1 0:50,5,149,76.57
705,2024/1/1 0:50,5,121,72.1
706,2024/1/1 0:50,5,93,67.63
707,2024/1/1 0:50,5,90,78.08
708,2024/1/1 0:50,5,77,78.12
709,2024/1/1 0:50,5,69.33,77.44
710,2024/1/1 0:50,5,61.67,76.75
711,2024/1/1 0:50,5,54,76.07
712,2024/1/1 0:50,5,54,49.35
713,2024/1/1 0:50,5,51.5,47.95
714,2024/1/1 0:50,5,49,46.55
715,2024/1/1 0:50,5,60,90.93
716,2024/1/1 0:50,5,25,58.84
717,2024/1/1 0:50,5,17,51
718,2024/1/1 0:50,5,20,32.05
719,2024/1/1 0:50,5,68,50.79
720,2024/1/1 0:50,5,27,47.78
721,2024/1/1 0:50,5,15,53
722,2024/1/1 0:50,5,24.33,58.54
723,2024/1/1 0:50,5,33.67,64.09
724,2024/1/1 0:50,5,43,69.63
725,2024/1/1 0:50,5,44,58.52
726,2024/1/1 0:50,5,47,92.94
727,2024/1/1 0:50,5,53,87.16
728,2024/1/1 0:50,5,59,81.37
729,2024/1/1 0:50,5,48,56.44
730,2024/1/1 0:50,5,33,48.92
731,2024/1/1 0:50,5,18,41.39
732,2024/1/1 0:50,5,59,76.15
733,2024/1/1 0:50,5,69,59.17
734,2024/1/1 0:50,5,74,45.14
735,2024/1/1 0:50,5,59,85.27
736,2024/1/1 0:50,5,64,80.45
737,2024/1/1 0:50,5,63,63.57
738,2024/1/1 0:50,5,91,33.25
739,2024/1/1 0:50,5,35,49.8
740,2024/1/1 0:50,5,42,65.14
741,2024/1/1 0:50,5,23,65.32
742,2024/1/1 0:50,5,4,65.5
743,2024/1/1 0:50,5,3.67,63.33
744,2024/1/1 0:50,5,3.33,61.17
745,2024/1/1 0:50,5,3,59
746,2024/1/1 0:50,5,2.67,56.83
747,2024/1/1 0:50,5,2.33,54.67
748,2024/1/1 0:50,5,2,52.5
749,2024/1/1 0:50,5,1.67,50.33
750,2024/1/1 0:50,5,1.33,48.17
751,2024/1/1 0:50,5,1,46
752,2024/1/1 0:50,5,1.76,48.35
753,2024/1/1 0:50,5,2.53,50.7
754,2024/1/1 0:50,5,3.29,53.05
755,2024/1/1 0:50,5,4.06,55.4
756,2024/1/1 0:50,5,4.82,57.74
757,2024/1/1 0:50,5,5.59,60.09
758,2024/1/1 0:50,5,6.35,62.44
759,2024/1/1 0:50,5,7.12,64.79
760,2024/1/1 0:50,5,7.88,67.14
761,2024/1/1 0:50,5,8.65,69.49
762,2024/1/1 0:50,5,9.41,71.84
763,2024/1/1 0:50,5,10.18,74.19
764,2024/1/1 0:50,5,10.94,76.53
765,2024/1/1 0:50,5,11.71,78.88
766,2024/1/1 0:50,5,12.47,81.23
767,2024/1/1 0:50,5,13.24,83.58
768,2024/1/1 0:50,5,14,85.93
769,2024/1/1 0:50,5,18,73.89
770,2024/1/1 0:50,5,20,54.7
771,2024/1/1 0:50,5,28,49.12
772,2024/1/1 0:50,5,36,43.53
773,2024/1/1 0:50,5,21,65.76
774,2024/1/1 0:50,5,15,84.72
775,2024/1/1 0:50,5,9,103.67
776,2024/1/1 0:50,5,44,52.91
777,2024/1/1 0:50,5,38,89.97
778,2024/1/1 0:50,5,38,65.68
779,2024/1/1 0:50,5,55,48.65
780,2024/1/1 0:50,5,24,56.25
781,2024/1/1 0:50,5,11,65
782,2024/1/1 0:50,5,3,62.67
783,2024/1/1 0:50,5,16,57.44
784,2024/1/1 0:50,5,11,73.45
785,2024/1/1 0:50,5,8,52.12
786,2024/1/1 0:50,5,73,68.6
787,2024/1/1 0:50,5,52,83.1
788,2024/1/1 0:50,5,45,83.4
789,2024/1/1 0:50,5,67,57.58
790,2024/1/1 0:50,5,72,72.58
791,2024/1/1 0:50,5,65,54.74
792,2024/1/1 0:50,5,69.5,46.17
793,2024/1/1 0:50,5,34.75,23.08
794,2024/1/1 0:50,5,61.25,33.22
795,2024/1/1 0:50,5,30.62,16.61
796,2024/1/1 0:50,5,15.31,8.3
797,2024/1/1 0:50,5,7.66,4.15
798,2024/1/1 0:50,5,3.83,2.08
799,2024/1/1 0:50,5,1.91,1.04
800,2024/1/1 0:50,5,0.96,0.52
801,2024/1/1 0:50,5,0.48,0.26
802,2024/1/1 0:50,5,0.24,0.13
803,2024/1/1 0:50,5,0.12,0.06
804,2024/1/1 0:50,5,0.04,0.02
805,2024/1/1 0:50,5,0.01,0.01
806,2024/1/1 0:50,5,0.01,0
807,2024/1/1 0:50,5,48.5,45.3
808,2024/1/1 0:50,5,0.02,0.01
809,2024/1/1 0:50,5,5.75,5.11
810,2024/1/1 0:50,5,11.47,10.21
811,2024/1/1 0:50,5,17.2,15.31
812,2024/1/1 0:50,5,22.92,20.41
813,2024/1/1 0:50,5,28.65,25.51
814,2024/1/1 0:50,5,34.37,30.6
815,2024/1/1 0:50,5,40.1,35.7
816,2024/1/1 0:50,5,45.82,40.8
817,2024/1/1 0:50,5,51.55,45.9
818,2024/1/1 0:50,5,57.27,51
819,2024/1/1 0:50,5,63,56.1
820,2024/1/1 0:50,5,63.5,56.35
821,2024/1/1 0:50,5,64,56.6
822,2024/1/1 0:50,5,64.5,56.85
823,2024/1/1 0:50,5,65,57.1
824,2024/1/1 0:50,5,65.5,57.36
825,2024/1/1 0:50,5,66,57.61
826,2024/1/1 0:50,5,66.5,57.86
827,2024/1/1 0:50,5,67,58.11
828,2024/1/1 0:50,5,107.5,51.76
829,2024/1/1 0:50,5,53.75,25.88
830,2024/1/1 0:50,5,26.88,12.94
831,2024/1/1 0:50,5,13.44,6.47
832,2024/1/1 0:50,5,6.72,3.23
833,2024/1/1 0:50,5,3.36,1.62
834,2024/1/1 0:50,5,1.68,0.81
835,2024/1/1 0:50,5,0.84,0.4
836,2024/1/1 0:50,5,0.42,0.2
837,2024/1/1 0:50,5,0.1,0.05
838,2024/1/1 0:50,5,0.05,0.03
839,2024/1/1 0:50,5,0.02,0.01
840,2024/1/1 0:50,5,0.01,0
841,2024/1/1 0:50,5,5.31,3.58
842,2024/1/1 0:50,5,10.61,7.17
843,2024/1/1 0:50,5,15.91,10.75
844,2024/1/1 0:50,5,21.21,14.34
845,2024/1/1 0:50,5,26.5,17.92
846,2024/1/1 0:50,5,31.8,21.51
847,2024/1/1 0:50,5,37.1,25.09
848,2024/1/1 0:50,5,42.4,28.68
849,2024/1/1 0:50,5,47.7,32.26
850,2024/1/1 0:50,5,53,35.85
851,2024/1/1 0:50,5,65.5,60.01
852,2024/1/1 0:50,5,32.75,30
853,2024/1/1 0:50,5,16.38,15
854,2024/1/1 0:50,5,8.19,7.5
855,2024/1/1 0:50,5,4.09,3.75
856,2024/1/1 0:50,5,2.05,1.88
857,2024/1/1 0:50,5,1.02,0.94
858,2024/1/1 0:50,5,0.51,0.47
859,2024/1/1 0:50,5,0.26,0.23
860,2024/1/1 0:50,5,0.13,0.12
861,2024/1/1 0:50,5,0.06,0.06
862,2024/1/1 0:50,5,0.08,0.05
863,2024/1/1 0:50,5,0.06,0.03
864,2024/1/1 0:50,5,24,40.12
865,2024/1/1 0:50,5,12,20.06
866,2024/1/1 0:50,5,6,10.03
867,2024/1/1 0:50,5,2,3.34
868,2024/1/1 0:50,5,1.01,1.68
869,2024/1/1 0:50,5,1,1.67
870,2024/1/1 0:50,5,81.67,52.24
871,2024/1/1 0:50,5,40.83,26.12
872,2024/1/1 0:50,5,20.42,13.06
873,2024/1/1 0:50,5,10.21,6.53
874,2024/1/1 0:50,5,5.1,3.26
875,2024/1/1 0:50,5,2.55,1.63
876,2024/1/1 0:50,5,1.28,0.82
877,2024/1/1 0:50,5,0.64,0.41
878,2024/1/1 0:50,5,0.32,0.2
879,2024/1/1 0:50,5,49.66,46.36
880,2024/1/1 0:50,5,59.5,81.52
881,2024/1/1 0:50,5,33,39.6
882,2024/1/1 0:50,5,16.5,19.8
883,2024/1/1 0:50,5,8.25,9.9
884,2024/1/1 0:50,5,4.12,4.95
885,2024/1/1 0:50,5,2.06,2.47
886,2024/1/1 0:50,5,25.03,41.35
887,2024/1/1 0:50,5,36,36.05
888,2024/1/1 0:50,5,18,18.02
889,2024/1/1 0:50,5,9,9.01
890,2024/1/1 0:50,5,4.5,4.51
891,2024/1/1 0:50,5,41.75,40.78
892,2024/1/1 0:50,5,31.5,44.8
893,2024/1/1 0:50,5,15.75,22.4
894,2024/1/1 0:50,5,7.88,11.2
895,2024/1/1 0:50,5,3.94,5.6
896,2024/1/1 0:50,5,39.47,43.18
897,2024/1/1 0:50,5,111.5,20.11
898,2024/1/1 0:50,5,55.75,10.06
899,2024/1/1 0:50,5,27.88,5.03
900,2024/1/1 0:50,5,120.44,39.76
901,2024/1/1 0:50,5,52,35.98
902,2024/1/1 0:50,5,26,17.99
903,2024/1/1 0:50,5,13,9
904,2024/1/1 0:50,5,60.5,31.63
905,2024/1/1 0:50,5,58.75,37.93
906,2024/1/1 0:50,5,29.38,18.96
907,2024/1/1 0:50,5,14.69,9.48
908,2024/1/1 0:50,5,7.34,4.74
909,2024/1/1 0:50,5,3.67,2.37
910,2024/1/1 0:50,5,1.84,1.19
911,2024/1/1 0:50,5,0.92,0.59
912,2024/1/1 0:50,5,69.96,38.98
913,2024/1/1 0:50,5,18,27.73
914,2024/1/1 0:50,5,9,13.87
915,2024/1/1 0:50,5,4.5,6.93
916,2024/1/1 0:50,5,2.25,3.47
917,2024/1/1 0:50,5,1.12,1.73
918,2024/1/1 0:50,5,0.56,0.87
919,2024/1/1 0:50,5,0.28,0.43
920,2024/1/1 0:50,5,35.64,37.19
921,2024/1/1 0:50,5,50.33,30.53
922,2024/1/1 0:50,5,20.08,36.81
923,2024/1/1 0:50,5,10.04,18.41
924,2024/1/1 0:50,5,17.02,37.33
925,2024/1/1 0:50,5,8,28.72
926,2024/1/1 0:50,5,4,14.36
927,2024/1/1 0:50,5,9,32.14
928,2024/1/1 0:50,5,105.33,62.86
929,2024/1/1 0:50,5,1.5,31.34
930,2024/1/1 0:50,5,0.75,15.67
931,2024/1/1 0:50,5,0.38,7.83
932,2024/1/1 0:50,5,0.19,3.92
933,2024/1/1 0:50,5,0.09,1.96
934,2024/1/1 0:50,5,33.5,34.7
935,2024/1/1 0:50,5,16.75,17.35
936,2024/1/1 0:50,5,8.38,8.67
937,2024/1/1 0:50,5,8.19,30.4
938,2024/1/1 0:50,5,36.5,32.24
939,2024/1/1 0:50,5,18.25,16.12
940,2024/1/1 0:50,5,9.12,8.06
941,2024/1/1 0:50,5,51.06,41.72
942,2024/1/1 0:50,5,43.5,37.14
943,2024/1/1 0:50,5,21.75,18.57
944,2024/1/1 0:50,5,10.88,9.28
945,2024/1/1 0:50,5,76.94,43.21
946,2024/1/1 0:50,5,51.5,39.22
947,2024/1/1 0:50,5,25.75,19.61
948,2024/1/1 0:50,5,12.88,9.81
949,2024/1/1 0:50,5,6.44,4.9
950,2024/1/1 0:50,5,3.22,2.45
951,2024/1/1 0:50,5,1.61,1.23
952,2024/1/1 0:50,5,124.8,39.69
953,2024/1/1 0:50,5,89,44.11
954,2024/1/1 0:50,5,44.5,22.06
955,2024/1/1 0:50,5,22.25,11.03
956,2024/1/1 0:50,5,11.12,5.51
957,2024/1/1 0:50,5,5.56,2.76
958,2024/1/1 0:50,5,2.78,1.38
959,2024/1/1 0:50,5,143.39,34.75
960,2024/1/1 0:50,5,90.5,32
961,2024/1/1 0:50,5,45.25,16
962,2024/1/1 0:50,5,22.62,8
963,2024/1/1 0:50,5,11.31,4
964,2024/1/1 0:50,5,5.66,2
965,2024/1/1 0:50,5,2.83,1
966,2024/1/1 0:50,5,49.41,23.41
967,2024/1/1 0:50,5,37,32.53
968,2024/1/1 0:50,5,18.5,16.26
969,2024/1/1 0:50,5,9.25,8.13
970,2024/1/1 0:50,5,4.62,4.07
971,2024/1/1 0:50,5,2.31,2.03
972,2024/1/1 0:50,5,1.16,1.02
973,2024/1/1 0:50,5,0.58,0.51
974,2024/1/1 0:50,5,55.79,32.41
975,2024/1/1 0:50,5,12,19.79
976,2024/1/1 0:50,5,6,9.89
977,2024/1/1 0:50,5,3,4.95
978,2024/1/1 0:50,5,1.5,2.47
979,2024/1/1 0:50,5,0.75,1.24
980,2024/1/1 0:50,5,0.38,0.62
981,2024/1/1 0:50,5,24.12,28.97
982,2024/1/1 0:50,5,12.06,14.48
983,2024/1/1 0:50,5,6.03,7.24
984,2024/1/1 0:50,5,3.02,3.62
985,2024/1/1 0:50,5,54.34,54.49
986,2024/1/1 0:50,5,108.5,27.05
987,2024/1/1 0:50,5,54.25,13.52
988,2024/1/1 0:50,5,27.12,6.76
989,2024/1/1 0:50,5,13.56,3.38
990,2024/1/1 0:50,5,133.78,31.61
991,2024/1/1 0:50,5,85,30.94
992,2024/1/1 0:50,5,42.5,15.47
993,2024/1/1 0:50,5,21.25,7.74
994,2024/1/1 0:50,5,10.62,3.87
995,2024/1/1 0:50,5,66.54,15.66
996,2024/1/1 0:50,5,132.67,51.11
997,2024/1/1 0:50,5,66.33,25.56
998,2024/1/1 0:50,5,33.17,12.78
999,2024/1/1 0:50,5,25.72,34.28
1000,2024/1/1 0:50,5,28.67,31.71
1001,2024/1/1 0:50,5,14.33,15.85
1002,2024/1/1 0:50,5,7.17,7.93
1003,2024/1/1 0:50,5,3.58,3.96
1004,2024/1/1 0:50,5,1.79,1.98
1005,2024/1/1 0:50,5,100.6,53.26
1006,2024/1/1 0:50,5,97,69.35
2,2024/1/1 1:00,6,72,66.65
3,2024/1/1 1:00,6,71,70.37
4,2024/1/1 1:00,6,101,69.78
5,2024/1/1 1:00,6,73,74.12
6,2024/1/1 1:00,6,87,89.17
7,2024/1/1 1:00,6,93,55.8
8,2024/1/1 1:00,6,79,66.05
9,2024/1/1 1:00,6,92,71.17
10,2024/1/1 1:00,6,186,57.82
11,2024/1/1 1:00,6,217,59.88
12,2024/1/1 1:00,6,328,63.39
13,2024/1/1 1:00,6,363,56.9
14,2024/1/1 1:00,6,183,65.44
15,2024/1/1 1:00,6,207,64.19
16,2024/1/1 1:00,6,208,61.66
17,2024/1/1 1:00,6,181,67.93
18,2024/1/1 1:00,6,264,59.5
19,2024/1/1 1:00,6,200,58.29
20,2024/1/1 1:00,6,220.5,57.14
21,2024/1/1 1:00,6,241,55.98
22,2024/1/1 1:00,6,170,69.84
23,2024/1/1 1:00,6,147,69.86
24,2024/1/1 1:00,6,255,47.51
25,2024/1/1 1:00,6,239,78.49
26,2024/1/1 1:00,6,191,73.42
27,2024/1/1 1:00,6,236,84.07
28,2024/1/1 1:00,6,241,87.02
29,2024/1/1 1:00,6,238,86.17
30,2024/1/1 1:00,6,248,70.47
31,2024/1/1 1:00,6,197.5,81.31
32,2024/1/1 1:00,6,147,92.15
33,2024/1/1 1:00,6,147,91.71
34,2024/1/1 1:00,6,122,88.71
35,2024/1/1 1:00,6,114,73.75
36,2024/1/1 1:00,6,136,90.71
37,2024/1/1 1:00,6,136,76.42
38,2024/1/1 1:00,6,122,55.32
39,2024/1/1 1:00,6,97,60.64
40,2024/1/1 1:00,6,72,65.96
41,2024/1/1 1:00,6,96,39.89
42,2024/1/1 1:00,6,113,46.04
43,2024/1/1 1:00,6,130,52.19
44,2024/1/1 1:00,6,151,62.04
45,2024/1/1 1:00,6,101,68.49
46,2024/1/1 1:00,6,110,64.4
47,2024/1/1 1:00,6,98,66.06
48,2024/1/1 1:00,6,94,67.01
49,2024/1/1 1:00,6,93,72.89
50,2024/1/1 1:00,6,219,61.1
51,2024/1/1 1:00,6,149,44.99
52,2024/1/1 1:00,6,140,75.14
53,2024/1/1 1:00,6,108,74.85
54,2024/1/1 1:00,6,125,79.4
55,2024/1/1 1:00,6,103,58
56,2024/1/1 1:00,6,102,80.24
57,2024/1/1 1:00,6,105,81.71
58,2024/1/1 1:00,6,120,54.15
59,2024/1/1 1:00,6,101,72.78
60,2024/1/1 1:00,6,62,71.81
61,2024/1/1 1:00,6,53,88.17
62,2024/1/1 1:00,6,71,66.76
63,2024/1/1 1:00,6,182,85.69
64,2024/1/1 1:00,6,205,93.07
65,2024/1/1 1:00,6,198,97.45
66,2024/1/1 1:00,6,207,104.39
67,2024/1/1 1:00,6,199,100.17
68,2024/1/1 1:00,6,220,91.9
69,2024/1/1 1:00,6,111,90.37
70,2024/1/1 1:00,6,106,92.25
71,2024/1/1 1:00,6,100,85.64
72,2024/1/1 1:00,6,135,79.31
73,2024/1/1 1:00,6,76,78.89
74,2024/1/1 1:00,6,112,91
75,2024/1/1 1:00,6,183,77.09
76,2024/1/1 1:00,6,124,87.98
77,2024/1/1 1:00,6,204,93.49
78,2024/1/1 1:00,6,183,85.89
79,2024/1/1 1:00,6,203,91.26
80,2024/1/1 1:00,6,223,93.92
81,2024/1/1 1:00,6,127,78.91
82,2024/1/1 1:00,6,113,78.07
83,2024/1/1 1:00,6,175,90.94
84,2024/1/1 1:00,6,111,74.01
85,2024/1/1 1:00,6,71,80.52
86,2024/1/1 1:00,6,62,76.8
87,2024/1/1 1:00,6,53,73.08
88,2024/1/1 1:00,6,101,80.22
89,2024/1/1 1:00,6,97,100.71
90,2024/1/1 1:00,6,152,90.12
91,2024/1/1 1:00,6,207,79.52
92,2024/1/1 1:00,6,214,96.08
93,2024/1/1 1:00,6,185,107.24
94,2024/1/1 1:00,6,172,92.7
95,2024/1/1 1:00,6,181,85.01
96,2024/1/1 1:00,6,132,84.3
97,2024/1/1 1:00,6,136,74.32
98,2024/1/1 1:00,6,204,83.97
99,2024/1/1 1:00,6,56,97.57
100,2024/1/1 1:00,6,55,67.29
101,2024/1/1 1:00,6,33,66.18
102,2024/1/1 1:00,6,152,78.23
103,2024/1/1 1:00,6,158,93.55
104,2024/1/1 1:00,6,164,108.87
105,2024/1/1 1:00,6,183,95.86
106,2024/1/1 1:00,6,285,99.18
107,2024/1/1 1:00,6,306,94.85
108,2024/1/1 1:00,6,253,106.88
109,2024/1/1 1:00,6,273,98.8
110,2024/1/1 1:00,6,305,104.56
111,2024/1/1 1:00,6,211,93.39
112,2024/1/1 1:00,6,183,117.16
113,2024/1/1 1:00,6,113,91.65
114,2024/1/1 1:00,6,96,94.88
115,2024/1/1 1:00,6,143,89.9
116,2024/1/1 1:00,6,154,97.05
117,2024/1/1 1:00,6,152,110.82
118,2024/1/1 1:00,6,151,94.41
119,2024/1/1 1:00,6,145,102.32
120,2024/1/1 1:00,6,143,119.98
121,2024/1/1 1:00,6,124,109.45
122,2024/1/1 1:00,6,67,112.67
123,2024/1/1 1:00,6,63,117.65
124,2024/1/1 1:00,6,45,86
125,2024/1/1 1:00,6,116,106.07
126,2024/1/1 1:00,6,89,97.9
127,2024/1/1 1:00,6,79,97.95
128,2024/1/1 1:00,6,157,115.25
129,2024/1/1 1:00,6,154,114.16
130,2024/1/1 1:00,6,159,109
131,2024/1/1 1:00,6,175,109.67
132,2024/1/1 1:00,6,150,106.2
133,2024/1/1 1:00,6,69,93.13
134,2024/1/1 1:00,6,97,86.92
135,2024/1/1 1:00,6,63,64.05
136,2024/1/1 1:00,6,34,92.88
137,2024/1/1 1:00,6,39,77.49
138,2024/1/1 1:00,6,101,80.55
139,2024/1/1 1:00,6,122,74.79
140,2024/1/1 1:00,6,254,76.44
141,2024/1/1 1:00,6,289,78.38
142,2024/1/1 1:00,6,154,88.72
143,2024/1/1 1:00,6,147,72.98
144,2024/1/1 1:00,6,269,75.03
145,2024/1/1 1:00,6,136,67.91
146,2024/1/1 1:00,6,131,75.99
147,2024/1/1 1:00,6,141,84.52
148,2024/1/1 1:00,6,136,81.43
149,2024/1/1 1:00,6,72,71.69
150,2024/1/1 1:00,6,81,75.15
151,2024/1/1 1:00,6,112,63.08
152,2024/1/1 1:00,6,98,79.31
153,2024/1/1 1:00,6,29,67.45
154,2024/1/1 1:00,6,37,79.76
155,2024/1/1 1:00,6,101,82.34
156,2024/1/1 1:00,6,141,84.22
157,2024/1/1 1:00,6,13,46.77
158,2024/1/1 1:00,6,27,54.7
159,2024/1/1 1:00,6,66,68
160,2024/1/1 1:00,6,73,81.66
161,2024/1/1 1:00,6,75,40.76
162,2024/1/1 1:00,6,60,80.85
163,2024/1/1 1:00,6,68,75.91
164,2024/1/1 1:00,6,99,61.3
165,2024/1/1 1:00,6,101,77.21
166,2024/1/1 1:00,6,108,73.19
167,2024/1/1 1:00,6,15,80.8
168,2024/1/1 1:00,6,186,77.89
169,2024/1/1 1:00,6,135,75.01
170,2024/1/1 1:00,6,210,86.26
171,2024/1/1 1:00,6,212,83.11
172,2024/1/1 1:00,6,143,85.06
173,2024/1/1 1:00,6,165,88.36
174,2024/1/1 1:00,6,279,74.06
175,2024/1/1 1:00,6,202,64.61
176,2024/1/1 1:00,6,40,87.85
177,2024/1/1 1:00,6,55,87.35
178,2024/1/1 1:00,6,70,75.58
179,2024/1/1 1:00,6,85,63.81
180,2024/1/1 1:00,6,57,63.44
181,2024/1/1 1:00,6,29,63.07
182,2024/1/1 1:00,6,93,60.71
183,2024/1/1 1:00,6,169,66.85
184,2024/1/1 1:00,6,181,50.04
185,2024/1/1 1:00,6,175.33,55.33
186,2024/1/1 1:00,6,169.67,60.61
187,2024/1/1 1:00,6,164,65.9
188,2024/1/1 1:00,6,114,73.09
189,2024/1/1 1:00,6,107,62.58
190,2024/1/1 1:00,6,155,77.44
191,2024/1/1 1:00,6,149,66.36
192,2024/1/1 1:00,6,165.5,73.82
193,2024/1/1 1:00,6,182,81.29
194,2024/1/1 1:00,6,164,65.5
195,2024/1/1 1:00,6,135,61.77
196,2024/1/1 1:00,6,173,74.69
197,2024/1/1 1:00,6,180,83.46
198,2024/1/1 1:00,6,239,81.32
199,2024/1/1 1:00,6,170,81.21
200,2024/1/1 1:00,6,150,76.25
201,2024/1/1 1:00,6,247,77.67
202,2024/1/1 1:00,6,263,58.26
203,2024/1/1 1:00,6,197,61.26
204,2024/1/1 1:00,6,151,68.17
205,2024/1/1 1:00,6,171,83.46
206,2024/1/1 1:00,6,99,84.95
207,2024/1/1 1:00,6,136,73.82
208,2024/1/1 1:00,6,138,70.06
209,2024/1/1 1:00,6,124,87.22
210,2024/1/1 1:00,6,65,88.78
211,2024/1/1 1:00,6,65,86.43
212,2024/1/1 1:00,6,126,81.42
213,2024/1/1 1:00,6,95,81.68
214,2024/1/1 1:00,6,186,81.47
215,2024/1/1 1:00,6,130,83.96
216,2024/1/1 1:00,6,156,78.67
217,2024/1/1 1:00,6,181,87.98
218,2024/1/1 1:00,6,111,82.89
219,2024/1/1 1:00,6,130,78.83
220,2024/1/1 1:00,6,98,79.85
221,2024/1/1 1:00,6,85,80.18
222,2024/1/1 1:00,6,67,74.99
223,2024/1/1 1:00,6,82,66.4
224,2024/1/1 1:00,6,79,66.8
225,2024/1/1 1:00,6,80,81
226,2024/1/1 1:00,6,107,65.07
227,2024/1/1 1:00,6,68,72.68
228,2024/1/1 1:00,6,58,63.17
229,2024/1/1 1:00,6,63,65.22
230,2024/1/1 1:00,6,87,73.54
231,2024/1/1 1:00,6,57,79.04
232,2024/1/1 1:00,6,108,71.62
233,2024/1/1 1:00,6,159,64.19
234,2024/1/1 1:00,6,210,56.77
235,2024/1/1 1:00,6,243,62.61
236,2024/1/1 1:00,6,115,46.3
237,2024/1/1 1:00,6,28,65.18
238,2024/1/1 1:00,6,33,63.58
239,2024/1/1 1:00,6,40,58.42
240,2024/1/1 1:00,6,47,53.26
241,2024/1/1 1:00,6,1,11
242,2024/1/1 1:00,6,41,74.24
243,2024/1/1 1:00,6,133,77.29
244,2024/1/1 1:00,6,138,70.14
245,2024/1/1 1:00,6,207,63.67
246,2024/1/1 1:00,6,188,60.9
247,2024/1/1 1:00,6,168,55.36
248,2024/1/1 1:00,6,148,49.82
249,2024/1/1 1:00,6,86,56.19
250,2024/1/1 1:00,6,119,71.6
251,2024/1/1 1:00,6,105,66.57
252,2024/1/1 1:00,6,168,62.21
253,2024/1/1 1:00,6,278,67.58
254,2024/1/1 1:00,6,219,62.1
255,2024/1/1 1:00,6,217,65.72
256,2024/1/1 1:00,6,215,69.34
257,2024/1/1 1:00,6,169,60.08
258,2024/1/1 1:00,6,232,75.84
259,2024/1/1 1:00,6,260,67.63
260,2024/1/1 1:00,6,225,69.86
261,2024/1/1 1:00,6,141,59.94
262,2024/1/1 1:00,6,224,72.88
263,2024/1/1 1:00,6,228,55.83
264,2024/1/1 1:00,6,186,69.85
265,2024/1/1 1:00,6,144,61.78
266,2024/1/1 1:00,6,151,72.8
267,2024/1/1 1:00,6,169,47.62
268,2024/1/1 1:00,6,228,71.46
269,2024/1/1 1:00,6,226,75.06
270,2024/1/1 1:00,6,224,79.98
271,2024/1/1 1:00,6,206.5,76.31
272,2024/1/1 1:00,6,189,72.63
273,2024/1/1 1:00,6,75,66.96
274,2024/1/1 1:00,6,173,63.88
275,2024/1/1 1:00,6,205,65.12
276,2024/1/1 1:00,6,253,68.44
277,2024/1/1 1:00,6,231,69.84
278,2024/1/1 1:00,6,209,71.25
279,2024/1/1 1:00,6,186,69.72
280,2024/1/1 1:00,6,163,68.2
281,2024/1/1 1:00,6,178,61.96
282,2024/1/1 1:00,6,193,65.03
283,2024/1/1 1:00,6,172,64.1
284,2024/1/1 1:00,6,149,73
285,2024/1/1 1:00,6,208,66.56
286,2024/1/1 1:00,6,213,71.08
287,2024/1/1 1:00,6,201.5,70.82
288,2024/1/1 1:00,6,190,70.57
289,2024/1/1 1:00,6,158,60.28
290,2024/1/1 1:00,6,170,68.48
291,2024/1/1 1:00,6,196,68.9
292,2024/1/1 1:00,6,177,59.23
293,2024/1/1 1:00,6,187,78.11
294,2024/1/1 1:00,6,155,67.7
295,2024/1/1 1:00,6,168,63.49
296,2024/1/1 1:00,6,174,50.39
297,2024/1/1 1:00,6,170,58.09
298,2024/1/1 1:00,6,181,42.56
299,2024/1/1 1:00,6,162.5,44.36
300,2024/1/1 1:00,6,144,46.17
301,2024/1/1 1:00,6,278,68.53
302,2024/1/1 1:00,6,209,72.59
303,2024/1/1 1:00,6,225,73.58
304,2024/1/1 1:00,6,149.5,59.06
305,2024/1/1 1:00,6,74,44.55
306,2024/1/1 1:00,6,99,74.55
307,2024/1/1 1:00,6,120,103.69
308,2024/1/1 1:00,6,130,94.54
309,2024/1/1 1:00,6,160,109.51
310,2024/1/1 1:00,6,124,95.11
311,2024/1/1 1:00,6,125,105.25
312,2024/1/1 1:00,6,126,116.12
313,2024/1/1 1:00,6,121,111
314,2024/1/1 1:00,6,149,103.38
315,2024/1/1 1:00,6,134,91.23
316,2024/1/1 1:00,6,123,90.7
317,2024/1/1 1:00,6,83,88.78
318,2024/1/1 1:00,6,62,96.98
319,2024/1/1 1:00,6,69,99.59
320,2024/1/1 1:00,6,76,96.72
321,2024/1/1 1:00,6,73,110.34
322,2024/1/1 1:00,6,85,105.71
323,2024/1/1 1:00,6,93,102.01
324,2024/1/1 1:00,6,87,96.67
325,2024/1/1 1:00,6,29,78.86
326,2024/1/1 1:00,6,32,106.62
327,2024/1/1 1:00,6,31,101.1
328,2024/1/1 1:00,6,38,
329,2024/1/1 1:00,6,19,
330,2024/1/1 1:00,6,0,
331,2024/1/1 1:00,6,51,94.45
332,2024/1/1 1:00,6,112,94.89
333,2024/1/1 1:00,6,97,100.36
334,2024/1/1 1:00,6,88,108.24
335,2024/1/1 1:00,6,101,103.12
336,2024/1/1 1:00,6,93,94.41
337,2024/1/1 1:00,6,88,97.34
338,2024/1/1 1:00,6,101,106.83
339,2024/1/1 1:00,6,100,97.98
340,2024/1/1 1:00,6,108,108.31
341,2024/1/1 1:00,6,128,102.94
342,2024/1/1 1:00,6,125,106.93
343,2024/1/1 1:00,6,113,108.54
344,2024/1/1 1:00,6,110,110.1
345,2024/1/1 1:00,6,98,111.84
346,2024/1/1 1:00,6,118,113.06
347,2024/1/1 1:00,6,130,111.45
348,2024/1/1 1:00,6,137,107.87
349,2024/1/1 1:00,6,124,90.17
350,2024/1/1 1:00,6,117,94.61
351,2024/1/1 1:00,6,48,79.94
352,2024/1/1 1:00,6,48,67.46
353,2024/1/1 1:00,6,55,72.93
354,2024/1/1 1:00,6,32,65.59
355,2024/1/1 1:00,6,35,86.31
356,2024/1/1 1:00,6,80,72.71
357,2024/1/1 1:00,6,78,78.97
358,2024/1/1 1:00,6,90,81.19
359,2024/1/1 1:00,6,104,74.53
360,2024/1/1 1:00,6,105,77.08
361,2024/1/1 1:00,6,112,77.21
362,2024/1/1 1:00,6,93,86.22
363,2024/1/1 1:00,6,185.5,75.99
364,2024/1/1 1:00,6,278,65.76
365,2024/1/1 1:00,6,245.33,71.14
366,2024/1/1 1:00,6,212.67,76.51
367,2024/1/1 1:00,6,180,81.89
368,2024/1/1 1:00,6,318,81.2
369,2024/1/1 1:00,6,303,81.32
370,2024/1/1 1:00,6,288,81.43
371,2024/1/1 1:00,6,269,73.98
372,2024/1/1 1:00,6,260,87.91
373,2024/1/1 1:00,6,147,97.37
374,2024/1/1 1:00,6,101,105.04
375,2024/1/1 1:00,6,101,95.09
376,2024/1/1 1:00,6,107,94.62
377,2024/1/1 1:00,6,142,104.45
378,2024/1/1 1:00,6,135,99.82
379,2024/1/1 1:00,6,133,88.32
380,2024/1/1 1:00,6,64,78.88
381,2024/1/1 1:00,6,50,88.14
382,2024/1/1 1:00,6,60,76.88
383,2024/1/1 1:00,6,17,87.12
384,2024/1/1 1:00,6,16,32.94
385,2024/1/1 1:00,6,57,79.65
386,2024/1/1 1:00,6,36,69.86
387,2024/1/1 1:00,6,43,66.6
388,2024/1/1 1:00,6,166,76.27
389,2024/1/1 1:00,6,163,94.76
390,2024/1/1 1:00,6,140,102.05
391,2024/1/1 1:00,6,143,76.56
392,2024/1/1 1:00,6,99,103.52
393,2024/1/1 1:00,6,119,116.7
394,2024/1/1 1:00,6,123,107.41
395,2024/1/1 1:00,6,121,
396,2024/1/1 1:00,6,60.5,
397,2024/1/1 1:00,6,0,
398,2024/1/1 1:00,6,0,
399,2024/1/1 1:00,6,3,67
400,2024/1/1 1:00,6,3,75.33
401,2024/1/1 1:00,6,3,70
402,2024/1/1 1:00,6,4,91.25
403,2024/1/1 1:00,6,2,77
404,2024/1/1 1:00,6,4,82.5
405,2024/1/1 1:00,6,6,77
406,2024/1/1 1:00,6,2,
407,2024/1/1 1:00,6,0,
408,2024/1/1 1:00,6,3,87.67
409,2024/1/1 1:00,6,1,70
410,2024/1/1 1:00,6,2,86.5
411,2024/1/1 1:00,6,4,92.5
412,2024/1/1 1:00,6,2,73
413,2024/1/1 1:00,6,3,91.67
414,2024/1/1 1:00,6,2,85.5
415,2024/1/1 1:00,6,36,84.78
416,2024/1/1 1:00,6,18.5,94.39
417,2024/1/1 1:00,6,1,
418,2024/1/1 1:00,6,0,
419,2024/1/1 1:00,6,0,
420,2024/1/1 1:00,6,3,98.33
421,2024/1/1 1:00,6,4,69.5
422,2024/1/1 1:00,6,2,87
423,2024/1/1 1:00,6,2,76
424,2024/1/1 1:00,6,4,84.75
425,2024/1/1 1:00,6,3,85.67
426,2024/1/1 1:00,6,4,69
427,2024/1/1 1:00,6,4,74
428,2024/1/1 1:00,6,5,99.4
429,2024/1/1 1:00,6,7,85.86
430,2024/1/1 1:00,6,10,89.9
431,2024/1/1 1:00,6,1,66
432,2024/1/1 1:00,6,1,75.5
433,2024/1/1 1:00,6,1,85
434,2024/1/1 1:00,6,56,78.5
435,2024/1/1 1:00,6,111,71.99
436,2024/1/1 1:00,6,166,65.49
437,2024/1/1 1:00,6,76,63.93
438,2024/1/1 1:00,6,61,77.02
439,2024/1/1 1:00,6,64,78.33
440,2024/1/1 1:00,6,67,79.64
441,2024/1/1 1:00,6,70,62.01
442,2024/1/1 1:00,6,123,67.56
443,2024/1/1 1:00,6,125.67,66.9
444,2024/1/1 1:00,6,128.33,66.24
445,2024/1/1 1:00,6,131,65.58
446,2024/1/1 1:00,6,110,62.11
447,2024/1/1 1:00,6,126,66.17
448,2024/1/1 1:00,6,122,76.8
449,2024/1/1 1:00,6,48,80.46
450,2024/1/1 1:00,6,48,70.15
451,2024/1/1 1:00,6,130,66.38
452,2024/1/1 1:00,6,107,77.66
453,2024/1/1 1:00,6,112,84.53
454,2024/1/1 1:00,6,154,74.22
455,2024/1/1 1:00,6,65,62.69
456,2024/1/1 1:00,6,135,70.86
457,2024/1/1 1:00,6,93,89.68
458,2024/1/1 1:00,6,73,78.84
459,2024/1/1 1:00,6,69,87.01
460,2024/1/1 1:00,6,72,93.82
461,2024/1/1 1:00,6,77,94
462,2024/1/1 1:00,6,61,86.7
463,2024/1/1 1:00,6,56,99.7
464,2024/1/1 1:00,6,15,66.47
465,2024/1/1 1:00,6,16,92.25
466,2024/1/1 1:00,6,71,86.79
467,2024/1/1 1:00,6,126,81.33
468,2024/1/1 1:00,6,161,75.2
469,2024/1/1 1:00,6,204,71.92
470,2024/1/1 1:00,6,184.5,79.01
471,2024/1/1 1:00,6,165,86.1
472,2024/1/1 1:00,6,83,85.27
473,2024/1/1 1:00,6,77,78.88
474,2024/1/1 1:00,6,84,74.04
475,2024/1/1 1:00,6,91,79.48
476,2024/1/1 1:00,6,86,79.97
477,2024/1/1 1:00,6,85,87.74
478,2024/1/1 1:00,6,190,68.06
479,2024/1/1 1:00,6,183,89.3
480,2024/1/1 1:00,6,158,74.53
481,2024/1/1 1:00,6,148,69.81
482,2024/1/1 1:00,6,186,70.37
483,2024/1/1 1:00,6,196,66.61
484,2024/1/1 1:00,6,152,68.11
485,2024/1/1 1:00,6,1759,14.77
486,2024/1/1 1:00,6,348,85.5
487,2024/1/1 1:00,6,301,81.47
488,2024/1/1 1:00,6,279,70.11
489,2024/1/1 1:00,6,311.5,74.94
490,2024/1/1 1:00,6,344,79.78
491,2024/1/1 1:00,6,319,83.34
492,2024/1/1 1:00,6,302,81.23
493,2024/1/1 1:00,6,297,76.69
494,2024/1/1 1:00,6,309,90.79
495,2024/1/1 1:00,6,334,80.54
496,2024/1/1 1:00,6,285,77.91
497,2024/1/1 1:00,6,284,86.51
498,2024/1/1 1:00,6,301,91.45
499,2024/1/1 1:00,6,305,72.06
500,2024/1/1 1:00,6,292,81.86
501,2024/1/1 1:00,6,279,91.65
502,2024/1/1 1:00,6,254,78.83
503,2024/1/1 1:00,6,267,78.77
504,2024/1/1 1:00,6,295,73.55
505,2024/1/1 1:00,6,258,78.05
506,2024/1/1 1:00,6,283.8,74.55
507,2024/1/1 1:00,6,309.6,71.05
508,2024/1/1 1:00,6,335.4,67.54
509,2024/1/1 1:00,6,361.2,64.04
510,2024/1/1 1:00,6,387,60.54
511,2024/1/1 1:00,6,274,71.07
512,2024/1/1 1:00,6,247,57.7
513,2024/1/1 1:00,6,270,68.61
514,2024/1/1 1:00,6,256,82.36
515,2024/1/1 1:00,6,230,74.1
516,2024/1/1 1:00,6,260,86.78
517,2024/1/1 1:00,6,249.5,84.15
518,2024/1/1 1:00,6,239,81.51
519,2024/1/1 1:00,6,214,82.95
520,2024/1/1 1:00,6,189,84.39
521,2024/1/1 1:00,6,216.5,81.2
522,2024/1/1 1:00,6,244,78.02
523,2024/1/1 1:00,6,223,82.98
524,2024/1/1 1:00,6,202,87.93
525,2024/1/1 1:00,6,188,78.09
526,2024/1/1 1:00,6,194,68.08
527,2024/1/1 1:00,6,105,79.8
528,2024/1/1 1:00,6,119.67,78.64
529,2024/1/1 1:00,6,134.33,77.48
530,2024/1/1 1:00,6,149,76.32
531,2024/1/1 1:00,6,157,84.45
532,2024/1/1 1:00,6,174,86.35
533,2024/1/1 1:00,6,191,88.25
534,2024/1/1 1:00,6,206,75.05
535,2024/1/1 1:00,6,166,99.62
536,2024/1/1 1:00,6,156,91.93
537,2024/1/1 1:00,6,213,89.16
538,2024/1/1 1:00,6,238,86.7
539,2024/1/1 1:00,6,231,84.88
540,2024/1/1 1:00,6,220,87.18
541,2024/1/1 1:00,6,209,89.48
542,2024/1/1 1:00,6,198,91.77
543,2024/1/1 1:00,6,187,94.07
544,2024/1/1 1:00,6,152,92.14
545,2024/1/1 1:00,6,117,90.22
546,2024/1/1 1:00,6,128.5,80.91
547,2024/1/1 1:00,6,140,71.6
548,2024/1/1 1:00,6,145,87.34
549,2024/1/1 1:00,6,142,86.95
550,2024/1/1 1:00,6,164,88.82
551,2024/1/1 1:00,6,165,63.66
552,2024/1/1 1:00,6,114,76.32
553,2024/1/1 1:00,6,91,79.22
554,2024/1/1 1:00,6,111,71.02
555,2024/1/1 1:00,6,104,81.53
556,2024/1/1 1:00,6,119,71.59
557,2024/1/1 1:00,6,120,71.92
558,2024/1/1 1:00,6,94,72.89
559,2024/1/1 1:00,6,82,88.6
560,2024/1/1 1:00,6,153,88.65
561,2024/1/1 1:00,6,149.5,94.15
562,2024/1/1 1:00,6,146,99.64
563,2024/1/1 1:00,6,140,86.7
564,2024/1/1 1:00,6,148,81.44
565,2024/1/1 1:00,6,156,76.19
566,2024/1/1 1:00,6,132,81.23
567,2024/1/1 1:00,6,130,86.36
568,2024/1/1 1:00,6,128,91.48
569,2024/1/1 1:00,6,134,79.96
570,2024/1/1 1:00,6,129.33,78.99
571,2024/1/1 1:00,6,124.67,78.01
572,2024/1/1 1:00,6,120,77.04
573,2024/1/1 1:00,6,140,74.07
574,2024/1/1 1:00,6,124.5,76.12
575,2024/1/1 1:00,6,109,78.17
576,2024/1/1 1:00,6,111,91.16
577,2024/1/1 1:00,6,112,75.96
578,2024/1/1 1:00,6,119,77.51
579,2024/1/1 1:00,6,126,79.06
580,2024/1/1 1:00,6,125.33,80.89
581,2024/1/1 1:00,6,124.67,82.71
582,2024/1/1 1:00,6,124,84.54
583,2024/1/1 1:00,6,160,78.66
584,2024/1/1 1:00,6,196,72.77
585,2024/1/1 1:00,6,200,58.57
586,2024/1/1 1:00,6,181,86.83
587,2024/1/1 1:00,6,154.5,85.61
588,2024/1/1 1:00,6,128,84.39
589,2024/1/1 1:00,6,123,90.24
590,2024/1/1 1:00,6,149,83.22
591,2024/1/1 1:00,6,175,76.19
592,2024/1/1 1:00,6,175,83.2
593,2024/1/1 1:00,6,175,90.22
594,2024/1/1 1:00,6,177.5,83.15
595,2024/1/1 1:00,6,180,76.08
596,2024/1/1 1:00,6,163,80.01
597,2024/1/1 1:00,6,177.5,78.24
598,2024/1/1 1:00,6,192,76.47
599,2024/1/1 1:00,6,113,79.77
600,2024/1/1 1:00,6,140,89.64
601,2024/1/1 1:00,6,124,84.98
602,2024/1/1 1:00,6,159,85.26
603,2024/1/1 1:00,6,116,62.45
604,2024/1/1 1:00,6,108,78.25
605,2024/1/1 1:00,6,129.5,87.3
606,2024/1/1 1:00,6,151,96.34
607,2024/1/1 1:00,6,151,89.14
608,2024/1/1 1:00,6,152,76.57
609,2024/1/1 1:00,6,99,93.13
610,2024/1/1 1:00,6,138,91.83
611,2024/1/1 1:00,6,135,84.19
612,2024/1/1 1:00,6,128,90.58
613,2024/1/1 1:00,6,121,96.98
614,2024/1/1 1:00,6,125,98.57
615,2024/1/1 1:00,6,125,89.04
616,2024/1/1 1:00,6,122,85.15
617,2024/1/1 1:00,6,128,81.68
618,2024/1/1 1:00,6,78,92.99
619,2024/1/1 1:00,6,106,88.62
620,2024/1/1 1:00,6,134,84.24
621,2024/1/1 1:00,6,139.5,83.1
622,2024/1/1 1:00,6,145,81.95
623,2024/1/1 1:00,6,133,84.04
624,2024/1/1 1:00,6,121,86.13
625,2024/1/1 1:00,6,85,44.74
626,2024/1/1 1:00,6,70,73.3
627,2024/1/1 1:00,6,52,53.56
628,2024/1/1 1:00,6,34,33.82
629,2024/1/1 1:00,6,27,61.78
630,2024/1/1 1:00,6,17,51.88
631,2024/1/1 1:00,6,34,76.47
632,2024/1/1 1:00,6,25,37.6
633,2024/1/1 1:00,6,21,44.81
634,2024/1/1 1:00,6,66,57.94
635,2024/1/1 1:00,6,70,66.07
636,2024/1/1 1:00,6,23,62.57
637,2024/1/1 1:00,6,41,53.58
638,2024/1/1 1:00,6,59,44.58
639,2024/1/1 1:00,6,104,46.76
640,2024/1/1 1:00,6,90,51.16
641,2024/1/1 1:00,6,43,69.63
642,2024/1/1 1:00,6,54,49.52
643,2024/1/1 1:00,6,64,48.81
644,2024/1/1 1:00,6,53,55.23
645,2024/1/1 1:00,6,25,69.24
646,2024/1/1 1:00,6,33,77.82
647,2024/1/1 1:00,6,25.5,71.57
648,2024/1/1 1:00,6,18,65.33
649,2024/1/1 1:00,6,12,76.17
650,2024/1/1 1:00,6,24,59.38
651,2024/1/1 1:00,6,35,66.74
652,2024/1/1 1:00,6,17,53.88
653,2024/1/1 1:00,6,27,52.1
654,2024/1/1 1:00,6,37,50.32
655,2024/1/1 1:00,6,277,39.51
656,2024/1/1 1:00,6,262.25,43.84
657,2024/1/1 1:00,6,247.5,48.17
658,2024/1/1 1:00,6,232.75,52.5
659,2024/1/1 1:00,6,218,56.83
660,2024/1/1 1:00,6,112.5,66.2
661,2024/1/1 1:00,6,7,75.57
662,2024/1/1 1:00,6,40,56.52
663,2024/1/1 1:00,6,10,72.4
664,2024/1/1 1:00,6,68.5,69.62
665,2024/1/1 1:00,6,127,66.83
666,2024/1/1 1:00,6,132,68.44
667,2024/1/1 1:00,6,137,70.04
668,2024/1/1 1:00,6,85,56.76
669,2024/1/1 1:00,6,107,61.04
670,2024/1/1 1:00,6,96,65.36
671,2024/1/1 1:00,6,85,69.67
672,2024/1/1 1:00,6,78,69.27
673,2024/1/1 1:00,6,122,76.28
674,2024/1/1 1:00,6,71,61.28
675,2024/1/1 1:00,6,98,62.65
676,2024/1/1 1:00,6,80,67.46
677,2024/1/1 1:00,6,76,68.72
678,2024/1/1 1:00,6,72,69.99
679,2024/1/1 1:00,6,68,71.25
680,2024/1/1 1:00,6,63,79.49
681,2024/1/1 1:00,6,59,70.08
682,2024/1/1 1:00,6,25,93.28
683,2024/1/1 1:00,6,51,96.57
684,2024/1/1 1:00,6,43,100.6
685,2024/1/1 1:00,6,50,78.1
686,2024/1/1 1:00,6,39,79.08
687,2024/1/1 1:00,6,38.5,76.37
688,2024/1/1 1:00,6,38,73.66
689,2024/1/1 1:00,6,208,78.3
690,2024/1/1 1:00,6,177,65.18
691,2024/1/1 1:00,6,134,60.41
692,2024/1/1 1:00,6,116,84.68
693,2024/1/1 1:00,6,77,74.38
694,2024/1/1 1:00,6,50,62.7
695,2024/1/1 1:00,6,41,46.49
696,2024/1/1 1:00,6,52,72.31
697,2024/1/1 1:00,6,22,82.55
698,2024/1/1 1:00,6,38,70.81
699,2024/1/1 1:00,6,54,59.06
700,2024/1/1 1:00,6,51.5,55.98
701,2024/1/1 1:00,6,49,52.9
702,2024/1/1 1:00,6,47,69.39
703,2024/1/1 1:00,6,45,85.87
704,2024/1/1 1:00,6,198,73.64
705,2024/1/1 1:00,6,145.5,72.66
706,2024/1/1 1:00,6,93,71.67
707,2024/1/1 1:00,6,93,78.95
708,2024/1/1 1:00,6,67,80.21
709,2024/1/1 1:00,6,61,77.72
710,2024/1/1 1:00,6,55,75.22
711,2024/1/1 1:00,6,49,72.73
712,2024/1/1 1:00,6,69,48.61
713,2024/1/1 1:00,6,64,48.52
714,2024/1/1 1:00,6,59,48.44
715,2024/1/1 1:00,6,65,94.03
716,2024/1/1 1:00,6,27,52.89
717,2024/1/1 1:00,6,14,55.07
718,2024/1/1 1:00,6,19,30.47
719,2024/1/1 1:00,6,58,47.97
720,2024/1/1 1:00,6,27,52.22
721,2024/1/1 1:00,6,14,47.5
722,2024/1/1 1:00,6,21.67,57.23
723,2024/1/1 1:00,6,29.33,66.97
724,2024/1/1 1:00,6,37,76.7
725,2024/1/1 1:00,6,54,65.35
726,2024/1/1 1:00,6,56,93.71
727,2024/1/1 1:00,6,52,87.27
728,2024/1/1 1:00,6,42,86.36
729,2024/1/1 1:00,6,41,56.22
730,2024/1/1 1:00,6,37,49.44
731,2024/1/1 1:00,6,33,42.67
732,2024/1/1 1:00,6,64,79.03
733,2024/1/1 1:00,6,85,61.42
734,2024/1/1 1:00,6,83,48.43
735,2024/1/1 1:00,6,59,85.47
736,2024/1/1 1:00,6,95,85.76
737,2024/1/1 1:00,6,70,59.6
738,2024/1/1 1:00,6,90,35.96
739,2024/1/1 1:00,6,48,53.27
740,2024/1/1 1:00,6,51,64.59
741,2024/1/1 1:00,6,33,70.13
742,2024/1/1 1:00,6,15,75.67
743,2024/1/1 1:00,6,13.89,74
744,2024/1/1 1:00,6,12.78,72.32
745,2024/1/1 1:00,6,11.67,70.65
746,2024/1/1 1:00,6,10.56,68.97
747,2024/1/1 1:00,6,9.44,67.3
748,2024/1/1 1:00,6,8.33,65.62
749,2024/1/1 1:00,6,7.22,63.95
750,2024/1/1 1:00,6,6.11,62.27
751,2024/1/1 1:00,6,5,60.6
752,2024/1/1 1:00,6,5.53,61.87
753,2024/1/1 1:00,6,6.06,63.13
754,2024/1/1 1:00,6,6.59,64.4
755,2024/1/1 1:00,6,7.12,65.67
756,2024/1/1 1:00,6,7.65,66.94
757,2024/1/1 1:00,6,8.18,68.2
758,2024/1/1 1:00,6,8.71,69.47
759,2024/1/1 1:00,6,9.24,70.74
760,2024/1/1 1:00,6,9.76,72
761,2024/1/1 1:00,6,10.29,73.27
762,2024/1/1 1:00,6,10.82,74.54
763,2024/1/1 1:00,6,11.35,75.8
764,2024/1/1 1:00,6,11.88,77.07
765,2024/1/1 1:00,6,12.41,78.34
766,2024/1/1 1:00,6,12.94,79.61
767,2024/1/1 1:00,6,13.47,80.87
768,2024/1/1 1:00,6,14,82.14
769,2024/1/1 1:00,6,17,77.71
770,2024/1/1 1:00,6,31,61.48
771,2024/1/1 1:00,6,34,53.94
772,2024/1/1 1:00,6,37,46.41
773,2024/1/1 1:00,6,37,68.14
774,2024/1/1 1:00,6,38.33,63.59
775,2024/1/1 1:00,6,39.67,59.04
776,2024/1/1 1:00,6,41,54.49
777,2024/1/1 1:00,6,31,85.42
778,2024/1/1 1:00,6,24,64.67
779,2024/1/1 1:00,6,79,48.22
780,2024/1/1 1:00,6,26,53.12
781,2024/1/1 1:00,6,18,69.17
782,2024/1/1 1:00,6,5,82.2
783,2024/1/1 1:00,6,15,59.53
784,2024/1/1 1:00,6,13,79
785,2024/1/1 1:00,6,12,57.67
786,2024/1/1 1:00,6,67,69.54
787,2024/1/1 1:00,6,72,89.68
788,2024/1/1 1:00,6,47,91.28
789,2024/1/1 1:00,6,81,60.81
790,2024/1/1 1:00,6,81,73.94
791,2024/1/1 1:00,6,90,53.94
792,2024/1/1 1:00,6,58.5,47.3
793,2024/1/1 1:00,6,29.25,23.65
794,2024/1/1 1:00,6,75.75,32.43
795,2024/1/1 1:00,6,37.88,16.22
796,2024/1/1 1:00,6,18.94,8.11
797,2024/1/1 1:00,6,9.47,4.05
798,2024/1/1 1:00,6,4.73,2.03
799,2024/1/1 1:00,6,2.37,1.01
800,2024/1/1 1:00,6,1.18,0.51
801,2024/1/1 1:00,6,0.59,0.25
802,2024/1/1 1:00,6,0.3,0.13
803,2024/1/1 1:00,6,0.15,0.06
804,2024/1/1 1:00,6,0.05,0.02
805,2024/1/1 1:00,6,0.02,0.01
806,2024/1/1 1:00,6,0.01,0
807,2024/1/1 1:00,6,56.5,45.83
808,2024/1/1 1:00,6,0.02,0.01
809,2024/1/1 1:00,6,0.01,0
810,2024/1/1 1:00,6,5.81,5.3
811,2024/1/1 1:00,6,11.61,10.61
812,2024/1/1 1:00,6,17.41,15.91
813,2024/1/1 1:00,6,23.21,21.22
814,2024/1/1 1:00,6,29,26.52
815,2024/1/1 1:00,6,34.8,31.82
816,2024/1/1 1:00,6,40.6,37.13
817,2024/1/1 1:00,6,46.4,42.43
818,2024/1/1 1:00,6,52.2,47.74
819,2024/1/1 1:00,6,58,53.04
820,2024/1/1 1:00,6,60.56,53.61
821,2024/1/1 1:00,6,63.12,54.19
822,2024/1/1 1:00,6,65.69,54.76
823,2024/1/1 1:00,6,68.25,55.34
824,2024/1/1 1:00,6,70.81,55.91
825,2024/1/1 1:00,6,73.38,56.48
826,2024/1/1 1:00,6,75.94,57.06
827,2024/1/1 1:00,6,78.5,57.63
828,2024/1/1 1:00,6,152.5,52.28
829,2024/1/1 1:00,6,76.25,26.14
830,2024/1/1 1:00,6,38.12,13.07
831,2024/1/1 1:00,6,19.06,6.54
832,2024/1/1 1:00,6,9.53,3.27
833,2024/1/1 1:00,6,4.77,1.63
834,2024/1/1 1:00,6,2.38,0.82
835,2024/1/1 1:00,6,1.19,0.41
836,2024/1/1 1:00,6,0.6,0.2
837,2024/1/1 1:00,6,0.15,0.05
838,2024/1/1 1:00,6,0.07,0.03
839,2024/1/1 1:00,6,0.02,0.01
840,2024/1/1 1:00,6,0.01,0
841,2024/1/1 1:00,6,0.01,0
842,2024/1/1 1:00,6,5.51,4.14
843,2024/1/1 1:00,6,11.01,8.28
844,2024/1/1 1:00,6,16.51,12.43
845,2024/1/1 1:00,6,22.01,16.57
846,2024/1/1 1:00,6,27.5,20.71
847,2024/1/1 1:00,6,33,24.85
848,2024/1/1 1:00,6,38.5,29
849,2024/1/1 1:00,6,44,33.14
850,2024/1/1 1:00,6,49.5,37.28
851,2024/1/1 1:00,6,91.5,58.58
852,2024/1/1 1:00,6,45.75,29.29
853,2024/1/1 1:00,6,22.88,14.64
854,2024/1/1 1:00,6,11.44,7.32
855,2024/1/1 1:00,6,5.72,3.66
856,2024/1/1 1:00,6,2.86,1.83
857,2024/1/1 1:00,6,1.43,0.92
858,2024/1/1 1:00,6,0.71,0.46
859,2024/1/1 1:00,6,0.36,0.23
860,2024/1/1 1:00,6,0.18,0.11
861,2024/1/1 1:00,6,0.09,0.06
862,2024/1/1 1:00,6,0.12,0.05
863,2024/1/1 1:00,6,0.08,0.03
864,2024/1/1 1:00,6,22.5,43
865,2024/1/1 1:00,6,11.25,21.5
866,2024/1/1 1:00,6,5.62,10.75
867,2024/1/1 1:00,6,1.88,3.58
868,2024/1/1 1:00,6,0.95,1.8
869,2024/1/1 1:00,6,0.94,1.79
870,2024/1/1 1:00,6,97.33,53.83
871,2024/1/1 1:00,6,48.67,26.92
872,2024/1/1 1:00,6,24.33,13.46
873,2024/1/1 1:00,6,12.17,6.73
874,2024/1/1 1:00,6,6.08,3.36
875,2024/1/1 1:00,6,3.04,1.68
876,2024/1/1 1:00,6,1.52,0.84
877,2024/1/1 1:00,6,0.76,0.42
878,2024/1/1 1:00,6,0.38,0.21
879,2024/1/1 1:00,6,71.69,45.06
880,2024/1/1 1:00,6,71,82.92
881,2024/1/1 1:00,6,36.5,39.42
882,2024/1/1 1:00,6,18.25,19.71
883,2024/1/1 1:00,6,9.12,9.85
884,2024/1/1 1:00,6,4.56,4.93
885,2024/1/1 1:00,6,2.28,2.46
886,2024/1/1 1:00,6,23.64,44.23
887,2024/1/1 1:00,6,52,37.26
888,2024/1/1 1:00,6,26,18.63
889,2024/1/1 1:00,6,13,9.32
890,2024/1/1 1:00,6,6.5,4.66
891,2024/1/1 1:00,6,55.75,40.87
892,2024/1/1 1:00,6,42.5,43.87
893,2024/1/1 1:00,6,21.25,21.94
894,2024/1/1 1:00,6,10.62,10.97
895,2024/1/1 1:00,6,5.31,5.48
896,2024/1/1 1:00,6,34.66,42.18
897,2024/1/1 1:00,6,127.5,23.76
898,2024/1/1 1:00,6,63.75,11.88
899,2024/1/1 1:00,6,31.88,5.94
900,2024/1/1 1:00,6,135.44,42.21
901,2024/1/1 1:00,6,61,38.4
902,2024/1/1 1:00,6,30.5,19.2
903,2024/1/1 1:00,6,15.25,9.6
904,2024/1/1 1:00,6,68.62,32.46
905,2024/1/1 1:00,6,67.5,37.82
906,2024/1/1 1:00,6,33.75,18.91
907,2024/1/1 1:00,6,16.88,9.46
908,2024/1/1 1:00,6,8.44,4.73
909,2024/1/1 1:00,6,4.22,2.36
910,2024/1/1 1:00,6,2.11,1.18
911,2024/1/1 1:00,6,1.05,0.59
912,2024/1/1 1:00,6,92.03,38.84
913,2024/1/1 1:00,6,16,26.82
914,2024/1/1 1:00,6,8,13.41
915,2024/1/1 1:00,6,4,6.7
916,2024/1/1 1:00,6,2,3.35
917,2024/1/1 1:00,6,1,1.68
918,2024/1/1 1:00,6,0.5,0.84
919,2024/1/1 1:00,6,0.25,0.42
920,2024/1/1 1:00,6,35.62,40.47
921,2024/1/1 1:00,6,58.33,30.07
922,2024/1/1 1:00,6,27.58,37.17
923,2024/1/1 1:00,6,13.79,18.59
924,2024/1/1 1:00,6,19.9,35.85
925,2024/1/1 1:00,6,7.5,29.76
926,2024/1/1 1:00,6,3.75,14.88
927,2024/1/1 1:00,6,10.69,31.26
928,2024/1/1 1:00,6,124.9,63.95
929,2024/1/1 1:00,6,2.5,41.1
930,2024/1/1 1:00,6,1.25,20.55
931,2024/1/1 1:00,6,0.62,10.28
932,2024/1/1 1:00,6,0.31,5.14
933,2024/1/1 1:00,6,0.16,2.57
934,2024/1/1 1:00,6,35.5,30.64
935,2024/1/1 1:00,6,17.75,15.32
936,2024/1/1 1:00,6,8.88,7.66
937,2024/1/1 1:00,6,10.44,32.66
938,2024/1/1 1:00,6,39.5,33.03
939,2024/1/1 1:00,6,19.75,16.51
940,2024/1/1 1:00,6,9.88,8.26
941,2024/1/1 1:00,6,50.94,39.71
942,2024/1/1 1:00,6,54,37.42
943,2024/1/1 1:00,6,27,18.71
944,2024/1/1 1:00,6,13.5,9.36
945,2024/1/1 1:00,6,69.25,44.38
946,2024/1/1 1:00,6,61,37.4
947,2024/1/1 1:00,6,30.5,18.7
948,2024/1/1 1:00,6,15.25,9.35
949,2024/1/1 1:00,6,7.62,4.67
950,2024/1/1 1:00,6,3.81,2.34
951,2024/1/1 1:00,6,1.91,1.17
952,2024/1/1 1:00,6,127.95,38.8
953,2024/1/1 1:00,6,82.5,44.18
954,2024/1/1 1:00,6,41.25,22.09
955,2024/1/1 1:00,6,20.62,11.04
956,2024/1/1 1:00,6,10.31,5.52
957,2024/1/1 1:00,6,5.16,2.76
958,2024/1/1 1:00,6,2.58,1.38
959,2024/1/1 1:00,6,140.79,37.72
960,2024/1/1 1:00,6,121.5,31.3
961,2024/1/1 1:00,6,60.75,15.65
962,2024/1/1 1:00,6,30.38,7.83
963,2024/1/1 1:00,6,15.19,3.91
964,2024/1/1 1:00,6,7.59,1.96
965,2024/1/1 1:00,6,3.8,0.98
966,2024/1/1 1:00,6,59.4,23.64
967,2024/1/1 1:00,6,46.5,30.36
968,2024/1/1 1:00,6,23.25,15.18
969,2024/1/1 1:00,6,11.62,7.59
970,2024/1/1 1:00,6,5.81,3.79
971,2024/1/1 1:00,6,2.91,1.9
972,2024/1/1 1:00,6,1.45,0.95
973,2024/1/1 1:00,6,0.73,0.47
974,2024/1/1 1:00,6,84.86,33.66
975,2024/1/1 1:00,6,11,22.06
976,2024/1/1 1:00,6,5.5,11.03
977,2024/1/1 1:00,6,2.75,5.52
978,2024/1/1 1:00,6,1.38,2.76
979,2024/1/1 1:00,6,0.69,1.38
980,2024/1/1 1:00,6,0.34,0.69
981,2024/1/1 1:00,6,32.45,29.2
982,2024/1/1 1:00,6,16.22,14.6
983,2024/1/1 1:00,6,8.11,7.3
984,2024/1/1 1:00,6,4.06,3.65
985,2024/1/1 1:00,6,60.35,55.26
986,2024/1/1 1:00,6,108.5,29.94
987,2024/1/1 1:00,6,54.25,14.97
988,2024/1/1 1:00,6,27.12,7.48
989,2024/1/1 1:00,6,13.56,3.74
990,2024/1/1 1:00,6,170.78,33.57
991,2024/1/1 1:00,6,109.5,30.55
992,2024/1/1 1:00,6,54.75,15.28
993,2024/1/1 1:00,6,27.38,7.64
994,2024/1/1 1:00,6,13.69,3.82
995,2024/1/1 1:00,6,54.23,16.27
996,2024/1/1 1:00,6,151.67,50.97
997,2024/1/1 1:00,6,75.83,25.49
998,2024/1/1 1:00,6,37.92,12.74
999,2024/1/1 1:00,6,30.31,33.64
1000,2024/1/1 1:00,6,18.67,32.52
1001,2024/1/1 1:00,6,9.33,16.26
1002,2024/1/1 1:00,6,4.67,8.13
1003,2024/1/1 1:00,6,2.33,4.07
1004,2024/1/1 1:00,6,1.17,2.03
1005,2024/1/1 1:00,6,114.06,54.76
1006,2024/1/1 1:00,6,138,70.14
2,2024/1/1 1:10,7,56,68.75
3,2024/1/1 1:10,7,73,73.14
4,2024/1/1 1:10,7,81,73.25
5,2024/1/1 1:10,7,58,74.02
6,2024/1/1 1:10,7,61,86.74
7,2024/1/1 1:10,7,79,55.05
8,2024/1/1 1:10,7,82,63.62
9,2024/1/1 1:10,7,67,78.51
10,2024/1/1 1:10,7,114,63.27
11,2024/1/1 1:10,7,184,59
12,2024/1/1 1:10,7,257,61.87
13,2024/1/1 1:10,7,281,53.38
14,2024/1/1 1:10,7,154,64.75
15,2024/1/1 1:10,7,151,72.43
16,2024/1/1 1:10,7,158,58.84
17,2024/1/1 1:10,7,110,70.04
18,2024/1/1 1:10,7,161,63.02
19,2024/1/1 1:10,7,150,59.28
20,2024/1/1 1:10,7,168.5,57.62
21,2024/1/1 1:10,7,187,55.95
22,2024/1/1 1:10,7,141,67.25
23,2024/1/1 1:10,7,126,70.4
24,2024/1/1 1:10,7,219,44.09
25,2024/1/1 1:10,7,189,77.47
26,2024/1/1 1:10,7,180,75.02
27,2024/1/1 1:10,7,223,82.58
28,2024/1/1 1:10,7,228,84.09
29,2024/1/1 1:10,7,181,85.28
30,2024/1/1 1:10,7,176,70.77
31,2024/1/1 1:10,7,149,81.36
32,2024/1/1 1:10,7,122,91.96
33,2024/1/1 1:10,7,128,93.48
34,2024/1/1 1:10,7,122,91.46
35,2024/1/1 1:10,7,123,72.87
36,2024/1/1 1:10,7,130,92.78
37,2024/1/1 1:10,7,135,80.19
38,2024/1/1 1:10,7,92,56.63
39,2024/1/1 1:10,7,81.5,61.87
40,2024/1/1 1:10,7,71,67.11
41,2024/1/1 1:10,7,62,45.6
42,2024/1/1 1:10,7,83.5,47.18
43,2024/1/1 1:10,7,105,48.75
44,2024/1/1 1:10,7,100,62.04
45,2024/1/1 1:10,7,64,69.81
46,2024/1/1 1:10,7,66,69.45
47,2024/1/1 1:10,7,66,66.14
48,2024/1/1 1:10,7,75,68.92
49,2024/1/1 1:10,7,61,78.34
50,2024/1/1 1:10,7,126,63.42
51,2024/1/1 1:10,7,165,44.96
52,2024/1/1 1:10,7,138,73.25
53,2024/1/1 1:10,7,86,71.66
54,2024/1/1 1:10,7,110,80.49
55,2024/1/1 1:10,7,82,58.09
56,2024/1/1 1:10,7,88,77.92
57,2024/1/1 1:10,7,73,79.25
58,2024/1/1 1:10,7,102,53.64
59,2024/1/1 1:10,7,72,75.71
60,2024/1/1 1:10,7,55,72.89
61,2024/1/1 1:10,7,49,86.84
62,2024/1/1 1:10,7,47,67.43
63,2024/1/1 1:10,7,107,85.62
64,2024/1/1 1:10,7,127,95.62
65,2024/1/1 1:10,7,157,95.01
66,2024/1/1 1:10,7,166,103.44
67,2024/1/1 1:10,7,161,102.19
68,2024/1/1 1:10,7,158,97.83
69,2024/1/1 1:10,7,115,93.03
70,2024/1/1 1:10,7,102,94.53
71,2024/1/1 1:10,7,100,89.52
72,2024/1/1 1:10,7,95,80.49
73,2024/1/1 1:10,7,75,82.21
74,2024/1/1 1:10,7,100,90.13
75,2024/1/1 1:10,7,138,78.7
76,2024/1/1 1:10,7,101,88.34
77,2024/1/1 1:10,7,165,93.76
78,2024/1/1 1:10,7,162,83.93
79,2024/1/1 1:10,7,152,88.38
80,2024/1/1 1:10,7,159,95.68
81,2024/1/1 1:10,7,76,78.89
82,2024/1/1 1:10,7,76,77.13
83,2024/1/1 1:10,7,126,94.15
84,2024/1/1 1:10,7,94,78.7
85,2024/1/1 1:10,7,60,79.38
86,2024/1/1 1:10,7,48.5,77.12
87,2024/1/1 1:10,7,37,74.86
88,2024/1/1 1:10,7,74,83.57
89,2024/1/1 1:10,7,68,104.22
90,2024/1/1 1:10,7,111,92.49
91,2024/1/1 1:10,7,154,80.76
92,2024/1/1 1:10,7,165,97.07
93,2024/1/1 1:10,7,166,107.56
94,2024/1/1 1:10,7,173,95.84
95,2024/1/1 1:10,7,176,88.6
96,2024/1/1 1:10,7,143,82.91
97,2024/1/1 1:10,7,138,75.7
98,2024/1/1 1:10,7,160,85.62
99,2024/1/1 1:10,7,53,96.34
100,2024/1/1 1:10,7,48,68.81
101,2024/1/1 1:10,7,17,59.94
102,2024/1/1 1:10,7,128,79.5
103,2024/1/1 1:10,7,121,94.48
104,2024/1/1 1:10,7,114,109.47
105,2024/1/1 1:10,7,127,99.28
106,2024/1/1 1:10,7,221,106.14
107,2024/1/1 1:10,7,200,99.92
108,2024/1/1 1:10,7,208,102.4
109,2024/1/1 1:10,7,225,91.31
110,2024/1/1 1:10,7,225,99.94
111,2024/1/1 1:10,7,154,93.06
112,2024/1/1 1:10,7,136,117.68
113,2024/1/1 1:10,7,106,88.22
114,2024/1/1 1:10,7,84,91.32
115,2024/1/1 1:10,7,107,92.41
116,2024/1/1 1:10,7,104,98.8
117,2024/1/1 1:10,7,97,109.86
118,2024/1/1 1:10,7,109,96.99
119,2024/1/1 1:10,7,99,102.96
120,2024/1/1 1:10,7,99,118.24
121,2024/1/1 1:10,7,94,112.35
122,2024/1/1 1:10,7,44,110.95
123,2024/1/1 1:10,7,36,118.86
124,2024/1/1 1:10,7,47,88.64
125,2024/1/1 1:10,7,89,112.29
126,2024/1/1 1:10,7,63,100.9
127,2024/1/1 1:10,7,71,96.55
128,2024/1/1 1:10,7,124,119.79
129,2024/1/1 1:10,7,130,119
130,2024/1/1 1:10,7,122,112.63
131,2024/1/1 1:10,7,137,105.34
132,2024/1/1 1:10,7,137,99.92
133,2024/1/1 1:10,7,62,93.58
134,2024/1/1 1:10,7,88,91.32
135,2024/1/1 1:10,7,24,73.54
136,2024/1/1 1:10,7,27,92.37
137,2024/1/1 1:10,7,30,76.97
138,2024/1/1 1:10,7,86,84.44
139,2024/1/1 1:10,7,105,79.45
140,2024/1/1 1:10,7,194,82.35
141,2024/1/1 1:10,7,181,84.13
142,2024/1/1 1:10,7,125,90.1
143,2024/1/1 1:10,7,123,75.07
144,2024/1/1 1:10,7,216,77.02
145,2024/1/1 1:10,7,117,68.94
146,2024/1/1 1:10,7,117,77.84
147,2024/1/1 1:10,7,110,89.4
148,2024/1/1 1:10,7,110,84.73
149,2024/1/1 1:10,7,73,71.19
150,2024/1/1 1:10,7,81,74.42
151,2024/1/1 1:10,7,85,59.96
152,2024/1/1 1:10,7,81,77.3
153,2024/1/1 1:10,7,20,70.5
154,2024/1/1 1:10,7,21,77.71
155,2024/1/1 1:10,7,62,86.94
156,2024/1/1 1:10,7,93,88.27
157,2024/1/1 1:10,7,11,46.73
158,2024/1/1 1:10,7,16,58.69
159,2024/1/1 1:10,7,40,72.6
160,2024/1/1 1:10,7,48,84.9
161,2024/1/1 1:10,7,59,42.63
162,2024/1/1 1:10,7,58,78.91
163,2024/1/1 1:10,7,44,74.25
164,2024/1/1 1:10,7,83,62.84
165,2024/1/1 1:10,7,90,79.97
166,2024/1/1 1:10,7,113,74.7
167,2024/1/1 1:10,7,15,69.27
168,2024/1/1 1:10,7,156,75.26
169,2024/1/1 1:10,7,95,75.46
170,2024/1/1 1:10,7,144,88.55
171,2024/1/1 1:10,7,169,85.25
172,2024/1/1 1:10,7,128,86.85
173,2024/1/1 1:10,7,150,88.47
174,2024/1/1 1:10,7,207,77.64
175,2024/1/1 1:10,7,171,65.74
176,2024/1/1 1:10,7,30,85.13
177,2024/1/1 1:10,7,43,88.12
178,2024/1/1 1:10,7,70,78.22
179,2024/1/1 1:10,7,97,68.32
180,2024/1/1 1:10,7,63,67.04
181,2024/1/1 1:10,7,29,65.76
182,2024/1/1 1:10,7,72,64.03
183,2024/1/1 1:10,7,125,69.87
184,2024/1/1 1:10,7,117,51.74
185,2024/1/1 1:10,7,125,56.18
186,2024/1/1 1:10,7,133,60.62
187,2024/1/1 1:10,7,141,65.06
188,2024/1/1 1:10,7,84,71.48
189,2024/1/1 1:10,7,87,69.6
190,2024/1/1 1:10,7,147,73.97
191,2024/1/1 1:10,7,132,62.58
192,2024/1/1 1:10,7,126.5,72.39
193,2024/1/1 1:10,7,121,82.2
194,2024/1/1 1:10,7,139,66.96
195,2024/1/1 1:10,7,99,58.22
196,2024/1/1 1:10,7,143,73.77
197,2024/1/1 1:10,7,141,83.38
198,2024/1/1 1:10,7,197,83.74
199,2024/1/1 1:10,7,159,82.07
200,2024/1/1 1:10,7,123,75.59
201,2024/1/1 1:10,7,160,80.14
202,2024/1/1 1:10,7,187,60.17
203,2024/1/1 1:10,7,142,59.2
204,2024/1/1 1:10,7,122,70.75
205,2024/1/1 1:10,7,129,89.53
206,2024/1/1 1:10,7,73,85.79
207,2024/1/1 1:10,7,90,79.23
208,2024/1/1 1:10,7,98,70.73
209,2024/1/1 1:10,7,93,83.67
210,2024/1/1 1:10,7,43,83.77
211,2024/1/1 1:10,7,33,83.39
212,2024/1/1 1:10,7,86,84.44
213,2024/1/1 1:10,7,78,83.42
214,2024/1/1 1:10,7,147,78.52
215,2024/1/1 1:10,7,114,83.96
216,2024/1/1 1:10,7,123,79.65
217,2024/1/1 1:10,7,120,87.57
218,2024/1/1 1:10,7,113,85.66
219,2024/1/1 1:10,7,123,82.8
220,2024/1/1 1:10,7,85,80.07
221,2024/1/1 1:10,7,73,75.52
222,2024/1/1 1:10,7,54,74.26
223,2024/1/1 1:10,7,66,66.73
224,2024/1/1 1:10,7,60,66.88
225,2024/1/1 1:10,7,71,84.61
226,2024/1/1 1:10,7,73,63.99
227,2024/1/1 1:10,7,58,71.14
228,2024/1/1 1:10,7,50,61.58
229,2024/1/1 1:10,7,55,65.42
230,2024/1/1 1:10,7,67,65.94
231,2024/1/1 1:10,7,30,83.27
232,2024/1/1 1:10,7,81,74.27
233,2024/1/1 1:10,7,132,65.26
234,2024/1/1 1:10,7,183,56.26
235,2024/1/1 1:10,7,206,61.66
236,2024/1/1 1:10,7,110,41.8
237,2024/1/1 1:10,7,18,71.22
238,2024/1/1 1:10,7,17,69.18
239,2024/1/1 1:10,7,25.5,62.53
240,2024/1/1 1:10,7,34,55.88
241,2024/1/1 1:10,7,1,16
242,2024/1/1 1:10,7,26,76.38
243,2024/1/1 1:10,7,127,75.57
244,2024/1/1 1:10,7,121,67.83
245,2024/1/1 1:10,7,182,63.44
246,2024/1/1 1:10,7,145,56.62
247,2024/1/1 1:10,7,123,53.64
248,2024/1/1 1:10,7,101,50.65
249,2024/1/1 1:10,7,98,61.77
250,2024/1/1 1:10,7,85,75.68
251,2024/1/1 1:10,7,96,65.09
252,2024/1/1 1:10,7,115,62.66
253,2024/1/1 1:10,7,221,70.99
254,2024/1/1 1:10,7,147,64.72
255,2024/1/1 1:10,7,163,65.44
256,2024/1/1 1:10,7,179,66.16
257,2024/1/1 1:10,7,144,60.87
258,2024/1/1 1:10,7,174,77.24
259,2024/1/1 1:10,7,188,71.53
260,2024/1/1 1:10,7,185,72.08
261,2024/1/1 1:10,7,112,61.07
262,2024/1/1 1:10,7,163,75.96
263,2024/1/1 1:10,7,150,57.03
264,2024/1/1 1:10,7,134,73.26
265,2024/1/1 1:10,7,143,62.03
266,2024/1/1 1:10,7,152,72.21
267,2024/1/1 1:10,7,143,50.24
268,2024/1/1 1:10,7,185,71.05
269,2024/1/1 1:10,7,190,75.85
270,2024/1/1 1:10,7,173,79.64
271,2024/1/1 1:10,7,164,76.44
272,2024/1/1 1:10,7,155,73.23
273,2024/1/1 1:10,7,63,68.37
274,2024/1/1 1:10,7,141,66.26
275,2024/1/1 1:10,7,137,67.13
276,2024/1/1 1:10,7,157,71.97
277,2024/1/1 1:10,7,160.5,72.3
278,2024/1/1 1:10,7,164,72.62
279,2024/1/1 1:10,7,160,70.5
280,2024/1/1 1:10,7,156,68.38
281,2024/1/1 1:10,7,156,60.94
282,2024/1/1 1:10,7,150,65.45
283,2024/1/1 1:10,7,156,63.3
284,2024/1/1 1:10,7,145,69.49
285,2024/1/1 1:10,7,213,65.27
286,2024/1/1 1:10,7,225,71.88
287,2024/1/1 1:10,7,193,72.08
288,2024/1/1 1:10,7,161,72.28
289,2024/1/1 1:10,7,135,61.33
290,2024/1/1 1:10,7,168,68.14
291,2024/1/1 1:10,7,182,64.91
292,2024/1/1 1:10,7,157,62.61
293,2024/1/1 1:10,7,149,77.55
294,2024/1/1 1:10,7,117,71.41
295,2024/1/1 1:10,7,140,64.2
296,2024/1/1 1:10,7,117,54.81
297,2024/1/1 1:10,7,133,61.35
298,2024/1/1 1:10,7,147,46.56
299,2024/1/1 1:10,7,128.5,46.82
300,2024/1/1 1:10,7,110,47.08
301,2024/1/1 1:10,7,227,67.23
302,2024/1/1 1:10,7,167,72.29
303,2024/1/1 1:10,7,172,75.17
304,2024/1/1 1:10,7,105.5,60.16
305,2024/1/1 1:10,7,39,45.15
306,2024/1/1 1:10,7,115,74.61
307,2024/1/1 1:10,7,95,103.57
308,2024/1/1 1:10,7,101,92.26
309,2024/1/1 1:10,7,96,106.81
310,2024/1/1 1:10,7,105,94.5
311,2024/1/1 1:10,7,113,106.96
312,2024/1/1 1:10,7,125,117.47
313,2024/1/1 1:10,7,117,113.57
314,2024/1/1 1:10,7,121,109.02
315,2024/1/1 1:10,7,113,95.58
316,2024/1/1 1:10,7,115,90.81
317,2024/1/1 1:10,7,63,87.67
318,2024/1/1 1:10,7,66,96.44
319,2024/1/1 1:10,7,65,99.68
320,2024/1/1 1:10,7,72,99.93
321,2024/1/1 1:10,7,57,117.74
322,2024/1/1 1:10,7,67,105.94
323,2024/1/1 1:10,7,84,99.29
324,2024/1/1 1:10,7,72,95.69
325,2024/1/1 1:10,7,13,72.46
326,2024/1/1 1:10,7,15,105.27
327,2024/1/1 1:10,7,11,98.36
328,2024/1/1 1:10,7,42,95.9
329,2024/1/1 1:10,7,21.5,53.45
330,2024/1/1 1:10,7,1,11
331,2024/1/1 1:10,7,33,100.45
332,2024/1/1 1:10,7,94,91.97
333,2024/1/1 1:10,7,85,101.59
334,2024/1/1 1:10,7,87,105.53
335,2024/1/1 1:10,7,85,106.64
336,2024/1/1 1:10,7,70,93.21
337,2024/1/1 1:10,7,64,91.89
338,2024/1/1 1:10,7,73,101.26
339,2024/1/1 1:10,7,71,90.04
340,2024/1/1 1:10,7,75,99.49
341,2024/1/1 1:10,7,98,98.83
342,2024/1/1 1:10,7,109,104.35
343,2024/1/1 1:10,7,119,107.88
344,2024/1/1 1:10,7,117,109.09
345,2024/1/1 1:10,7,107,108.59
346,2024/1/1 1:10,7,113,105.51
347,2024/1/1 1:10,7,107,106.12
348,2024/1/1 1:10,7,114,100.03
349,2024/1/1 1:10,7,93,89.57
350,2024/1/1 1:10,7,111,94.09
351,2024/1/1 1:10,7,32,85.28
352,2024/1/1 1:10,7,29,69.34
353,2024/1/1 1:10,7,33,75.18
354,2024/1/1 1:10,7,29,67.34
355,2024/1/1 1:10,7,22,78.14
356,2024/1/1 1:10,7,65,70.15
357,2024/1/1 1:10,7,47,77
358,2024/1/1 1:10,7,53,81.3
359,2024/1/1 1:10,7,80,73.36
360,2024/1/1 1:10,7,87,78.08
361,2024/1/1 1:10,7,67,80.39
362,2024/1/1 1:10,7,65,89.31
363,2024/1/1 1:10,7,145,77.16
364,2024/1/1 1:10,7,225,65.01
365,2024/1/1 1:10,7,205,71.52
366,2024/1/1 1:10,7,185,78.02
367,2024/1/1 1:10,7,165,84.53
368,2024/1/1 1:10,7,314,79.28
369,2024/1/1 1:10,7,288,80.44
370,2024/1/1 1:10,7,262,81.59
371,2024/1/1 1:10,7,233,73.23
372,2024/1/1 1:10,7,207,87.28
373,2024/1/1 1:10,7,112,98.12
374,2024/1/1 1:10,7,90,102.78
375,2024/1/1 1:10,7,85,91.84
376,2024/1/1 1:10,7,71,93.77
377,2024/1/1 1:10,7,90,105.86
378,2024/1/1 1:10,7,95,96.15
379,2024/1/1 1:10,7,101,86.96
380,2024/1/1 1:10,7,53,83.49
381,2024/1/1 1:10,7,52,95.75
382,2024/1/1 1:10,7,62,78.24
383,2024/1/1 1:10,7,10,89.2
384,2024/1/1 1:10,7,8,25.12
385,2024/1/1 1:10,7,48,80.85
386,2024/1/1 1:10,7,36,68.72
387,2024/1/1 1:10,7,51,66.2
388,2024/1/1 1:10,7,132,74.45
389,2024/1/1 1:10,7,130,93.57
390,2024/1/1 1:10,7,136,104.01
391,2024/1/1 1:10,7,146,78.18
392,2024/1/1 1:10,7,102,102.41
393,2024/1/1 1:10,7,95,113.88
394,2024/1/1 1:10,7,90,109.52
395,2024/1/1 1:10,7,99,101.39
396,2024/1/1 1:10,7,51,92.53
397,2024/1/1 1:10,7,3,83.67
398,2024/1/1 1:10,7,2,78
399,2024/1/1 1:10,7,2,62
400,2024/1/1 1:10,7,5,67.2
401,2024/1/1 1:10,7,5,55.6
402,2024/1/1 1:10,7,8,87.88
403,2024/1/1 1:10,7,4,74.5
404,2024/1/1 1:10,7,3,76.67
405,2024/1/1 1:10,7,1,81
406,2024/1/1 1:10,7,1,70
407,2024/1/1 1:10,7,1,93
408,2024/1/1 1:10,7,1,92
409,2024/1/1 1:10,7,4,90.5
410,2024/1/1 1:10,7,2,58
411,2024/1/1 1:10,7,3,
412,2024/1/1 1:10,7,0,
413,2024/1/1 1:10,7,3,112.67
414,2024/1/1 1:10,7,2,107
415,2024/1/1 1:10,7,26,78.27
416,2024/1/1 1:10,7,14.5,87.47
417,2024/1/1 1:10,7,3,96.67
418,2024/1/1 1:10,7,4,101.5
419,2024/1/1 1:10,7,1,52
420,2024/1/1 1:10,7,5,103
421,2024/1/1 1:10,7,5,92.4
422,2024/1/1 1:10,7,1,101
423,2024/1/1 1:10,7,3,81
424,2024/1/1 1:10,7,1,96
425,2024/1/1 1:10,7,2,70.5
426,2024/1/1 1:10,7,4,79.5
427,2024/1/1 1:10,7,5,90.4
428,2024/1/1 1:10,7,3,92.33
429,2024/1/1 1:10,7,3,80.33
430,2024/1/1 1:10,7,3,72.67
431,2024/1/1 1:10,7,4,
432,2024/1/1 1:10,7,2,
433,2024/1/1 1:10,7,0,
434,2024/1/1 1:10,7,47.33,
435,2024/1/1 1:10,7,94.67,
436,2024/1/1 1:10,7,142,78.83
437,2024/1/1 1:10,7,52,70.12
438,2024/1/1 1:10,7,65,81.28
439,2024/1/1 1:10,7,60.5,84.63
440,2024/1/1 1:10,7,56,87.98
441,2024/1/1 1:10,7,65,66.82
442,2024/1/1 1:10,7,94,69.91
443,2024/1/1 1:10,7,104,68.86
444,2024/1/1 1:10,7,114,67.82
445,2024/1/1 1:10,7,124,66.77
446,2024/1/1 1:10,7,122,60.32
447,2024/1/1 1:10,7,142,57.32
448,2024/1/1 1:10,7,109,74.65
449,2024/1/1 1:10,7,55,85.31
450,2024/1/1 1:10,7,46,80.61
451,2024/1/1 1:10,7,91,67.19
452,2024/1/1 1:10,7,80,78.49
453,2024/1/1 1:10,7,104,87.55
454,2024/1/1 1:10,7,124,77.46
455,2024/1/1 1:10,7,51,63.12
456,2024/1/1 1:10,7,117,69.28
457,2024/1/1 1:10,7,77,88.45
458,2024/1/1 1:10,7,66,76.12
459,2024/1/1 1:10,7,60,80.97
460,2024/1/1 1:10,7,59,93.97
461,2024/1/1 1:10,7,53,94
462,2024/1/1 1:10,7,51.5,97.7
463,2024/1/1 1:10,7,50,101.4
464,2024/1/1 1:10,7,20,81.5
465,2024/1/1 1:10,7,28,86.21
466,2024/1/1 1:10,7,75,84.57
467,2024/1/1 1:10,7,122,82.93
468,2024/1/1 1:10,7,126,78.06
469,2024/1/1 1:10,7,142,68.63
470,2024/1/1 1:10,7,145.5,75.13
471,2024/1/1 1:10,7,149,81.64
472,2024/1/1 1:10,7,52,83.17
473,2024/1/1 1:10,7,53,80.17
474,2024/1/1 1:10,7,52,74.73
475,2024/1/1 1:10,7,63,76.21
476,2024/1/1 1:10,7,51,79.51
477,2024/1/1 1:10,7,55,85.49
478,2024/1/1 1:10,7,145,67.63
479,2024/1/1 1:10,7,148,91.03
480,2024/1/1 1:10,7,158,75.27
481,2024/1/1 1:10,7,142,69.42
482,2024/1/1 1:10,7,140,72.9
483,2024/1/1 1:10,7,158,66.04
484,2024/1/1 1:10,7,130,67.25
485,2024/1/1 1:10,7,1301,7.56
486,2024/1/1 1:10,7,306,85.06
487,2024/1/1 1:10,7,295,77.68
488,2024/1/1 1:10,7,293,71.9
489,2024/1/1 1:10,7,278,77.76
490,2024/1/1 1:10,7,263,83.62
491,2024/1/1 1:10,7,244,84.12
492,2024/1/1 1:10,7,248,81.53
493,2024/1/1 1:10,7,249,75.22
494,2024/1/1 1:10,7,280,96.34
495,2024/1/1 1:10,7,292,85.87
496,2024/1/1 1:10,7,279,78.18
497,2024/1/1 1:10,7,271,89.53
498,2024/1/1 1:10,7,257,92.64
499,2024/1/1 1:10,7,244,78.52
500,2024/1/1 1:10,7,235,85.68
501,2024/1/1 1:10,7,226,92.83
502,2024/1/1 1:10,7,243,76.26
503,2024/1/1 1:10,7,212,78.55
504,2024/1/1 1:10,7,229,76.79
505,2024/1/1 1:10,7,224,79.5
506,2024/1/1 1:10,7,238.4,76
507,2024/1/1 1:10,7,252.8,72.49
508,2024/1/1 1:10,7,267.2,68.99
509,2024/1/1 1:10,7,281.6,65.48
510,2024/1/1 1:10,7,296,61.98
511,2024/1/1 1:10,7,273,70.47
512,2024/1/1 1:10,7,238,53.27
513,2024/1/1 1:10,7,259,61.45
514,2024/1/1 1:10,7,216,83.07
515,2024/1/1 1:10,7,206,75.81
516,2024/1/1 1:10,7,221,86.92
517,2024/1/1 1:10,7,223,84.39
518,2024/1/1 1:10,7,225,81.86
519,2024/1/1 1:10,7,214.5,81.05
520,2024/1/1 1:10,7,204,80.24
521,2024/1/1 1:10,7,207,95.28
522,2024/1/1 1:10,7,191,68.14
523,2024/1/1 1:10,7,183,78.03
524,2024/1/1 1:10,7,175,87.91
525,2024/1/1 1:10,7,163,79.75
526,2024/1/1 1:10,7,162,70.43
527,2024/1/1 1:10,7,95,80.59
528,2024/1/1 1:10,7,115,78.3
529,2024/1/1 1:10,7,135,76.01
530,2024/1/1 1:10,7,155,73.72
531,2024/1/1 1:10,7,134,89.84
532,2024/1/1 1:10,7,160.5,87.74
533,2024/1/1 1:10,7,187,85.63
534,2024/1/1 1:10,7,188,73.13
535,2024/1/1 1:10,7,148,97.96
536,2024/1/1 1:10,7,136,92.01
537,2024/1/1 1:10,7,141,90.38
538,2024/1/1 1:10,7,147,87.64
539,2024/1/1 1:10,7,148.4,88.24
540,2024/1/1 1:10,7,149.8,88.85
541,2024/1/1 1:10,7,151.2,89.45
542,2024/1/1 1:10,7,152.6,90.06
543,2024/1/1 1:10,7,154,90.66
544,2024/1/1 1:10,7,115,91.1
545,2024/1/1 1:10,7,76,91.55
546,2024/1/1 1:10,7,86.5,82.51
547,2024/1/1 1:10,7,97,73.47
548,2024/1/1 1:10,7,124,79.79
549,2024/1/1 1:10,7,128,83.91
550,2024/1/1 1:10,7,128,84.18
551,2024/1/1 1:10,7,118,64.36
552,2024/1/1 1:10,7,112,74.81
553,2024/1/1 1:10,7,67,76.67
554,2024/1/1 1:10,7,68,71.53
555,2024/1/1 1:10,7,75,79.84
556,2024/1/1 1:10,7,104,74.21
557,2024/1/1 1:10,7,124,73.46
558,2024/1/1 1:10,7,77,74.92
559,2024/1/1 1:10,7,68,86.38
560,2024/1/1 1:10,7,107,85.62
561,2024/1/1 1:10,7,115,89.6
562,2024/1/1 1:10,7,123,93.59
563,2024/1/1 1:10,7,123,83.59
564,2024/1/1 1:10,7,112,80.53
565,2024/1/1 1:10,7,101,77.46
566,2024/1/1 1:10,7,92,81.89
567,2024/1/1 1:10,7,105.5,83.74
568,2024/1/1 1:10,7,119,85.6
569,2024/1/1 1:10,7,104,84.02
570,2024/1/1 1:10,7,102.33,81.48
571,2024/1/1 1:10,7,100.67,78.93
572,2024/1/1 1:10,7,99,76.39
573,2024/1/1 1:10,7,100,74.17
574,2024/1/1 1:10,7,98.5,74.59
575,2024/1/1 1:10,7,97,75.01
576,2024/1/1 1:10,7,78,87.26
577,2024/1/1 1:10,7,88,85.17
578,2024/1/1 1:10,7,98,83.08
579,2024/1/1 1:10,7,108,80.99
580,2024/1/1 1:10,7,102.33,83.52
581,2024/1/1 1:10,7,96.67,86.06
582,2024/1/1 1:10,7,91,88.59
583,2024/1/1 1:10,7,115,81.34
584,2024/1/1 1:10,7,139,74.1
585,2024/1/1 1:10,7,167,58.82
586,2024/1/1 1:10,7,183,82.48
587,2024/1/1 1:10,7,141,81.98
588,2024/1/1 1:10,7,99,81.49
589,2024/1/1 1:10,7,91,87.19
590,2024/1/1 1:10,7,107.5,80.47
591,2024/1/1 1:10,7,124,73.75
592,2024/1/1 1:10,7,120,82.51
593,2024/1/1 1:10,7,116,91.27
594,2024/1/1 1:10,7,128,81.46
595,2024/1/1 1:10,7,140,71.65
596,2024/1/1 1:10,7,126,82.29
597,2024/1/1 1:10,7,127,79.92
598,2024/1/1 1:10,7,128,77.55
599,2024/1/1 1:10,7,72,81.6
600,2024/1/1 1:10,7,102,88.07
601,2024/1/1 1:10,7,104,85.62
602,2024/1/1 1:10,7,132,85.48
603,2024/1/1 1:10,7,91,64.46
604,2024/1/1 1:10,7,80,92.17
605,2024/1/1 1:10,7,100,90.17
606,2024/1/1 1:10,7,120,88.17
607,2024/1/1 1:10,7,115,82.98
608,2024/1/1 1:10,7,110,77.79
609,2024/1/1 1:10,7,87,90.32
610,2024/1/1 1:10,7,115,87.26
611,2024/1/1 1:10,7,113,79.96
612,2024/1/1 1:10,7,110,88.92
613,2024/1/1 1:10,7,107,97.87
614,2024/1/1 1:10,7,111,98.29
615,2024/1/1 1:10,7,112,92.88
616,2024/1/1 1:10,7,110,85.86
617,2024/1/1 1:10,7,106,81.38
618,2024/1/1 1:10,7,55,89.73
619,2024/1/1 1:10,7,81,85.97
620,2024/1/1 1:10,7,107,82.21
621,2024/1/1 1:10,7,121,80.72
622,2024/1/1 1:10,7,135,79.22
623,2024/1/1 1:10,7,118.5,84.7
624,2024/1/1 1:10,7,102,90.18
625,2024/1/1 1:10,7,55,48.42
626,2024/1/1 1:10,7,62,67.58
627,2024/1/1 1:10,7,43,50.77
628,2024/1/1 1:10,7,24,33.96
629,2024/1/1 1:10,7,30,62.2
630,2024/1/1 1:10,7,25,51.6
631,2024/1/1 1:10,7,28,80.04
632,2024/1/1 1:10,7,21,34.29
633,2024/1/1 1:10,7,15,45.27
634,2024/1/1 1:10,7,57,58.14
635,2024/1/1 1:10,7,47,63.23
636,2024/1/1 1:10,7,25,65.92
637,2024/1/1 1:10,7,34,57
638,2024/1/1 1:10,7,43,48.07
639,2024/1/1 1:10,7,54,50.74
640,2024/1/1 1:10,7,56,54.18
641,2024/1/1 1:10,7,42,74.67
642,2024/1/1 1:10,7,41,51.54
643,2024/1/1 1:10,7,38,53.32
644,2024/1/1 1:10,7,45,52.56
645,2024/1/1 1:10,7,25,65.12
646,2024/1/1 1:10,7,22,83.55
647,2024/1/1 1:10,7,17.5,76.32
648,2024/1/1 1:10,7,13,69.08
649,2024/1/1 1:10,7,12,79.83
650,2024/1/1 1:10,7,11,65.55
651,2024/1/1 1:10,7,12,61.42
652,2024/1/1 1:10,7,14,57.43
653,2024/1/1 1:10,7,18,55.22
654,2024/1/1 1:10,7,22,53
655,2024/1/1 1:10,7,200,37.95
656,2024/1/1 1:10,7,200.75,41.72
657,2024/1/1 1:10,7,201.5,45.5
658,2024/1/1 1:10,7,202.25,49.28
659,2024/1/1 1:10,7,203,53.05
660,2024/1/1 1:10,7,105.5,69.22
661,2024/1/1 1:10,7,8,85.38
662,2024/1/1 1:10,7,32,61.03
663,2024/1/1 1:10,7,24,78.08
664,2024/1/1 1:10,7,63.5,74.09
665,2024/1/1 1:10,7,103,70.09
666,2024/1/1 1:10,7,111.5,69.4
667,2024/1/1 1:10,7,120,68.72
668,2024/1/1 1:10,7,60,56.97
669,2024/1/1 1:10,7,89,59.84
670,2024/1/1 1:10,7,75.5,65.84
671,2024/1/1 1:10,7,62,71.84
672,2024/1/1 1:10,7,78,59.54
673,2024/1/1 1:10,7,119,76.27
674,2024/1/1 1:10,7,56,67.68
675,2024/1/1 1:10,7,103,61.7
676,2024/1/1 1:10,7,65,69.38
677,2024/1/1 1:10,7,61.67,70.1
678,2024/1/1 1:10,7,58.33,70.83
679,2024/1/1 1:10,7,55,71.55
680,2024/1/1 1:10,7,57,79.63
681,2024/1/1 1:10,7,65,71
682,2024/1/1 1:10,7,37,86.46
683,2024/1/1 1:10,7,37,98.62
684,2024/1/1 1:10,7,45,86.49
685,2024/1/1 1:10,7,47,78.68
686,2024/1/1 1:10,7,42,81.76
687,2024/1/1 1:10,7,35.5,77.66
688,2024/1/1 1:10,7,29,73.55
689,2024/1/1 1:10,7,140,76.46
690,2024/1/1 1:10,7,172,64.68
691,2024/1/1 1:10,7,123,59.13
692,2024/1/1 1:10,7,102,82.71
693,2024/1/1 1:10,7,66,75.18
694,2024/1/1 1:10,7,36,67.31
695,2024/1/1 1:10,7,28,49.04
696,2024/1/1 1:10,7,48,68.33
697,2024/1/1 1:10,7,22,74.64
698,2024/1/1 1:10,7,35.5,66.93
699,2024/1/1 1:10,7,49,59.22
700,2024/1/1 1:10,7,43.5,59.46
701,2024/1/1 1:10,7,38,59.71
702,2024/1/1 1:10,7,68.33,64.7
703,2024/1/1 1:10,7,98.67,69.7
704,2024/1/1 1:10,7,129,74.69
705,2024/1/1 1:10,7,104,72.63
706,2024/1/1 1:10,7,79,70.57
707,2024/1/1 1:10,7,65,77.91
708,2024/1/1 1:10,7,74,81.07
709,2024/1/1 1:10,7,64,79.65
710,2024/1/1 1:10,7,54,78.22
711,2024/1/1 1:10,7,44,76.8
712,2024/1/1 1:10,7,42,54.5
713,2024/1/1 1:10,7,43,51.48
714,2024/1/1 1:10,7,44,48.45
715,2024/1/1 1:10,7,46,81.48
716,2024/1/1 1:10,7,22,55.32
717,2024/1/1 1:10,7,22,54
718,2024/1/1 1:10,7,21,29.86
719,2024/1/1 1:10,7,45,54.53
720,2024/1/1 1:10,7,23,51.52
721,2024/1/1 1:10,7,15,51.8
722,2024/1/1 1:10,7,20.33,57.72
723,2024/1/1 1:10,7,25.67,63.63
724,2024/1/1 1:10,7,31,69.55
725,2024/1/1 1:10,7,38,65.76
726,2024/1/1 1:10,7,55,96.89
727,2024/1/1 1:10,7,42,81.38
728,2024/1/1 1:10,7,45,84.18
729,2024/1/1 1:10,7,59,50.07
730,2024/1/1 1:10,7,47,46.92
731,2024/1/1 1:10,7,35,43.77
732,2024/1/1 1:10,7,46,81.61
733,2024/1/1 1:10,7,56,61.11
734,2024/1/1 1:10,7,62,52.56
735,2024/1/1 1:10,7,60,90.3
736,2024/1/1 1:10,7,81,83.38
737,2024/1/1 1:10,7,58,54.14
738,2024/1/1 1:10,7,71,37.79
739,2024/1/1 1:10,7,31,52.58
740,2024/1/1 1:10,7,32,68.59
741,2024/1/1 1:10,7,19,72.71
742,2024/1/1 1:10,7,6,76.83
743,2024/1/1 1:10,7,6,75.48
744,2024/1/1 1:10,7,6,74.13
745,2024/1/1 1:10,7,6,72.78
746,2024/1/1 1:10,7,6,71.43
747,2024/1/1 1:10,7,6,70.07
748,2024/1/1 1:10,7,6,68.72
749,2024/1/1 1:10,7,6,67.37
750,2024/1/1 1:10,7,6,66.02
751,2024/1/1 1:10,7,6,64.67
752,2024/1/1 1:10,7,6.35,65.86
753,2024/1/1 1:10,7,6.71,67.05
754,2024/1/1 1:10,7,7.06,68.24
755,2024/1/1 1:10,7,7.41,69.43
756,2024/1/1 1:10,7,7.76,70.63
757,2024/1/1 1:10,7,8.12,71.82
758,2024/1/1 1:10,7,8.47,73.01
759,2024/1/1 1:10,7,8.82,74.2
760,2024/1/1 1:10,7,9.18,75.39
761,2024/1/1 1:10,7,9.53,76.58
762,2024/1/1 1:10,7,9.88,77.77
763,2024/1/1 1:10,7,10.24,78.96
764,2024/1/1 1:10,7,10.59,80.16
765,2024/1/1 1:10,7,10.94,81.35
766,2024/1/1 1:10,7,11.29,82.54
767,2024/1/1 1:10,7,11.65,83.73
768,2024/1/1 1:10,7,12,84.92
769,2024/1/1 1:10,7,15,79.53
770,2024/1/1 1:10,7,36,56.56
771,2024/1/1 1:10,7,38.5,50.36
772,2024/1/1 1:10,7,41,44.15
773,2024/1/1 1:10,7,27,71.7
774,2024/1/1 1:10,7,32,71.78
775,2024/1/1 1:10,7,37,71.86
776,2024/1/1 1:10,7,49,54.94
777,2024/1/1 1:10,7,28,88.71
778,2024/1/1 1:10,7,37,61.08
779,2024/1/1 1:10,7,82,49.52
780,2024/1/1 1:10,7,26,57.58
781,2024/1/1 1:10,7,13,74
782,2024/1/1 1:10,7,4,76.5
783,2024/1/1 1:10,7,14,52.93
784,2024/1/1 1:10,7,11,66.18
785,2024/1/1 1:10,7,10,51.4
786,2024/1/1 1:10,7,62,66.82
787,2024/1/1 1:10,7,46,83.61
788,2024/1/1 1:10,7,61,71.11
789,2024/1/1 1:10,7,76,58.62
790,2024/1/1 1:10,7,49,72.14
791,2024/1/1 1:10,7,54,53.91
792,2024/1/1 1:10,7,55.5,47.04
793,2024/1/1 1:10,7,27.75,23.52
794,2024/1/1 1:10,7,52.25,32.74
795,2024/1/1 1:10,7,26.12,16.37
796,2024/1/1 1:10,7,13.06,8.18
797,2024/1/1 1:10,7,6.53,4.09
798,2024/1/1 1:10,7,3.27,2.05
799,2024/1/1 1:10,7,1.63,1.02
800,2024/1/1 1:10,7,0.82,0.51
801,2024/1/1 1:10,7,0.41,0.26
802,2024/1/1 1:10,7,0.2,0.13
803,2024/1/1 1:10,7,0.1,0.06
804,2024/1/1 1:10,7,0.03,0.02
805,2024/1/1 1:10,7,0.01,0.01
806,2024/1/1 1:10,7,0.01,0
807,2024/1/1 1:10,7,53,44.11
808,2024/1/1 1:10,7,0.02,0.01
809,2024/1/1 1:10,7,4.06,5.11
810,2024/1/1 1:10,7,8.11,10.22
811,2024/1/1 1:10,7,12.15,15.32
812,2024/1/1 1:10,7,16.19,20.42
813,2024/1/1 1:10,7,20.24,25.53
814,2024/1/1 1:10,7,24.28,30.63
815,2024/1/1 1:10,7,28.33,35.74
816,2024/1/1 1:10,7,32.37,40.84
817,2024/1/1 1:10,7,36.41,45.94
818,2024/1/1 1:10,7,40.46,51.05
819,2024/1/1 1:10,7,44.5,56.15
820,2024/1/1 1:10,7,46.69,56.62
821,2024/1/1 1:10,7,48.88,57.09
822,2024/1/1 1:10,7,51.06,57.56
823,2024/1/1 1:10,7,53.25,58.03
824,2024/1/1 1:10,7,55.44,58.49
825,2024/1/1 1:10,7,57.62,58.96
826,2024/1/1 1:10,7,59.81,59.43
827,2024/1/1 1:10,7,62,59.9
828,2024/1/1 1:10,7,112.5,49.97
829,2024/1/1 1:10,7,56.25,24.98
830,2024/1/1 1:10,7,28.12,12.49
831,2024/1/1 1:10,7,14.06,6.25
832,2024/1/1 1:10,7,7.03,3.12
833,2024/1/1 1:10,7,3.52,1.56
834,2024/1/1 1:10,7,1.76,0.78
835,2024/1/1 1:10,7,0.88,0.39
836,2024/1/1 1:10,7,0.44,0.2
837,2024/1/1 1:10,7,0.11,0.05
838,2024/1/1 1:10,7,0.05,0.02
839,2024/1/1 1:10,7,0.02,0.01
840,2024/1/1 1:10,7,0.01,0
841,2024/1/1 1:10,7,5.76,3.73
842,2024/1/1 1:10,7,11.51,7.46
843,2024/1/1 1:10,7,17.26,11.19
844,2024/1/1 1:10,7,23.01,14.92
845,2024/1/1 1:10,7,28.75,18.66
846,2024/1/1 1:10,7,34.5,22.39
847,2024/1/1 1:10,7,40.25,26.12
848,2024/1/1 1:10,7,46,29.85
849,2024/1/1 1:10,7,51.75,33.58
850,2024/1/1 1:10,7,57.5,37.31
851,2024/1/1 1:10,7,68,58.84
852,2024/1/1 1:10,7,34,29.42
853,2024/1/1 1:10,7,17,14.71
854,2024/1/1 1:10,7,8.5,7.36
855,2024/1/1 1:10,7,4.25,3.68
856,2024/1/1 1:10,7,2.12,1.84
857,2024/1/1 1:10,7,1.06,0.92
858,2024/1/1 1:10,7,0.53,0.46
859,2024/1/1 1:10,7,0.27,0.23
860,2024/1/1 1:10,7,0.13,0.11
861,2024/1/1 1:10,7,0.07,0.06
862,2024/1/1 1:10,7,0.09,0.05
863,2024/1/1 1:10,7,0.06,0.03
864,2024/1/1 1:10,7,23.5,44.32
865,2024/1/1 1:10,7,11.75,22.16
866,2024/1/1 1:10,7,5.88,11.08
867,2024/1/1 1:10,7,1.96,3.69
868,2024/1/1 1:10,7,0.99,1.85
869,2024/1/1 1:10,7,0.98,1.85
870,2024/1/1 1:10,7,80.67,52.45
871,2024/1/1 1:10,7,40.33,26.23
872,2024/1/1 1:10,7,20.17,13.11
873,2024/1/1 1:10,7,10.08,6.56
874,2024/1/1 1:10,7,5.04,3.28
875,2024/1/1 1:10,7,2.52,1.64
876,2024/1/1 1:10,7,1.26,0.82
877,2024/1/1 1:10,7,0.63,0.41
878,2024/1/1 1:10,7,0.32,0.2
879,2024/1/1 1:10,7,53.66,46.31
880,2024/1/1 1:10,7,63,78.54
881,2024/1/1 1:10,7,33,38.06
882,2024/1/1 1:10,7,16.5,19.03
883,2024/1/1 1:10,7,8.25,9.52
884,2024/1/1 1:10,7,4.12,4.76
885,2024/1/1 1:10,7,2.06,2.38
886,2024/1/1 1:10,7,24.53,45.51
887,2024/1/1 1:10,7,40,36.68
888,2024/1/1 1:10,7,20,18.34
889,2024/1/1 1:10,7,10,9.17
890,2024/1/1 1:10,7,5,4.58
891,2024/1/1 1:10,7,46,41.33
892,2024/1/1 1:10,7,27.5,42.74
893,2024/1/1 1:10,7,13.75,21.37
894,2024/1/1 1:10,7,6.88,10.69
895,2024/1/1 1:10,7,3.44,5.34
896,2024/1/1 1:10,7,28.22,44.42
897,2024/1/1 1:10,7,109.5,22.04
898,2024/1/1 1:10,7,54.75,11.02
899,2024/1/1 1:10,7,27.38,5.51
900,2024/1/1 1:10,7,108.19,41.49
901,2024/1/1 1:10,7,54.5,37.32
902,2024/1/1 1:10,7,27.25,18.66
903,2024/1/1 1:10,7,13.62,9.33
904,2024/1/1 1:10,7,52.81,32.98
905,2024/1/1 1:10,7,58.75,37.86
906,2024/1/1 1:10,7,29.38,18.93
907,2024/1/1 1:10,7,14.69,9.47
908,2024/1/1 1:10,7,7.34,4.73
909,2024/1/1 1:10,7,3.67,2.37
910,2024/1/1 1:10,7,1.84,1.18
911,2024/1/1 1:10,7,0.92,0.59
912,2024/1/1 1:10,7,69.46,39.65
913,2024/1/1 1:10,7,18.33,28.44
914,2024/1/1 1:10,7,9.17,14.22
915,2024/1/1 1:10,7,4.58,7.11
916,2024/1/1 1:10,7,2.29,3.55
917,2024/1/1 1:10,7,1.15,1.78
918,2024/1/1 1:10,7,0.57,0.89
919,2024/1/1 1:10,7,0.29,0.44
920,2024/1/1 1:10,7,30.14,39.91
921,2024/1/1 1:10,7,38.67,30.42
922,2024/1/1 1:10,7,18.92,35.86
923,2024/1/1 1:10,7,9.46,17.93
924,2024/1/1 1:10,7,17.73,37.76
925,2024/1/1 1:10,7,7,26.46
926,2024/1/1 1:10,7,3.5,13.23
927,2024/1/1 1:10,7,7.88,31.9
928,2024/1/1 1:10,7,111.96,61.96
929,2024/1/1 1:10,7,2,38.25
930,2024/1/1 1:10,7,1,19.12
931,2024/1/1 1:10,7,0.5,9.56
932,2024/1/1 1:10,7,0.25,4.78
933,2024/1/1 1:10,7,0.12,2.39
934,2024/1/1 1:10,7,28,33.84
935,2024/1/1 1:10,7,14,16.92
936,2024/1/1 1:10,7,7,8.46
937,2024/1/1 1:10,7,8.5,29.93
938,2024/1/1 1:10,7,41,31.81
939,2024/1/1 1:10,7,20.5,15.9
940,2024/1/1 1:10,7,10.25,7.95
941,2024/1/1 1:10,7,38.62,43.23
942,2024/1/1 1:10,7,43,35.83
943,2024/1/1 1:10,7,21.5,17.92
944,2024/1/1 1:10,7,10.75,8.96
945,2024/1/1 1:10,7,60.38,44.72
946,2024/1/1 1:10,7,52.5,39.72
947,2024/1/1 1:10,7,26.25,19.86
948,2024/1/1 1:10,7,13.12,9.93
949,2024/1/1 1:10,7,6.56,4.97
950,2024/1/1 1:10,7,3.28,2.48
951,2024/1/1 1:10,7,1.64,1.24
952,2024/1/1 1:10,7,97.82,41.8
953,2024/1/1 1:10,7,75,44.24
954,2024/1/1 1:10,7,37.5,22.12
955,2024/1/1 1:10,7,18.75,11.06
956,2024/1/1 1:10,7,9.38,5.53
957,2024/1/1 1:10,7,4.69,2.76
958,2024/1/1 1:10,7,2.34,1.38
959,2024/1/1 1:10,7,104.67,39.51
960,2024/1/1 1:10,7,103,30.83
961,2024/1/1 1:10,7,51.5,15.42
962,2024/1/1 1:10,7,25.75,7.71
963,2024/1/1 1:10,7,12.88,3.85
964,2024/1/1 1:10,7,6.44,1.93
965,2024/1/1 1:10,7,3.22,0.96
966,2024/1/1 1:10,7,56.61,21.38
967,2024/1/1 1:10,7,36,32.02
968,2024/1/1 1:10,7,18,16.01
969,2024/1/1 1:10,7,9,8
970,2024/1/1 1:10,7,4.5,4
971,2024/1/1 1:10,7,2.25,2
972,2024/1/1 1:10,7,1.12,1
973,2024/1/1 1:10,7,0.56,0.5
974,2024/1/1 1:10,7,62.78,35.19
975,2024/1/1 1:10,7,5.67,19.98
976,2024/1/1 1:10,7,2.83,9.99
977,2024/1/1 1:10,7,1.42,5
978,2024/1/1 1:10,7,0.71,2.5
979,2024/1/1 1:10,7,0.35,1.25
980,2024/1/1 1:10,7,0.18,0.62
981,2024/1/1 1:10,7,29.39,30.65
982,2024/1/1 1:10,7,14.7,15.32
983,2024/1/1 1:10,7,7.35,7.66
984,2024/1/1 1:10,7,3.67,3.83
985,2024/1/1 1:10,7,50.56,57.13
986,2024/1/1 1:10,7,92,29.5
987,2024/1/1 1:10,7,46,14.75
988,2024/1/1 1:10,7,23,7.38
989,2024/1/1 1:10,7,11.5,3.69
990,2024/1/1 1:10,7,134.25,32.78
991,2024/1/1 1:10,7,63,31.71
992,2024/1/1 1:10,7,31.5,15.86
993,2024/1/1 1:10,7,15.75,7.93
994,2024/1/1 1:10,7,7.88,3.96
995,2024/1/1 1:10,7,57.62,16.31
996,2024/1/1 1:10,7,124,50.76
997,2024/1/1 1:10,7,62,25.38
998,2024/1/1 1:10,7,31,12.69
999,2024/1/1 1:10,7,26.67,33.18
1000,2024/1/1 1:10,7,17.67,32.11
1001,2024/1/1 1:10,7,8.83,16.06
1002,2024/1/1 1:10,7,4.42,8.03
1003,2024/1/1 1:10,7,2.21,4.01
1004,2024/1/1 1:10,7,1.1,2.01
1005,2024/1/1 1:10,7,87.37,56.13
1006,2024/1/1 1:10,7,121,67.83
2,2024/1/1 1:20,8,40,64.75
3,2024/1/1 1:20,8,53,74.3
4,2024/1/1 1:20,8,64,75.58
5,2024/1/1 1:20,8,46,73.52
6,2024/1/1 1:20,8,51,87.63
7,2024/1/1 1:20,8,59,57.92
8,2024/1/1 1:20,8,57,67.72
9,2024/1/1 1:20,8,58,80.81
10,2024/1/1 1:20,8,106,63.49
11,2024/1/1 1:20,8,174,60.93
12,2024/1/1 1:20,8,273,61.92
13,2024/1/1 1:20,8,298,55.67
14,2024/1/1 1:20,8,145,65.45
15,2024/1/1 1:20,8,155,68.68
16,2024/1/1 1:20,8,136,60.2
17,2024/1/1 1:20,8,98,71.03
18,2024/1/1 1:20,8,162,60.65
19,2024/1/1 1:20,8,131,61.69
20,2024/1/1 1:20,8,132.5,59.25
21,2024/1/1 1:20,8,134,56.81
22,2024/1/1 1:20,8,120,70.85
23,2024/1/1 1:20,8,152,66.78
24,2024/1/1 1:20,8,144,51.19
25,2024/1/1 1:20,8,159,77.53
26,2024/1/1 1:20,8,161,74.91
27,2024/1/1 1:20,8,183,85.3
28,2024/1/1 1:20,8,210,86.77
29,2024/1/1 1:20,8,192,85.1
30,2024/1/1 1:20,8,152,72.09
31,2024/1/1 1:20,8,137,81.33
32,2024/1/1 1:20,8,122,90.57
33,2024/1/1 1:20,8,138,91.41
34,2024/1/1 1:20,8,132,88.74
35,2024/1/1 1:20,8,123,74.44
36,2024/1/1 1:20,8,131,93.82
37,2024/1/1 1:20,8,107,81.54
38,2024/1/1 1:20,8,92,56.33
39,2024/1/1 1:20,8,80,63.62
40,2024/1/1 1:20,8,68,70.91
41,2024/1/1 1:20,8,71,39.87
42,2024/1/1 1:20,8,68.5,44.7
43,2024/1/1 1:20,8,66,49.53
44,2024/1/1 1:20,8,107,61.11
45,2024/1/1 1:20,8,93,67.16
46,2024/1/1 1:20,8,106,69.37
47,2024/1/1 1:20,8,84,64.61
48,2024/1/1 1:20,8,67,76.7
49,2024/1/1 1:20,8,48,78.31
50,2024/1/1 1:20,8,172,61.39
51,2024/1/1 1:20,8,139,47.78
52,2024/1/1 1:20,8,120,77.95
53,2024/1/1 1:20,8,81,73.96
54,2024/1/1 1:20,8,102,78.94
55,2024/1/1 1:20,8,79,58.06
56,2024/1/1 1:20,8,67,81.13
57,2024/1/1 1:20,8,74,79.3
58,2024/1/1 1:20,8,108,52.68
59,2024/1/1 1:20,8,101,73.24
60,2024/1/1 1:20,8,57,74.47
61,2024/1/1 1:20,8,34,93.38
62,2024/1/1 1:20,8,40,67.53
63,2024/1/1 1:20,8,117,86.38
64,2024/1/1 1:20,8,129,95.92
65,2024/1/1 1:20,8,142,98.68
66,2024/1/1 1:20,8,140,103.68
67,2024/1/1 1:20,8,143,101.23
68,2024/1/1 1:20,8,143,94.75
69,2024/1/1 1:20,8,76,98.87
70,2024/1/1 1:20,8,74,96.15
71,2024/1/1 1:20,8,77,89.22
72,2024/1/1 1:20,8,84,79.75
73,2024/1/1 1:20,8,86,87.26
74,2024/1/1 1:20,8,88,94.78
75,2024/1/1 1:20,8,114,78.06
76,2024/1/1 1:20,8,74,88.15
77,2024/1/1 1:20,8,169,93.21
78,2024/1/1 1:20,8,148,83.38
79,2024/1/1 1:20,8,150,89.01
80,2024/1/1 1:20,8,158,94.45
81,2024/1/1 1:20,8,71,76.7
82,2024/1/1 1:20,8,81,76.38
83,2024/1/1 1:20,8,117,91.59
84,2024/1/1 1:20,8,96,77.97
85,2024/1/1 1:20,8,60,78.15
86,2024/1/1 1:20,8,49,75.42
87,2024/1/1 1:20,8,38,72.68
88,2024/1/1 1:20,8,81,81.78
89,2024/1/1 1:20,8,89,100.8
90,2024/1/1 1:20,8,122,91.72
91,2024/1/1 1:20,8,155,82.63
92,2024/1/1 1:20,8,155,98.65
93,2024/1/1 1:20,8,148,107.82
94,2024/1/1 1:20,8,140,94.91
95,2024/1/1 1:20,8,148,90.65
96,2024/1/1 1:20,8,124,84.37
97,2024/1/1 1:20,8,123,76.3
98,2024/1/1 1:20,8,155,86.3
99,2024/1/1 1:20,8,55,99.49
100,2024/1/1 1:20,8,35,68.83
101,2024/1/1 1:20,8,29,58.24
102,2024/1/1 1:20,8,135,73.67
103,2024/1/1 1:20,8,116.5,92.72
104,2024/1/1 1:20,8,98,111.77
105,2024/1/1 1:20,8,125,100.5
106,2024/1/1 1:20,8,202,106.41
107,2024/1/1 1:20,8,203,101.41
108,2024/1/1 1:20,8,206,105.81
109,2024/1/1 1:20,8,197,96.35
110,2024/1/1 1:20,8,154,96.48
111,2024/1/1 1:20,8,111,96.61
112,2024/1/1 1:20,8,96,123.36
113,2024/1/1 1:20,8,100,88.76
114,2024/1/1 1:20,8,93,94.43
115,2024/1/1 1:20,8,110,91.37
116,2024/1/1 1:20,8,140,97.13
117,2024/1/1 1:20,8,126,110.08
118,2024/1/1 1:20,8,120,95.12
119,2024/1/1 1:20,8,116,99.77
120,2024/1/1 1:20,8,95,121.63
121,2024/1/1 1:20,8,99,111.61
122,2024/1/1 1:20,8,64,115.23
123,2024/1/1 1:20,8,67,123.75
124,2024/1/1 1:20,8,44,84.14
125,2024/1/1 1:20,8,106,112.92
126,2024/1/1 1:20,8,69,101.45
127,2024/1/1 1:20,8,61,97.7
128,2024/1/1 1:20,8,144,115.94
129,2024/1/1 1:20,8,150,117.99
130,2024/1/1 1:20,8,146,107.32
131,2024/1/1 1:20,8,145,112.13
132,2024/1/1 1:20,8,124,112.3
133,2024/1/1 1:20,8,58,96.79
134,2024/1/1 1:20,8,74,86.97
135,2024/1/1 1:20,8,37,64.73
136,2024/1/1 1:20,8,15,90.93
137,2024/1/1 1:20,8,26,74.23
138,2024/1/1 1:20,8,57.5,78.02
139,2024/1/1 1:20,8,89,81.8
140,2024/1/1 1:20,8,181,82.87
141,2024/1/1 1:20,8,192,83.97
142,2024/1/1 1:20,8,128,91.59
143,2024/1/1 1:20,8,116,75.03
144,2024/1/1 1:20,8,241,76.99
145,2024/1/1 1:20,8,115,69.25
146,2024/1/1 1:20,8,76,75.55
147,2024/1/1 1:20,8,83,89.66
148,2024/1/1 1:20,8,102,84.09
149,2024/1/1 1:20,8,62,74.68
150,2024/1/1 1:20,8,46,75.54
151,2024/1/1 1:20,8,54,63
152,2024/1/1 1:20,8,60,77.65
153,2024/1/1 1:20,8,14,69.64
154,2024/1/1 1:20,8,19,73.74
155,2024/1/1 1:20,8,71,86.54
156,2024/1/1 1:20,8,120,90.52
157,2024/1/1 1:20,8,8,59.62
158,2024/1/1 1:20,8,15,64.8
159,2024/1/1 1:20,8,48,70.29
160,2024/1/1 1:20,8,44,85.68
161,2024/1/1 1:20,8,40,42.83
162,2024/1/1 1:20,8,40,80.65
163,2024/1/1 1:20,8,40,77.62
164,2024/1/1 1:20,8,54,64.94
165,2024/1/1 1:20,8,60,81.8
166,2024/1/1 1:20,8,73,74
167,2024/1/1 1:20,8,13,67.38
168,2024/1/1 1:20,8,134,76.94
169,2024/1/1 1:20,8,90,74.33
170,2024/1/1 1:20,8,139,87.65
171,2024/1/1 1:20,8,136,82.93
172,2024/1/1 1:20,8,101,82.89
173,2024/1/1 1:20,8,114,88.16
174,2024/1/1 1:20,8,203,67.61
175,2024/1/1 1:20,8,184,60.29
176,2024/1/1 1:20,8,27,83.22
177,2024/1/1 1:20,8,48,82.33
178,2024/1/1 1:20,8,65.5,73.9
179,2024/1/1 1:20,8,83,65.46
180,2024/1/1 1:20,8,52.5,65.34
181,2024/1/1 1:20,8,22,65.23
182,2024/1/1 1:20,8,73,57.21
183,2024/1/1 1:20,8,131,68.38
184,2024/1/1 1:20,8,119,58.87
185,2024/1/1 1:20,8,123.67,61.51
186,2024/1/1 1:20,8,128.33,64.16
187,2024/1/1 1:20,8,133,66.8
188,2024/1/1 1:20,8,90,71.66
189,2024/1/1 1:20,8,70,68.37
190,2024/1/1 1:20,8,103,78.82
191,2024/1/1 1:20,8,139,66.19
192,2024/1/1 1:20,8,134.5,74.81
193,2024/1/1 1:20,8,130,83.42
194,2024/1/1 1:20,8,109,68.84
195,2024/1/1 1:20,8,129,60.91
196,2024/1/1 1:20,8,153,74.01
197,2024/1/1 1:20,8,124,83.25
198,2024/1/1 1:20,8,211,80.78
199,2024/1/1 1:20,8,154,82.47
200,2024/1/1 1:20,8,108,75.66
201,2024/1/1 1:20,8,176,78.65
202,2024/1/1 1:20,8,211,59.27
203,2024/1/1 1:20,8,177,57.95
204,2024/1/1 1:20,8,113,68.81
205,2024/1/1 1:20,8,116,88.47
206,2024/1/1 1:20,8,74,89.08
207,2024/1/1 1:20,8,91,78.34
208,2024/1/1 1:20,8,107,70.15
209,2024/1/1 1:20,8,83,83.86
210,2024/1/1 1:20,8,32,85.94
211,2024/1/1 1:20,8,41,84.32
212,2024/1/1 1:20,8,108,81.06
213,2024/1/1 1:20,8,83,82.33
214,2024/1/1 1:20,8,140,79.11
215,2024/1/1 1:20,8,110,82.64
216,2024/1/1 1:20,8,122,77.93
217,2024/1/1 1:20,8,154,87.86
218,2024/1/1 1:20,8,125,85.2
219,2024/1/1 1:20,8,131,81.74
220,2024/1/1 1:20,8,75,83.97
221,2024/1/1 1:20,8,71,78.8
222,2024/1/1 1:20,8,61,76.74
223,2024/1/1 1:20,8,71,65.82
224,2024/1/1 1:20,8,61,64.1
225,2024/1/1 1:20,8,64,84.34
226,2024/1/1 1:20,8,85,63.71
227,2024/1/1 1:20,8,48,70.33
228,2024/1/1 1:20,8,35,66.83
229,2024/1/1 1:20,8,41,66.07
230,2024/1/1 1:20,8,65,73.11
231,2024/1/1 1:20,8,52,76.48
232,2024/1/1 1:20,8,86.67,69.85
233,2024/1/1 1:20,8,121.33,63.23
234,2024/1/1 1:20,8,156,56.6
235,2024/1/1 1:20,8,221,58.42
236,2024/1/1 1:20,8,66,46.55
237,2024/1/1 1:20,8,19,60.95
238,2024/1/1 1:20,8,24,56.17
239,2024/1/1 1:20,8,29,55.19
240,2024/1/1 1:20,8,34,54.21
241,2024/1/1 1:20,8,1,36
242,2024/1/1 1:20,8,40,73.58
243,2024/1/1 1:20,8,102,79.25
244,2024/1/1 1:20,8,101,71.38
245,2024/1/1 1:20,8,156,65.72
246,2024/1/1 1:20,8,143,60.68
247,2024/1/1 1:20,8,115,55.45
248,2024/1/1 1:20,8,87,50.22
249,2024/1/1 1:20,8,82,59.82
250,2024/1/1 1:20,8,108,76.06
251,2024/1/1 1:20,8,106,68.14
252,2024/1/1 1:20,8,136,59.91
253,2024/1/1 1:20,8,215,68.79
254,2024/1/1 1:20,8,147,63.52
255,2024/1/1 1:20,8,159,65.06
256,2024/1/1 1:20,8,171,66.61
257,2024/1/1 1:20,8,157,61.26
258,2024/1/1 1:20,8,165,77.13
259,2024/1/1 1:20,8,179,71.5
260,2024/1/1 1:20,8,158,73.43
261,2024/1/1 1:20,8,93,60.7
262,2024/1/1 1:20,8,139,76.6
263,2024/1/1 1:20,8,146,56.82
264,2024/1/1 1:20,8,130,72.18
265,2024/1/1 1:20,8,117,61.6
266,2024/1/1 1:20,8,131,74.77
267,2024/1/1 1:20,8,114,52.94
268,2024/1/1 1:20,8,146,71.6
269,2024/1/1 1:20,8,149,76.57
270,2024/1/1 1:20,8,143,77.81
271,2024/1/1 1:20,8,140.5,77.2
272,2024/1/1 1:20,8,138,76.59
273,2024/1/1 1:20,8,51,68.59
274,2024/1/1 1:20,8,127,67.35
275,2024/1/1 1:20,8,128,66.84
276,2024/1/1 1:20,8,134,70.84
277,2024/1/1 1:20,8,142.5,71.07
278,2024/1/1 1:20,8,151,71.3
279,2024/1/1 1:20,8,130.5,70.98
280,2024/1/1 1:20,8,110,70.67
281,2024/1/1 1:20,8,111,62.5
282,2024/1/1 1:20,8,133,65.33
283,2024/1/1 1:20,8,126,65.94
284,2024/1/1 1:20,8,105,75.05
285,2024/1/1 1:20,8,162,67.57
286,2024/1/1 1:20,8,184,70.93
287,2024/1/1 1:20,8,156.5,70.51
288,2024/1/1 1:20,8,129,70.09
289,2024/1/1 1:20,8,109,62.35
290,2024/1/1 1:20,8,136,72.21
291,2024/1/1 1:20,8,150,64.06
292,2024/1/1 1:20,8,121,59.02
293,2024/1/1 1:20,8,153,77.82
294,2024/1/1 1:20,8,132,73.61
295,2024/1/1 1:20,8,138,65.79
296,2024/1/1 1:20,8,114,52.31
297,2024/1/1 1:20,8,157,59.89
298,2024/1/1 1:20,8,115,43.02
299,2024/1/1 1:20,8,118.5,45
300,2024/1/1 1:20,8,122,46.98
301,2024/1/1 1:20,8,198,68.46
302,2024/1/1 1:20,8,136,74.71
303,2024/1/1 1:20,8,154,80.12
304,2024/1/1 1:20,8,107.5,64.28
305,2024/1/1 1:20,8,61,48.44
306,2024/1/1 1:20,8,78,75.68
307,2024/1/1 1:20,8,90,105.58
308,2024/1/1 1:20,8,98,90.69
309,2024/1/1 1:20,8,118,106.09
310,2024/1/1 1:20,8,93,94.03
311,2024/1/1 1:20,8,98,106.3
312,2024/1/1 1:20,8,98,117.2
313,2024/1/1 1:20,8,93,107.82
314,2024/1/1 1:20,8,103,104.47
315,2024/1/1 1:20,8,107,98.27
316,2024/1/1 1:20,8,90,96.09
317,2024/1/1 1:20,8,66,91.05
318,2024/1/1 1:20,8,66,98.45
319,2024/1/1 1:20,8,71,101.66
320,2024/1/1 1:20,8,73,97.05
321,2024/1/1 1:20,8,72,113.12
322,2024/1/1 1:20,8,91,103.85
323,2024/1/1 1:20,8,83,98.53
324,2024/1/1 1:20,8,83,98.36
325,2024/1/1 1:20,8,30,83.07
326,2024/1/1 1:20,8,20,109.55
327,2024/1/1 1:20,8,18,108.72
328,2024/1/1 1:20,8,26,99.81
329,2024/1/1 1:20,8,14,62.66
330,2024/1/1 1:20,8,2,25.5
331,2024/1/1 1:20,8,31,85.74
332,2024/1/1 1:20,8,77,91.55
333,2024/1/1 1:20,8,70,96.91
334,2024/1/1 1:20,8,71,100.04
335,2024/1/1 1:20,8,70,101.27
336,2024/1/1 1:20,8,61,89.77
337,2024/1/1 1:20,8,58,95.98
338,2024/1/1 1:20,8,58,99
339,2024/1/1 1:20,8,58,90.88
340,2024/1/1 1:20,8,59,104.17
341,2024/1/1 1:20,8,88,100.17
342,2024/1/1 1:20,8,84,105.83
343,2024/1/1 1:20,8,97,110.19
344,2024/1/1 1:20,8,90,109.16
345,2024/1/1 1:20,8,83,107.47
346,2024/1/1 1:20,8,84,113.1
347,2024/1/1 1:20,8,78,108.58
348,2024/1/1 1:20,8,96,102.52
349,2024/1/1 1:20,8,97,89.47
350,2024/1/1 1:20,8,92,95.55
351,2024/1/1 1:20,8,28,84.86
352,2024/1/1 1:20,8,33,70.15
353,2024/1/1 1:20,8,27,76.44
354,2024/1/1 1:20,8,25,72.32
355,2024/1/1 1:20,8,30,85.37
356,2024/1/1 1:20,8,79,72.89
357,2024/1/1 1:20,8,68,77.07
358,2024/1/1 1:20,8,58,81.16
359,2024/1/1 1:20,8,66,73.7
360,2024/1/1 1:20,8,73,74.6
361,2024/1/1 1:20,8,70,80.31
362,2024/1/1 1:20,8,58,90.66
363,2024/1/1 1:20,8,149,78.04
364,2024/1/1 1:20,8,240,65.43
365,2024/1/1 1:20,8,216,72
366,2024/1/1 1:20,8,192,78.58
367,2024/1/1 1:20,8,168,85.15
368,2024/1/1 1:20,8,272,82.17
369,2024/1/1 1:20,8,266.5,82.62
370,2024/1/1 1:20,8,261,83.08
371,2024/1/1 1:20,8,246,72.23
372,2024/1/1 1:20,8,237,86.34
373,2024/1/1 1:20,8,132,100.42
374,2024/1/1 1:20,8,116,107.23
375,2024/1/1 1:20,8,114,93.17
376,2024/1/1 1:20,8,79,96.09
377,2024/1/1 1:20,8,83,108.71
378,2024/1/1 1:20,8,75,95.24
379,2024/1/1 1:20,8,92,89.14
380,2024/1/1 1:20,8,56,81.05
381,2024/1/1 1:20,8,40,93.05
382,2024/1/1 1:20,8,50,77.02
383,2024/1/1 1:20,8,18,84.83
384,2024/1/1 1:20,8,20,29.2
385,2024/1/1 1:20,8,36,79.86
386,2024/1/1 1:20,8,29,74.24
387,2024/1/1 1:20,8,44,68.48
388,2024/1/1 1:20,8,166,76.98
389,2024/1/1 1:20,8,163,94.03
390,2024/1/1 1:20,8,139,101.76
391,2024/1/1 1:20,8,140,73.84
392,2024/1/1 1:20,8,112,99.48
393,2024/1/1 1:20,8,135,109.89
394,2024/1/1 1:20,8,129,106.51
395,2024/1/1 1:20,8,142,100.07
396,2024/1/1 1:20,8,71.5,98.04
397,2024/1/1 1:20,8,1,
398,2024/1/1 1:20,8,0,
399,2024/1/1 1:20,8,2,77
400,2024/1/1 1:20,8,6,74
401,2024/1/1 1:20,8,6,64.83
402,2024/1/1 1:20,8,3,
403,2024/1/1 1:20,8,0,
404,2024/1/1 1:20,8,8,59.25
405,2024/1/1 1:20,8,7,71.29
406,2024/1/1 1:20,8,2,74
407,2024/1/1 1:20,8,1,89
408,2024/1/1 1:20,8,1,99
409,2024/1/1 1:20,8,2,63
410,2024/1/1 1:20,8,3,75
411,2024/1/1 1:20,8,4,77.25
412,2024/1/1 1:20,8,3,97.33
413,2024/1/1 1:20,8,2,135
414,2024/1/1 1:20,8,3,65.33
415,2024/1/1 1:20,8,36,78.19
416,2024/1/1 1:20,8,18.5,92.6
417,2024/1/1 1:20,8,1,107
418,2024/1/1 1:20,8,2,85
419,2024/1/1 1:20,8,1,50
420,2024/1/1 1:20,8,4,82
421,2024/1/1 1:20,8,4,90.25
422,2024/1/1 1:20,8,2,80.5
423,2024/1/1 1:20,8,5,82
424,2024/1/1 1:20,8,1,59
425,2024/1/1 1:20,8,1,82
426,2024/1/1 1:20,8,1,75
427,2024/1/1 1:20,8,3,83.67
428,2024/1/1 1:20,8,6,84.33
429,2024/1/1 1:20,8,7,71.29
430,2024/1/1 1:20,8,1,69
431,2024/1/1 1:20,8,3,97.33
432,2024/1/1 1:20,8,3,85.16
433,2024/1/1 1:20,8,3,73
434,2024/1/1 1:20,8,48.67,73.37
435,2024/1/1 1:20,8,94.33,73.73
436,2024/1/1 1:20,8,140,74.1
437,2024/1/1 1:20,8,53,67.04
438,2024/1/1 1:20,8,53,80.23
439,2024/1/1 1:20,8,51,82.47
440,2024/1/1 1:20,8,49,84.71
441,2024/1/1 1:20,8,60,66.32
442,2024/1/1 1:20,8,97,68.2
443,2024/1/1 1:20,8,104,67.98
444,2024/1/1 1:20,8,111,67.75
445,2024/1/1 1:20,8,118,67.53
446,2024/1/1 1:20,8,100,64.42
447,2024/1/1 1:20,8,93,60.19
448,2024/1/1 1:20,8,100,72.7
449,2024/1/1 1:20,8,52,83.75
450,2024/1/1 1:20,8,54,78.26
451,2024/1/1 1:20,8,99,66.69
452,2024/1/1 1:20,8,94,79.72
453,2024/1/1 1:20,8,109,84.61
454,2024/1/1 1:20,8,88.5,74.1
455,2024/1/1 1:20,8,68,63.59
456,2024/1/1 1:20,8,117,70.77
457,2024/1/1 1:20,8,65,89.75
458,2024/1/1 1:20,8,55,76.87
459,2024/1/1 1:20,8,63,80.63
460,2024/1/1 1:20,8,56,97.73
461,2024/1/1 1:20,8,51,93.39
462,2024/1/1 1:20,8,42,92.07
463,2024/1/1 1:20,8,39,91.49
464,2024/1/1 1:20,8,18,79.06
465,2024/1/1 1:20,8,17,95.88
466,2024/1/1 1:20,8,59.5,87.78
467,2024/1/1 1:20,8,102,79.67
468,2024/1/1 1:20,8,113,78.61
469,2024/1/1 1:20,8,140,71.76
470,2024/1/1 1:20,8,135,77.1
471,2024/1/1 1:20,8,130,82.43
472,2024/1/1 1:20,8,57,78.81
473,2024/1/1 1:20,8,54,84.41
474,2024/1/1 1:20,8,50,79.64
475,2024/1/1 1:20,8,64,78.16
476,2024/1/1 1:20,8,68,79.87
477,2024/1/1 1:20,8,68,80.85
478,2024/1/1 1:20,8,99.5,86.6
479,2024/1/1 1:20,8,131,92.34
480,2024/1/1 1:20,8,124,78.11
481,2024/1/1 1:20,8,117,73.83
482,2024/1/1 1:20,8,139,75.55
483,2024/1/1 1:20,8,150,68.69
484,2024/1/1 1:20,8,120,68.25
485,2024/1/1 1:20,8,1370,2.8
486,2024/1/1 1:20,8,232,87.69
487,2024/1/1 1:20,8,245,79.36
488,2024/1/1 1:20,8,219,70.19
489,2024/1/1 1:20,8,222.5,77.95
490,2024/1/1 1:20,8,226,85.71
491,2024/1/1 1:20,8,228,85.75
492,2024/1/1 1:20,8,213,80.34
493,2024/1/1 1:20,8,228,75.57
494,2024/1/1 1:20,8,256,89.96
495,2024/1/1 1:20,8,258,78.25
496,2024/1/1 1:20,8,201,77.35
497,2024/1/1 1:20,8,221,89.71
498,2024/1/1 1:20,8,220,93.45
499,2024/1/1 1:20,8,255,77.36
500,2024/1/1 1:20,8,236.5,86.4
501,2024/1/1 1:20,8,218,95.43
502,2024/1/1 1:20,8,215,79.76
503,2024/1/1 1:20,8,223,79.39
504,2024/1/1 1:20,8,256,74.07
505,2024/1/1 1:20,8,225,78.17
506,2024/1/1 1:20,8,213,80.42
507,2024/1/1 1:20,8,232.75,75.83
508,2024/1/1 1:20,8,252.5,71.24
509,2024/1/1 1:20,8,272.25,66.66
510,2024/1/1 1:20,8,292,62.07
511,2024/1/1 1:20,8,275,72.01
512,2024/1/1 1:20,8,226,58.44
513,2024/1/1 1:20,8,204,69.51
514,2024/1/1 1:20,8,245,81.49
515,2024/1/1 1:20,8,254,74.69
516,2024/1/1 1:20,8,225,85.32
517,2024/1/1 1:20,8,220,83.42
518,2024/1/1 1:20,8,215,81.53
519,2024/1/1 1:20,8,209,81.96
520,2024/1/1 1:20,8,203,82.4
521,2024/1/1 1:20,8,208,91.62
522,2024/1/1 1:20,8,206,63.16
523,2024/1/1 1:20,8,179.5,74.22
524,2024/1/1 1:20,8,153,85.29
525,2024/1/1 1:20,8,150,76.27
526,2024/1/1 1:20,8,156,66.39
527,2024/1/1 1:20,8,95,77.32
528,2024/1/1 1:20,8,99.33,75.72
529,2024/1/1 1:20,8,103.67,74.11
530,2024/1/1 1:20,8,108,72.51
531,2024/1/1 1:20,8,112,88.7
532,2024/1/1 1:20,8,146,86.98
533,2024/1/1 1:20,8,180,85.27
534,2024/1/1 1:20,8,172,75.13
535,2024/1/1 1:20,8,133,96.26
536,2024/1/1 1:20,8,117,92.56
537,2024/1/1 1:20,8,156,91.72
538,2024/1/1 1:20,8,167,88.19
539,2024/1/1 1:20,8,160,88.22
540,2024/1/1 1:20,8,156.5,87.82
541,2024/1/1 1:20,8,153,87.42
542,2024/1/1 1:20,8,149.5,87.02
543,2024/1/1 1:20,8,146,86.62
544,2024/1/1 1:20,8,106.5,86.58
545,2024/1/1 1:20,8,67,86.55
546,2024/1/1 1:20,8,88.5,80.65
547,2024/1/1 1:20,8,110,74.75
548,2024/1/1 1:20,8,135,85.86
549,2024/1/1 1:20,8,130,87.79
550,2024/1/1 1:20,8,110,89.27
551,2024/1/1 1:20,8,99,61.96
552,2024/1/1 1:20,8,97,73.99
553,2024/1/1 1:20,8,70,82.26
554,2024/1/1 1:20,8,89,71.79
555,2024/1/1 1:20,8,88,79.59
556,2024/1/1 1:20,8,88,74.97
557,2024/1/1 1:20,8,96,71.25
558,2024/1/1 1:20,8,71,71.9
559,2024/1/1 1:20,8,67,81.94
560,2024/1/1 1:20,8,116,90.16
561,2024/1/1 1:20,8,107.5,90.92
562,2024/1/1 1:20,8,99,91.67
563,2024/1/1 1:20,8,121,83.41
564,2024/1/1 1:20,8,127,81.26
565,2024/1/1 1:20,8,133,79.1
566,2024/1/1 1:20,8,101,81.51
567,2024/1/1 1:20,8,97.5,83.2
568,2024/1/1 1:20,8,94,84.88
569,2024/1/1 1:20,8,122,80.54
570,2024/1/1 1:20,8,112.67,78.6
571,2024/1/1 1:20,8,103.33,76.65
572,2024/1/1 1:20,8,94,74.71
573,2024/1/1 1:20,8,109,76.15
574,2024/1/1 1:20,8,98,75.66
575,2024/1/1 1:20,8,87,75.16
576,2024/1/1 1:20,8,73,90.08
577,2024/1/1 1:20,8,91,76.71
578,2024/1/1 1:20,8,95,78.69
579,2024/1/1 1:20,8,99,80.67
580,2024/1/1 1:20,8,98,82.79
581,2024/1/1 1:20,8,97,84.9
582,2024/1/1 1:20,8,96,87.02
583,2024/1/1 1:20,8,120,79.98
584,2024/1/1 1:20,8,144,72.95
585,2024/1/1 1:20,8,163,60.54
586,2024/1/1 1:20,8,173,83.77
587,2024/1/1 1:20,8,139.5,84.68
588,2024/1/1 1:20,8,106,85.58
589,2024/1/1 1:20,8,112,90.29
590,2024/1/1 1:20,8,119.5,82.18
591,2024/1/1 1:20,8,127,74.06
592,2024/1/1 1:20,8,126.5,81.3
593,2024/1/1 1:20,8,126,88.54
594,2024/1/1 1:20,8,129,79.33
595,2024/1/1 1:20,8,132,70.12
596,2024/1/1 1:20,8,135,82.24
597,2024/1/1 1:20,8,135.5,79.38
598,2024/1/1 1:20,8,136,76.53
599,2024/1/1 1:20,8,61,78.48
600,2024/1/1 1:20,8,87,90.77
601,2024/1/1 1:20,8,89,84.43
602,2024/1/1 1:20,8,129,86.67
603,2024/1/1 1:20,8,81,65.43
604,2024/1/1 1:20,8,78,86.96
605,2024/1/1 1:20,8,89.5,92.22
606,2024/1/1 1:20,8,101,97.49
607,2024/1/1 1:20,8,96,89.84
608,2024/1/1 1:20,8,105,80.83
609,2024/1/1 1:20,8,73,96.4
610,2024/1/1 1:20,8,98,88.99
611,2024/1/1 1:20,8,99,82.43
612,2024/1/1 1:20,8,105.5,90.88
613,2024/1/1 1:20,8,112,99.32
614,2024/1/1 1:20,8,114,96.1
615,2024/1/1 1:20,8,110,90.95
616,2024/1/1 1:20,8,106,89.11
617,2024/1/1 1:20,8,109,80.57
618,2024/1/1 1:20,8,63,84.62
619,2024/1/1 1:20,8,98.5,83.1
620,2024/1/1 1:20,8,134,81.59
621,2024/1/1 1:20,8,140,80.44
622,2024/1/1 1:20,8,146,79.29
623,2024/1/1 1:20,8,141,84.51
624,2024/1/1 1:20,8,136,89.73
625,2024/1/1 1:20,8,45,50.11
626,2024/1/1 1:20,8,53,62.92
627,2024/1/1 1:20,8,46,48.54
628,2024/1/1 1:20,8,39,34.15
629,2024/1/1 1:20,8,27,60.07
630,2024/1/1 1:20,8,21,60.38
631,2024/1/1 1:20,8,35,71.89
632,2024/1/1 1:20,8,25,32.52
633,2024/1/1 1:20,8,25,42.92
634,2024/1/1 1:20,8,43,57.63
635,2024/1/1 1:20,8,55,64.45
636,2024/1/1 1:20,8,25,59.72
637,2024/1/1 1:20,8,36.5,53.04
638,2024/1/1 1:20,8,48,46.35
639,2024/1/1 1:20,8,67,50.63
640,2024/1/1 1:20,8,65,51.58
641,2024/1/1 1:20,8,30,71.37
642,2024/1/1 1:20,8,20,52.55
643,2024/1/1 1:20,8,43,47.67
644,2024/1/1 1:20,8,47,52.21
645,2024/1/1 1:20,8,43,69.37
646,2024/1/1 1:20,8,36,80.56
647,2024/1/1 1:20,8,25,75.63
648,2024/1/1 1:20,8,14,70.71
649,2024/1/1 1:20,8,5,94
650,2024/1/1 1:20,8,20,69
651,2024/1/1 1:20,8,22,62.18
652,2024/1/1 1:20,8,9,52.78
653,2024/1/1 1:20,8,24,53.86
654,2024/1/1 1:20,8,39,54.95
655,2024/1/1 1:20,8,197,38.64
656,2024/1/1 1:20,8,183.75,43.79
657,2024/1/1 1:20,8,170.5,48.94
658,2024/1/1 1:20,8,157.25,54.09
659,2024/1/1 1:20,8,144,59.24
660,2024/1/1 1:20,8,75.5,65.76
661,2024/1/1 1:20,8,7,72.29
662,2024/1/1 1:20,8,22,57.5
663,2024/1/1 1:20,8,21,69.33
664,2024/1/1 1:20,8,63.5,69.13
665,2024/1/1 1:20,8,106,68.93
666,2024/1/1 1:20,8,109.5,69.04
667,2024/1/1 1:20,8,113,69.14
668,2024/1/1 1:20,8,49,54.27
669,2024/1/1 1:20,8,68,60.32
670,2024/1/1 1:20,8,68.5,66.46
671,2024/1/1 1:20,8,69,72.59
672,2024/1/1 1:20,8,63,66.25
673,2024/1/1 1:20,8,103,68.98
674,2024/1/1 1:20,8,54,66.94
675,2024/1/1 1:20,8,92,61.9
676,2024/1/1 1:20,8,71,71.96
677,2024/1/1 1:20,8,63.33,73.26
678,2024/1/1 1:20,8,55.67,74.55
679,2024/1/1 1:20,8,48,75.85
680,2024/1/1 1:20,8,63,74.68
681,2024/1/1 1:20,8,73,64.86
682,2024/1/1 1:20,8,35,90.11
683,2024/1/1 1:20,8,45,100.62
684,2024/1/1 1:20,8,44,85.45
685,2024/1/1 1:20,8,38,77.16
686,2024/1/1 1:20,8,43,75.53
687,2024/1/1 1:20,8,37.5,72.11
688,2024/1/1 1:20,8,32,68.69
689,2024/1/1 1:20,8,155,72.7
690,2024/1/1 1:20,8,149,63.31
691,2024/1/1 1:20,8,103,61.03
692,2024/1/1 1:20,8,98,82.93
693,2024/1/1 1:20,8,61,72.33
694,2024/1/1 1:20,8,71,64.2
695,2024/1/1 1:20,8,24,45.62
696,2024/1/1 1:20,8,74,75.39
697,2024/1/1 1:20,8,28,75.04
698,2024/1/1 1:20,8,38,68.27
699,2024/1/1 1:20,8,48,61.5
700,2024/1/1 1:20,8,40.5,57.49
701,2024/1/1 1:20,8,33,53.48
702,2024/1/1 1:20,8,47.33,60.9
703,2024/1/1 1:20,8,61.67,68.32
704,2024/1/1 1:20,8,76,75.74
705,2024/1/1 1:20,8,71,94.51
706,2024/1/1 1:20,8,85,74.61
707,2024/1/1 1:20,8,59,83.2
708,2024/1/1 1:20,8,53,80.25
709,2024/1/1 1:20,8,53,80.8
710,2024/1/1 1:20,8,53,81.34
711,2024/1/1 1:20,8,53,81.89
712,2024/1/1 1:20,8,41,51.85
713,2024/1/1 1:20,8,41,49.46
714,2024/1/1 1:20,8,41,47.07
715,2024/1/1 1:20,8,32,89.44
716,2024/1/1 1:20,8,16,51.75
717,2024/1/1 1:20,8,19,58.89
718,2024/1/1 1:20,8,24,31.08
719,2024/1/1 1:20,8,52,50.44
720,2024/1/1 1:20,8,11,48.64
721,2024/1/1 1:20,8,18,49.17
722,2024/1/1 1:20,8,29,56.83
723,2024/1/1 1:20,8,40,64.48
724,2024/1/1 1:20,8,51,72.14
725,2024/1/1 1:20,8,51,65.63
726,2024/1/1 1:20,8,56,99.71
727,2024/1/1 1:20,8,49,86.8
728,2024/1/1 1:20,8,56,77.52
729,2024/1/1 1:20,8,49,57.84
730,2024/1/1 1:20,8,41,48.34
731,2024/1/1 1:20,8,33,38.85
732,2024/1/1 1:20,8,53,82.15
733,2024/1/1 1:20,8,45,63.42
734,2024/1/1 1:20,8,41,45.78
735,2024/1/1 1:20,8,56,88.04
736,2024/1/1 1:20,8,58,84.34
737,2024/1/1 1:20,8,38,63.18
738,2024/1/1 1:20,8,61,34.44
739,2024/1/1 1:20,8,24,51.88
740,2024/1/1 1:20,8,25,61.8
741,2024/1/1 1:20,8,16.5,69.59
742,2024/1/1 1:20,8,8,77.38
743,2024/1/1 1:20,8,7.56,75.48
744,2024/1/1 1:20,8,7.11,73.57
745,2024/1/1 1:20,8,6.67,71.67
746,2024/1/1 1:20,8,6.22,69.77
747,2024/1/1 1:20,8,5.78,67.86
748,2024/1/1 1:20,8,5.33,65.96
749,2024/1/1 1:20,8,4.89,64.06
750,2024/1/1 1:20,8,4.44,62.15
751,2024/1/1 1:20,8,4,60.25
752,2024/1/1 1:20,8,4.35,61.19
753,2024/1/1 1:20,8,4.71,62.14
754,2024/1/1 1:20,8,5.06,63.08
755,2024/1/1 1:20,8,5.41,64.03
756,2024/1/1 1:20,8,5.76,64.97
757,2024/1/1 1:20,8,6.12,65.91
758,2024/1/1 1:20,8,6.47,66.86
759,2024/1/1 1:20,8,6.82,67.8
760,2024/1/1 1:20,8,7.18,68.75
761,2024/1/1 1:20,8,7.53,69.69
762,2024/1/1 1:20,8,7.88,70.64
763,2024/1/1 1:20,8,8.24,71.58
764,2024/1/1 1:20,8,8.59,72.52
765,2024/1/1 1:20,8,8.94,73.47
766,2024/1/1 1:20,8,9.29,74.41
767,2024/1/1 1:20,8,9.65,75.36
768,2024/1/1 1:20,8,10,76.3
769,2024/1/1 1:20,8,9,81.56
770,2024/1/1 1:20,8,38,62.84
771,2024/1/1 1:20,8,31.5,58.1
772,2024/1/1 1:20,8,25,53.36
773,2024/1/1 1:20,8,40,68.6
774,2024/1/1 1:20,8,30,74.68
775,2024/1/1 1:20,8,20,80.75
776,2024/1/1 1:20,8,38,57.87
777,2024/1/1 1:20,8,19,74.26
778,2024/1/1 1:20,8,24,59.71
779,2024/1/1 1:20,8,60,49.08
780,2024/1/1 1:20,8,24,50.17
781,2024/1/1 1:20,8,9,66.78
782,2024/1/1 1:20,8,8,76.5
783,2024/1/1 1:20,8,15,53.13
784,2024/1/1 1:20,8,4,78.75
785,2024/1/1 1:20,8,8,54.62
786,2024/1/1 1:20,8,75,66.77
787,2024/1/1 1:20,8,52,86.1
788,2024/1/1 1:20,8,53,81.04
789,2024/1/1 1:20,8,57,62.07
790,2024/1/1 1:20,8,49,70.98
791,2024/1/1 1:20,8,40,54.7
792,2024/1/1 1:20,8,46,47.78
793,2024/1/1 1:20,8,23,23.89
794,2024/1/1 1:20,8,33,33.21
795,2024/1/1 1:20,8,16.5,16.6
796,2024/1/1 1:20,8,8.25,8.3
797,2024/1/1 1:20,8,4.12,4.15
798,2024/1/1 1:20,8,2.06,2.08
799,2024/1/1 1:20,8,1.03,1.04
800,2024/1/1 1:20,8,0.52,0.52
801,2024/1/1 1:20,8,0.26,0.26
802,2024/1/1 1:20,8,0.13,0.13
803,2024/1/1 1:20,8,0.06,0.06
804,2024/1/1 1:20,8,0.02,0.02
805,2024/1/1 1:20,8,0.01,0.01
806,2024/1/1 1:20,8,25,22.2
807,2024/1/1 1:20,8,50,44.38
808,2024/1/1 1:20,8,0.01,0.01
809,2024/1/1 1:20,8,4.83,5.14
810,2024/1/1 1:20,8,9.64,10.27
811,2024/1/1 1:20,8,14.46,15.41
812,2024/1/1 1:20,8,19.28,20.54
813,2024/1/1 1:20,8,24.1,25.67
814,2024/1/1 1:20,8,28.91,30.8
815,2024/1/1 1:20,8,33.73,35.93
816,2024/1/1 1:20,8,38.55,41.06
817,2024/1/1 1:20,8,43.37,46.2
818,2024/1/1 1:20,8,48.18,51.33
819,2024/1/1 1:20,8,53,56.46
820,2024/1/1 1:20,8,55.38,56.65
821,2024/1/1 1:20,8,57.75,56.84
822,2024/1/1 1:20,8,60.12,57.03
823,2024/1/1 1:20,8,62.5,57.22
824,2024/1/1 1:20,8,64.88,57.4
825,2024/1/1 1:20,8,67.25,57.59
826,2024/1/1 1:20,8,69.62,57.78
827,2024/1/1 1:20,8,72,57.97
828,2024/1/1 1:20,8,70.57,57.09
829,2024/1/1 1:20,8,69.13,56.22
830,2024/1/1 1:20,8,67.7,55.34
831,2024/1/1 1:20,8,66.26,54.47
832,2024/1/1 1:20,8,64.83,53.59
833,2024/1/1 1:20,8,63.39,52.72
834,2024/1/1 1:20,8,61.96,51.84
835,2024/1/1 1:20,8,60.52,50.97
836,2024/1/1 1:20,8,59.09,50.09
837,2024/1/1 1:20,8,57.65,49.22
838,2024/1/1 1:20,8,56.22,48.34
839,2024/1/1 1:20,8,54.78,47.47
840,2024/1/1 1:20,8,53.35,46.59
841,2024/1/1 1:20,8,51.91,45.72
842,2024/1/1 1:20,8,50.48,44.84
843,2024/1/1 1:20,8,49.04,43.97
844,2024/1/1 1:20,8,47.61,43.09
845,2024/1/1 1:20,8,46.17,42.22
846,2024/1/1 1:20,8,44.74,41.34
847,2024/1/1 1:20,8,43.3,40.47
848,2024/1/1 1:20,8,41.87,39.59
849,2024/1/1 1:20,8,40.43,38.72
850,2024/1/1 1:20,8,39,37.84
851,2024/1/1 1:20,8,48,61.68
852,2024/1/1 1:20,8,24,30.84
853,2024/1/1 1:20,8,12,15.42
854,2024/1/1 1:20,8,6,7.71
855,2024/1/1 1:20,8,3,3.86
856,2024/1/1 1:20,8,1.5,1.93
857,2024/1/1 1:20,8,0.75,0.96
858,2024/1/1 1:20,8,0.38,0.48
859,2024/1/1 1:20,8,0.19,0.24
860,2024/1/1 1:20,8,0.09,0.12
861,2024/1/1 1:20,8,0.05,0.06
862,2024/1/1 1:20,8,0.02,0.03
863,2024/1/1 1:20,8,11.01,21.05
864,2024/1/1 1:20,8,22,42.07
865,2024/1/1 1:20,8,11,21.04
866,2024/1/1 1:20,8,5.5,10.52
867,2024/1/1 1:20,8,1.83,3.51
868,2024/1/1 1:20,8,0.92,1.75
869,2024/1/1 1:20,8,0.92,1.75
870,2024/1/1 1:20,8,81,54.37
871,2024/1/1 1:20,8,40.5,27.19
872,2024/1/1 1:20,8,20.25,13.59
873,2024/1/1 1:20,8,10.12,6.8
874,2024/1/1 1:20,8,5.06,3.4
875,2024/1/1 1:20,8,2.53,1.7
876,2024/1/1 1:20,8,1.27,0.85
877,2024/1/1 1:20,8,0.63,0.42
878,2024/1/1 1:20,8,0.32,0.21
879,2024/1/1 1:20,8,55.16,45.79
880,2024/1/1 1:20,8,59,78.75
881,2024/1/1 1:20,8,27.5,38.44
882,2024/1/1 1:20,8,13.75,19.22
883,2024/1/1 1:20,8,6.88,9.61
884,2024/1/1 1:20,8,3.44,4.8
885,2024/1/1 1:20,8,1.72,2.4
886,2024/1/1 1:20,8,22.86,43.27
887,2024/1/1 1:20,8,33,36.85
888,2024/1/1 1:20,8,16.5,18.42
889,2024/1/1 1:20,8,8.25,9.21
890,2024/1/1 1:20,8,4.12,4.61
891,2024/1/1 1:20,8,38.56,39.6
892,2024/1/1 1:20,8,34,40.42
893,2024/1/1 1:20,8,17,20.21
894,2024/1/1 1:20,8,8.5,10.11
895,2024/1/1 1:20,8,4.25,5.05
896,2024/1/1 1:20,8,30.12,43.05
897,2024/1/1 1:20,8,72,25.6
898,2024/1/1 1:20,8,36,12.8
899,2024/1/1 1:20,8,18,6.4
900,2024/1/1 1:20,8,88.5,41.96
901,2024/1/1 1:20,8,50,36.35
902,2024/1/1 1:20,8,25,18.17
903,2024/1/1 1:20,8,12.5,9.09
904,2024/1/1 1:20,8,52.25,32.71
905,2024/1/1 1:20,8,49.25,39.28
906,2024/1/1 1:20,8,24.62,19.64
907,2024/1/1 1:20,8,12.31,9.82
908,2024/1/1 1:20,8,6.16,4.91
909,2024/1/1 1:20,8,3.08,2.46
910,2024/1/1 1:20,8,1.54,1.23
911,2024/1/1 1:20,8,0.77,0.61
912,2024/1/1 1:20,8,57.38,39.34
913,2024/1/1 1:20,8,17.33,27.92
914,2024/1/1 1:20,8,8.67,13.96
915,2024/1/1 1:20,8,4.33,6.98
916,2024/1/1 1:20,8,2.17,3.49
917,2024/1/1 1:20,8,1.08,1.74
918,2024/1/1 1:20,8,0.54,0.87
919,2024/1/1 1:20,8,0.27,0.44
920,2024/1/1 1:20,8,30.14,39.29
921,2024/1/1 1:20,8,42,29.51
922,2024/1/1 1:20,8,21.25,38.02
923,2024/1/1 1:20,8,10.62,19.01
924,2024/1/1 1:20,8,17.31,34.59
925,2024/1/1 1:20,8,7.5,26.56
926,2024/1/1 1:20,8,3.75,13.28
927,2024/1/1 1:20,8,10.69,31.73
928,2024/1/1 1:20,8,113.56,62.73
929,2024/1/1 1:20,8,4,38.25
930,2024/1/1 1:20,8,2,19.12
931,2024/1/1 1:20,8,1,9.56
932,2024/1/1 1:20,8,0.5,4.78
933,2024/1/1 1:20,8,0.25,2.39
934,2024/1/1 1:20,8,27,33.47
935,2024/1/1 1:20,8,13.5,16.74
936,2024/1/1 1:20,8,6.75,8.37
937,2024/1/1 1:20,8,7.38,31.49
938,2024/1/1 1:20,8,28.5,33.86
939,2024/1/1 1:20,8,14.25,16.93
940,2024/1/1 1:20,8,7.12,8.46
941,2024/1/1 1:20,8,32.56,44.64
942,2024/1/1 1:20,8,40.5,36.98
943,2024/1/1 1:20,8,20.25,18.49
944,2024/1/1 1:20,8,10.12,9.24
945,2024/1/1 1:20,8,56.06,44.09
946,2024/1/1 1:20,8,44.5,40.9
947,2024/1/1 1:20,8,22.25,20.45
948,2024/1/1 1:20,8,11.12,10.23
949,2024/1/1 1:20,8,5.56,5.11
950,2024/1/1 1:20,8,2.78,2.56
951,2024/1/1 1:20,8,1.39,1.28
952,2024/1/1 1:20,8,91.2,42.07
953,2024/1/1 1:20,8,57,44.08
954,2024/1/1 1:20,8,28.5,22.04
955,2024/1/1 1:20,8,14.25,11.02
956,2024/1/1 1:20,8,7.12,5.51
957,2024/1/1 1:20,8,3.56,2.76
958,2024/1/1 1:20,8,1.78,1.38
959,2024/1/1 1:20,8,102.39,34.49
960,2024/1/1 1:20,8,110.5,29.21
961,2024/1/1 1:20,8,55.25,14.6
962,2024/1/1 1:20,8,27.62,7.3
963,2024/1/1 1:20,8,13.81,3.65
964,2024/1/1 1:20,8,6.91,1.83
965,2024/1/1 1:20,8,3.45,0.91
966,2024/1/1 1:20,8,34.73,23.73
967,2024/1/1 1:20,8,36.5,28.6
968,2024/1/1 1:20,8,18.25,14.3
969,2024/1/1 1:20,8,9.12,7.15
970,2024/1/1 1:20,8,4.56,3.58
971,2024/1/1 1:20,8,2.28,1.79
972,2024/1/1 1:20,8,1.14,0.89
973,2024/1/1 1:20,8,0.57,0.45
974,2024/1/1 1:20,8,65.79,34.41
975,2024/1/1 1:20,8,9.67,19.41
976,2024/1/1 1:20,8,4.83,9.71
977,2024/1/1 1:20,8,2.42,4.85
978,2024/1/1 1:20,8,1.21,2.43
979,2024/1/1 1:20,8,0.6,1.21
980,2024/1/1 1:20,8,0.3,0.61
981,2024/1/1 1:20,8,24.77,29.19
982,2024/1/1 1:20,8,12.38,14.6
983,2024/1/1 1:20,8,6.19,7.3
984,2024/1/1 1:20,8,3.1,3.65
985,2024/1/1 1:20,8,46.7,55.93
986,2024/1/1 1:20,8,87,30.46
987,2024/1/1 1:20,8,43.5,15.23
988,2024/1/1 1:20,8,21.75,7.62
989,2024/1/1 1:20,8,10.88,3.81
990,2024/1/1 1:20,8,141.94,32.86
991,2024/1/1 1:20,8,86,30.7
992,2024/1/1 1:20,8,43,15.35
993,2024/1/1 1:20,8,21.5,7.67
994,2024/1/1 1:20,8,10.75,3.84
995,2024/1/1 1:20,8,49.92,17.21
996,2024/1/1 1:20,8,125,51.31
997,2024/1/1 1:20,8,62.5,25.66
998,2024/1/1 1:20,8,31.25,12.83
999,2024/1/1 1:20,8,21.75,35.4
1000,2024/1/1 1:20,8,18.33,33.16
1001,2024/1/1 1:20,8,9.17,16.58
1002,2024/1/1 1:20,8,4.58,8.29
1003,2024/1/1 1:20,8,2.29,4.15
1004,2024/1/1 1:20,8,1.15,2.07
1005,2024/1/1 1:20,8,72.05,55.09
1006,2024/1/1 1:20,8,101,71.38
2,2024/1/1 1:30,9,54,62.81
3,2024/1/1 1:30,9,50,75.24
4,2024/1/1 1:30,9,66,72.48
5,2024/1/1 1:30,9,56,78.23
6,2024/1/1 1:30,9,51,91.33
7,2024/1/1 1:30,9,70,56.13
8,2024/1/1 1:30,9,53,69.38
9,2024/1/1 1:30,9,62,81.27
10,2024/1/1 1:30,9,125,63.78
11,2024/1/1 1:30,9,139,65.33
12,2024/1/1 1:30,9,225,63.16
13,2024/1/1 1:30,9,236,58.2
14,2024/1/1 1:30,9,121,65.53
15,2024/1/1 1:30,9,121,70.84
16,2024/1/1 1:30,9,126,60.91
17,2024/1/1 1:30,9,88,74.26
18,2024/1/1 1:30,9,142,64.14
19,2024/1/1 1:30,9,147,63.97
20,2024/1/1 1:30,9,155,59.64
21,2024/1/1 1:30,9,163,55.3
22,2024/1/1 1:30,9,133,65.15
23,2024/1/1 1:30,9,127,67.97
24,2024/1/1 1:30,9,182,50.96
25,2024/1/1 1:30,9,178,78.44
26,2024/1/1 1:30,9,178,76.75
27,2024/1/1 1:30,9,189,84.7
28,2024/1/1 1:30,9,191,85.74
29,2024/1/1 1:30,9,155,86.91
30,2024/1/1 1:30,9,157,71.37
31,2024/1/1 1:30,9,138.5,82.02
32,2024/1/1 1:30,9,120,92.67
33,2024/1/1 1:30,9,131,89.26
34,2024/1/1 1:30,9,95,87.75
35,2024/1/1 1:30,9,86,74.38
36,2024/1/1 1:30,9,91,92.9
37,2024/1/1 1:30,9,111,79.59
38,2024/1/1 1:30,9,101,55.07
39,2024/1/1 1:30,9,78.5,62.92
40,2024/1/1 1:30,9,56,70.77
41,2024/1/1 1:30,9,84,40.77
42,2024/1/1 1:30,9,82.5,45.16
43,2024/1/1 1:30,9,81,49.54
44,2024/1/1 1:30,9,100,61.75
45,2024/1/1 1:30,9,65,70.17
46,2024/1/1 1:30,9,75,68.71
47,2024/1/1 1:30,9,83,63.31
48,2024/1/1 1:30,9,80,69.91
49,2024/1/1 1:30,9,53,77.74
50,2024/1/1 1:30,9,160,63.52
51,2024/1/1 1:30,9,112,50.32
52,2024/1/1 1:30,9,101,77.67
53,2024/1/1 1:30,9,49,76.86
54,2024/1/1 1:30,9,85,81.35
55,2024/1/1 1:30,9,59,62.32
56,2024/1/1 1:30,9,58,76.57
57,2024/1/1 1:30,9,55,76.89
58,2024/1/1 1:30,9,61,59.18
59,2024/1/1 1:30,9,49,75.67
60,2024/1/1 1:30,9,35,76.46
61,2024/1/1 1:30,9,28,95.75
62,2024/1/1 1:30,9,30,70.17
63,2024/1/1 1:30,9,95,86.48
64,2024/1/1 1:30,9,116,95.43
65,2024/1/1 1:30,9,140,97.54
66,2024/1/1 1:30,9,142,106.1
67,2024/1/1 1:30,9,122,105.06
68,2024/1/1 1:30,9,126,99.08
69,2024/1/1 1:30,9,79,90.48
70,2024/1/1 1:30,9,84,97.9
71,2024/1/1 1:30,9,83,88.95
72,2024/1/1 1:30,9,78,83.08
73,2024/1/1 1:30,9,47,82.17
74,2024/1/1 1:30,9,78,96.76
75,2024/1/1 1:30,9,111,78.35
76,2024/1/1 1:30,9,76,90.28
77,2024/1/1 1:30,9,131,96.22
78,2024/1/1 1:30,9,133,88.2
79,2024/1/1 1:30,9,129,93.98
80,2024/1/1 1:30,9,145,99.53
81,2024/1/1 1:30,9,80,77.24
82,2024/1/1 1:30,9,89,79.25
83,2024/1/1 1:30,9,128,92.35
84,2024/1/1 1:30,9,79,76.22
85,2024/1/1 1:30,9,54,76.91
86,2024/1/1 1:30,9,48,75.9
87,2024/1/1 1:30,9,42,74.9
88,2024/1/1 1:30,9,83,79
89,2024/1/1 1:30,9,74,102.28
90,2024/1/1 1:30,9,96.5,92.94
91,2024/1/1 1:30,9,119,83.6
92,2024/1/1 1:30,9,116,99.78
93,2024/1/1 1:30,9,126,109.05
94,2024/1/1 1:30,9,125,98.06
95,2024/1/1 1:30,9,132,90.06
96,2024/1/1 1:30,9,118,84.7
97,2024/1/1 1:30,9,103,75.55
98,2024/1/1 1:30,9,148,86.02
99,2024/1/1 1:30,9,37,101.59
100,2024/1/1 1:30,9,38,68.95
101,2024/1/1 1:30,9,28,58.96
102,2024/1/1 1:30,9,92,82
103,2024/1/1 1:30,9,95,97.97
104,2024/1/1 1:30,9,98,113.94
105,2024/1/1 1:30,9,122,100.58
106,2024/1/1 1:30,9,222,104.61
107,2024/1/1 1:30,9,222,98.22
108,2024/1/1 1:30,9,226,102.89
109,2024/1/1 1:30,9,172,96.83
110,2024/1/1 1:30,9,187,107.07
111,2024/1/1 1:30,9,125,97.61
112,2024/1/1 1:30,9,129,120.71
113,2024/1/1 1:30,9,107,89.93
114,2024/1/1 1:30,9,99,94.88
115,2024/1/1 1:30,9,105,93.62
116,2024/1/1 1:30,9,99,99.74
117,2024/1/1 1:30,9,98,117.71
118,2024/1/1 1:30,9,114,102.77
119,2024/1/1 1:30,9,96,104.98
120,2024/1/1 1:30,9,103,121.79
121,2024/1/1 1:30,9,97,117.92
122,2024/1/1 1:30,9,55,112.84
123,2024/1/1 1:30,9,52,120.27
124,2024/1/1 1:30,9,38,83.18
125,2024/1/1 1:30,9,85,108.59
126,2024/1/1 1:30,9,41,95.93
127,2024/1/1 1:30,9,65,100.28
128,2024/1/1 1:30,9,128,118.09
129,2024/1/1 1:30,9,134,121.04
130,2024/1/1 1:30,9,132,112.39
131,2024/1/1 1:30,9,135,112.47
132,2024/1/1 1:30,9,132,110.01
133,2024/1/1 1:30,9,54,96.72
134,2024/1/1 1:30,9,83,87.18
135,2024/1/1 1:30,9,42,72.1
136,2024/1/1 1:30,9,32,92.59
137,2024/1/1 1:30,9,30,71.4
138,2024/1/1 1:30,9,79,82.14
139,2024/1/1 1:30,9,97,78.93
140,2024/1/1 1:30,9,186,84.02
141,2024/1/1 1:30,9,176,85.45
142,2024/1/1 1:30,9,96,93.76
143,2024/1/1 1:30,9,101,78.24
144,2024/1/1 1:30,9,197,80.02
145,2024/1/1 1:30,9,108,69.38
146,2024/1/1 1:30,9,87,78.72
147,2024/1/1 1:30,9,98,91.69
148,2024/1/1 1:30,9,116,86.91
149,2024/1/1 1:30,9,71,76.2
150,2024/1/1 1:30,9,59,77.49
151,2024/1/1 1:30,9,73,62
152,2024/1/1 1:30,9,81,75.46
153,2024/1/1 1:30,9,19,70.95
154,2024/1/1 1:30,9,24,75.67
155,2024/1/1 1:30,9,45,89.04
156,2024/1/1 1:30,9,85,91.18
157,2024/1/1 1:30,9,9,54.22
158,2024/1/1 1:30,9,13,50.38
159,2024/1/1 1:30,9,47,73
160,2024/1/1 1:30,9,44,83.77
161,2024/1/1 1:30,9,52,41.67
162,2024/1/1 1:30,9,39,79.36
163,2024/1/1 1:30,9,45,78.07
164,2024/1/1 1:30,9,67,62.72
165,2024/1/1 1:30,9,63,79.06
166,2024/1/1 1:30,9,80,78.19
167,2024/1/1 1:30,9,10,82
168,2024/1/1 1:30,9,121,77.63
169,2024/1/1 1:30,9,86,75.28
170,2024/1/1 1:30,9,153,85.33
171,2024/1/1 1:30,9,159,83.43
172,2024/1/1 1:30,9,127,83.19
173,2024/1/1 1:30,9,124,88.35
174,2024/1/1 1:30,9,185,73.1
175,2024/1/1 1:30,9,147,66.59
176,2024/1/1 1:30,9,33,84.15
177,2024/1/1 1:30,9,41,83.59
178,2024/1/1 1:30,9,54,77.31
179,2024/1/1 1:30,9,67,71.03
180,2024/1/1 1:30,9,43,69.83
181,2024/1/1 1:30,9,19,68.63
182,2024/1/1 1:30,9,68,65.29
183,2024/1/1 1:30,9,106,69.87
184,2024/1/1 1:30,9,129,56.47
185,2024/1/1 1:30,9,129.67,59.58
186,2024/1/1 1:30,9,130.33,62.68
187,2024/1/1 1:30,9,131,65.79
188,2024/1/1 1:30,9,63,70.46
189,2024/1/1 1:30,9,59,66.9
190,2024/1/1 1:30,9,94,75.95
191,2024/1/1 1:30,9,99,65.27
192,2024/1/1 1:30,9,120.5,74.04
193,2024/1/1 1:30,9,142,82.8
194,2024/1/1 1:30,9,95,67.98
195,2024/1/1 1:30,9,88,60.02
196,2024/1/1 1:30,9,126,81.25
197,2024/1/1 1:30,9,130,85.75
198,2024/1/1 1:30,9,145,81.6
199,2024/1/1 1:30,9,122,84.62
200,2024/1/1 1:30,9,115,76.47
201,2024/1/1 1:30,9,183,77.27
202,2024/1/1 1:30,9,171,61.59
203,2024/1/1 1:30,9,131,62.44
204,2024/1/1 1:30,9,91,70.55
205,2024/1/1 1:30,9,119,90.39
206,2024/1/1 1:30,9,82,89.99
207,2024/1/1 1:30,9,83,83.24
208,2024/1/1 1:30,9,82,72.56
209,2024/1/1 1:30,9,90,86.74
210,2024/1/1 1:30,9,49,82.67
211,2024/1/1 1:30,9,48,82.98
212,2024/1/1 1:30,9,89,80.75
213,2024/1/1 1:30,9,66,82.55
214,2024/1/1 1:30,9,120,78.75
215,2024/1/1 1:30,9,104,84.15
216,2024/1/1 1:30,9,135,78.63
217,2024/1/1 1:30,9,127,86.69
218,2024/1/1 1:30,9,104,86.17
219,2024/1/1 1:30,9,101,79.53
220,2024/1/1 1:30,9,86,80.2
221,2024/1/1 1:30,9,70,81.29
222,2024/1/1 1:30,9,43,78.44
223,2024/1/1 1:30,9,68,68.07
224,2024/1/1 1:30,9,67,68.33
225,2024/1/1 1:30,9,70,84.74
226,2024/1/1 1:30,9,76,62.71
227,2024/1/1 1:30,9,56,68.5
228,2024/1/1 1:30,9,52,64.85
229,2024/1/1 1:30,9,60,67.15
230,2024/1/1 1:30,9,71,75.89
231,2024/1/1 1:30,9,50,77.54
232,2024/1/1 1:30,9,84.33,70.61
233,2024/1/1 1:30,9,118.67,63.69
234,2024/1/1 1:30,9,153,56.76
235,2024/1/1 1:30,9,154,67.16
236,2024/1/1 1:30,9,62,44.68
237,2024/1/1 1:30,9,16,59
238,2024/1/1 1:30,9,24,59.88
239,2024/1/1 1:30,9,26.5,58.17
240,2024/1/1 1:30,9,29,56.45
241,2024/1/1 1:30,9,2,21.5
242,2024/1/1 1:30,9,32,80.56
243,2024/1/1 1:30,9,95,79.46
244,2024/1/1 1:30,9,104,71.34
245,2024/1/1 1:30,9,162,61.64
246,2024/1/1 1:30,9,127,59.91
247,2024/1/1 1:30,9,115,55.7
248,2024/1/1 1:30,9,103,51.5
249,2024/1/1 1:30,9,67,65.07
250,2024/1/1 1:30,9,76,74.11
251,2024/1/1 1:30,9,83,67.64
252,2024/1/1 1:30,9,83,64.72
253,2024/1/1 1:30,9,168,72.77
254,2024/1/1 1:30,9,115,63.22
255,2024/1/1 1:30,9,128,65.39
256,2024/1/1 1:30,9,141,67.56
257,2024/1/1 1:30,9,134,61.91
258,2024/1/1 1:30,9,147,81.32
259,2024/1/1 1:30,9,150,74.51
260,2024/1/1 1:30,9,156,74.65
261,2024/1/1 1:30,9,101,61.68
262,2024/1/1 1:30,9,149,77.27
263,2024/1/1 1:30,9,147,56.71
264,2024/1/1 1:30,9,127,73.7
265,2024/1/1 1:30,9,115,61.43
266,2024/1/1 1:30,9,135,75.79
267,2024/1/1 1:30,9,129,50.64
268,2024/1/1 1:30,9,150,72.7
269,2024/1/1 1:30,9,149,76.6
270,2024/1/1 1:30,9,132,82.69
271,2024/1/1 1:30,9,140,79.12
272,2024/1/1 1:30,9,148,75.54
273,2024/1/1 1:30,9,74,68.58
274,2024/1/1 1:30,9,100,68.88
275,2024/1/1 1:30,9,100,67.03
276,2024/1/1 1:30,9,119,72.36
277,2024/1/1 1:30,9,128,72.8
278,2024/1/1 1:30,9,137,73.23
279,2024/1/1 1:30,9,124,70.86
280,2024/1/1 1:30,9,111,68.48
281,2024/1/1 1:30,9,107,61.93
282,2024/1/1 1:30,9,137,66.21
283,2024/1/1 1:30,9,139,63.66
284,2024/1/1 1:30,9,111,71.64
285,2024/1/1 1:30,9,174,65.13
286,2024/1/1 1:30,9,158,70.91
287,2024/1/1 1:30,9,150.5,68.78
288,2024/1/1 1:30,9,143,66.66
289,2024/1/1 1:30,9,112,59.96
290,2024/1/1 1:30,9,148,71.49
291,2024/1/1 1:30,9,177,67.33
292,2024/1/1 1:30,9,121,61.44
293,2024/1/1 1:30,9,136,79.13
294,2024/1/1 1:30,9,103,73.5
295,2024/1/1 1:30,9,97,69.75
296,2024/1/1 1:30,9,93,58.76
297,2024/1/1 1:30,9,109,62.83
298,2024/1/1 1:30,9,138,47.8
299,2024/1/1 1:30,9,133,48.3
300,2024/1/1 1:30,9,128,48.8
301,2024/1/1 1:30,9,213,67.15
302,2024/1/1 1:30,9,129,75.53
303,2024/1/1 1:30,9,145,78.5
304,2024/1/1 1:30,9,105,63.11
305,2024/1/1 1:30,9,65,47.72
306,2024/1/1 1:30,9,74,75.51
307,2024/1/1 1:30,9,85,102.49
308,2024/1/1 1:30,9,96,92.5
309,2024/1/1 1:30,9,102,111.33
310,2024/1/1 1:30,9,88,98.06
311,2024/1/1 1:30,9,103,108.08
312,2024/1/1 1:30,9,85,113.95
313,2024/1/1 1:30,9,89,110.22
314,2024/1/1 1:30,9,87,107.86
315,2024/1/1 1:30,9,94,101.15
316,2024/1/1 1:30,9,98,96.9
317,2024/1/1 1:30,9,71,91.24
318,2024/1/1 1:30,9,67,102.37
319,2024/1/1 1:30,9,59,104.39
320,2024/1/1 1:30,9,55,94.05
321,2024/1/1 1:30,9,55,113.09
322,2024/1/1 1:30,9,72,105.65
323,2024/1/1 1:30,9,75,102.69
324,2024/1/1 1:30,9,71,107.58
325,2024/1/1 1:30,9,29,83.14
326,2024/1/1 1:30,9,25,105
327,2024/1/1 1:30,9,16,101
328,2024/1/1 1:30,9,24,98.46
329,2024/1/1 1:30,9,13,62.98
330,2024/1/1 1:30,9,2,27.5
331,2024/1/1 1:30,9,37,101.49
332,2024/1/1 1:30,9,71,94.46
333,2024/1/1 1:30,9,72,96.04
334,2024/1/1 1:30,9,79,103.04
335,2024/1/1 1:30,9,98,101.24
336,2024/1/1 1:30,9,68,89.35
337,2024/1/1 1:30,9,60,93.93
338,2024/1/1 1:30,9,57,101.46
339,2024/1/1 1:30,9,58,92.03
340,2024/1/1 1:30,9,74,101.2
341,2024/1/1 1:30,9,104,95.6
342,2024/1/1 1:30,9,100,103.7
343,2024/1/1 1:30,9,91,103.97
344,2024/1/1 1:30,9,80,104.91
345,2024/1/1 1:30,9,77,103.36
346,2024/1/1 1:30,9,91,104.26
347,2024/1/1 1:30,9,87,104.11
348,2024/1/1 1:30,9,101,96.83
349,2024/1/1 1:30,9,95,83.98
350,2024/1/1 1:30,9,89,91.2
351,2024/1/1 1:30,9,35,81.69
352,2024/1/1 1:30,9,39,67.15
353,2024/1/1 1:30,9,23,72.48
354,2024/1/1 1:30,9,16,69.56
355,2024/1/1 1:30,9,14,77.29
356,2024/1/1 1:30,9,45,69.82
357,2024/1/1 1:30,9,48,79.52
358,2024/1/1 1:30,9,51,82.76
359,2024/1/1 1:30,9,63,73.83
360,2024/1/1 1:30,9,61,80.52
361,2024/1/1 1:30,9,66,79.61
362,2024/1/1 1:30,9,54,90.06
363,2024/1/1 1:30,9,142,77.1
364,2024/1/1 1:30,9,230,64.14
365,2024/1/1 1:30,9,209,70.98
366,2024/1/1 1:30,9,188,77.82
367,2024/1/1 1:30,9,167,84.66
368,2024/1/1 1:30,9,304,81.09
369,2024/1/1 1:30,9,286.5,81.01
370,2024/1/1 1:30,9,269,80.93
371,2024/1/1 1:30,9,254,70.95
372,2024/1/1 1:30,9,199,85.68
373,2024/1/1 1:30,9,142,100.04
374,2024/1/1 1:30,9,103,105.07
375,2024/1/1 1:30,9,90,92.28
376,2024/1/1 1:30,9,74,89.19
377,2024/1/1 1:30,9,63,105.68
378,2024/1/1 1:30,9,70,95.37
379,2024/1/1 1:30,9,84,88.45
380,2024/1/1 1:30,9,45,78.18
381,2024/1/1 1:30,9,39,92.49
382,2024/1/1 1:30,9,50,77.62
383,2024/1/1 1:30,9,20,87.6
384,2024/1/1 1:30,9,7,22.14
385,2024/1/1 1:30,9,23,81.3
386,2024/1/1 1:30,9,14,71.86
387,2024/1/1 1:30,9,29,64.21
388,2024/1/1 1:30,9,141,76
389,2024/1/1 1:30,9,149,91.79
390,2024/1/1 1:30,9,163,99.91
391,2024/1/1 1:30,9,177,77.51
392,2024/1/1 1:30,9,120,103.69
393,2024/1/1 1:30,9,128,114.62
394,2024/1/1 1:30,9,130,105.55
395,2024/1/1 1:30,9,138,100.13
396,2024/1/1 1:30,9,71.5,97.76
397,2024/1/1 1:30,9,5,95.4
398,2024/1/1 1:30,9,3,78.67
399,2024/1/1 1:30,9,2,
400,2024/1/1 1:30,9,0,
401,2024/1/1 1:30,9,3,92.67
402,2024/1/1 1:30,9,8,87.25
403,2024/1/1 1:30,9,7,70.29
404,2024/1/1 1:30,9,5,72.2
405,2024/1/1 1:30,9,2,83.5
406,2024/1/1 1:30,9,3,83.67
407,2024/1/1 1:30,9,5,100
408,2024/1/1 1:30,9,4,105.25
409,2024/1/1 1:30,9,3,82
410,2024/1/1 1:30,9,1,95
411,2024/1/1 1:30,9,2,72.5
412,2024/1/1 1:30,9,4,67.25
413,2024/1/1 1:30,9,4,111.5
414,2024/1/1 1:30,9,3,70.67
415,2024/1/1 1:30,9,27,
416,2024/1/1 1:30,9,13.5,
417,2024/1/1 1:30,9,0,
418,2024/1/1 1:30,9,0,
419,2024/1/1 1:30,9,1,66
420,2024/1/1 1:30,9,2,93
421,2024/1/1 1:30,9,1,
422,2024/1/1 1:30,9,0,
423,2024/1/1 1:30,9,0,
424,2024/1/1 1:30,9,0,
425,2024/1/1 1:30,9,0,
426,2024/1/1 1:30,9,1,68
427,2024/1/1 1:30,9,1,113
428,2024/1/1 1:30,9,1,74
429,2024/1/1 1:30,9,1,
430,2024/1/1 1:30,9,0,
431,2024/1/1 1:30,9,1,84
432,2024/1/1 1:30,9,1,81
433,2024/1/1 1:30,9,1,78
434,2024/1/1 1:30,9,32,78.5
435,2024/1/1 1:30,9,63,79.01
436,2024/1/1 1:30,9,94,79.51
437,2024/1/1 1:30,9,43,67.51
438,2024/1/1 1:30,9,52,78.15
439,2024/1/1 1:30,9,50,80.37
440,2024/1/1 1:30,9,48,82.58
441,2024/1/1 1:30,9,51,65.04
442,2024/1/1 1:30,9,81,68.46
443,2024/1/1 1:30,9,92.33,67.44
444,2024/1/1 1:30,9,103.67,66.42
445,2024/1/1 1:30,9,115,65.4
446,2024/1/1 1:30,9,107,61.07
447,2024/1/1 1:30,9,116,55.74
448,2024/1/1 1:30,9,98,74.03
449,2024/1/1 1:30,9,52,81.71
450,2024/1/1 1:30,9,46,77
451,2024/1/1 1:30,9,82,66.67
452,2024/1/1 1:30,9,66,82.48
453,2024/1/1 1:30,9,82,85.62
454,2024/1/1 1:30,9,113,75.75
455,2024/1/1 1:30,9,48,65.17
456,2024/1/1 1:30,9,96,72.49
457,2024/1/1 1:30,9,65,88.71
458,2024/1/1 1:30,9,48,78.4
459,2024/1/1 1:30,9,40,82.45
460,2024/1/1 1:30,9,43,90.67
461,2024/1/1 1:30,9,57,91.72
462,2024/1/1 1:30,9,46,89.07
463,2024/1/1 1:30,9,43,102.56
464,2024/1/1 1:30,9,15,89.4
465,2024/1/1 1:30,9,17,99.82
466,2024/1/1 1:30,9,55,93.67
467,2024/1/1 1:30,9,93,87.52
468,2024/1/1 1:30,9,107,78.35
469,2024/1/1 1:30,9,115,72.57
470,2024/1/1 1:30,9,108,78.66
471,2024/1/1 1:30,9,101,84.74
472,2024/1/1 1:30,9,43,78.79
473,2024/1/1 1:30,9,42,83.5
474,2024/1/1 1:30,9,47,78.49
475,2024/1/1 1:30,9,54,75.76
476,2024/1/1 1:30,9,52,75.85
477,2024/1/1 1:30,9,56,89.77
478,2024/1/1 1:30,9,119,70.28
479,2024/1/1 1:30,9,115,88.74
480,2024/1/1 1:30,9,121,77.26
481,2024/1/1 1:30,9,116,71.19
482,2024/1/1 1:30,9,126,77.87
483,2024/1/1 1:30,9,109,71.84
484,2024/1/1 1:30,9,87,67.14
485,2024/1/1 1:30,9,1262,7.27
486,2024/1/1 1:30,9,208,90.24
487,2024/1/1 1:30,9,215,81.58
488,2024/1/1 1:30,9,203,73.55
489,2024/1/1 1:30,9,202,78.8
490,2024/1/1 1:30,9,201,84.04
491,2024/1/1 1:30,9,188,84.42
492,2024/1/1 1:30,9,175,84.43
493,2024/1/1 1:30,9,189,78.06
494,2024/1/1 1:30,9,224,98.37
495,2024/1/1 1:30,9,233,82.05
496,2024/1/1 1:30,9,195,80.5
497,2024/1/1 1:30,9,191,90.26
498,2024/1/1 1:30,9,195,97.18
499,2024/1/1 1:30,9,226,78.52
500,2024/1/1 1:30,9,204,86.04
501,2024/1/1 1:30,9,182,93.56
502,2024/1/1 1:30,9,174,80.69
503,2024/1/1 1:30,9,147,82.79
504,2024/1/1 1:30,9,174,75.47
505,2024/1/1 1:30,9,186,81.25
506,2024/1/1 1:30,9,173,84.39
507,2024/1/1 1:30,9,194.25,78.44
508,2024/1/1 1:30,9,215.5,72.48
509,2024/1/1 1:30,9,236.75,66.53
510,2024/1/1 1:30,9,258,60.57
511,2024/1/1 1:30,9,239,70.03
512,2024/1/1 1:30,9,184,64.16
513,2024/1/1 1:30,9,222,70.33
514,2024/1/1 1:30,9,225,80.99
515,2024/1/1 1:30,9,225,72.91
516,2024/1/1 1:30,9,179,86.89
517,2024/1/1 1:30,9,180,84.44
518,2024/1/1 1:30,9,181,81.99
519,2024/1/1 1:30,9,189,81.85
520,2024/1/1 1:30,9,197,81.71
521,2024/1/1 1:30,9,182.5,69.55
522,2024/1/1 1:30,9,168,57.4
523,2024/1/1 1:30,9,160.5,71.92
524,2024/1/1 1:30,9,153,86.44
525,2024/1/1 1:30,9,152,77.26
526,2024/1/1 1:30,9,151,68.65
527,2024/1/1 1:30,9,87,78.8
528,2024/1/1 1:30,9,99.33,77.01
529,2024/1/1 1:30,9,111.67,75.23
530,2024/1/1 1:30,9,124,73.44
531,2024/1/1 1:30,9,141.33,77.84
532,2024/1/1 1:30,9,158.67,82.23
533,2024/1/1 1:30,9,176,86.63
534,2024/1/1 1:30,9,180,74.19
535,2024/1/1 1:30,9,146,96.47
536,2024/1/1 1:30,9,146,88.54
537,2024/1/1 1:30,9,160,86.69
538,2024/1/1 1:30,9,173,82.95
539,2024/1/1 1:30,9,162,86.36
540,2024/1/1 1:30,9,161,87.89
541,2024/1/1 1:30,9,160,89.42
542,2024/1/1 1:30,9,159,90.96
543,2024/1/1 1:30,9,158,92.49
544,2024/1/1 1:30,9,110.5,88.96
545,2024/1/1 1:30,9,63,85.44
546,2024/1/1 1:30,9,88.5,76.17
547,2024/1/1 1:30,9,114,66.9
548,2024/1/1 1:30,9,121,87.36
549,2024/1/1 1:30,9,113,90.16
550,2024/1/1 1:30,9,119,83.24
551,2024/1/1 1:30,9,116,65.14
552,2024/1/1 1:30,9,73,73.86
553,2024/1/1 1:30,9,64,79.95
554,2024/1/1 1:30,9,83,71.98
555,2024/1/1 1:30,9,82,81.44
556,2024/1/1 1:30,9,77,74.99
557,2024/1/1 1:30,9,79,78.43
558,2024/1/1 1:30,9,59,73.64
559,2024/1/1 1:30,9,68,87.46
560,2024/1/1 1:30,9,106,91.7
561,2024/1/1 1:30,9,110.5,94.27
562,2024/1/1 1:30,9,115,96.84
563,2024/1/1 1:30,9,119,90.21
564,2024/1/1 1:30,9,109,85.71
565,2024/1/1 1:30,9,99,81.21
566,2024/1/1 1:30,9,91,82.02
567,2024/1/1 1:30,9,95.5,84.09
568,2024/1/1 1:30,9,100,86.16
569,2024/1/1 1:30,9,110,76.69
570,2024/1/1 1:30,9,102,77.25
571,2024/1/1 1:30,9,94,77.82
572,2024/1/1 1:30,9,86,78.38
573,2024/1/1 1:30,9,92,77.77
574,2024/1/1 1:30,9,95.5,76.85
575,2024/1/1 1:30,9,99,75.93
576,2024/1/1 1:30,9,75,86.83
577,2024/1/1 1:30,9,94,79.22
578,2024/1/1 1:30,9,94,82.24
579,2024/1/1 1:30,9,94,85.27
580,2024/1/1 1:30,9,92,84.84
581,2024/1/1 1:30,9,90,84.41
582,2024/1/1 1:30,9,88,83.98
583,2024/1/1 1:30,9,122.5,79.23
584,2024/1/1 1:30,9,157,74.48
585,2024/1/1 1:30,9,144,60.41
586,2024/1/1 1:30,9,138,81.24
587,2024/1/1 1:30,9,112,82.73
588,2024/1/1 1:30,9,86,84.22
589,2024/1/1 1:30,9,85,94.36
590,2024/1/1 1:30,9,99.5,83.02
591,2024/1/1 1:30,9,114,71.68
592,2024/1/1 1:30,9,113.5,81.86
593,2024/1/1 1:30,9,113,92.04
594,2024/1/1 1:30,9,119,81.7
595,2024/1/1 1:30,9,125,71.36
596,2024/1/1 1:30,9,126,82.29
597,2024/1/1 1:30,9,124,80.45
598,2024/1/1 1:30,9,122,78.61
599,2024/1/1 1:30,9,53,77.3
600,2024/1/1 1:30,9,71,89.97
601,2024/1/1 1:30,9,79,85.51
602,2024/1/1 1:30,9,117,84.49
603,2024/1/1 1:30,9,87,63.97
604,2024/1/1 1:30,9,78,87.85
605,2024/1/1 1:30,9,86,88.85
606,2024/1/1 1:30,9,94,89.86
607,2024/1/1 1:30,9,113,89.27
608,2024/1/1 1:30,9,119,77.02
609,2024/1/1 1:30,9,84,91.33
610,2024/1/1 1:30,9,86,88.43
611,2024/1/1 1:30,9,77,84.66
612,2024/1/1 1:30,9,80.5,90.48
613,2024/1/1 1:30,9,84,96.29
614,2024/1/1 1:30,9,97,98.13
615,2024/1/1 1:30,9,93,91.29
616,2024/1/1 1:30,9,80,86.21
617,2024/1/1 1:30,9,78,85.58
618,2024/1/1 1:30,9,53,86.58
619,2024/1/1 1:30,9,96.5,80.05
620,2024/1/1 1:30,9,140,73.52
621,2024/1/1 1:30,9,146.5,74.73
622,2024/1/1 1:30,9,153,75.94
623,2024/1/1 1:30,9,145,84.48
624,2024/1/1 1:30,9,137,93.01
625,2024/1/1 1:30,9,67,48.06
626,2024/1/1 1:30,9,57,71.56
627,2024/1/1 1:30,9,36.5,53.94
628,2024/1/1 1:30,9,16,36.31
629,2024/1/1 1:30,9,26,59.23
630,2024/1/1 1:30,9,19,53.89
631,2024/1/1 1:30,9,29,76.79
632,2024/1/1 1:30,9,20,34.25
633,2024/1/1 1:30,9,24,40.04
634,2024/1/1 1:30,9,49,56.86
635,2024/1/1 1:30,9,48,67.38
636,2024/1/1 1:30,9,23,60.39
637,2024/1/1 1:30,9,32,52.27
638,2024/1/1 1:30,9,41,44.15
639,2024/1/1 1:30,9,70,50.67
640,2024/1/1 1:30,9,64,53.16
641,2024/1/1 1:30,9,17,71.18
642,2024/1/1 1:30,9,41,50.2
643,2024/1/1 1:30,9,45,46.22
644,2024/1/1 1:30,9,36,54.42
645,2024/1/1 1:30,9,39,71.74
646,2024/1/1 1:30,9,35,80.66
647,2024/1/1 1:30,9,23.5,75.83
648,2024/1/1 1:30,9,12,71
649,2024/1/1 1:30,9,7,88.14
650,2024/1/1 1:30,9,21,54.33
651,2024/1/1 1:30,9,18,65.5
652,2024/1/1 1:30,9,11,54.45
653,2024/1/1 1:30,9,20,52.28
654,2024/1/1 1:30,9,29,50.1
655,2024/1/1 1:30,9,140,35.94
656,2024/1/1 1:30,9,140.5,41.72
657,2024/1/1 1:30,9,141,47.51
658,2024/1/1 1:30,9,141.5,53.3
659,2024/1/1 1:30,9,142,59.08
660,2024/1/1 1:30,9,77.5,64.85
661,2024/1/1 1:30,9,13,70.62
662,2024/1/1 1:30,9,43,56.07
663,2024/1/1 1:30,9,20,73.9
664,2024/1/1 1:30,9,45,71.76
665,2024/1/1 1:30,9,70,69.63
666,2024/1/1 1:30,9,80.5,70.54
667,2024/1/1 1:30,9,91,71.45
668,2024/1/1 1:30,9,82,54.34
669,2024/1/1 1:30,9,78,60.83
670,2024/1/1 1:30,9,68,66.44
671,2024/1/1 1:30,9,58,72.05
672,2024/1/1 1:30,9,50,58.14
673,2024/1/1 1:30,9,103,73.13
674,2024/1/1 1:30,9,56,67.89
675,2024/1/1 1:30,9,93,58.04
676,2024/1/1 1:30,9,60,69.02
677,2024/1/1 1:30,9,55.67,70.19
678,2024/1/1 1:30,9,51.33,71.36
679,2024/1/1 1:30,9,47,72.53
680,2024/1/1 1:30,9,46,76.65
681,2024/1/1 1:30,9,38,68.68
682,2024/1/1 1:30,9,26,90.23
683,2024/1/1 1:30,9,31,97.68
684,2024/1/1 1:30,9,26,84.23
685,2024/1/1 1:30,9,24,79.5
686,2024/1/1 1:30,9,23,80.13
687,2024/1/1 1:30,9,31.5,75.99
688,2024/1/1 1:30,9,40,71.85
689,2024/1/1 1:30,9,140,74.54
690,2024/1/1 1:30,9,129,65.95
691,2024/1/1 1:30,9,91,60.22
692,2024/1/1 1:30,9,89,82.56
693,2024/1/1 1:30,9,56,77.39
694,2024/1/1 1:30,9,67,62.75
695,2024/1/1 1:30,9,17,51.41
696,2024/1/1 1:30,9,62,77.61
697,2024/1/1 1:30,9,30,80.07
698,2024/1/1 1:30,9,40.5,71.17
699,2024/1/1 1:30,9,51,62.27
700,2024/1/1 1:30,9,42,61.64
701,2024/1/1 1:30,9,33,61
702,2024/1/1 1:30,9,30,73.61
703,2024/1/1 1:30,9,27,86.22
704,2024/1/1 1:30,9,83,79.71
705,2024/1/1 1:30,9,69,99.1
706,2024/1/1 1:30,9,55,75.07
707,2024/1/1 1:30,9,69,80.07
708,2024/1/1 1:30,9,46,80.87
709,2024/1/1 1:30,9,40.67,83.36
710,2024/1/1 1:30,9,35.33,85.84
711,2024/1/1 1:30,9,30,88.33
712,2024/1/1 1:30,9,38,50.58
713,2024/1/1 1:30,9,42.5,48.29
714,2024/1/1 1:30,9,47,46
715,2024/1/1 1:30,9,44,88.23
716,2024/1/1 1:30,9,16,51.69
717,2024/1/1 1:30,9,19,51.37
718,2024/1/1 1:30,9,22,27.86
719,2024/1/1 1:30,9,51,51.84
720,2024/1/1 1:30,9,8,53.5
721,2024/1/1 1:30,9,15,54.33
722,2024/1/1 1:30,9,23.33,59.18
723,2024/1/1 1:30,9,31.67,64.03
724,2024/1/1 1:30,9,40,68.88
725,2024/1/1 1:30,9,44,60.2
726,2024/1/1 1:30,9,38,94.68
727,2024/1/1 1:30,9,46,81.35
728,2024/1/1 1:30,9,56,78.45
729,2024/1/1 1:30,9,38,49.87
730,2024/1/1 1:30,9,25.5,47.24
731,2024/1/1 1:30,9,13,44.62
732,2024/1/1 1:30,9,37,79
733,2024/1/1 1:30,9,36,66.72
734,2024/1/1 1:30,9,46,45.54
735,2024/1/1 1:30,9,47,91.79
736,2024/1/1 1:30,9,36,88.78
737,2024/1/1 1:30,9,43,69.67
738,2024/1/1 1:30,9,49,42.45
739,2024/1/1 1:30,9,28,52.18
740,2024/1/1 1:30,9,31,63.45
741,2024/1/1 1:30,9,19,67.72
742,2024/1/1 1:30,9,7,72
743,2024/1/1 1:30,9,6.89,70.43
744,2024/1/1 1:30,9,6.78,68.85
745,2024/1/1 1:30,9,6.67,67.28
746,2024/1/1 1:30,9,6.56,65.7
747,2024/1/1 1:30,9,6.44,64.13
748,2024/1/1 1:30,9,6.33,62.55
749,2024/1/1 1:30,9,6.22,60.98
750,2024/1/1 1:30,9,6.11,59.4
751,2024/1/1 1:30,9,6,57.83
752,2024/1/1 1:30,9,6.29,59.5
753,2024/1/1 1:30,9,6.59,61.18
754,2024/1/1 1:30,9,6.88,62.85
755,2024/1/1 1:30,9,7.18,64.52
756,2024/1/1 1:30,9,7.47,66.19
757,2024/1/1 1:30,9,7.76,67.87
758,2024/1/1 1:30,9,8.06,69.54
759,2024/1/1 1:30,9,8.35,71.21
760,2024/1/1 1:30,9,8.65,72.89
761,2024/1/1 1:30,9,8.94,74.56
762,2024/1/1 1:30,9,9.24,76.23
763,2024/1/1 1:30,9,9.53,77.91
764,2024/1/1 1:30,9,9.82,79.58
765,2024/1/1 1:30,9,10.12,81.25
766,2024/1/1 1:30,9,10.41,82.92
767,2024/1/1 1:30,9,10.71,84.6
768,2024/1/1 1:30,9,11,86.27
769,2024/1/1 1:30,9,10,77.2
770,2024/1/1 1:30,9,22,62.91
771,2024/1/1 1:30,9,23.5,56.6
772,2024/1/1 1:30,9,25,50.28
773,2024/1/1 1:30,9,29,67.59
774,2024/1/1 1:30,9,33,63.83
775,2024/1/1 1:30,9,37,60.08
776,2024/1/1 1:30,9,41,56.32
777,2024/1/1 1:30,9,32,85.56
778,2024/1/1 1:30,9,25,63.68
779,2024/1/1 1:30,9,37,48.16
780,2024/1/1 1:30,9,20,60
781,2024/1/1 1:30,9,4,66.25
782,2024/1/1 1:30,9,1,67
783,2024/1/1 1:30,9,14,54.36
784,2024/1/1 1:30,9,6,73.5
785,2024/1/1 1:30,9,6,52.5
786,2024/1/1 1:30,9,58,69.41
787,2024/1/1 1:30,9,47,92.94
788,2024/1/1 1:30,9,41,89.24
789,2024/1/1 1:30,9,42,60.31
790,2024/1/1 1:30,9,54,78.43
791,2024/1/1 1:30,9,38,57.95
792,2024/1/1 1:30,9,44.5,45.6
793,2024/1/1 1:30,9,22.25,22.8
794,2024/1/1 1:30,9,35.08,34.17
795,2024/1/1 1:30,9,17.54,17.08
796,2024/1/1 1:30,9,8.77,8.54
797,2024/1/1 1:30,9,4.39,4.27
798,2024/1/1 1:30,9,2.19,2.14
799,2024/1/1 1:30,9,1.1,1.07
800,2024/1/1 1:30,9,0.55,0.53
801,2024/1/1 1:30,9,0.27,0.27
802,2024/1/1 1:30,9,0.14,0.13
803,2024/1/1 1:30,9,0.07,0.07
804,2024/1/1 1:30,9,0.02,0.02
805,2024/1/1 1:30,9,0.01,0.01
806,2024/1/1 1:30,9,26.75,22.49
807,2024/1/1 1:30,9,53.5,44.97
808,2024/1/1 1:30,9,0.01,0.01
809,2024/1/1 1:30,9,3.87,4.95
810,2024/1/1 1:30,9,7.74,9.88
811,2024/1/1 1:30,9,11.6,14.82
812,2024/1/1 1:30,9,15.46,19.75
813,2024/1/1 1:30,9,19.32,24.69
814,2024/1/1 1:30,9,23.19,29.62
815,2024/1/1 1:30,9,27.05,34.56
816,2024/1/1 1:30,9,30.91,39.49
817,2024/1/1 1:30,9,34.77,44.43
818,2024/1/1 1:30,9,38.64,49.36
819,2024/1/1 1:30,9,42.5,54.3
820,2024/1/1 1:30,9,45.19,54.89
821,2024/1/1 1:30,9,47.88,55.49
822,2024/1/1 1:30,9,50.56,56.08
823,2024/1/1 1:30,9,53.25,56.67
824,2024/1/1 1:30,9,55.94,57.27
825,2024/1/1 1:30,9,58.62,57.86
826,2024/1/1 1:30,9,61.31,58.46
827,2024/1/1 1:30,9,64,59.05
828,2024/1/1 1:30,9,93.5,53.54
829,2024/1/1 1:30,9,46.75,26.77
830,2024/1/1 1:30,9,23.38,13.38
831,2024/1/1 1:30,9,11.69,6.69
832,2024/1/1 1:30,9,5.84,3.35
833,2024/1/1 1:30,9,2.92,1.67
834,2024/1/1 1:30,9,1.46,0.84
835,2024/1/1 1:30,9,0.73,0.42
836,2024/1/1 1:30,9,0.37,0.21
837,2024/1/1 1:30,9,0.09,0.05
838,2024/1/1 1:30,9,0.05,0.03
839,2024/1/1 1:30,9,0.02,0.01
840,2024/1/1 1:30,9,0.01,0
841,2024/1/1 1:30,9,3.71,3.78
842,2024/1/1 1:30,9,7.41,7.55
843,2024/1/1 1:30,9,11.11,11.33
844,2024/1/1 1:30,9,14.81,15.1
845,2024/1/1 1:30,9,18.5,18.88
846,2024/1/1 1:30,9,22.2,22.66
847,2024/1/1 1:30,9,25.9,26.43
848,2024/1/1 1:30,9,29.6,30.21
849,2024/1/1 1:30,9,33.3,33.98
850,2024/1/1 1:30,9,37,37.76
851,2024/1/1 1:30,9,64.5,60.36
852,2024/1/1 1:30,9,32.25,30.18
853,2024/1/1 1:30,9,16.12,15.09
854,2024/1/1 1:30,9,8.06,7.54
855,2024/1/1 1:30,9,4.03,3.77
856,2024/1/1 1:30,9,2.02,1.89
857,2024/1/1 1:30,9,1.01,0.94
858,2024/1/1 1:30,9,0.5,0.47
859,2024/1/1 1:30,9,0.25,0.24
860,2024/1/1 1:30,9,0.13,0.12
861,2024/1/1 1:30,9,0.06,0.06
862,2024/1/1 1:30,9,0.08,0.06
863,2024/1/1 1:30,9,0.05,0.03
864,2024/1/1 1:30,9,19,41.59
865,2024/1/1 1:30,9,9.5,20.8
866,2024/1/1 1:30,9,4.75,10.4
867,2024/1/1 1:30,9,1.58,3.47
868,2024/1/1 1:30,9,0.8,1.74
869,2024/1/1 1:30,9,0.79,1.73
870,2024/1/1 1:30,9,69.33,55.57
871,2024/1/1 1:30,9,34.67,27.79
872,2024/1/1 1:30,9,17.33,13.89
873,2024/1/1 1:30,9,8.67,6.95
874,2024/1/1 1:30,9,4.33,3.47
875,2024/1/1 1:30,9,2.17,1.74
876,2024/1/1 1:30,9,1.08,0.87
877,2024/1/1 1:30,9,0.54,0.43
878,2024/1/1 1:30,9,0.27,0.22
879,2024/1/1 1:30,9,52.64,46.92
880,2024/1/1 1:30,9,44,80.43
881,2024/1/1 1:30,9,24,39.2
882,2024/1/1 1:30,9,12,19.6
883,2024/1/1 1:30,9,6,9.8
884,2024/1/1 1:30,9,3,4.9
885,2024/1/1 1:30,9,1.5,2.45
886,2024/1/1 1:30,9,19.75,42.82
887,2024/1/1 1:30,9,31.5,36.92
888,2024/1/1 1:30,9,15.75,18.46
889,2024/1/1 1:30,9,7.88,9.23
890,2024/1/1 1:30,9,3.94,4.61
891,2024/1/1 1:30,9,32.47,42.57
892,2024/1/1 1:30,9,28,44.88
893,2024/1/1 1:30,9,14,22.44
894,2024/1/1 1:30,9,7,11.22
895,2024/1/1 1:30,9,3.5,5.61
896,2024/1/1 1:30,9,24.25,41.9
897,2024/1/1 1:30,9,91,25.48
898,2024/1/1 1:30,9,45.5,12.74
899,2024/1/1 1:30,9,22.75,6.37
900,2024/1/1 1:30,9,100.38,42.41
901,2024/1/1 1:30,9,49,37.02
902,2024/1/1 1:30,9,24.5,18.51
903,2024/1/1 1:30,9,12.25,9.25
904,2024/1/1 1:30,9,56.62,32.16
905,2024/1/1 1:30,9,47.5,39.18
906,2024/1/1 1:30,9,23.75,19.59
907,2024/1/1 1:30,9,11.88,9.8
908,2024/1/1 1:30,9,5.94,4.9
909,2024/1/1 1:30,9,2.97,2.45
910,2024/1/1 1:30,9,1.48,1.22
911,2024/1/1 1:30,9,0.74,0.61
912,2024/1/1 1:30,9,55.87,39.48
913,2024/1/1 1:30,9,17.33,27.24
914,2024/1/1 1:30,9,8.67,13.62
915,2024/1/1 1:30,9,4.33,6.81
916,2024/1/1 1:30,9,2.17,3.4
917,2024/1/1 1:30,9,1.08,1.7
918,2024/1/1 1:30,9,0.54,0.85
919,2024/1/1 1:30,9,0.27,0.43
920,2024/1/1 1:30,9,27.14,38.67
921,2024/1/1 1:30,9,37.67,30.68
922,2024/1/1 1:30,9,18.67,37.52
923,2024/1/1 1:30,9,9.33,18.76
924,2024/1/1 1:30,9,14.67,39.38
925,2024/1/1 1:30,9,7,27.18
926,2024/1/1 1:30,9,3.5,13.59
927,2024/1/1 1:30,9,9.88,31.16
928,2024/1/1 1:30,9,106.96,61.52
929,2024/1/1 1:30,9,0.5,33.5
930,2024/1/1 1:30,9,0.25,16.75
931,2024/1/1 1:30,9,0.12,8.38
932,2024/1/1 1:30,9,0.06,4.19
933,2024/1/1 1:30,9,0.03,2.09
934,2024/1/1 1:30,9,28,33.94
935,2024/1/1 1:30,9,14,16.97
936,2024/1/1 1:30,9,7,8.49
937,2024/1/1 1:30,9,6.5,30.49
938,2024/1/1 1:30,9,26.5,34.69
939,2024/1/1 1:30,9,13.25,17.34
940,2024/1/1 1:30,9,6.62,8.67
941,2024/1/1 1:30,9,34.31,44.97
942,2024/1/1 1:30,9,24.5,38.43
943,2024/1/1 1:30,9,12.25,19.22
944,2024/1/1 1:30,9,6.12,9.61
945,2024/1/1 1:30,9,45.56,45.48
946,2024/1/1 1:30,9,48.5,39.46
947,2024/1/1 1:30,9,24.25,19.73
948,2024/1/1 1:30,9,12.12,9.87
949,2024/1/1 1:30,9,6.06,4.93
950,2024/1/1 1:30,9,3.03,2.47
951,2024/1/1 1:30,9,1.52,1.23
952,2024/1/1 1:30,9,93.76,42.63
953,2024/1/1 1:30,9,62,44.18
954,2024/1/1 1:30,9,31,22.09
955,2024/1/1 1:30,9,15.5,11.04
956,2024/1/1 1:30,9,7.75,5.52
957,2024/1/1 1:30,9,3.88,2.76
958,2024/1/1 1:30,9,1.94,1.38
959,2024/1/1 1:30,9,93.47,37.24
960,2024/1/1 1:30,9,77,33.58
961,2024/1/1 1:30,9,38.5,16.79
962,2024/1/1 1:30,9,19.25,8.4
963,2024/1/1 1:30,9,9.62,4.2
964,2024/1/1 1:30,9,4.81,2.1
965,2024/1/1 1:30,9,2.41,1.05
966,2024/1/1 1:30,9,32.2,22.86
967,2024/1/1 1:30,9,34,32.64
968,2024/1/1 1:30,9,17,16.32
969,2024/1/1 1:30,9,8.5,8.16
970,2024/1/1 1:30,9,4.25,4.08
971,2024/1/1 1:30,9,2.12,2.04
972,2024/1/1 1:30,9,1.06,1.02
973,2024/1/1 1:30,9,0.53,0.51
974,2024/1/1 1:30,9,53.27,35.19
975,2024/1/1 1:30,9,9.33,19.65
976,2024/1/1 1:30,9,4.67,9.83
977,2024/1/1 1:30,9,2.33,4.91
978,2024/1/1 1:30,9,1.17,2.46
979,2024/1/1 1:30,9,0.58,1.23
980,2024/1/1 1:30,9,0.29,0.61
981,2024/1/1 1:30,9,27.76,29.26
982,2024/1/1 1:30,9,13.88,14.63
983,2024/1/1 1:30,9,6.94,7.32
984,2024/1/1 1:30,9,3.47,3.66
985,2024/1/1 1:30,9,47.16,55.39
986,2024/1/1 1:30,9,69.5,32.66
987,2024/1/1 1:30,9,34.75,16.33
988,2024/1/1 1:30,9,17.38,8.17
989,2024/1/1 1:30,9,8.69,4.08
990,2024/1/1 1:30,9,116.84,33.62
991,2024/1/1 1:30,9,80,31.76
992,2024/1/1 1:30,9,40,15.88
993,2024/1/1 1:30,9,20,7.94
994,2024/1/1 1:30,9,10,3.97
995,2024/1/1 1:30,9,40.67,18.1
996,2024/1/1 1:30,9,106,52.55
997,2024/1/1 1:30,9,53,26.28
998,2024/1/1 1:30,9,26.5,13.14
999,2024/1/1 1:30,9,18.17,36.3
1000,2024/1/1 1:30,9,12.33,33.86
1001,2024/1/1 1:30,9,6.17,16.93
1002,2024/1/1 1:30,9,3.08,8.47
1003,2024/1/1 1:30,9,1.54,4.23
1004,2024/1/1 1:30,9,0.77,2.12
1005,2024/1/1 1:30,9,80.26,55.39
1006,2024/1/1 1:30,9,104,71.34
2,2024/1/1 1:40,10,33,67.64
3,2024/1/1 1:40,10,57,71.35
4,2024/1/1 1:40,10,61,77.59
5,2024/1/1 1:40,10,44,79.93
6,2024/1/1 1:40,10,46,87.33
7,2024/1/1 1:40,10,56,54.98
8,2024/1/1 1:40,10,56,71.12
9,2024/1/1 1:40,10,55,77.09
10,2024/1/1 1:40,10,80,63.84
11,2024/1/1 1:40,10,118,62.57
12,2024/1/1 1:40,10,259,61.25
13,2024/1/1 1:40,10,290,55.91
14,2024/1/1 1:40,10,120,66.25
15,2024/1/1 1:40,10,138,69.76
16,2024/1/1 1:40,10,119,62.32
17,2024/1/1 1:40,10,80,71.33
18,2024/1/1 1:40,10,158,59.42
19,2024/1/1 1:40,10,138,64.55
20,2024/1/1 1:40,10,138.5,60.46
21,2024/1/1 1:40,10,139,56.36
22,2024/1/1 1:40,10,102,70.23
23,2024/1/1 1:40,10,121,72.62
24,2024/1/1 1:40,10,166,52.18
25,2024/1/1 1:40,10,148,79.87
26,2024/1/1 1:40,10,151,73.52
27,2024/1/1 1:40,10,163,85.88
28,2024/1/1 1:40,10,144,88.82
29,2024/1/1 1:40,10,153,85.59
30,2024/1/1 1:40,10,147,72.8
31,2024/1/1 1:40,10,120.5,83.53
32,2024/1/1 1:40,10,94,94.26
33,2024/1/1 1:40,10,122,92.83
34,2024/1/1 1:40,10,104,86.51
35,2024/1/1 1:40,10,94,71.59
36,2024/1/1 1:40,10,107,92.32
37,2024/1/1 1:40,10,94,85.37
38,2024/1/1 1:40,10,100,55.59
39,2024/1/1 1:40,10,77.5,61.12
40,2024/1/1 1:40,10,55,66.65
41,2024/1/1 1:40,10,63,38.32
42,2024/1/1 1:40,10,74,42.4
43,2024/1/1 1:40,10,85,46.49
44,2024/1/1 1:40,10,91,61.13
45,2024/1/1 1:40,10,57,69.28
46,2024/1/1 1:40,10,73,69.07
47,2024/1/1 1:40,10,70,64.69
48,2024/1/1 1:40,10,65,68.52
49,2024/1/1 1:40,10,52,74.69
50,2024/1/1 1:40,10,164,60.63
51,2024/1/1 1:40,10,112,47.38
52,2024/1/1 1:40,10,78,75.29
53,2024/1/1 1:40,10,57,72.09
54,2024/1/1 1:40,10,75,82.53
55,2024/1/1 1:40,10,68,60.13
56,2024/1/1 1:40,10,75,78.28
57,2024/1/1 1:40,10,61,79.18
58,2024/1/1 1:40,10,69,54.23
59,2024/1/1 1:40,10,49,72.14
60,2024/1/1 1:40,10,40,71.15
61,2024/1/1 1:40,10,24,93.29
62,2024/1/1 1:40,10,23,70.48
63,2024/1/1 1:40,10,87,92.06
64,2024/1/1 1:40,10,84,101.07
65,2024/1/1 1:40,10,115,100.26
66,2024/1/1 1:40,10,104,110.33
67,2024/1/1 1:40,10,114,108.52
68,2024/1/1 1:40,10,119,97.78
69,2024/1/1 1:40,10,53,98.55
70,2024/1/1 1:40,10,56,98.07
71,2024/1/1 1:40,10,55,87.38
72,2024/1/1 1:40,10,58,83.1
73,2024/1/1 1:40,10,26,80.42
74,2024/1/1 1:40,10,57,94.18
75,2024/1/1 1:40,10,98,77.54
76,2024/1/1 1:40,10,75,84.79
77,2024/1/1 1:40,10,133,97.71
78,2024/1/1 1:40,10,131,90.27
79,2024/1/1 1:40,10,128,95.38
80,2024/1/1 1:40,10,132,103.04
81,2024/1/1 1:40,10,73,79.63
82,2024/1/1 1:40,10,69,77.1
83,2024/1/1 1:40,10,118,95.47
84,2024/1/1 1:40,10,75,80.12
85,2024/1/1 1:40,10,47,79.62
86,2024/1/1 1:40,10,45,93.42
87,2024/1/1 1:40,10,39,77.18
88,2024/1/1 1:40,10,61,83.92
89,2024/1/1 1:40,10,59,104.93
90,2024/1/1 1:40,10,88,92.67
91,2024/1/1 1:40,10,117,80.41
92,2024/1/1 1:40,10,137,95.8
93,2024/1/1 1:40,10,152,107.83
94,2024/1/1 1:40,10,137,94.41
95,2024/1/1 1:40,10,134,92.72
96,2024/1/1 1:40,10,90,84.93
97,2024/1/1 1:40,10,90,77.04
98,2024/1/1 1:40,10,121,86.99
99,2024/1/1 1:40,10,50,99.12
100,2024/1/1 1:40,10,39,69.62
101,2024/1/1 1:40,10,27,56.41
102,2024/1/1 1:40,10,87,81.9
103,2024/1/1 1:40,10,80,101.5
104,2024/1/1 1:40,10,73,121.11
105,2024/1/1 1:40,10,85,101.87
106,2024/1/1 1:40,10,200,104.32
107,2024/1/1 1:40,10,196,98.36
108,2024/1/1 1:40,10,171,105.89
109,2024/1/1 1:40,10,164,97.18
110,2024/1/1 1:40,10,150,102.57
111,2024/1/1 1:40,10,111,92.02
112,2024/1/1 1:40,10,112,116.59
113,2024/1/1 1:40,10,82,91.68
114,2024/1/1 1:40,10,83,91.02
115,2024/1/1 1:40,10,100,90.36
116,2024/1/1 1:40,10,109,97.06
117,2024/1/1 1:40,10,105,111.33
118,2024/1/1 1:40,10,106,103.59
119,2024/1/1 1:40,10,106,108.38
120,2024/1/1 1:40,10,94,120.64
121,2024/1/1 1:40,10,114,112.67
122,2024/1/1 1:40,10,58,113.02
123,2024/1/1 1:40,10,47,116.83
124,2024/1/1 1:40,10,29,87.03
125,2024/1/1 1:40,10,104,111.72
126,2024/1/1 1:40,10,57,99.37
127,2024/1/1 1:40,10,57,94.12
128,2024/1/1 1:40,10,122,115.74
129,2024/1/1 1:40,10,127,119.91
130,2024/1/1 1:40,10,114,110.41
131,2024/1/1 1:40,10,115,110.43
132,2024/1/1 1:40,10,111,108.39
133,2024/1/1 1:40,10,42,87.33
134,2024/1/1 1:40,10,73,86.22
135,2024/1/1 1:40,10,27,68.44
136,2024/1/1 1:40,10,26,100.96
137,2024/1/1 1:40,10,25,75.2
138,2024/1/1 1:40,10,69,84.28
139,2024/1/1 1:40,10,80,81.14
140,2024/1/1 1:40,10,153,86.24
141,2024/1/1 1:40,10,160,84.76
142,2024/1/1 1:40,10,89,90.67
143,2024/1/1 1:40,10,86,77.6
144,2024/1/1 1:40,10,146,79.96
145,2024/1/1 1:40,10,93,69.41
146,2024/1/1 1:40,10,88,76.08
147,2024/1/1 1:40,10,82,89.1
148,2024/1/1 1:40,10,77,84.68
149,2024/1/1 1:40,10,35,71.8
150,2024/1/1 1:40,10,49,74.33
151,2024/1/1 1:40,10,62,60.26
152,2024/1/1 1:40,10,60,75.82
153,2024/1/1 1:40,10,16,63.81
154,2024/1/1 1:40,10,22,70.64
155,2024/1/1 1:40,10,60,89
156,2024/1/1 1:40,10,84,92.5
157,2024/1/1 1:40,10,13,48.23
158,2024/1/1 1:40,10,14,59.5
159,2024/1/1 1:40,10,45,69.91
160,2024/1/1 1:40,10,55,78.51
161,2024/1/1 1:40,10,52,42.1
162,2024/1/1 1:40,10,50,80.02
163,2024/1/1 1:40,10,45,75.33
164,2024/1/1 1:40,10,73,62.44
165,2024/1/1 1:40,10,74,80.27
166,2024/1/1 1:40,10,76,74.93
167,2024/1/1 1:40,10,17,76.29
168,2024/1/1 1:40,10,118,80.16
169,2024/1/1 1:40,10,82,77.2
170,2024/1/1 1:40,10,128,88.05
171,2024/1/1 1:40,10,139,81.4
172,2024/1/1 1:40,10,108,85.48
173,2024/1/1 1:40,10,124,92.6
174,2024/1/1 1:40,10,137,82.58
175,2024/1/1 1:40,10,123,68.29
176,2024/1/1 1:40,10,27,85.63
177,2024/1/1 1:40,10,50,89.82
178,2024/1/1 1:40,10,71.5,77.97
179,2024/1/1 1:40,10,93,66.12
180,2024/1/1 1:40,10,55.5,65.56
181,2024/1/1 1:40,10,18,65
182,2024/1/1 1:40,10,56,63.12
183,2024/1/1 1:40,10,100,70.88
184,2024/1/1 1:40,10,86,60.21
185,2024/1/1 1:40,10,89,62.39
186,2024/1/1 1:40,10,92,64.56
187,2024/1/1 1:40,10,95,66.74
188,2024/1/1 1:40,10,68,72.47
189,2024/1/1 1:40,10,72,65.36
190,2024/1/1 1:40,10,107,79.33
191,2024/1/1 1:40,10,97,66.39
192,2024/1/1 1:40,10,99.5,76.18
193,2024/1/1 1:40,10,102,85.96
194,2024/1/1 1:40,10,115,67.77
195,2024/1/1 1:40,10,73,60.68
196,2024/1/1 1:40,10,102,86.26
197,2024/1/1 1:40,10,115,89.85
198,2024/1/1 1:40,10,170,85.48
199,2024/1/1 1:40,10,109,85.04
200,2024/1/1 1:40,10,101,78.02
201,2024/1/1 1:40,10,149,82.38
202,2024/1/1 1:40,10,142,61.76
203,2024/1/1 1:40,10,126,64.27
204,2024/1/1 1:40,10,91,73.55
205,2024/1/1 1:40,10,119,92.38
206,2024/1/1 1:40,10,69,85.91
207,2024/1/1 1:40,10,90,80.8
208,2024/1/1 1:40,10,81,73.35
209,2024/1/1 1:40,10,70,84.39
210,2024/1/1 1:40,10,36,90.67
211,2024/1/1 1:40,10,38,88.13
212,2024/1/1 1:40,10,94,83.66
213,2024/1/1 1:40,10,55,85.82
214,2024/1/1 1:40,10,107,80.89
215,2024/1/1 1:40,10,81,85.42
216,2024/1/1 1:40,10,95,77.82
217,2024/1/1 1:40,10,105,85.95
218,2024/1/1 1:40,10,99,83.22
219,2024/1/1 1:40,10,92,80.83
220,2024/1/1 1:40,10,81,80.43
221,2024/1/1 1:40,10,53,77.91
222,2024/1/1 1:40,10,58,80.14
223,2024/1/1 1:40,10,75,67.55
224,2024/1/1 1:40,10,81,67.41
225,2024/1/1 1:40,10,55,81.49
226,2024/1/1 1:40,10,67,63.52
227,2024/1/1 1:40,10,61,75.59
228,2024/1/1 1:40,10,42,68.62
229,2024/1/1 1:40,10,40,71.75
230,2024/1/1 1:40,10,47,80.32
231,2024/1/1 1:40,10,36,84.56
232,2024/1/1 1:40,10,89.67,74.9
233,2024/1/1 1:40,10,143.33,65.23
234,2024/1/1 1:40,10,197,55.57
235,2024/1/1 1:40,10,230,58.96
236,2024/1/1 1:40,10,77,48.22
237,2024/1/1 1:40,10,24,64.12
238,2024/1/1 1:40,10,24,62.08
239,2024/1/1 1:40,10,26,58.31
240,2024/1/1 1:40,10,28,54.54
241,2024/1/1 1:40,10,1,43
242,2024/1/1 1:40,10,29,77.52
243,2024/1/1 1:40,10,95,78.57
244,2024/1/1 1:40,10,88,73.09
245,2024/1/1 1:40,10,138,65.04
246,2024/1/1 1:40,10,153,58.48
247,2024/1/1 1:40,10,127.5,53.62
248,2024/1/1 1:40,10,102,48.77
249,2024/1/1 1:40,10,92,60.67
250,2024/1/1 1:40,10,79,75.8
251,2024/1/1 1:40,10,82,70.09
252,2024/1/1 1:40,10,109,67.91
253,2024/1/1 1:40,10,185,73.38
254,2024/1/1 1:40,10,112,66.29
255,2024/1/1 1:40,10,120,68.81
256,2024/1/1 1:40,10,128,71.33
257,2024/1/1 1:40,10,115,63.64
258,2024/1/1 1:40,10,132,80.3
259,2024/1/1 1:40,10,138,71.64
260,2024/1/1 1:40,10,113,72.98
261,2024/1/1 1:40,10,68,62.34
262,2024/1/1 1:40,10,90,80.7
263,2024/1/1 1:40,10,130,56.44
264,2024/1/1 1:40,10,114,73.64
265,2024/1/1 1:40,10,86,62.23
266,2024/1/1 1:40,10,78,76.79
267,2024/1/1 1:40,10,77,51.42
268,2024/1/1 1:40,10,136,73.24
269,2024/1/1 1:40,10,141,76.82
270,2024/1/1 1:40,10,133,83.04
271,2024/1/1 1:40,10,129,79.86
272,2024/1/1 1:40,10,125,76.68
273,2024/1/1 1:40,10,49,68.29
274,2024/1/1 1:40,10,99,69.58
275,2024/1/1 1:40,10,95,70
276,2024/1/1 1:40,10,124,71.08
277,2024/1/1 1:40,10,122.5,72.32
278,2024/1/1 1:40,10,121,73.55
279,2024/1/1 1:40,10,103.5,71.24
280,2024/1/1 1:40,10,86,68.92
281,2024/1/1 1:40,10,84,63.2
282,2024/1/1 1:40,10,110,64.05
283,2024/1/1 1:40,10,125,65.73
284,2024/1/1 1:40,10,98,72.53
285,2024/1/1 1:40,10,132,69.02
286,2024/1/1 1:40,10,124,71.4
287,2024/1/1 1:40,10,123,73.11
288,2024/1/1 1:40,10,122,74.82
289,2024/1/1 1:40,10,92,62.15
290,2024/1/1 1:40,10,116,69.01
291,2024/1/1 1:40,10,140,69.82
292,2024/1/1 1:40,10,116,61.77
293,2024/1/1 1:40,10,114,79.21
294,2024/1/1 1:40,10,89,71.48
295,2024/1/1 1:40,10,103,65.42
296,2024/1/1 1:40,10,99,57.88
297,2024/1/1 1:40,10,120,64.23
298,2024/1/1 1:40,10,95,45.98
299,2024/1/1 1:40,10,98.5,48.14
300,2024/1/1 1:40,10,102,50.3
301,2024/1/1 1:40,10,201,69.88
302,2024/1/1 1:40,10,112,75.12
303,2024/1/1 1:40,10,107,81.36
304,2024/1/1 1:40,10,74,62.63
305,2024/1/1 1:40,10,41,43.9
306,2024/1/1 1:40,10,91,71.73
307,2024/1/1 1:40,10,87,105.83
308,2024/1/1 1:40,10,98,89.93
309,2024/1/1 1:40,10,91,109.34
310,2024/1/1 1:40,10,87,97.11
311,2024/1/1 1:40,10,95,105.62
312,2024/1/1 1:40,10,100,116.94
313,2024/1/1 1:40,10,100,111.11
314,2024/1/1 1:40,10,95,107.05
315,2024/1/1 1:40,10,86,101.83
316,2024/1/1 1:40,10,77,94.01
317,2024/1/1 1:40,10,60,88.82
318,2024/1/1 1:40,10,61,101.25
319,2024/1/1 1:40,10,75,105.48
320,2024/1/1 1:40,10,81,98.51
321,2024/1/1 1:40,10,88,115.77
322,2024/1/1 1:40,10,76,100.74
323,2024/1/1 1:40,10,73,100.55
324,2024/1/1 1:40,10,59,99.78
325,2024/1/1 1:40,10,22,82
326,2024/1/1 1:40,10,22,110.23
327,2024/1/1 1:40,10,25,95.76
328,2024/1/1 1:40,10,30,93.77
329,2024/1/1 1:40,10,16,65.63
330,2024/1/1 1:40,10,2,37.5
331,2024/1/1 1:40,10,26,95.58
332,2024/1/1 1:40,10,57,96.4
333,2024/1/1 1:40,10,44,99.34
334,2024/1/1 1:40,10,53,103.25
335,2024/1/1 1:40,10,61,105.46
336,2024/1/1 1:40,10,41,92.39
337,2024/1/1 1:40,10,48,97.23
338,2024/1/1 1:40,10,46,104.17
339,2024/1/1 1:40,10,41,95.41
340,2024/1/1 1:40,10,49,103.14
341,2024/1/1 1:40,10,78,101.42
342,2024/1/1 1:40,10,78,104.09
343,2024/1/1 1:40,10,81,108.43
344,2024/1/1 1:40,10,70,110.13
345,2024/1/1 1:40,10,62,109.34
346,2024/1/1 1:40,10,70,114.73
347,2024/1/1 1:40,10,72,107.61
348,2024/1/1 1:40,10,100,100.84
349,2024/1/1 1:40,10,89,87.84
350,2024/1/1 1:40,10,74,96.54
351,2024/1/1 1:40,10,37,82.32
352,2024/1/1 1:40,10,40,68.4
353,2024/1/1 1:40,10,40,74.53
354,2024/1/1 1:40,10,19,74.11
355,2024/1/1 1:40,10,17,89.12
356,2024/1/1 1:40,10,59,68.15
357,2024/1/1 1:40,10,53,81.74
358,2024/1/1 1:40,10,53,87
359,2024/1/1 1:40,10,59,75.86
360,2024/1/1 1:40,10,71,75.85
361,2024/1/1 1:40,10,63,80.78
362,2024/1/1 1:40,10,36,93.31
363,2024/1/1 1:40,10,100,81.84
364,2024/1/1 1:40,10,164,70.38
365,2024/1/1 1:40,10,145,76.42
366,2024/1/1 1:40,10,126,82.46
367,2024/1/1 1:40,10,107,88.5
368,2024/1/1 1:40,10,236,85.95
369,2024/1/1 1:40,10,224,85.15
370,2024/1/1 1:40,10,212,84.35
371,2024/1/1 1:40,10,186,74.02
372,2024/1/1 1:40,10,178,87.99
373,2024/1/1 1:40,10,126,98.92
374,2024/1/1 1:40,10,74,107.92
375,2024/1/1 1:40,10,86,90.05
376,2024/1/1 1:40,10,70,92.96
377,2024/1/1 1:40,10,67,106.84
378,2024/1/1 1:40,10,70,95.8
379,2024/1/1 1:40,10,76,90.92
380,2024/1/1 1:40,10,40,82.88
381,2024/1/1 1:40,10,37,94.54
382,2024/1/1 1:40,10,48,76.85
383,2024/1/1 1:40,10,10,82.8
384,2024/1/1 1:40,10,15,31.13
385,2024/1/1 1:40,10,36,83.61
386,2024/1/1 1:40,10,21,72.14
387,2024/1/1 1:40,10,39,66.87
388,2024/1/1 1:40,10,132,77.62
389,2024/1/1 1:40,10,134,93.5
390,2024/1/1 1:40,10,140,99.86
391,2024/1/1 1:40,10,159,76.68
392,2024/1/1 1:40,10,117,103.02
393,2024/1/1 1:40,10,99,118.66
394,2024/1/1 1:40,10,108,109.07
395,2024/1/1 1:40,10,126,101.4
396,2024/1/1 1:40,10,63.5,88.2
397,2024/1/1 1:40,10,1,75
398,2024/1/1 1:40,10,1,72
399,2024/1/1 1:40,10,3,68
400,2024/1/1 1:40,10,2,73
401,2024/1/1 1:40,10,2,70
402,2024/1/1 1:40,10,1,88
403,2024/1/1 1:40,10,2,69.5
404,2024/1/1 1:40,10,1,89
405,2024/1/1 1:40,10,2,
406,2024/1/1 1:40,10,0,
407,2024/1/1 1:40,10,0,
408,2024/1/1 1:40,10,3,87
409,2024/1/1 1:40,10,1,81
410,2024/1/1 1:40,10,1,77
411,2024/1/1 1:40,10,1,66
412,2024/1/1 1:40,10,1,41
413,2024/1/1 1:40,10,3,96.33
414,2024/1/1 1:40,10,2,81.5
415,2024/1/1 1:40,10,23,81.83
416,2024/1/1 1:40,10,14,82.82
417,2024/1/1 1:40,10,5,83.8
418,2024/1/1 1:40,10,2,80
419,2024/1/1 1:40,10,2,70
420,2024/1/1 1:40,10,2,81
421,2024/1/1 1:40,10,2,83.5
422,2024/1/1 1:40,10,1,82
423,2024/1/1 1:40,10,2,
424,2024/1/1 1:40,10,0,
425,2024/1/1 1:40,10,2,77
426,2024/1/1 1:40,10,6,68.5
427,2024/1/1 1:40,10,9,78.78
428,2024/1/1 1:40,10,7,
429,2024/1/1 1:40,10,0,
430,2024/1/1 1:40,10,3,
431,2024/1/1 1:40,10,0,
432,2024/1/1 1:40,10,0,
433,2024/1/1 1:40,10,0,
434,2024/1/1 1:40,10,35.33,
435,2024/1/1 1:40,10,70.67,
436,2024/1/1 1:40,10,106,78.14
437,2024/1/1 1:40,10,30,64.07
438,2024/1/1 1:40,10,33,79.91
439,2024/1/1 1:40,10,33,82.86
440,2024/1/1 1:40,10,33,85.82
441,2024/1/1 1:40,10,30,65.67
442,2024/1/1 1:40,10,68,67.46
443,2024/1/1 1:40,10,69,65.16
444,2024/1/1 1:40,10,70,62.86
445,2024/1/1 1:40,10,71,60.56
446,2024/1/1 1:40,10,81,57.54
447,2024/1/1 1:40,10,87,68.45
448,2024/1/1 1:40,10,72,79.17
449,2024/1/1 1:40,10,48,82.75
450,2024/1/1 1:40,10,46,80.17
451,2024/1/1 1:40,10,87,68.82
452,2024/1/1 1:40,10,73,75.15
453,2024/1/1 1:40,10,89,86.13
454,2024/1/1 1:40,10,111,75.38
455,2024/1/1 1:40,10,45,68.47
456,2024/1/1 1:40,10,95,74.06
457,2024/1/1 1:40,10,73,77.02
458,2024/1/1 1:40,10,51,79.98
459,2024/1/1 1:40,10,36,80.06
460,2024/1/1 1:40,10,39,90.18
461,2024/1/1 1:40,10,42,100.29
462,2024/1/1 1:40,10,37,88.51
463,2024/1/1 1:40,10,32,93.97
464,2024/1/1 1:40,10,10,91.2
465,2024/1/1 1:40,10,13,101.31
466,2024/1/1 1:40,10,52,91.31
467,2024/1/1 1:40,10,91,81.31
468,2024/1/1 1:40,10,124,77.12
469,2024/1/1 1:40,10,135,70.49
470,2024/1/1 1:40,10,115.5,77.46
471,2024/1/1 1:40,10,96,84.42
472,2024/1/1 1:40,10,48,85.73
473,2024/1/1 1:40,10,39,86.23
474,2024/1/1 1:40,10,34,76.97
475,2024/1/1 1:40,10,42,78.9
476,2024/1/1 1:40,10,48,76.75
477,2024/1/1 1:40,10,59,80.97
478,2024/1/1 1:40,10,112,70.15
479,2024/1/1 1:40,10,93,95.85
480,2024/1/1 1:40,10,100,80.11
481,2024/1/1 1:40,10,131,72.26
482,2024/1/1 1:40,10,143,76.41
483,2024/1/1 1:40,10,101,71.16
484,2024/1/1 1:40,10,85,69.44
485,2024/1/1 1:40,10,1128,5.38
486,2024/1/1 1:40,10,238,86.61
487,2024/1/1 1:40,10,243,78.74
488,2024/1/1 1:40,10,200,73.22
489,2024/1/1 1:40,10,190.5,79.81
490,2024/1/1 1:40,10,181,86.4
491,2024/1/1 1:40,10,168,86.26
492,2024/1/1 1:40,10,175,84.59
493,2024/1/1 1:40,10,183,80.62
494,2024/1/1 1:40,10,191,99.17
495,2024/1/1 1:40,10,216,84.93
496,2024/1/1 1:40,10,182,77.61
497,2024/1/1 1:40,10,164,93.63
498,2024/1/1 1:40,10,162,93.44
499,2024/1/1 1:40,10,175,76.23
500,2024/1/1 1:40,10,179,84.34
501,2024/1/1 1:40,10,183,92.44
502,2024/1/1 1:40,10,177,79.75
503,2024/1/1 1:40,10,155,83.59
504,2024/1/1 1:40,10,165,76.39
505,2024/1/1 1:40,10,172,81.09
506,2024/1/1 1:40,10,175,82.99
507,2024/1/1 1:40,10,184.75,78.67
508,2024/1/1 1:40,10,194.5,74.35
509,2024/1/1 1:40,10,204.25,70.04
510,2024/1/1 1:40,10,214,65.72
511,2024/1/1 1:40,10,175,74.05
512,2024/1/1 1:40,10,168,65.46
513,2024/1/1 1:40,10,181,71.28
514,2024/1/1 1:40,10,156,84.79
515,2024/1/1 1:40,10,155,73.79
516,2024/1/1 1:40,10,154,92.68
517,2024/1/1 1:40,10,165,90.6
518,2024/1/1 1:40,10,176,88.53
519,2024/1/1 1:40,10,158,85.16
520,2024/1/1 1:40,10,140,81.8
521,2024/1/1 1:40,10,137.5,74.22
522,2024/1/1 1:40,10,135,66.65
523,2024/1/1 1:40,10,136,77.74
524,2024/1/1 1:40,10,137,88.83
525,2024/1/1 1:40,10,127,78.98
526,2024/1/1 1:40,10,122,71.06
527,2024/1/1 1:40,10,71,80.61
528,2024/1/1 1:40,10,92.67,78.99
529,2024/1/1 1:40,10,114.33,77.37
530,2024/1/1 1:40,10,136,75.75
531,2024/1/1 1:40,10,134,89.08
532,2024/1/1 1:40,10,160,85.98
533,2024/1/1 1:40,10,186,82.88
534,2024/1/1 1:40,10,199,72.37
535,2024/1/1 1:40,10,151,92.99
536,2024/1/1 1:40,10,130,91.56
537,2024/1/1 1:40,10,160,88.3
538,2024/1/1 1:40,10,166,85.31
539,2024/1/1 1:40,10,168,87.51
540,2024/1/1 1:40,10,160.25,85.62
541,2024/1/1 1:40,10,152.5,83.74
542,2024/1/1 1:40,10,144.75,81.85
543,2024/1/1 1:40,10,137,79.96
544,2024/1/1 1:40,10,101.5,86.34
545,2024/1/1 1:40,10,66,92.71
546,2024/1/1 1:40,10,83.5,81.94
547,2024/1/1 1:40,10,101,71.18
548,2024/1/1 1:40,10,115,84.43
549,2024/1/1 1:40,10,104,89.66
550,2024/1/1 1:40,10,93,84.31
551,2024/1/1 1:40,10,100,63.91
552,2024/1/1 1:40,10,80.5,71.76
553,2024/1/1 1:40,10,61,79.61
554,2024/1/1 1:40,10,79,73.09
555,2024/1/1 1:40,10,83,79.67
556,2024/1/1 1:40,10,83,76.58
557,2024/1/1 1:40,10,79,74.35
558,2024/1/1 1:40,10,57,74.95
559,2024/1/1 1:40,10,48,86.19
560,2024/1/1 1:40,10,113,88.38
561,2024/1/1 1:40,10,107,88.44
562,2024/1/1 1:40,10,101,88.5
563,2024/1/1 1:40,10,119,86.52
564,2024/1/1 1:40,10,115,82.76
565,2024/1/1 1:40,10,111,79
566,2024/1/1 1:40,10,115,81.46
567,2024/1/1 1:40,10,100,85.78
568,2024/1/1 1:40,10,85,90.09
569,2024/1/1 1:40,10,104,81.32
570,2024/1/1 1:40,10,92.33,78.55
571,2024/1/1 1:40,10,80.67,75.78
572,2024/1/1 1:40,10,69,73.01
573,2024/1/1 1:40,10,75,69.71
574,2024/1/1 1:40,10,82,73.16
575,2024/1/1 1:40,10,89,76.61
576,2024/1/1 1:40,10,79,89.1
577,2024/1/1 1:40,10,87,78.43
578,2024/1/1 1:40,10,79.5,78.84
579,2024/1/1 1:40,10,72,79.25
580,2024/1/1 1:40,10,73,82.61
581,2024/1/1 1:40,10,74,85.96
582,2024/1/1 1:40,10,75,89.32
583,2024/1/1 1:40,10,104.5,81.33
584,2024/1/1 1:40,10,134,73.34
585,2024/1/1 1:40,10,120,57.42
586,2024/1/1 1:40,10,134,90.23
587,2024/1/1 1:40,10,102.5,86.96
588,2024/1/1 1:40,10,71,83.69
589,2024/1/1 1:40,10,81,91.74
590,2024/1/1 1:40,10,96.5,84.2
591,2024/1/1 1:40,10,112,76.66
592,2024/1/1 1:40,10,107.5,83.34
593,2024/1/1 1:40,10,103,90.02
594,2024/1/1 1:40,10,105,80.93
595,2024/1/1 1:40,10,107,71.84
596,2024/1/1 1:40,10,115,80.62
597,2024/1/1 1:40,10,106.5,78.95
598,2024/1/1 1:40,10,98,77.28
599,2024/1/1 1:40,10,59,74.03
600,2024/1/1 1:40,10,81,87.14
601,2024/1/1 1:40,10,78,87.51
602,2024/1/1 1:40,10,115,89.12
603,2024/1/1 1:40,10,75,63.81
604,2024/1/1 1:40,10,64,88.03
605,2024/1/1 1:40,10,85,94.06
606,2024/1/1 1:40,10,106,100.09
607,2024/1/1 1:40,10,98,89.08
608,2024/1/1 1:40,10,99,79.55
609,2024/1/1 1:40,10,71,96.66
610,2024/1/1 1:40,10,90,90.64
611,2024/1/1 1:40,10,88,80.61
612,2024/1/1 1:40,10,93,88.36
613,2024/1/1 1:40,10,98,96.11
614,2024/1/1 1:40,10,96,95.34
615,2024/1/1 1:40,10,83,90.47
616,2024/1/1 1:40,10,87,86.39
617,2024/1/1 1:40,10,101,81.73
618,2024/1/1 1:40,10,66,87.7
619,2024/1/1 1:40,10,90.5,72.48
620,2024/1/1 1:40,10,115,57.27
621,2024/1/1 1:40,10,142.5,67.53
622,2024/1/1 1:40,10,170,77.78
623,2024/1/1 1:40,10,152,83.02
624,2024/1/1 1:40,10,134,88.26
625,2024/1/1 1:40,10,50,50.72
626,2024/1/1 1:40,10,48,65.48
627,2024/1/1 1:40,10,38,49.17
628,2024/1/1 1:40,10,28,32.86
629,2024/1/1 1:40,10,12,58
630,2024/1/1 1:40,10,27,52.56
631,2024/1/1 1:40,10,26,85.54
632,2024/1/1 1:40,10,39,35.18
633,2024/1/1 1:40,10,16,42.31
634,2024/1/1 1:40,10,43,60.21
635,2024/1/1 1:40,10,53,74.08
636,2024/1/1 1:40,10,27,59.33
637,2024/1/1 1:40,10,32,53.11
638,2024/1/1 1:40,10,37,46.89
639,2024/1/1 1:40,10,70,48.01
640,2024/1/1 1:40,10,58,56.88
641,2024/1/1 1:40,10,36,71.17
642,2024/1/1 1:40,10,37,50.54
643,2024/1/1 1:40,10,31,43.45
644,2024/1/1 1:40,10,31,54.61
645,2024/1/1 1:40,10,26,73.42
646,2024/1/1 1:40,10,22,86.82
647,2024/1/1 1:40,10,15,75.85
648,2024/1/1 1:40,10,8,64.88
649,2024/1/1 1:40,10,11,79.27
650,2024/1/1 1:40,10,24,64.83
651,2024/1/1 1:40,10,18,70.28
652,2024/1/1 1:40,10,21,60.05
653,2024/1/1 1:40,10,23.5,55.98
654,2024/1/1 1:40,10,26,51.92
655,2024/1/1 1:40,10,108,34.9
656,2024/1/1 1:40,10,115.5,41.02
657,2024/1/1 1:40,10,123,47.13
658,2024/1/1 1:40,10,130.5,53.24
659,2024/1/1 1:40,10,138,59.36
660,2024/1/1 1:40,10,77.5,66.82
661,2024/1/1 1:40,10,17,74.29
662,2024/1/1 1:40,10,35,55.43
663,2024/1/1 1:40,10,18,73.56
664,2024/1/1 1:40,10,42.5,72.18
665,2024/1/1 1:40,10,67,70.81
666,2024/1/1 1:40,10,62,73.91
667,2024/1/1 1:40,10,57,77.02
668,2024/1/1 1:40,10,62,59.29
669,2024/1/1 1:40,10,70,63.5
670,2024/1/1 1:40,10,59,71.08
671,2024/1/1 1:40,10,48,78.65
672,2024/1/1 1:40,10,63,64.6
673,2024/1/1 1:40,10,111,77.32
674,2024/1/1 1:40,10,45,65.31
675,2024/1/1 1:40,10,64,67.2
676,2024/1/1 1:40,10,59,67.25
677,2024/1/1 1:40,10,49.67,69.88
678,2024/1/1 1:40,10,40.33,72.5
679,2024/1/1 1:40,10,31,75.13
680,2024/1/1 1:40,10,43,80.47
681,2024/1/1 1:40,10,46,74.41
682,2024/1/1 1:40,10,18,96.39
683,2024/1/1 1:40,10,42,84.33
684,2024/1/1 1:40,10,52,84.81
685,2024/1/1 1:40,10,37,76.92
686,2024/1/1 1:40,10,29,78.48
687,2024/1/1 1:40,10,30,77.06
688,2024/1/1 1:40,10,31,75.65
689,2024/1/1 1:40,10,125,79.27
690,2024/1/1 1:40,10,100,67.47
691,2024/1/1 1:40,10,67,59.61
692,2024/1/1 1:40,10,71,84.94
693,2024/1/1 1:40,10,58,69.79
694,2024/1/1 1:40,10,65,62.92
695,2024/1/1 1:40,10,23,44.61
696,2024/1/1 1:40,10,59,75.68
697,2024/1/1 1:40,10,28,76.64
698,2024/1/1 1:40,10,38,67.02
699,2024/1/1 1:40,10,48,57.4
700,2024/1/1 1:40,10,42.5,56.18
701,2024/1/1 1:40,10,37,54.97
702,2024/1/1 1:40,10,33,62.71
703,2024/1/1 1:40,10,29,70.46
704,2024/1/1 1:40,10,25,78.2
705,2024/1/1 1:40,10,32,102.66
706,2024/1/1 1:40,10,73,72.97
707,2024/1/1 1:40,10,78,82.33
708,2024/1/1 1:40,10,48,82.79
709,2024/1/1 1:40,10,46.67,82.32
710,2024/1/1 1:40,10,45.33,81.86
711,2024/1/1 1:40,10,44,81.39
712,2024/1/1 1:40,10,40,50.9
713,2024/1/1 1:40,10,38,48.9
714,2024/1/1 1:40,10,36,46.89
715,2024/1/1 1:40,10,33,87
716,2024/1/1 1:40,10,26,52
717,2024/1/1 1:40,10,17,53.18
718,2024/1/1 1:40,10,14,28.57
719,2024/1/1 1:40,10,31,52.19
720,2024/1/1 1:40,10,16,48.44
721,2024/1/1 1:40,10,20,55.75
722,2024/1/1 1:40,10,25.67,60.88
723,2024/1/1 1:40,10,31.33,66.01
724,2024/1/1 1:40,10,37,71.14
725,2024/1/1 1:40,10,30,55.03
726,2024/1/1 1:40,10,35,89.03
727,2024/1/1 1:40,10,44,85.27
728,2024/1/1 1:40,10,46,81.52
729,2024/1/1 1:40,10,25,55.16
730,2024/1/1 1:40,10,25.5,49.68
731,2024/1/1 1:40,10,26,44.19
732,2024/1/1 1:40,10,37,78.35
733,2024/1/1 1:40,10,50,61.8
734,2024/1/1 1:40,10,40,55.35
735,2024/1/1 1:40,10,54,88.91
736,2024/1/1 1:40,10,55,88.65
737,2024/1/1 1:40,10,44,55.25
738,2024/1/1 1:40,10,44,40.95
739,2024/1/1 1:40,10,22,55.05
740,2024/1/1 1:40,10,27,76.04
741,2024/1/1 1:40,10,16.5,75.1
742,2024/1/1 1:40,10,6,74.17
743,2024/1/1 1:40,10,5.44,72.48
744,2024/1/1 1:40,10,4.89,70.8
745,2024/1/1 1:40,10,4.33,69.11
746,2024/1/1 1:40,10,3.78,67.43
747,2024/1/1 1:40,10,3.22,65.74
748,2024/1/1 1:40,10,2.67,64.06
749,2024/1/1 1:40,10,2.11,62.37
750,2024/1/1 1:40,10,1.56,60.69
751,2024/1/1 1:40,10,1,59
752,2024/1/1 1:40,10,1.41,61.15
753,2024/1/1 1:40,10,1.82,63.29
754,2024/1/1 1:40,10,2.24,65.44
755,2024/1/1 1:40,10,2.65,67.59
756,2024/1/1 1:40,10,3.06,69.74
757,2024/1/1 1:40,10,3.47,71.88
758,2024/1/1 1:40,10,3.88,74.03
759,2024/1/1 1:40,10,4.29,76.18
760,2024/1/1 1:40,10,4.71,78.32
761,2024/1/1 1:40,10,5.12,80.47
762,2024/1/1 1:40,10,5.53,82.62
763,2024/1/1 1:40,10,5.94,84.76
764,2024/1/1 1:40,10,6.35,86.91
765,2024/1/1 1:40,10,6.76,89.06
766,2024/1/1 1:40,10,7.18,91.21
767,2024/1/1 1:40,10,7.59,93.35
768,2024/1/1 1:40,10,8,95.5
769,2024/1/1 1:40,10,14,74.93
770,2024/1/1 1:40,10,19,68.11
771,2024/1/1 1:40,10,29.5,57.13
772,2024/1/1 1:40,10,40,46.15
773,2024/1/1 1:40,10,35,67.71
774,2024/1/1 1:40,10,33.33,64.98
775,2024/1/1 1:40,10,31.67,62.26
776,2024/1/1 1:40,10,30,59.53
777,2024/1/1 1:40,10,29,74.55
778,2024/1/1 1:40,10,18,60.61
779,2024/1/1 1:40,10,49,45.49
780,2024/1/1 1:40,10,11,56.27
781,2024/1/1 1:40,10,3,71
782,2024/1/1 1:40,10,1,57
783,2024/1/1 1:40,10,16,52.56
784,2024/1/1 1:40,10,8,65.62
785,2024/1/1 1:40,10,4,53.75
786,2024/1/1 1:40,10,57,70.28
787,2024/1/1 1:40,10,60,91.78
788,2024/1/1 1:40,10,50,75.02
789,2024/1/1 1:40,10,40,58.25
790,2024/1/1 1:40,10,43,87.26
791,2024/1/1 1:40,10,30,65.6
792,2024/1/1 1:40,10,37,48.27
793,2024/1/1 1:40,10,18.5,24.14
794,2024/1/1 1:40,10,14.5,34.11
795,2024/1/1 1:40,10,7.25,17.06
796,2024/1/1 1:40,10,3.62,8.53
797,2024/1/1 1:40,10,1.81,4.26
798,2024/1/1 1:40,10,0.91,2.13
799,2024/1/1 1:40,10,0.45,1.07
800,2024/1/1 1:40,10,0.23,0.53
801,2024/1/1 1:40,10,0.11,0.27
802,2024/1/1 1:40,10,0.06,0.13
803,2024/1/1 1:40,10,0.03,0.07
804,2024/1/1 1:40,10,0.01,0.02
805,2024/1/1 1:40,10,0,0.01
806,2024/1/1 1:40,10,20.5,22.93
807,2024/1/1 1:40,10,41,45.84
808,2024/1/1 1:40,10,0,0.01
809,2024/1/1 1:40,10,4.73,5.09
810,2024/1/1 1:40,10,9.45,10.16
811,2024/1/1 1:40,10,14.18,15.24
812,2024/1/1 1:40,10,18.91,20.32
813,2024/1/1 1:40,10,23.64,25.4
814,2024/1/1 1:40,10,28.36,30.47
815,2024/1/1 1:40,10,33.09,35.55
816,2024/1/1 1:40,10,37.82,40.63
817,2024/1/1 1:40,10,42.55,45.71
818,2024/1/1 1:40,10,47.27,50.78
819,2024/1/1 1:40,10,52,55.86
820,2024/1/1 1:40,10,53.12,56.11
821,2024/1/1 1:40,10,54.25,56.36
822,2024/1/1 1:40,10,55.38,56.61
823,2024/1/1 1:40,10,56.5,56.86
824,2024/1/1 1:40,10,57.62,57.12
825,2024/1/1 1:40,10,58.75,57.37
826,2024/1/1 1:40,10,59.88,57.62
827,2024/1/1 1:40,10,61,57.87
828,2024/1/1 1:40,10,75,51.28
829,2024/1/1 1:40,10,37.5,25.64
830,2024/1/1 1:40,10,18.75,12.82
831,2024/1/1 1:40,10,9.38,6.41
832,2024/1/1 1:40,10,4.69,3.21
833,2024/1/1 1:40,10,2.34,1.6
834,2024/1/1 1:40,10,1.17,0.8
835,2024/1/1 1:40,10,0.59,0.4
836,2024/1/1 1:40,10,0.29,0.2
837,2024/1/1 1:40,10,0.07,0.05
838,2024/1/1 1:40,10,0.04,0.03
839,2024/1/1 1:40,10,0.01,0.01
840,2024/1/1 1:40,10,0.01,0
841,2024/1/1 1:40,10,4.56,3.59
842,2024/1/1 1:40,10,9.11,7.17
843,2024/1/1 1:40,10,13.66,10.76
844,2024/1/1 1:40,10,18.21,14.35
845,2024/1/1 1:40,10,22.75,17.93
846,2024/1/1 1:40,10,27.3,21.52
847,2024/1/1 1:40,10,31.85,25.11
848,2024/1/1 1:40,10,36.4,28.7
849,2024/1/1 1:40,10,40.95,32.28
850,2024/1/1 1:40,10,45.5,35.87
851,2024/1/1 1:40,10,56,58.3
852,2024/1/1 1:40,10,28,29.15
853,2024/1/1 1:40,10,14,14.57
854,2024/1/1 1:40,10,7,7.29
855,2024/1/1 1:40,10,3.5,3.64
856,2024/1/1 1:40,10,1.75,1.82
857,2024/1/1 1:40,10,0.88,0.91
858,2024/1/1 1:40,10,0.44,0.46
859,2024/1/1 1:40,10,0.22,0.23
860,2024/1/1 1:40,10,0.11,0.11
861,2024/1/1 1:40,10,0.05,0.06
862,2024/1/1 1:40,10,0.06,0.05
863,2024/1/1 1:40,10,0.04,0.03
864,2024/1/1 1:40,10,14.5,43.52
865,2024/1/1 1:40,10,7.25,21.76
866,2024/1/1 1:40,10,3.62,10.88
867,2024/1/1 1:40,10,1.21,3.63
868,2024/1/1 1:40,10,0.61,1.82
869,2024/1/1 1:40,10,0.6,1.81
870,2024/1/1 1:40,10,61.33,54.06
871,2024/1/1 1:40,10,30.67,27.03
872,2024/1/1 1:40,10,15.33,13.52
873,2024/1/1 1:40,10,7.67,6.76
874,2024/1/1 1:40,10,3.83,3.38
875,2024/1/1 1:40,10,1.92,1.69
876,2024/1/1 1:40,10,0.96,0.84
877,2024/1/1 1:40,10,0.48,0.42
878,2024/1/1 1:40,10,0.24,0.21
879,2024/1/1 1:40,10,50.12,45.29
880,2024/1/1 1:40,10,43.5,80.02
881,2024/1/1 1:40,10,25.5,39.99
882,2024/1/1 1:40,10,12.75,20
883,2024/1/1 1:40,10,6.38,10
884,2024/1/1 1:40,10,3.19,5
885,2024/1/1 1:40,10,1.59,2.5
886,2024/1/1 1:40,10,15.3,44.76
887,2024/1/1 1:40,10,29.5,37.93
888,2024/1/1 1:40,10,14.75,18.96
889,2024/1/1 1:40,10,7.38,9.48
890,2024/1/1 1:40,10,3.69,4.74
891,2024/1/1 1:40,10,37.34,40.3
892,2024/1/1 1:40,10,29.5,40.48
893,2024/1/1 1:40,10,14.75,20.24
894,2024/1/1 1:40,10,7.38,10.12
895,2024/1/1 1:40,10,3.69,5.06
896,2024/1/1 1:40,10,21.84,43.97
897,2024/1/1 1:40,10,83,26.09
898,2024/1/1 1:40,10,41.5,13.04
899,2024/1/1 1:40,10,20.75,6.52
900,2024/1/1 1:40,10,84.38,43.2
901,2024/1/1 1:40,10,36,39.58
902,2024/1/1 1:40,10,18,19.79
903,2024/1/1 1:40,10,9,9.9
904,2024/1/1 1:40,10,54.5,32.74
905,2024/1/1 1:40,10,37.25,39.08
906,2024/1/1 1:40,10,18.62,19.54
907,2024/1/1 1:40,10,9.31,9.77
908,2024/1/1 1:40,10,4.66,4.89
909,2024/1/1 1:40,10,2.33,2.44
910,2024/1/1 1:40,10,1.16,1.22
911,2024/1/1 1:40,10,0.58,0.61
912,2024/1/1 1:40,10,49.29,39.08
913,2024/1/1 1:40,10,16,27.58
914,2024/1/1 1:40,10,8,13.79
915,2024/1/1 1:40,10,4,6.9
916,2024/1/1 1:40,10,2,3.45
917,2024/1/1 1:40,10,1,1.72
918,2024/1/1 1:40,10,0.5,0.86
919,2024/1/1 1:40,10,0.25,0.43
920,2024/1/1 1:40,10,23.62,40.03
921,2024/1/1 1:40,10,34.33,30.01
922,2024/1/1 1:40,10,19.83,38.21
923,2024/1/1 1:40,10,9.92,19.11
924,2024/1/1 1:40,10,10.46,37.69
925,2024/1/1 1:40,10,8,26.28
926,2024/1/1 1:40,10,4,13.14
927,2024/1/1 1:40,10,7,30.08
928,2024/1/1 1:40,10,86.33,62.85
929,2024/1/1 1:40,10,0.5,28.5
930,2024/1/1 1:40,10,0.25,14.25
931,2024/1/1 1:40,10,0.12,7.12
932,2024/1/1 1:40,10,0.06,3.56
933,2024/1/1 1:40,10,0.03,1.78
934,2024/1/1 1:40,10,22.5,32.66
935,2024/1/1 1:40,10,11.25,16.33
936,2024/1/1 1:40,10,5.62,8.16
937,2024/1/1 1:40,10,4.81,30.96
938,2024/1/1 1:40,10,28,35.56
939,2024/1/1 1:40,10,14,17.78
940,2024/1/1 1:40,10,7,8.89
941,2024/1/1 1:40,10,31,42.99
942,2024/1/1 1:40,10,28.5,36.04
943,2024/1/1 1:40,10,14.25,18.02
944,2024/1/1 1:40,10,7.12,9.01
945,2024/1/1 1:40,10,41.06,45.77
946,2024/1/1 1:40,10,40,40.57
947,2024/1/1 1:40,10,20,20.28
948,2024/1/1 1:40,10,10,10.14
949,2024/1/1 1:40,10,5,5.07
950,2024/1/1 1:40,10,2.5,2.54
951,2024/1/1 1:40,10,1.25,1.27
952,2024/1/1 1:40,10,77.12,43.75
953,2024/1/1 1:40,10,62,46.3
954,2024/1/1 1:40,10,31,23.15
955,2024/1/1 1:40,10,15.5,11.58
956,2024/1/1 1:40,10,7.75,5.79
957,2024/1/1 1:40,10,3.88,2.89
958,2024/1/1 1:40,10,1.94,1.45
959,2024/1/1 1:40,10,69.47,42.01
960,2024/1/1 1:40,10,115,29.48
961,2024/1/1 1:40,10,57.5,14.74
962,2024/1/1 1:40,10,28.75,7.37
963,2024/1/1 1:40,10,14.38,3.68
964,2024/1/1 1:40,10,7.19,1.84
965,2024/1/1 1:40,10,3.59,0.92
966,2024/1/1 1:40,10,40.3,24.57
967,2024/1/1 1:40,10,28,31.56
968,2024/1/1 1:40,10,14,15.78
969,2024/1/1 1:40,10,7,7.89
970,2024/1/1 1:40,10,3.5,3.94
971,2024/1/1 1:40,10,1.75,1.97
972,2024/1/1 1:40,10,0.88,0.99
973,2024/1/1 1:40,10,0.44,0.49
974,2024/1/1 1:40,10,50.22,35.69
975,2024/1/1 1:40,10,9,18.8
976,2024/1/1 1:40,10,4.5,9.4
977,2024/1/1 1:40,10,2.25,4.7
978,2024/1/1 1:40,10,1.12,2.35
979,2024/1/1 1:40,10,0.56,1.18
980,2024/1/1 1:40,10,0.28,0.59
981,2024/1/1 1:40,10,24.43,28.94
982,2024/1/1 1:40,10,12.21,14.47
983,2024/1/1 1:40,10,6.11,7.23
984,2024/1/1 1:40,10,3.05,3.62
985,2024/1/1 1:40,10,44.35,58.19
986,2024/1/1 1:40,10,59,31.28
987,2024/1/1 1:40,10,29.5,15.64
988,2024/1/1 1:40,10,14.75,7.82
989,2024/1/1 1:40,10,7.38,3.91
990,2024/1/1 1:40,10,133.19,32.58
991,2024/1/1 1:40,10,82,30.32
992,2024/1/1 1:40,10,41,15.16
993,2024/1/1 1:40,10,20.5,7.58
994,2024/1/1 1:40,10,10.25,3.79
995,2024/1/1 1:40,10,40.75,17.06
996,2024/1/1 1:40,10,88,53.37
997,2024/1/1 1:40,10,44,26.69
998,2024/1/1 1:40,10,22,13.34
999,2024/1/1 1:40,10,15.33,35.54
1000,2024/1/1 1:40,10,16.67,33.04
1001,2024/1/1 1:40,10,8.33,16.52
1002,2024/1/1 1:40,10,4.17,8.26
1003,2024/1/1 1:40,10,2.08,4.13
1004,2024/1/1 1:40,10,1.04,2.06
1005,2024/1/1 1:40,10,72.35,55.4
1006,2024/1/1 1:40,10,88,73.09
2,2024/1/1 1:50,11,58,66.41
3,2024/1/1 1:50,11,53,71.81
4,2024/1/1 1:50,11,72,72
5,2024/1/1 1:50,11,48,73.46
6,2024/1/1 1:50,11,40,88.85
7,2024/1/1 1:50,11,40,57.58
8,2024/1/1 1:50,11,46,69.28
9,2024/1/1 1:50,11,44,79.09
10,2024/1/1 1:50,11,71,63.51
11,2024/1/1 1:50,11,116,65.51
12,2024/1/1 1:50,11,215,61.11
13,2024/1/1 1:50,11,241,56.08
14,2024/1/1 1:50,11,118,66.84
15,2024/1/1 1:50,11,106,69.24
16,2024/1/1 1:50,11,110,61.59
17,2024/1/1 1:50,11,77,72.21
18,2024/1/1 1:50,11,146,62.6
19,2024/1/1 1:50,11,129,63.15
20,2024/1/1 1:50,11,134.5,59.66
21,2024/1/1 1:50,11,140,56.16
22,2024/1/1 1:50,11,120,67.22
23,2024/1/1 1:50,11,107,67.92
24,2024/1/1 1:50,11,150,53.47
25,2024/1/1 1:50,11,153,80.18
26,2024/1/1 1:50,11,154,76.63
27,2024/1/1 1:50,11,176,86.69
28,2024/1/1 1:50,11,163,90.17
29,2024/1/1 1:50,11,132,86.36
30,2024/1/1 1:50,11,144,74.05
31,2024/1/1 1:50,11,127,82.94
32,2024/1/1 1:50,11,110,91.84
33,2024/1/1 1:50,11,109,92.23
34,2024/1/1 1:50,11,78,90.63
35,2024/1/1 1:50,11,86,75.93
36,2024/1/1 1:50,11,97,93.45
37,2024/1/1 1:50,11,114,81.01
38,2024/1/1 1:50,11,115,54.57
39,2024/1/1 1:50,11,80.5,64.6
40,2024/1/1 1:50,11,46,74.63
41,2024/1/1 1:50,11,75,38.2
42,2024/1/1 1:50,11,79.5,43.82
43,2024/1/1 1:50,11,84,49.44
44,2024/1/1 1:50,11,64,60.34
45,2024/1/1 1:50,11,64,63.17
46,2024/1/1 1:50,11,76,68.86
47,2024/1/1 1:50,11,84,64.6
48,2024/1/1 1:50,11,79,71.99
49,2024/1/1 1:50,11,57,74.04
50,2024/1/1 1:50,11,176,61.47
51,2024/1/1 1:50,11,110,50.42
52,2024/1/1 1:50,11,97,80.93
53,2024/1/1 1:50,11,65,73.28
54,2024/1/1 1:50,11,84,82.33
55,2024/1/1 1:50,11,64,59.91
56,2024/1/1 1:50,11,76,76.99
57,2024/1/1 1:50,11,80,78.65
58,2024/1/1 1:50,11,91,57.86
59,2024/1/1 1:50,11,72,75.81
60,2024/1/1 1:50,11,46,69.67
61,2024/1/1 1:50,11,23,94
62,2024/1/1 1:50,11,22,70.95
63,2024/1/1 1:50,11,95,87.68
64,2024/1/1 1:50,11,100,96.84
65,2024/1/1 1:50,11,126,97.72
66,2024/1/1 1:50,11,98,108.43
67,2024/1/1 1:50,11,92,105.26
68,2024/1/1 1:50,11,113,94.82
69,2024/1/1 1:50,11,59,98.73
70,2024/1/1 1:50,11,61,98.43
71,2024/1/1 1:50,11,59,93.51
72,2024/1/1 1:50,11,58,83.95
73,2024/1/1 1:50,11,22,85.95
74,2024/1/1 1:50,11,40,96.78
75,2024/1/1 1:50,11,79,79.06
76,2024/1/1 1:50,11,60,90.55
77,2024/1/1 1:50,11,107,100.26
78,2024/1/1 1:50,11,116,87.59
79,2024/1/1 1:50,11,100,91.21
80,2024/1/1 1:50,11,117,99.46
81,2024/1/1 1:50,11,50,78.36
82,2024/1/1 1:50,11,47,78.19
83,2024/1/1 1:50,11,87,93.1
84,2024/1/1 1:50,11,62,81.5
85,2024/1/1 1:50,11,57,75.93
86,2024/1/1 1:50,11,44,93.89
87,2024/1/1 1:50,11,35,71.8
88,2024/1/1 1:50,11,42,81
89,2024/1/1 1:50,11,48,101.33
90,2024/1/1 1:50,11,108.5,90.83
91,2024/1/1 1:50,11,169,80.33
92,2024/1/1 1:50,11,160,97.92
93,2024/1/1 1:50,11,141,107.4
94,2024/1/1 1:50,11,116,95.09
95,2024/1/1 1:50,11,111,85.99
96,2024/1/1 1:50,11,87,81.22
97,2024/1/1 1:50,11,105,71.68
98,2024/1/1 1:50,11,164,83.95
99,2024/1/1 1:50,11,40,92.15
100,2024/1/1 1:50,11,33,69.64
101,2024/1/1 1:50,11,13,65
102,2024/1/1 1:50,11,70,82.73
103,2024/1/1 1:50,11,75,97.72
104,2024/1/1 1:50,11,80,112.71
105,2024/1/1 1:50,11,82,100.89
106,2024/1/1 1:50,11,139,107.88
107,2024/1/1 1:50,11,148,99.79
108,2024/1/1 1:50,11,157,104.71
109,2024/1/1 1:50,11,166,97.3
110,2024/1/1 1:50,11,158,108.68
111,2024/1/1 1:50,11,102,98.05
112,2024/1/1 1:50,11,90,122.66
113,2024/1/1 1:50,11,64,93.83
114,2024/1/1 1:50,11,53,100.62
115,2024/1/1 1:50,11,81,94.2
116,2024/1/1 1:50,11,109,98.72
117,2024/1/1 1:50,11,111,113.25
118,2024/1/1 1:50,11,104,99.05
119,2024/1/1 1:50,11,97,107.4
120,2024/1/1 1:50,11,83,125.41
121,2024/1/1 1:50,11,82,113.12
122,2024/1/1 1:50,11,46,110.04
123,2024/1/1 1:50,11,44,117.05
124,2024/1/1 1:50,11,29,85.83
125,2024/1/1 1:50,11,86,112.58
126,2024/1/1 1:50,11,48,103.15
127,2024/1/1 1:50,11,53,99.36
128,2024/1/1 1:50,11,83,120.23
129,2024/1/1 1:50,11,73,123.97
130,2024/1/1 1:50,11,83,113.82
131,2024/1/1 1:50,11,81,112.99
132,2024/1/1 1:50,11,79,109.09
133,2024/1/1 1:50,11,34,98.44
134,2024/1/1 1:50,11,69,91.49
135,2024/1/1 1:50,11,25,74.16
136,2024/1/1 1:50,11,18,91.33
137,2024/1/1 1:50,11,21,76.33
138,2024/1/1 1:50,11,65,83.77
139,2024/1/1 1:50,11,75,81.43
140,2024/1/1 1:50,11,152,84.98
141,2024/1/1 1:50,11,149,88.66
142,2024/1/1 1:50,11,92,88.7
143,2024/1/1 1:50,11,83,75.17
144,2024/1/1 1:50,11,155,79.23
145,2024/1/1 1:50,11,77,69.26
146,2024/1/1 1:50,11,77,76.55
147,2024/1/1 1:50,11,82,86.72
148,2024/1/1 1:50,11,75,83.24
149,2024/1/1 1:50,11,41,74.49
150,2024/1/1 1:50,11,50,75.84
151,2024/1/1 1:50,11,58,60.98
152,2024/1/1 1:50,11,49,74.43
153,2024/1/1 1:50,11,11,74.91
154,2024/1/1 1:50,11,13,73.23
155,2024/1/1 1:50,11,45,91.71
156,2024/1/1 1:50,11,72,95.74
157,2024/1/1 1:50,11,7,43.57
158,2024/1/1 1:50,11,11,58.36
159,2024/1/1 1:50,11,34,77.59
160,2024/1/1 1:50,11,35,85.14
161,2024/1/1 1:50,11,46,42.39
162,2024/1/1 1:50,11,42,80.38
163,2024/1/1 1:50,11,47,79.26
164,2024/1/1 1:50,11,67,65.18
165,2024/1/1 1:50,11,71,81.87
166,2024/1/1 1:50,11,85,76.13
167,2024/1/1 1:50,11,11,80.73
168,2024/1/1 1:50,11,116,77.87
169,2024/1/1 1:50,11,86,73.65
170,2024/1/1 1:50,11,118,85.95
171,2024/1/1 1:50,11,122,84.46
172,2024/1/1 1:50,11,84,88.56
173,2024/1/1 1:50,11,120,89.88
174,2024/1/1 1:50,11,135,79.18
175,2024/1/1 1:50,11,106,68.03
176,2024/1/1 1:50,11,23,84.57
177,2024/1/1 1:50,11,42,79.24
178,2024/1/1 1:50,11,51.5,76.02
179,2024/1/1 1:50,11,61,72.79
180,2024/1/1 1:50,11,44,69.04
181,2024/1/1 1:50,11,27,65.3
182,2024/1/1 1:50,11,75,60.33
183,2024/1/1 1:50,11,103,67.71
184,2024/1/1 1:50,11,88,58.98
185,2024/1/1 1:50,11,94.67,62.23
186,2024/1/1 1:50,11,101.33,65.47
187,2024/1/1 1:50,11,108,68.72
188,2024/1/1 1:50,11,53,73.79
189,2024/1/1 1:50,11,62,65.24
190,2024/1/1 1:50,11,94,76.03
191,2024/1/1 1:50,11,112,64.75
192,2024/1/1 1:50,11,108,75.26
193,2024/1/1 1:50,11,104,85.76
194,2024/1/1 1:50,11,99,68.92
195,2024/1/1 1:50,11,84,63.21
196,2024/1/1 1:50,11,107,84.64
197,2024/1/1 1:50,11,117,89.45
198,2024/1/1 1:50,11,155,83.06
199,2024/1/1 1:50,11,106,85.4
200,2024/1/1 1:50,11,85,82.56
201,2024/1/1 1:50,11,138,85
202,2024/1/1 1:50,11,156,61.33
203,2024/1/1 1:50,11,117,63.82
204,2024/1/1 1:50,11,78,75
205,2024/1/1 1:50,11,86,91.14
206,2024/1/1 1:50,11,56,88.77
207,2024/1/1 1:50,11,76,75.71
208,2024/1/1 1:50,11,80,72.24
209,2024/1/1 1:50,11,89,86.3
210,2024/1/1 1:50,11,44,84.27
211,2024/1/1 1:50,11,31,82.71
212,2024/1/1 1:50,11,89,82.71
213,2024/1/1 1:50,11,70,85.26
214,2024/1/1 1:50,11,154,79.82
215,2024/1/1 1:50,11,121,84.31
216,2024/1/1 1:50,11,118,83.03
217,2024/1/1 1:50,11,127,91.98
218,2024/1/1 1:50,11,105,86.47
219,2024/1/1 1:50,11,112,82.57
220,2024/1/1 1:50,11,80,81.64
221,2024/1/1 1:50,11,52,85.21
222,2024/1/1 1:50,11,47,79
223,2024/1/1 1:50,11,63,67.97
224,2024/1/1 1:50,11,55,68.2
225,2024/1/1 1:50,11,64,83.66
226,2024/1/1 1:50,11,63,62.29
227,2024/1/1 1:50,11,33,68.03
228,2024/1/1 1:50,11,24,65.58
229,2024/1/1 1:50,11,30,65.87
230,2024/1/1 1:50,11,47,74.68
231,2024/1/1 1:50,11,41,77.44
232,2024/1/1 1:50,11,86.67,69.8
233,2024/1/1 1:50,11,132.33,62.17
234,2024/1/1 1:50,11,178,54.53
235,2024/1/1 1:50,11,198,61.64
236,2024/1/1 1:50,11,108,45.28
237,2024/1/1 1:50,11,26,70.73
238,2024/1/1 1:50,11,24,64.79
239,2024/1/1 1:50,11,24,59.5
240,2024/1/1 1:50,11,24,54.21
241,2024/1/1 1:50,11,1,24
242,2024/1/1 1:50,11,33,78.24
243,2024/1/1 1:50,11,98,78.57
244,2024/1/1 1:50,11,93,70.72
245,2024/1/1 1:50,11,129,67.64
246,2024/1/1 1:50,11,117,63.55
247,2024/1/1 1:50,11,98,58.76
248,2024/1/1 1:50,11,79,53.97
249,2024/1/1 1:50,11,64,67.14
250,2024/1/1 1:50,11,96,75.91
251,2024/1/1 1:50,11,77,67.97
252,2024/1/1 1:50,11,109,62.52
253,2024/1/1 1:50,11,159,72.65
254,2024/1/1 1:50,11,90,66.84
255,2024/1/1 1:50,11,125.5,67.72
256,2024/1/1 1:50,11,161,68.6
257,2024/1/1 1:50,11,128,64.73
258,2024/1/1 1:50,11,115,78.93
259,2024/1/1 1:50,11,131,71.16
260,2024/1/1 1:50,11,137,72.36
261,2024/1/1 1:50,11,80,62.44
262,2024/1/1 1:50,11,98,79.5
263,2024/1/1 1:50,11,113,57.66
264,2024/1/1 1:50,11,99,72.45
265,2024/1/1 1:50,11,95,62.67
266,2024/1/1 1:50,11,93,74.81
267,2024/1/1 1:50,11,102,52.58
268,2024/1/1 1:50,11,122,73.47
269,2024/1/1 1:50,11,125,75.84
270,2024/1/1 1:50,11,111,83.27
271,2024/1/1 1:50,11,104.5,80.78
272,2024/1/1 1:50,11,98,78.29
273,2024/1/1 1:50,11,42,66.83
274,2024/1/1 1:50,11,96,69.42
275,2024/1/1 1:50,11,91,70.11
276,2024/1/1 1:50,11,109,73.17
277,2024/1/1 1:50,11,101,72.67
278,2024/1/1 1:50,11,93,72.17
279,2024/1/1 1:50,11,92.5,71.66
280,2024/1/1 1:50,11,92,71.15
281,2024/1/1 1:50,11,86,64.4
282,2024/1/1 1:50,11,97,66.16
283,2024/1/1 1:50,11,115,64.73
284,2024/1/1 1:50,11,90,73.31
285,2024/1/1 1:50,11,151,65.48
286,2024/1/1 1:50,11,146,70.39
287,2024/1/1 1:50,11,132.5,72.13
288,2024/1/1 1:50,11,119,73.88
289,2024/1/1 1:50,11,97,61.45
290,2024/1/1 1:50,11,116,71.71
291,2024/1/1 1:50,11,125,69.56
292,2024/1/1 1:50,11,98,62.3
293,2024/1/1 1:50,11,107,79.45
294,2024/1/1 1:50,11,83,73.86
295,2024/1/1 1:50,11,88,69.73
296,2024/1/1 1:50,11,91,59.78
297,2024/1/1 1:50,11,114,59.91
298,2024/1/1 1:50,11,64,43.86
299,2024/1/1 1:50,11,82.5,47.42
300,2024/1/1 1:50,11,101,50.97
301,2024/1/1 1:50,11,172,71.65
302,2024/1/1 1:50,11,113,77.25
303,2024/1/1 1:50,11,112,81.33
304,2024/1/1 1:50,11,78,63.3
305,2024/1/1 1:50,11,44,45.27
306,2024/1/1 1:50,11,58,75.24
307,2024/1/1 1:50,11,61,105.49
308,2024/1/1 1:50,11,84,92.58
309,2024/1/1 1:50,11,85,108.46
310,2024/1/1 1:50,11,82,93.34
311,2024/1/1 1:50,11,71,103.8
312,2024/1/1 1:50,11,59,115.37
313,2024/1/1 1:50,11,56,110.09
314,2024/1/1 1:50,11,78,105.36
315,2024/1/1 1:50,11,85,98.74
316,2024/1/1 1:50,11,83,93.45
317,2024/1/1 1:50,11,46,87.41
318,2024/1/1 1:50,11,38,99.42
319,2024/1/1 1:50,11,34,103.41
320,2024/1/1 1:50,11,40,97.28
321,2024/1/1 1:50,11,45,108.8
322,2024/1/1 1:50,11,65,103.52
323,2024/1/1 1:50,11,62,98.02
324,2024/1/1 1:50,11,57,100.09
325,2024/1/1 1:50,11,15,78.07
326,2024/1/1 1:50,11,20,107.2
327,2024/1/1 1:50,11,15,93.87
328,2024/1/1 1:50,11,39,103.9
329,2024/1/1 1:50,11,21,60.28
330,2024/1/1 1:50,11,3,16.67
331,2024/1/1 1:50,11,27,100.63
332,2024/1/1 1:50,11,63,100.05
333,2024/1/1 1:50,11,60,105.17
334,2024/1/1 1:50,11,70,110.56
335,2024/1/1 1:50,11,74,107.55
336,2024/1/1 1:50,11,59,89.54
337,2024/1/1 1:50,11,50,93.38
338,2024/1/1 1:50,11,49,104.31
339,2024/1/1 1:50,11,44,95.34
340,2024/1/1 1:50,11,48,105.67
341,2024/1/1 1:50,11,69,100.26
342,2024/1/1 1:50,11,71,107.08
343,2024/1/1 1:50,11,80,109.69
344,2024/1/1 1:50,11,68,109.46
345,2024/1/1 1:50,11,62,108.23
346,2024/1/1 1:50,11,61,108.8
347,2024/1/1 1:50,11,56,110.71
348,2024/1/1 1:50,11,87,103.17
349,2024/1/1 1:50,11,89,91.3
350,2024/1/1 1:50,11,96,93.53
351,2024/1/1 1:50,11,36,87.14
352,2024/1/1 1:50,11,36,69.22
353,2024/1/1 1:50,11,18,72.94
354,2024/1/1 1:50,11,17,69.65
355,2024/1/1 1:50,11,15,78.87
356,2024/1/1 1:50,11,44,73.14
357,2024/1/1 1:50,11,39,78.87
358,2024/1/1 1:50,11,44,81.2
359,2024/1/1 1:50,11,62,74.56
360,2024/1/1 1:50,11,65,80.42
361,2024/1/1 1:50,11,85,82.54
362,2024/1/1 1:50,11,60,93.42
363,2024/1/1 1:50,11,104.5,80.53
364,2024/1/1 1:50,11,149,67.63
365,2024/1/1 1:50,11,141.67,73.8
366,2024/1/1 1:50,11,134.33,79.96
367,2024/1/1 1:50,11,127,86.13
368,2024/1/1 1:50,11,264,82.5
369,2024/1/1 1:50,11,225.5,83.17
370,2024/1/1 1:50,11,187,83.84
371,2024/1/1 1:50,11,160,73.47
372,2024/1/1 1:50,11,155,89.56
373,2024/1/1 1:50,11,125,100.89
374,2024/1/1 1:50,11,86,107.33
375,2024/1/1 1:50,11,87,92.16
376,2024/1/1 1:50,11,74,92.04
377,2024/1/1 1:50,11,85,106.94
378,2024/1/1 1:50,11,76,98.54
379,2024/1/1 1:50,11,74,89.81
380,2024/1/1 1:50,11,51,78.71
381,2024/1/1 1:50,11,33,92.82
382,2024/1/1 1:50,11,41,77.44
383,2024/1/1 1:50,11,15,87.73
384,2024/1/1 1:50,11,7,18.71
385,2024/1/1 1:50,11,23,76.22
386,2024/1/1 1:50,11,21,66.62
387,2024/1/1 1:50,11,38,68.18
388,2024/1/1 1:50,11,144,75.39
389,2024/1/1 1:50,11,136,92.73
390,2024/1/1 1:50,11,121,101.97
391,2024/1/1 1:50,11,143,79.5
392,2024/1/1 1:50,11,134,106.65
393,2024/1/1 1:50,11,151,117.67
394,2024/1/1 1:50,11,140,105.93
395,2024/1/1 1:50,11,161,96.4
396,2024/1/1 1:50,11,83,87.2
397,2024/1/1 1:50,11,5,78
398,2024/1/1 1:50,11,1,43
399,2024/1/1 1:50,11,5,67
400,2024/1/1 1:50,11,4,80.75
401,2024/1/1 1:50,11,4,64
402,2024/1/1 1:50,11,11,88.45
403,2024/1/1 1:50,11,7,68
404,2024/1/1 1:50,11,5,63.6
405,2024/1/1 1:50,11,3,82.33
406,2024/1/1 1:50,11,1,84
407,2024/1/1 1:50,11,1,86
408,2024/1/1 1:50,11,5,94.2
409,2024/1/1 1:50,11,2,76
410,2024/1/1 1:50,11,2,110.5
411,2024/1/1 1:50,11,2,81.5
412,2024/1/1 1:50,11,2,66
413,2024/1/1 1:50,11,2,95.5
414,2024/1/1 1:50,11,2,78.5
415,2024/1/1 1:50,11,25,83.52
416,2024/1/1 1:50,11,14.5,78.76
417,2024/1/1 1:50,11,4,74
418,2024/1/1 1:50,11,3,
419,2024/1/1 1:50,11,0,
420,2024/1/1 1:50,11,1,89
421,2024/1/1 1:50,11,2,70.5
422,2024/1/1 1:50,11,2,71.5
423,2024/1/1 1:50,11,2,
424,2024/1/1 1:50,11,0,
425,2024/1/1 1:50,11,0,
426,2024/1/1 1:50,11,2,59
427,2024/1/1 1:50,11,3,86
428,2024/1/1 1:50,11,4,80.25
429,2024/1/1 1:50,11,1,90
430,2024/1/1 1:50,11,1,70
431,2024/1/1 1:50,11,1,55
432,2024/1/1 1:50,11,1,82.5
433,2024/1/1 1:50,11,1,110
434,2024/1/1 1:50,11,36.33,100.66
435,2024/1/1 1:50,11,71.67,91.31
436,2024/1/1 1:50,11,107,81.97
437,2024/1/1 1:50,11,47,73.7
438,2024/1/1 1:50,11,55,78.2
439,2024/1/1 1:50,11,53.5,83.12
440,2024/1/1 1:50,11,52,88.04
441,2024/1/1 1:50,11,51,69.75
442,2024/1/1 1:50,11,93,68.82
443,2024/1/1 1:50,11,98.33,67.22
444,2024/1/1 1:50,11,103.67,65.61
445,2024/1/1 1:50,11,109,64.01
446,2024/1/1 1:50,11,114,60.28
447,2024/1/1 1:50,11,109,74.74
448,2024/1/1 1:50,11,102,73.87
449,2024/1/1 1:50,11,36,76.25
450,2024/1/1 1:50,11,43,73.3
451,2024/1/1 1:50,11,79,68.09
452,2024/1/1 1:50,11,75,79.76
453,2024/1/1 1:50,11,85,78.6
454,2024/1/1 1:50,11,95,77.44
455,2024/1/1 1:50,11,41,66.83
456,2024/1/1 1:50,11,90,64.18
457,2024/1/1 1:50,11,49,87.63
458,2024/1/1 1:50,11,47,82.91
459,2024/1/1 1:50,11,51,88.16
460,2024/1/1 1:50,11,51,97.82
461,2024/1/1 1:50,11,52,95.63
462,2024/1/1 1:50,11,38,94.53
463,2024/1/1 1:50,11,37,96.27
464,2024/1/1 1:50,11,12,91.92
465,2024/1/1 1:50,11,12,95.42
466,2024/1/1 1:50,11,53,89.6
467,2024/1/1 1:50,11,94,83.77
468,2024/1/1 1:50,11,116,80.54
469,2024/1/1 1:50,11,135,74.81
470,2024/1/1 1:50,11,121.5,82.62
471,2024/1/1 1:50,11,108,90.43
472,2024/1/1 1:50,11,32,84.53
473,2024/1/1 1:50,11,40,85.72
474,2024/1/1 1:50,11,36,79.19
475,2024/1/1 1:50,11,44,79.41
476,2024/1/1 1:50,11,61,72.18
477,2024/1/1 1:50,11,58,82.95
478,2024/1/1 1:50,11,122,69.24
479,2024/1/1 1:50,11,117,90.12
480,2024/1/1 1:50,11,120,80.31
481,2024/1/1 1:50,11,124,73.56
482,2024/1/1 1:50,11,119,76.9
483,2024/1/1 1:50,11,107,68.88
484,2024/1/1 1:50,11,96,68.69
485,2024/1/1 1:50,11,1275,13.36
486,2024/1/1 1:50,11,222,86.91
487,2024/1/1 1:50,11,194,79.77
488,2024/1/1 1:50,11,160,71.34
489,2024/1/1 1:50,11,167.5,79.5
490,2024/1/1 1:50,11,175,87.66
491,2024/1/1 1:50,11,182,86.27
492,2024/1/1 1:50,11,171,84.67
493,2024/1/1 1:50,11,168,79.48
494,2024/1/1 1:50,11,161,98.24
495,2024/1/1 1:50,11,191,85.57
496,2024/1/1 1:50,11,170,82.49
497,2024/1/1 1:50,11,161,93.73
498,2024/1/1 1:50,11,174,101.21
499,2024/1/1 1:50,11,175,81.43
500,2024/1/1 1:50,11,162,88.32
501,2024/1/1 1:50,11,149,95.2
502,2024/1/1 1:50,11,140,80.11
503,2024/1/1 1:50,11,156,83.76
504,2024/1/1 1:50,11,172,75.3
505,2024/1/1 1:50,11,159,82.55
506,2024/1/1 1:50,11,166.2,78.88
507,2024/1/1 1:50,11,173.4,75.21
508,2024/1/1 1:50,11,180.6,71.53
509,2024/1/1 1:50,11,187.8,67.86
510,2024/1/1 1:50,11,195,64.19
511,2024/1/1 1:50,11,177,74.32
512,2024/1/1 1:50,11,152,73.47
513,2024/1/1 1:50,11,174,71.75
514,2024/1/1 1:50,11,155,83.94
515,2024/1/1 1:50,11,135,75.9
516,2024/1/1 1:50,11,141,87.89
517,2024/1/1 1:50,11,159.5,85.81
518,2024/1/1 1:50,11,178,83.73
519,2024/1/1 1:50,11,157,84.62
520,2024/1/1 1:50,11,136,85.51
521,2024/1/1 1:50,11,123,102.46
522,2024/1/1 1:50,11,123,68.18
523,2024/1/1 1:50,11,132,79.43
524,2024/1/1 1:50,11,141,90.67
525,2024/1/1 1:50,11,139,78.99
526,2024/1/1 1:50,11,119,75.93
527,2024/1/1 1:50,11,62,82.05
528,2024/1/1 1:50,11,78,80.98
529,2024/1/1 1:50,11,94,79.9
530,2024/1/1 1:50,11,110,78.83
531,2024/1/1 1:50,11,94,95.97
532,2024/1/1 1:50,11,126,89.76
533,2024/1/1 1:50,11,158,83.56
534,2024/1/1 1:50,11,163,72.92
535,2024/1/1 1:50,11,137,94.88
536,2024/1/1 1:50,11,128,90.05
537,2024/1/1 1:50,11,132,92.27
538,2024/1/1 1:50,11,132,83.02
539,2024/1/1 1:50,11,126,89.71
540,2024/1/1 1:50,11,118.67,89.55
541,2024/1/1 1:50,11,111.33,89.38
542,2024/1/1 1:50,11,104,89.22
543,2024/1/1 1:50,11,96.67,89.06
544,2024/1/1 1:50,11,89.33,88.89
545,2024/1/1 1:50,11,82,88.73
546,2024/1/1 1:50,11,94,79.62
547,2024/1/1 1:50,11,106,70.52
548,2024/1/1 1:50,11,107,84.59
549,2024/1/1 1:50,11,112,87.21
550,2024/1/1 1:50,11,127,85.41
551,2024/1/1 1:50,11,115,63.35
552,2024/1/1 1:50,11,94,77.9
553,2024/1/1 1:50,11,62,82.76
554,2024/1/1 1:50,11,89,74.66
555,2024/1/1 1:50,11,93,80.4
556,2024/1/1 1:50,11,88,76.62
557,2024/1/1 1:50,11,78,74.74
558,2024/1/1 1:50,11,64,76.39
559,2024/1/1 1:50,11,66,92.68
560,2024/1/1 1:50,11,129,90.61
561,2024/1/1 1:50,11,116.5,92.76
562,2024/1/1 1:50,11,104,94.9
563,2024/1/1 1:50,11,97,89.41
564,2024/1/1 1:50,11,97.5,84.64
565,2024/1/1 1:50,11,98,79.88
566,2024/1/1 1:50,11,113,85.34
567,2024/1/1 1:50,11,91.5,88.68
568,2024/1/1 1:50,11,70,92.01
569,2024/1/1 1:50,11,92,78.75
570,2024/1/1 1:50,11,89.33,80
571,2024/1/1 1:50,11,86.67,81.24
572,2024/1/1 1:50,11,84,82.49
573,2024/1/1 1:50,11,89,77.24
574,2024/1/1 1:50,11,84.5,78.49
575,2024/1/1 1:50,11,80,79.74
576,2024/1/1 1:50,11,66,89.62
577,2024/1/1 1:50,11,80,79.15
578,2024/1/1 1:50,11,79.5,80.15
579,2024/1/1 1:50,11,79,81.14
580,2024/1/1 1:50,11,74.67,83.49
581,2024/1/1 1:50,11,70.33,85.85
582,2024/1/1 1:50,11,66,88.2
583,2024/1/1 1:50,11,80.33,79.25
584,2024/1/1 1:50,11,94.67,70.31
585,2024/1/1 1:50,11,109,61.36
586,2024/1/1 1:50,11,135,81.99
587,2024/1/1 1:50,11,111.5,85
588,2024/1/1 1:50,11,88,88.02
589,2024/1/1 1:50,11,74,88.12
590,2024/1/1 1:50,11,94,81.89
591,2024/1/1 1:50,11,114,75.66
592,2024/1/1 1:50,11,111,83.86
593,2024/1/1 1:50,11,108,92.06
594,2024/1/1 1:50,11,108,82.08
595,2024/1/1 1:50,11,108,72.11
596,2024/1/1 1:50,11,95,84.55
597,2024/1/1 1:50,11,97,82.99
598,2024/1/1 1:50,11,99,81.43
599,2024/1/1 1:50,11,63,80.97
600,2024/1/1 1:50,11,73,93.16
601,2024/1/1 1:50,11,78,85.42
602,2024/1/1 1:50,11,103,90.88
603,2024/1/1 1:50,11,73,66.78
604,2024/1/1 1:50,11,68,85.51
605,2024/1/1 1:50,11,81.5,89.96
606,2024/1/1 1:50,11,95,94.41
607,2024/1/1 1:50,11,101,90.3
608,2024/1/1 1:50,11,91,78.43
609,2024/1/1 1:50,11,71,98.25
610,2024/1/1 1:50,11,96,91.81
611,2024/1/1 1:50,11,92,79.67
612,2024/1/1 1:50,11,85,92.02
613,2024/1/1 1:50,11,78,104.36
614,2024/1/1 1:50,11,81,100.02
615,2024/1/1 1:50,11,91,94.05
616,2024/1/1 1:50,11,77,88.25
617,2024/1/1 1:50,11,81,84.21
618,2024/1/1 1:50,11,49,88.69
619,2024/1/1 1:50,11,100.5,65.74
620,2024/1/1 1:50,11,152,42.8
621,2024/1/1 1:50,11,161,60.98
622,2024/1/1 1:50,11,170,79.15
623,2024/1/1 1:50,11,166,82.54
624,2024/1/1 1:50,11,162,85.92
625,2024/1/1 1:50,11,58,49.83
626,2024/1/1 1:50,11,65,73.15
627,2024/1/1 1:50,11,46,53.61
628,2024/1/1 1:50,11,27,34.07
629,2024/1/1 1:50,11,32,54.31
630,2024/1/1 1:50,11,17,54.76
631,2024/1/1 1:50,11,25,72.36
632,2024/1/1 1:50,11,28,35.68
633,2024/1/1 1:50,11,22,44.14
634,2024/1/1 1:50,11,39,59.56
635,2024/1/1 1:50,11,52,68.25
636,2024/1/1 1:50,11,21,64.57
637,2024/1/1 1:50,11,26.5,59.06
638,2024/1/1 1:50,11,32,53.56
639,2024/1/1 1:50,11,57,48.58
640,2024/1/1 1:50,11,53,54
641,2024/1/1 1:50,11,33,69.15
642,2024/1/1 1:50,11,31,53.45
643,2024/1/1 1:50,11,50,38.04
644,2024/1/1 1:50,11,37,51.92
645,2024/1/1 1:50,11,25,83.12
646,2024/1/1 1:50,11,22,82.23
647,2024/1/1 1:50,11,19,74.62
648,2024/1/1 1:50,11,16,67
649,2024/1/1 1:50,11,6,80.33
650,2024/1/1 1:50,11,26,64.58
651,2024/1/1 1:50,11,16,58.69
652,2024/1/1 1:50,11,20,47.35
653,2024/1/1 1:50,11,22.5,46.92
654,2024/1/1 1:50,11,25,46.48
655,2024/1/1 1:50,11,101,42.03
656,2024/1/1 1:50,11,113.25,47
657,2024/1/1 1:50,11,125.5,51.98
658,2024/1/1 1:50,11,137.75,56.95
659,2024/1/1 1:50,11,150,61.92
660,2024/1/1 1:50,11,77,75.09
661,2024/1/1 1:50,11,4,88.25
662,2024/1/1 1:50,11,30,50.6
663,2024/1/1 1:50,11,14,77.36
664,2024/1/1 1:50,11,33.5,74.62
665,2024/1/1 1:50,11,53,71.87
666,2024/1/1 1:50,11,52.67,65.55
667,2024/1/1 1:50,11,52.33,59.24
668,2024/1/1 1:50,11,52,52.92
669,2024/1/1 1:50,11,59,63.46
670,2024/1/1 1:50,11,56,67.18
671,2024/1/1 1:50,11,53,70.91
672,2024/1/1 1:50,11,54,59.8
673,2024/1/1 1:50,11,72,79.25
674,2024/1/1 1:50,11,42,67.98
675,2024/1/1 1:50,11,75,66.57
676,2024/1/1 1:50,11,48,66.62
677,2024/1/1 1:50,11,40.67,68.95
678,2024/1/1 1:50,11,33.33,71.29
679,2024/1/1 1:50,11,26,73.62
680,2024/1/1 1:50,11,32,78.25
681,2024/1/1 1:50,11,37,73.14
682,2024/1/1 1:50,11,16,83
683,2024/1/1 1:50,11,27,93.78
684,2024/1/1 1:50,11,30,86.97
685,2024/1/1 1:50,11,30,76.47
686,2024/1/1 1:50,11,32,78.53
687,2024/1/1 1:50,11,26,77.06
688,2024/1/1 1:50,11,20,75.6
689,2024/1/1 1:50,11,69.5,68.68
690,2024/1/1 1:50,11,119,61.76
691,2024/1/1 1:50,11,86,59.71
692,2024/1/1 1:50,11,80,83.74
693,2024/1/1 1:50,11,45,71.13
694,2024/1/1 1:50,11,76,64.26
695,2024/1/1 1:50,11,18,45.22
696,2024/1/1 1:50,11,66,73.11
697,2024/1/1 1:50,11,25,73.12
698,2024/1/1 1:50,11,36.5,68.01
699,2024/1/1 1:50,11,48,62.9
700,2024/1/1 1:50,11,38.5,58.34
701,2024/1/1 1:50,11,29,53.79
702,2024/1/1 1:50,11,33.67,59.73
703,2024/1/1 1:50,11,38.33,65.66
704,2024/1/1 1:50,11,43,71.6
705,2024/1/1 1:50,11,38,97.89
706,2024/1/1 1:50,11,70,71.76
707,2024/1/1 1:50,11,60,85.27
708,2024/1/1 1:50,11,60,82.75
709,2024/1/1 1:50,11,54.33,83
710,2024/1/1 1:50,11,48.67,83.26
711,2024/1/1 1:50,11,43,83.51
712,2024/1/1 1:50,11,40,50.92
713,2024/1/1 1:50,11,36.5,48.99
714,2024/1/1 1:50,11,33,47.06
715,2024/1/1 1:50,11,31,87.94
716,2024/1/1 1:50,11,15,56
717,2024/1/1 1:50,11,12,51.25
718,2024/1/1 1:50,11,14,28.43
719,2024/1/1 1:50,11,28,51.96
720,2024/1/1 1:50,11,23,48.74
721,2024/1/1 1:50,11,19,53.32
722,2024/1/1 1:50,11,26,60.23
723,2024/1/1 1:50,11,33,67.14
724,2024/1/1 1:50,11,40,74.05
725,2024/1/1 1:50,11,44,65.68
726,2024/1/1 1:50,11,53,100.62
727,2024/1/1 1:50,11,45,85.73
728,2024/1/1 1:50,11,55,82.4
729,2024/1/1 1:50,11,45,58.64
730,2024/1/1 1:50,11,35.5,46.68
731,2024/1/1 1:50,11,26,34.73
732,2024/1/1 1:50,11,33,78.85
733,2024/1/1 1:50,11,57,60.7
734,2024/1/1 1:50,11,49,55.18
735,2024/1/1 1:50,11,35,92.57
736,2024/1/1 1:50,11,38,91.16
737,2024/1/1 1:50,11,47,62.02
738,2024/1/1 1:50,11,59,39.71
739,2024/1/1 1:50,11,37,52.76
740,2024/1/1 1:50,11,35,65.71
741,2024/1/1 1:50,11,19,74.52
742,2024/1/1 1:50,11,3,83.33
743,2024/1/1 1:50,11,2.89,80.96
744,2024/1/1 1:50,11,2.78,78.59
745,2024/1/1 1:50,11,2.67,76.22
746,2024/1/1 1:50,11,2.56,73.85
747,2024/1/1 1:50,11,2.44,71.48
748,2024/1/1 1:50,11,2.33,69.11
749,2024/1/1 1:50,11,2.22,66.74
750,2024/1/1 1:50,11,2.11,64.37
751,2024/1/1 1:50,11,2,62
752,2024/1/1 1:50,11,2.47,62.78
753,2024/1/1 1:50,11,2.94,63.56
754,2024/1/1 1:50,11,3.41,64.35
755,2024/1/1 1:50,11,3.88,65.13
756,2024/1/1 1:50,11,4.35,65.91
757,2024/1/1 1:50,11,4.82,66.69
758,2024/1/1 1:50,11,5.29,67.48
759,2024/1/1 1:50,11,5.76,68.26
760,2024/1/1 1:50,11,6.24,69.04
761,2024/1/1 1:50,11,6.71,69.82
762,2024/1/1 1:50,11,7.18,70.61
763,2024/1/1 1:50,11,7.65,71.39
764,2024/1/1 1:50,11,8.12,72.17
765,2024/1/1 1:50,11,8.59,72.95
766,2024/1/1 1:50,11,9.06,73.74
767,2024/1/1 1:50,11,9.53,74.52
768,2024/1/1 1:50,11,10,75.3
769,2024/1/1 1:50,11,8,73.62
770,2024/1/1 1:50,11,31,60.45
771,2024/1/1 1:50,11,33.5,54.18
772,2024/1/1 1:50,11,36,47.92
773,2024/1/1 1:50,11,26,70.42
774,2024/1/1 1:50,11,20,74.78
775,2024/1/1 1:50,11,14,79.14
776,2024/1/1 1:50,11,27,54.96
777,2024/1/1 1:50,11,15,85.07
778,2024/1/1 1:50,11,19,62.95
779,2024/1/1 1:50,11,46,49
780,2024/1/1 1:50,11,19,56.63
781,2024/1/1 1:50,11,9,78.33
782,2024/1/1 1:50,11,4,63.75
783,2024/1/1 1:50,11,16,54.06
784,2024/1/1 1:50,11,8,78.5
785,2024/1/1 1:50,11,5,61.4
786,2024/1/1 1:50,11,37,68.65
787,2024/1/1 1:50,11,48,84.33
788,2024/1/1 1:50,11,38.5,69.89
789,2024/1/1 1:50,11,29,55.45
790,2024/1/1 1:50,11,30,85.97
791,2024/1/1 1:50,11,41,53.1
792,2024/1/1 1:50,11,48,46.76
793,2024/1/1 1:50,11,24,23.38
794,2024/1/1 1:50,11,22.33,31.66
795,2024/1/1 1:50,11,11.17,15.83
796,2024/1/1 1:50,11,5.58,7.92
797,2024/1/1 1:50,11,2.79,3.96
798,2024/1/1 1:50,11,1.4,1.98
799,2024/1/1 1:50,11,0.7,0.99
800,2024/1/1 1:50,11,0.35,0.49
801,2024/1/1 1:50,11,0.17,0.25
802,2024/1/1 1:50,11,0.09,0.12
803,2024/1/1 1:50,11,0.04,0.06
804,2024/1/1 1:50,11,0.01,0.02
805,2024/1/1 1:50,11,0,0.01
806,2024/1/1 1:50,11,16,23.46
807,2024/1/1 1:50,11,32,46.92
808,2024/1/1 1:50,11,0.01,0.01
809,2024/1/1 1:50,11,3.92,5.13
810,2024/1/1 1:50,11,7.83,10.24
811,2024/1/1 1:50,11,11.73,15.36
812,2024/1/1 1:50,11,15.64,20.48
813,2024/1/1 1:50,11,19.55,25.59
814,2024/1/1 1:50,11,23.46,30.71
815,2024/1/1 1:50,11,27.37,35.82
816,2024/1/1 1:50,11,31.28,40.94
817,2024/1/1 1:50,11,35.18,46.06
818,2024/1/1 1:50,11,39.09,51.17
819,2024/1/1 1:50,11,43,56.29
820,2024/1/1 1:50,11,42.81,56.77
821,2024/1/1 1:50,11,42.62,57.25
822,2024/1/1 1:50,11,42.44,57.73
823,2024/1/1 1:50,11,42.25,58.2
824,2024/1/1 1:50,11,42.06,58.68
825,2024/1/1 1:50,11,41.88,59.16
826,2024/1/1 1:50,11,41.69,59.64
827,2024/1/1 1:50,11,41.5,60.12
828,2024/1/1 1:50,11,79,54.34
829,2024/1/1 1:50,11,39.5,27.17
830,2024/1/1 1:50,11,19.75,13.58
831,2024/1/1 1:50,11,9.88,6.79
832,2024/1/1 1:50,11,4.94,3.4
833,2024/1/1 1:50,11,2.47,1.7
834,2024/1/1 1:50,11,1.23,0.85
835,2024/1/1 1:50,11,0.62,0.42
836,2024/1/1 1:50,11,0.31,0.21
837,2024/1/1 1:50,11,0.08,0.05
838,2024/1/1 1:50,11,0.04,0.03
839,2024/1/1 1:50,11,0.01,0.01
840,2024/1/1 1:50,11,0.01,0
841,2024/1/1 1:50,11,2.91,3.76
842,2024/1/1 1:50,11,5.81,7.52
843,2024/1/1 1:50,11,8.71,11.29
844,2024/1/1 1:50,11,11.61,15.05
845,2024/1/1 1:50,11,14.5,18.81
846,2024/1/1 1:50,11,17.4,22.57
847,2024/1/1 1:50,11,20.3,26.33
848,2024/1/1 1:50,11,23.2,30.1
849,2024/1/1 1:50,11,26.1,33.86
850,2024/1/1 1:50,11,29,37.62
851,2024/1/1 1:50,11,45,61.33
852,2024/1/1 1:50,11,22.5,30.66
853,2024/1/1 1:50,11,11.25,15.33
854,2024/1/1 1:50,11,5.62,7.67
855,2024/1/1 1:50,11,2.81,3.83
856,2024/1/1 1:50,11,1.41,1.92
857,2024/1/1 1:50,11,0.7,0.96
858,2024/1/1 1:50,11,0.35,0.48
859,2024/1/1 1:50,11,0.18,0.24
860,2024/1/1 1:50,11,0.09,0.12
861,2024/1/1 1:50,11,0.04,0.06
862,2024/1/1 1:50,11,0.06,0.06
863,2024/1/1 1:50,11,0.04,0.03
864,2024/1/1 1:50,11,14.5,42.92
865,2024/1/1 1:50,11,7.25,21.46
866,2024/1/1 1:50,11,3.62,10.73
867,2024/1/1 1:50,11,1.21,3.58
868,2024/1/1 1:50,11,0.61,1.79
869,2024/1/1 1:50,11,0.61,1.79
870,2024/1/1 1:50,11,53.33,56.5
871,2024/1/1 1:50,11,26.67,28.25
872,2024/1/1 1:50,11,13.33,14.12
873,2024/1/1 1:50,11,6.67,7.06
874,2024/1/1 1:50,11,3.33,3.53
875,2024/1/1 1:50,11,1.67,1.77
876,2024/1/1 1:50,11,0.83,0.88
877,2024/1/1 1:50,11,0.42,0.44
878,2024/1/1 1:50,11,0.21,0.22
879,2024/1/1 1:50,11,40.6,47.21
880,2024/1/1 1:50,11,49,85.54
881,2024/1/1 1:50,11,23.5,41.46
882,2024/1/1 1:50,11,11.75,20.73
883,2024/1/1 1:50,11,5.88,10.36
884,2024/1/1 1:50,11,2.94,5.18
885,2024/1/1 1:50,11,1.47,2.59
886,2024/1/1 1:50,11,15.23,44.21
887,2024/1/1 1:50,11,31,37.28
888,2024/1/1 1:50,11,15.5,18.64
889,2024/1/1 1:50,11,7.75,9.32
890,2024/1/1 1:50,11,3.88,4.66
891,2024/1/1 1:50,11,34.44,42.54
892,2024/1/1 1:50,11,29,41.48
893,2024/1/1 1:50,11,14.5,20.74
894,2024/1/1 1:50,11,7.25,10.37
895,2024/1/1 1:50,11,3.62,5.18
896,2024/1/1 1:50,11,27.31,41.95
897,2024/1/1 1:50,11,75,26.74
898,2024/1/1 1:50,11,37.5,13.37
899,2024/1/1 1:50,11,18.75,6.68
900,2024/1/1 1:50,11,85.88,43.43
901,2024/1/1 1:50,11,51,36.94
902,2024/1/1 1:50,11,25.5,18.47
903,2024/1/1 1:50,11,12.75,9.23
904,2024/1/1 1:50,11,63.88,31.9
905,2024/1/1 1:50,11,34.25,39.56
906,2024/1/1 1:50,11,17.12,19.78
907,2024/1/1 1:50,11,8.56,9.89
908,2024/1/1 1:50,11,4.28,4.94
909,2024/1/1 1:50,11,2.14,2.47
910,2024/1/1 1:50,11,1.07,1.24
911,2024/1/1 1:50,11,0.54,0.62
912,2024/1/1 1:50,11,39.77,39.84
913,2024/1/1 1:50,11,12,25.42
914,2024/1/1 1:50,11,6,12.71
915,2024/1/1 1:50,11,3,6.35
916,2024/1/1 1:50,11,1.5,3.18
917,2024/1/1 1:50,11,0.75,1.59
918,2024/1/1 1:50,11,0.38,0.79
919,2024/1/1 1:50,11,0.19,0.4
920,2024/1/1 1:50,11,28.59,38.16
921,2024/1/1 1:50,11,36,30.69
922,2024/1/1 1:50,11,17.25,36.03
923,2024/1/1 1:50,11,8.62,18.02
924,2024/1/1 1:50,11,13.81,37.32
925,2024/1/1 1:50,11,8,27.03
926,2024/1/1 1:50,11,4,13.52
927,2024/1/1 1:50,11,10.5,31.16
928,2024/1/1 1:50,11,86.83,64.11
929,2024/1/1 1:50,11,2,31.88
930,2024/1/1 1:50,11,1,15.94
931,2024/1/1 1:50,11,0.5,7.97
932,2024/1/1 1:50,11,0.25,3.98
933,2024/1/1 1:50,11,0.12,1.99
934,2024/1/1 1:50,11,21,33.99
935,2024/1/1 1:50,11,10.5,17
936,2024/1/1 1:50,11,5.25,8.5
937,2024/1/1 1:50,11,5.12,34.95
938,2024/1/1 1:50,11,23,34.64
939,2024/1/1 1:50,11,11.5,17.32
940,2024/1/1 1:50,11,5.75,8.66
941,2024/1/1 1:50,11,24.88,43.88
942,2024/1/1 1:50,11,32.5,36.64
943,2024/1/1 1:50,11,16.25,18.32
944,2024/1/1 1:50,11,8.12,9.16
945,2024/1/1 1:50,11,46.06,45.75
946,2024/1/1 1:50,11,37.5,40.72
947,2024/1/1 1:50,11,18.75,20.36
948,2024/1/1 1:50,11,9.38,10.18
949,2024/1/1 1:50,11,4.69,5.09
950,2024/1/1 1:50,11,2.34,2.54
951,2024/1/1 1:50,11,1.17,1.27
952,2024/1/1 1:50,11,76.59,43.13
953,2024/1/1 1:50,11,60,44.94
954,2024/1/1 1:50,11,30,22.47
955,2024/1/1 1:50,11,15,11.24
956,2024/1/1 1:50,11,7.5,5.62
957,2024/1/1 1:50,11,3.75,2.81
958,2024/1/1 1:50,11,1.88,1.4
959,2024/1/1 1:50,11,68.44,40.29
960,2024/1/1 1:50,11,99,30.82
961,2024/1/1 1:50,11,49.5,15.41
962,2024/1/1 1:50,11,24.75,7.7
963,2024/1/1 1:50,11,12.38,3.85
964,2024/1/1 1:50,11,6.19,1.93
965,2024/1/1 1:50,11,3.09,0.96
966,2024/1/1 1:50,11,55.55,23.12
967,2024/1/1 1:50,11,37.5,30.16
968,2024/1/1 1:50,11,18.75,15.08
969,2024/1/1 1:50,11,9.38,7.54
970,2024/1/1 1:50,11,4.69,3.77
971,2024/1/1 1:50,11,2.34,1.89
972,2024/1/1 1:50,11,1.17,0.94
973,2024/1/1 1:50,11,0.59,0.47
974,2024/1/1 1:50,11,51.79,34.09
975,2024/1/1 1:50,11,4.33,21.67
976,2024/1/1 1:50,11,2.17,10.83
977,2024/1/1 1:50,11,1.08,5.42
978,2024/1/1 1:50,11,0.54,2.71
979,2024/1/1 1:50,11,0.27,1.35
980,2024/1/1 1:50,11,0.14,0.68
981,2024/1/1 1:50,11,23.05,30.72
982,2024/1/1 1:50,11,11.52,15.36
983,2024/1/1 1:50,11,5.76,7.68
984,2024/1/1 1:50,11,2.88,3.84
985,2024/1/1 1:50,11,39.96,54.84
986,2024/1/1 1:50,11,58,32.76
987,2024/1/1 1:50,11,29,16.38
988,2024/1/1 1:50,11,14.5,8.19
989,2024/1/1 1:50,11,7.25,4.09
990,2024/1/1 1:50,11,111.12,32.6
991,2024/1/1 1:50,11,88,30.74
992,2024/1/1 1:50,11,44,15.37
993,2024/1/1 1:50,11,22,7.68
994,2024/1/1 1:50,11,11,3.84
995,2024/1/1 1:50,11,40.33,18.09
996,2024/1/1 1:50,11,90.33,52.37
997,2024/1/1 1:50,11,45.17,26.18
998,2024/1/1 1:50,11,22.58,13.09
999,2024/1/1 1:50,11,15.19,35.7
1000,2024/1/1 1:50,11,13.33,30.72
1001,2024/1/1 1:50,11,6.67,15.36
1002,2024/1/1 1:50,11,3.33,7.68
1003,2024/1/1 1:50,11,1.67,3.84
1004,2024/1/1 1:50,11,0.83,1.92
1005,2024/1/1 1:50,11,65.28,54.81
1006,2024/1/1 1:50,11,93,70.72
2,2024/1/1 2:00,12,30,67.9
3,2024/1/1 2:00,12,71,77.82
4,2024/1/1 2:00,12,78,75.88
5,2024/1/1 2:00,12,43,76.84
6,2024/1/1 2:00,12,39,91.87
7,2024/1/1 2:00,12,53,55.81
8,2024/1/1 2:00,12,55,67.65
9,2024/1/1 2:00,12,48,80.1
10,2024/1/1 2:00,12,78,63.22
11,2024/1/1 2:00,12,114,64.79
12,2024/1/1 2:00,12,183,62.89
13,2024/1/1 2:00,12,214,56.99
14,2024/1/1 2:00,12,107,69.07
15,2024/1/1 2:00,12,104,71.07
16,2024/1/1 2:00,12,107,62.42
17,2024/1/1 2:00,12,76,74.43
18,2024/1/1 2:00,12,121,61.49
19,2024/1/1 2:00,12,108,65.84
20,2024/1/1 2:00,12,109.5,61.21
21,2024/1/1 2:00,12,111,56.58
22,2024/1/1 2:00,12,85,70.71
23,2024/1/1 2:00,12,92,73.17
24,2024/1/1 2:00,12,132,54.07
25,2024/1/1 2:00,12,133,79.74
26,2024/1/1 2:00,12,107,76.93
27,2024/1/1 2:00,12,140,83.72
28,2024/1/1 2:00,12,124,89.85
29,2024/1/1 2:00,12,124,86.92
30,2024/1/1 2:00,12,135,73.18
31,2024/1/1 2:00,12,109,84.22
32,2024/1/1 2:00,12,83,95.27
33,2024/1/1 2:00,12,82,94.24
34,2024/1/1 2:00,12,80,89.78
35,2024/1/1 2:00,12,79,75.1
36,2024/1/1 2:00,12,87,99.56
37,2024/1/1 2:00,12,102,83.11
38,2024/1/1 2:00,12,64,57.3
39,2024/1/1 2:00,12,62,65.98
40,2024/1/1 2:00,12,60,74.67
41,2024/1/1 2:00,12,53,37.81
42,2024/1/1 2:00,12,69.5,43.72
43,2024/1/1 2:00,12,86,49.64
44,2024/1/1 2:00,12,95,62.33
45,2024/1/1 2:00,12,69,71.16
46,2024/1/1 2:00,12,83,68.82
47,2024/1/1 2:00,12,71,63.35
48,2024/1/1 2:00,12,57,73.25
49,2024/1/1 2:00,12,40,82.53
50,2024/1/1 2:00,12,156,63.37
51,2024/1/1 2:00,12,102,49.82
52,2024/1/1 2:00,12,93,77.53
53,2024/1/1 2:00,12,71,72.03
54,2024/1/1 2:00,12,102,79.3
55,2024/1/1 2:00,12,61,57.82
56,2024/1/1 2:00,12,51,75.37
57,2024/1/1 2:00,12,49,78.06
58,2024/1/1 2:00,12,82,54.54
59,2024/1/1 2:00,12,63,73.33
60,2024/1/1 2:00,12,34,71.29
61,2024/1/1 2:00,12,24,92.25
62,2024/1/1 2:00,12,19,65.68
63,2024/1/1 2:00,12,68,89.41
64,2024/1/1 2:00,12,59,98.85
65,2024/1/1 2:00,12,74,101.68
66,2024/1/1 2:00,12,81,109.23
67,2024/1/1 2:00,12,92,108.29
68,2024/1/1 2:00,12,115,99.17
69,2024/1/1 2:00,12,55,92.27
70,2024/1/1 2:00,12,53,98.75
71,2024/1/1 2:00,12,48,90.75
72,2024/1/1 2:00,12,52,82.88
73,2024/1/1 2:00,12,31,84
74,2024/1/1 2:00,12,51,98
75,2024/1/1 2:00,12,67,79.37
76,2024/1/1 2:00,12,59,87.03
77,2024/1/1 2:00,12,106,103.01
78,2024/1/1 2:00,12,84,86.17
79,2024/1/1 2:00,12,88,96.02
80,2024/1/1 2:00,12,108,101.9
81,2024/1/1 2:00,12,40,79.42
82,2024/1/1 2:00,12,44,78
83,2024/1/1 2:00,12,78,94.01
84,2024/1/1 2:00,12,58,78.41
85,2024/1/1 2:00,12,39,78.31
86,2024/1/1 2:00,12,25,95.8
87,2024/1/1 2:00,12,24,75.88
88,2024/1/1 2:00,12,57,81.93
89,2024/1/1 2:00,12,69,103.17
90,2024/1/1 2:00,12,89.5,92.06
91,2024/1/1 2:00,12,110,80.95
92,2024/1/1 2:00,12,107,97.63
93,2024/1/1 2:00,12,118,111.42
94,2024/1/1 2:00,12,131,96.53
95,2024/1/1 2:00,12,140,89.41
96,2024/1/1 2:00,12,121,83.59
97,2024/1/1 2:00,12,134,75.86
98,2024/1/1 2:00,12,135,81.77
99,2024/1/1 2:00,12,47,98.13
100,2024/1/1 2:00,12,27,68.15
101,2024/1/1 2:00,12,13,56.85
102,2024/1/1 2:00,12,53,87.15
103,2024/1/1 2:00,12,57.5,100.75
104,2024/1/1 2:00,12,62,114.35
105,2024/1/1 2:00,12,66,99.24
106,2024/1/1 2:00,12,151,104.38
107,2024/1/1 2:00,12,161,98.06
108,2024/1/1 2:00,12,161,103.01
109,2024/1/1 2:00,12,152,96.53
110,2024/1/1 2:00,12,140,105.81
111,2024/1/1 2:00,12,81,98.79
112,2024/1/1 2:00,12,85,122.95
113,2024/1/1 2:00,12,60,92.22
114,2024/1/1 2:00,12,63,97.16
115,2024/1/1 2:00,12,77,95.1
116,2024/1/1 2:00,12,79,96.48
117,2024/1/1 2:00,12,81,111.21
118,2024/1/1 2:00,12,73,97.73
119,2024/1/1 2:00,12,63,101.6
120,2024/1/1 2:00,12,58,121.97
121,2024/1/1 2:00,12,60,116.67
122,2024/1/1 2:00,12,42,109.33
123,2024/1/1 2:00,12,45,117.84
124,2024/1/1 2:00,12,47,90.26
125,2024/1/1 2:00,12,92,109.82
126,2024/1/1 2:00,12,58,96.66
127,2024/1/1 2:00,12,51,101.02
128,2024/1/1 2:00,12,99,119.48
129,2024/1/1 2:00,12,102,118.73
130,2024/1/1 2:00,12,101,110.6
131,2024/1/1 2:00,12,120,111.79
132,2024/1/1 2:00,12,118,108.08
133,2024/1/1 2:00,12,41,96.66
134,2024/1/1 2:00,12,66,88.88
135,2024/1/1 2:00,12,36,71.72
136,2024/1/1 2:00,12,18,91.5
137,2024/1/1 2:00,12,15,77.6
138,2024/1/1 2:00,12,51,78.06
139,2024/1/1 2:00,12,65,80.8
140,2024/1/1 2:00,12,124,86.4
141,2024/1/1 2:00,12,135,84.3
142,2024/1/1 2:00,12,76,91.39
143,2024/1/1 2:00,12,74,77.22
144,2024/1/1 2:00,12,142,78.58
145,2024/1/1 2:00,12,80,69.72
146,2024/1/1 2:00,12,88,76.38
147,2024/1/1 2:00,12,89,90.53
148,2024/1/1 2:00,12,82,87.56
149,2024/1/1 2:00,12,52,72.63
150,2024/1/1 2:00,12,49,71.61
151,2024/1/1 2:00,12,39,60.69
152,2024/1/1 2:00,12,49,79.14
153,2024/1/1 2:00,12,11,87.82
154,2024/1/1 2:00,12,13,87
155,2024/1/1 2:00,12,47,83.53
156,2024/1/1 2:00,12,73,91.92
157,2024/1/1 2:00,12,7,51.14
158,2024/1/1 2:00,12,9,54.11
159,2024/1/1 2:00,12,32,73.66
160,2024/1/1 2:00,12,31,83.87
161,2024/1/1 2:00,12,35,43.77
162,2024/1/1 2:00,12,30,79.4
163,2024/1/1 2:00,12,32,80.19
164,2024/1/1 2:00,12,56,61.96
165,2024/1/1 2:00,12,57,77.82
166,2024/1/1 2:00,12,69,74.17
167,2024/1/1 2:00,12,10,69.2
168,2024/1/1 2:00,12,107,75.37
169,2024/1/1 2:00,12,82,73.11
170,2024/1/1 2:00,12,130,84
171,2024/1/1 2:00,12,139,81.27
172,2024/1/1 2:00,12,103,82.42
173,2024/1/1 2:00,12,118,88.09
174,2024/1/1 2:00,12,123,83.14
175,2024/1/1 2:00,12,82,70.88
176,2024/1/1 2:00,12,16,83.12
177,2024/1/1 2:00,12,34,86.71
178,2024/1/1 2:00,12,42.5,78.06
179,2024/1/1 2:00,12,51,69.41
180,2024/1/1 2:00,12,35.5,66.26
181,2024/1/1 2:00,12,20,63.1
182,2024/1/1 2:00,12,59,64.85
183,2024/1/1 2:00,12,118,69.53
184,2024/1/1 2:00,12,104,60.78
185,2024/1/1 2:00,12,96.33,63.74
186,2024/1/1 2:00,12,88.67,66.69
187,2024/1/1 2:00,12,81,69.65
188,2024/1/1 2:00,12,59,74.46
189,2024/1/1 2:00,12,69,67.71
190,2024/1/1 2:00,12,92,79.6
191,2024/1/1 2:00,12,90,67.24
192,2024/1/1 2:00,12,96,76.26
193,2024/1/1 2:00,12,102,85.28
194,2024/1/1 2:00,12,90,66.23
195,2024/1/1 2:00,12,71,61.66
196,2024/1/1 2:00,12,80,82.29
197,2024/1/1 2:00,12,103,89.68
198,2024/1/1 2:00,12,135,85.7
199,2024/1/1 2:00,12,92,82.84
200,2024/1/1 2:00,12,75,80.21
201,2024/1/1 2:00,12,132,81.77
202,2024/1/1 2:00,12,151,59.6
203,2024/1/1 2:00,12,119,60.82
204,2024/1/1 2:00,12,70,75.9
205,2024/1/1 2:00,12,89,92.35
206,2024/1/1 2:00,12,64,91.34
207,2024/1/1 2:00,12,80,80.88
208,2024/1/1 2:00,12,71,73.8
209,2024/1/1 2:00,12,79,87.15
210,2024/1/1 2:00,12,49,85.12
211,2024/1/1 2:00,12,48,87.79
212,2024/1/1 2:00,12,87,86.44
213,2024/1/1 2:00,12,62,87.63
214,2024/1/1 2:00,12,119,83.34
215,2024/1/1 2:00,12,88,86.74
216,2024/1/1 2:00,12,103,83.67
217,2024/1/1 2:00,12,111,89.02
218,2024/1/1 2:00,12,117,87.86
219,2024/1/1 2:00,12,104,86.08
220,2024/1/1 2:00,12,73,82.88
221,2024/1/1 2:00,12,68,82.19
222,2024/1/1 2:00,12,52,82.67
223,2024/1/1 2:00,12,65,66.8
224,2024/1/1 2:00,12,70,64.03
225,2024/1/1 2:00,12,66,82.53
226,2024/1/1 2:00,12,78,64.83
227,2024/1/1 2:00,12,45,75.62
228,2024/1/1 2:00,12,49,64.45
229,2024/1/1 2:00,12,50,66.92
230,2024/1/1 2:00,12,64,74.75
231,2024/1/1 2:00,12,45,83.44
232,2024/1/1 2:00,12,72,74.95
233,2024/1/1 2:00,12,99,66.45
234,2024/1/1 2:00,12,126,57.96
235,2024/1/1 2:00,12,174,66.9
236,2024/1/1 2:00,12,78,45.45
237,2024/1/1 2:00,12,10,65.4
238,2024/1/1 2:00,12,9,65.33
239,2024/1/1 2:00,12,23.5,60.08
240,2024/1/1 2:00,12,38,54.82
241,2024/1/1 2:00,12,1,15
242,2024/1/1 2:00,12,27,80.22
243,2024/1/1 2:00,12,72,80.94
244,2024/1/1 2:00,12,63,71.89
245,2024/1/1 2:00,12,120,65.67
246,2024/1/1 2:00,12,109,63.24
247,2024/1/1 2:00,12,96.5,56.56
248,2024/1/1 2:00,12,84,49.88
249,2024/1/1 2:00,12,54,63.5
250,2024/1/1 2:00,12,68,77.07
251,2024/1/1 2:00,12,77,69.23
252,2024/1/1 2:00,12,82,65.4
253,2024/1/1 2:00,12,140,72.44
254,2024/1/1 2:00,12,97,65.86
255,2024/1/1 2:00,12,99,69.9
256,2024/1/1 2:00,12,101,73.94
257,2024/1/1 2:00,12,83,65.43
258,2024/1/1 2:00,12,96,80.65
259,2024/1/1 2:00,12,119,73.55
260,2024/1/1 2:00,12,115,74.06
261,2024/1/1 2:00,12,92,60.71
262,2024/1/1 2:00,12,112,79.38
263,2024/1/1 2:00,12,117,56.81
264,2024/1/1 2:00,12,87,74.82
265,2024/1/1 2:00,12,92,62.43
266,2024/1/1 2:00,12,93,78.14
267,2024/1/1 2:00,12,83,52.64
268,2024/1/1 2:00,12,110,74.04
269,2024/1/1 2:00,12,98,78.03
270,2024/1/1 2:00,12,116,82.72
271,2024/1/1 2:00,12,108.5,80.87
272,2024/1/1 2:00,12,101,79.01
273,2024/1/1 2:00,12,46,72.61
274,2024/1/1 2:00,12,76,71.54
275,2024/1/1 2:00,12,88,70.44
276,2024/1/1 2:00,12,87,73.67
277,2024/1/1 2:00,12,83,75.32
278,2024/1/1 2:00,12,79,76.97
279,2024/1/1 2:00,12,83,74.88
280,2024/1/1 2:00,12,87,72.79
281,2024/1/1 2:00,12,77,65.22
282,2024/1/1 2:00,12,91,67.47
283,2024/1/1 2:00,12,104,65.5
284,2024/1/1 2:00,12,85,74.56
285,2024/1/1 2:00,12,111,70.61
286,2024/1/1 2:00,12,117,73.22
287,2024/1/1 2:00,12,107.5,75.86
288,2024/1/1 2:00,12,98,78.5
289,2024/1/1 2:00,12,83,64.37
290,2024/1/1 2:00,12,106,71.47
291,2024/1/1 2:00,12,124,67.58
292,2024/1/1 2:00,12,88,66.23
293,2024/1/1 2:00,12,109,81.9
294,2024/1/1 2:00,12,93,75.8
295,2024/1/1 2:00,12,97,69.33
296,2024/1/1 2:00,12,76,57.57
297,2024/1/1 2:00,12,100,60.95
298,2024/1/1 2:00,12,104,47.77
299,2024/1/1 2:00,12,110,48.51
300,2024/1/1 2:00,12,116,49.25
301,2024/1/1 2:00,12,190,66.35
302,2024/1/1 2:00,12,119,78.78
303,2024/1/1 2:00,12,133,78.65
304,2024/1/1 2:00,12,92,62.9
305,2024/1/1 2:00,12,51,47.16
306,2024/1/1 2:00,12,57,79.72
307,2024/1/1 2:00,12,68,102.99
308,2024/1/1 2:00,12,88,88.99
309,2024/1/1 2:00,12,114,111.25
310,2024/1/1 2:00,12,89,98.69
311,2024/1/1 2:00,12,99,108.06
312,2024/1/1 2:00,12,75,120.41
313,2024/1/1 2:00,12,71,113.68
314,2024/1/1 2:00,12,92,108.18
315,2024/1/1 2:00,12,103,99.93
316,2024/1/1 2:00,12,94,91.3
317,2024/1/1 2:00,12,65,88.14
318,2024/1/1 2:00,12,51,100.31
319,2024/1/1 2:00,12,58,103.62
320,2024/1/1 2:00,12,65,96.55
321,2024/1/1 2:00,12,77,109.78
322,2024/1/1 2:00,12,75,96.19
323,2024/1/1 2:00,12,58,97.55
324,2024/1/1 2:00,12,55,101.47
325,2024/1/1 2:00,12,20,81.3
326,2024/1/1 2:00,12,22,105.14
327,2024/1/1 2:00,12,16,99.5
328,2024/1/1 2:00,12,35,94.91
329,2024/1/1 2:00,12,18,57.96
330,2024/1/1 2:00,12,1,21
331,2024/1/1 2:00,12,37,99.57
332,2024/1/1 2:00,12,63,104.54
333,2024/1/1 2:00,12,52,105
334,2024/1/1 2:00,12,53,110.68
335,2024/1/1 2:00,12,71,107.1
336,2024/1/1 2:00,12,58,95.41
337,2024/1/1 2:00,12,60,96.68
338,2024/1/1 2:00,12,44,108.11
339,2024/1/1 2:00,12,53,95.68
340,2024/1/1 2:00,12,62,99.21
341,2024/1/1 2:00,12,77,97.42
342,2024/1/1 2:00,12,83,103.34
343,2024/1/1 2:00,12,80,108.08
344,2024/1/1 2:00,12,82,110.73
345,2024/1/1 2:00,12,82,106.96
346,2024/1/1 2:00,12,90,107.04
347,2024/1/1 2:00,12,70,109.51
348,2024/1/1 2:00,12,80,102.81
349,2024/1/1 2:00,12,81.5,99.7
350,2024/1/1 2:00,12,83,96.6
351,2024/1/1 2:00,12,32,86.78
352,2024/1/1 2:00,12,29,71.17
353,2024/1/1 2:00,12,24,80.08
354,2024/1/1 2:00,12,17,68.29
355,2024/1/1 2:00,12,10,86
356,2024/1/1 2:00,12,44,68.8
357,2024/1/1 2:00,12,42,80.33
358,2024/1/1 2:00,12,30,87.53
359,2024/1/1 2:00,12,38,75.74
360,2024/1/1 2:00,12,47,83.13
361,2024/1/1 2:00,12,45,84.6
362,2024/1/1 2:00,12,37,92.89
363,2024/1/1 2:00,12,77.5,82.13
364,2024/1/1 2:00,12,118,71.37
365,2024/1/1 2:00,12,112.33,76.08
366,2024/1/1 2:00,12,106.67,80.79
367,2024/1/1 2:00,12,101,85.5
368,2024/1/1 2:00,12,225,86.64
369,2024/1/1 2:00,12,196,85.68
370,2024/1/1 2:00,12,167,84.72
371,2024/1/1 2:00,12,167,69.19
372,2024/1/1 2:00,12,156,85.44
373,2024/1/1 2:00,12,118,99.38
374,2024/1/1 2:00,12,73,105.01
375,2024/1/1 2:00,12,71,93.52
376,2024/1/1 2:00,12,59,94.71
377,2024/1/1 2:00,12,68,107.49
378,2024/1/1 2:00,12,67,97.27
379,2024/1/1 2:00,12,71,90.69
380,2024/1/1 2:00,12,56,82.66
381,2024/1/1 2:00,12,40,91.38
382,2024/1/1 2:00,12,26,78.65
383,2024/1/1 2:00,12,10,91
384,2024/1/1 2:00,12,13,58.38
385,2024/1/1 2:00,12,22,85.14
386,2024/1/1 2:00,12,16,72.62
387,2024/1/1 2:00,12,34,70.5
388,2024/1/1 2:00,12,144,76.88
389,2024/1/1 2:00,12,127,92.67
390,2024/1/1 2:00,12,134,100.85
391,2024/1/1 2:00,12,122,77.5
392,2024/1/1 2:00,12,107,97.1
393,2024/1/1 2:00,12,117,112.23
394,2024/1/1 2:00,12,101,103.18
395,2024/1/1 2:00,12,136,95.62
396,2024/1/1 2:00,12,69,93.06
397,2024/1/1 2:00,12,2,
398,2024/1/1 2:00,12,0,
399,2024/1/1 2:00,12,2,65.5
400,2024/1/1 2:00,12,3,77
401,2024/1/1 2:00,12,3,59.33
402,2024/1/1 2:00,12,4,95.25
403,2024/1/1 2:00,12,2,87
404,2024/1/1 2:00,12,1,83
405,2024/1/1 2:00,12,2,76
406,2024/1/1 2:00,12,1,65
407,2024/1/1 2:00,12,2,
408,2024/1/1 2:00,12,0,
409,2024/1/1 2:00,12,0,
410,2024/1/1 2:00,12,0,
411,2024/1/1 2:00,12,1,105
412,2024/1/1 2:00,12,1,
413,2024/1/1 2:00,12,0,
414,2024/1/1 2:00,12,0,
415,2024/1/1 2:00,12,24,
416,2024/1/1 2:00,12,12,
417,2024/1/1 2:00,12,0,
418,2024/1/1 2:00,12,0,
419,2024/1/1 2:00,12,0,
420,2024/1/1 2:00,12,0,
421,2024/1/1 2:00,12,0,
422,2024/1/1 2:00,12,0,
423,2024/1/1 2:00,12,0,
424,2024/1/1 2:00,12,0,
425,2024/1/1 2:00,12,0,
426,2024/1/1 2:00,12,0,
427,2024/1/1 2:00,12,0,
428,2024/1/1 2:00,12,1,100
429,2024/1/1 2:00,12,2,98
430,2024/1/1 2:00,12,1,
431,2024/1/1 2:00,12,0,
432,2024/1/1 2:00,12,2,
433,2024/1/1 2:00,12,4,80
434,2024/1/1 2:00,12,33.67,80.53
435,2024/1/1 2:00,12,63.33,81.07
436,2024/1/1 2:00,12,93,81.6
437,2024/1/1 2:00,12,35,72.37
438,2024/1/1 2:00,12,38,77.13
439,2024/1/1 2:00,12,37.5,78.9
440,2024/1/1 2:00,12,37,80.68
441,2024/1/1 2:00,12,36,65.89
442,2024/1/1 2:00,12,78,69.18
443,2024/1/1 2:00,12,83.67,68.03
444,2024/1/1 2:00,12,89.33,66.87
445,2024/1/1 2:00,12,95,65.72
446,2024/1/1 2:00,12,79,60.39
447,2024/1/1 2:00,12,64,67.95
448,2024/1/1 2:00,12,70,77.46
449,2024/1/1 2:00,12,61,77.5
450,2024/1/1 2:00,12,52,77.54
451,2024/1/1 2:00,12,72,69.72
452,2024/1/1 2:00,12,69,84.16
453,2024/1/1 2:00,12,78,85.41
454,2024/1/1 2:00,12,107,77.07
455,2024/1/1 2:00,12,40,70.4
456,2024/1/1 2:00,12,94,72.09
457,2024/1/1 2:00,12,64,90.02
458,2024/1/1 2:00,12,49,80.92
459,2024/1/1 2:00,12,51,81.08
460,2024/1/1 2:00,12,44,94.93
461,2024/1/1 2:00,12,47,96.49
462,2024/1/1 2:00,12,39,99.15
463,2024/1/1 2:00,12,40,95.33
464,2024/1/1 2:00,12,20,77.7
465,2024/1/1 2:00,12,23,100.74
466,2024/1/1 2:00,12,51.5,91.98
467,2024/1/1 2:00,12,80,83.21
468,2024/1/1 2:00,12,84,77.36
469,2024/1/1 2:00,12,98,72.42
470,2024/1/1 2:00,12,99.5,78.6
471,2024/1/1 2:00,12,101,84.79
472,2024/1/1 2:00,12,39,84.1
473,2024/1/1 2:00,12,31,85.16
474,2024/1/1 2:00,12,33,74.36
475,2024/1/1 2:00,12,49,72.02
476,2024/1/1 2:00,12,56,77.2
477,2024/1/1 2:00,12,49,84.59
478,2024/1/1 2:00,12,103,72.5
479,2024/1/1 2:00,12,97,91.57
480,2024/1/1 2:00,12,95,74.86
481,2024/1/1 2:00,12,92,69.41
482,2024/1/1 2:00,12,103,76.83
483,2024/1/1 2:00,12,106,64.35
484,2024/1/1 2:00,12,85,66.27
485,2024/1/1 2:00,12,1200,11.17
486,2024/1/1 2:00,12,169,88.57
487,2024/1/1 2:00,12,182,80.23
488,2024/1/1 2:00,12,175,72.65
489,2024/1/1 2:00,12,177.5,79.6
490,2024/1/1 2:00,12,180,86.54
491,2024/1/1 2:00,12,166,85.47
492,2024/1/1 2:00,12,164,81.69
493,2024/1/1 2:00,12,151,80.68
494,2024/1/1 2:00,12,163,98.72
495,2024/1/1 2:00,12,183,87.26
496,2024/1/1 2:00,12,170,81.14
497,2024/1/1 2:00,12,156,90
498,2024/1/1 2:00,12,141,102.33
499,2024/1/1 2:00,12,148,78.02
500,2024/1/1 2:00,12,152.5,87.35
501,2024/1/1 2:00,12,157,96.69
502,2024/1/1 2:00,12,157,88.32
503,2024/1/1 2:00,12,157,79.96
504,2024/1/1 2:00,12,147,78.3
505,2024/1/1 2:00,12,151.5,80.06
506,2024/1/1 2:00,12,156,81.83
507,2024/1/1 2:00,12,164.5,77.84
508,2024/1/1 2:00,12,173,73.85
509,2024/1/1 2:00,12,181.5,69.86
510,2024/1/1 2:00,12,190,65.87
511,2024/1/1 2:00,12,183,72.46
512,2024/1/1 2:00,12,134,63.88
513,2024/1/1 2:00,12,150,70.07
514,2024/1/1 2:00,12,162,75.43
515,2024/1/1 2:00,12,151,76.37
516,2024/1/1 2:00,12,129,87.83
517,2024/1/1 2:00,12,126,85.85
518,2024/1/1 2:00,12,123,83.87
519,2024/1/1 2:00,12,133,80.79
520,2024/1/1 2:00,12,143,77.71
521,2024/1/1 2:00,12,126,96.39
522,2024/1/1 2:00,12,126,66.91
523,2024/1/1 2:00,12,105.5,81.09
524,2024/1/1 2:00,12,85,95.27
525,2024/1/1 2:00,12,95,77.93
526,2024/1/1 2:00,12,94,71.67
527,2024/1/1 2:00,12,59,83.83
528,2024/1/1 2:00,12,75.33,81.65
529,2024/1/1 2:00,12,91.67,79.48
530,2024/1/1 2:00,12,108,77.3
531,2024/1/1 2:00,12,99,89.71
532,2024/1/1 2:00,12,127.5,88.48
533,2024/1/1 2:00,12,156,87.24
534,2024/1/1 2:00,12,163,73.72
535,2024/1/1 2:00,12,121,93.79
536,2024/1/1 2:00,12,115,95.4
537,2024/1/1 2:00,12,126,86.9
538,2024/1/1 2:00,12,130,82.72
539,2024/1/1 2:00,12,136,85.65
540,2024/1/1 2:00,12,132.75,86.49
541,2024/1/1 2:00,12,129.5,87.34
542,2024/1/1 2:00,12,126.25,88.18
543,2024/1/1 2:00,12,123,89.02
544,2024/1/1 2:00,12,93.5,87.46
545,2024/1/1 2:00,12,64,85.89
546,2024/1/1 2:00,12,79,85.56
547,2024/1/1 2:00,12,94,85.22
548,2024/1/1 2:00,12,109,84.89
549,2024/1/1 2:00,12,107,84.61
550,2024/1/1 2:00,12,109,85.79
551,2024/1/1 2:00,12,116,63.09
552,2024/1/1 2:00,12,67,76.04
553,2024/1/1 2:00,12,54,80.41
554,2024/1/1 2:00,12,78,75.13
555,2024/1/1 2:00,12,75,80.63
556,2024/1/1 2:00,12,68,77.5
557,2024/1/1 2:00,12,80,76.51
558,2024/1/1 2:00,12,67,75.25
559,2024/1/1 2:00,12,64,91.3
560,2024/1/1 2:00,12,99,93.49
561,2024/1/1 2:00,12,81,95.98
562,2024/1/1 2:00,12,63,98.46
563,2024/1/1 2:00,12,65,90.89
564,2024/1/1 2:00,12,75,86.02
565,2024/1/1 2:00,12,85,81.16
566,2024/1/1 2:00,12,86,88.08
567,2024/1/1 2:00,12,76,89.08
568,2024/1/1 2:00,12,66,90.09
569,2024/1/1 2:00,12,77,88.42
570,2024/1/1 2:00,12,73.33,86.08
571,2024/1/1 2:00,12,69.67,83.73
572,2024/1/1 2:00,12,66,81.39
573,2024/1/1 2:00,12,77,75.16
574,2024/1/1 2:00,12,69,76.18
575,2024/1/1 2:00,12,61,77.2
576,2024/1/1 2:00,12,53,91.62
577,2024/1/1 2:00,12,75,79.12
578,2024/1/1 2:00,12,80,80.79
579,2024/1/1 2:00,12,85,82.46
580,2024/1/1 2:00,12,76.33,84.67
581,2024/1/1 2:00,12,67.67,86.87
582,2024/1/1 2:00,12,59,89.08
583,2024/1/1 2:00,12,79.5,80.63
584,2024/1/1 2:00,12,100,72.18
585,2024/1/1 2:00,12,111,58.74
586,2024/1/1 2:00,12,149,82.52
587,2024/1/1 2:00,12,109,84.66
588,2024/1/1 2:00,12,69,86.81
589,2024/1/1 2:00,12,63,87.62
590,2024/1/1 2:00,12,85.5,83.26
591,2024/1/1 2:00,12,108,78.91
592,2024/1/1 2:00,12,105.5,84.54
593,2024/1/1 2:00,12,103,90.16
594,2024/1/1 2:00,12,98,82.6
595,2024/1/1 2:00,12,93,75.04
596,2024/1/1 2:00,12,93,83.14
597,2024/1/1 2:00,12,99.5,80.61
598,2024/1/1 2:00,12,106,78.08
599,2024/1/1 2:00,12,64,74.56
600,2024/1/1 2:00,12,62,85.1
601,2024/1/1 2:00,12,72,86.39
602,2024/1/1 2:00,12,94,90.02
603,2024/1/1 2:00,12,73,66.03
604,2024/1/1 2:00,12,57,81.89
605,2024/1/1 2:00,12,83,87.8
606,2024/1/1 2:00,12,109,93.7
607,2024/1/1 2:00,12,105,88.45
608,2024/1/1 2:00,12,103,79.16
609,2024/1/1 2:00,12,77,96.62
610,2024/1/1 2:00,12,94,93.95
611,2024/1/1 2:00,12,93,80.71
612,2024/1/1 2:00,12,90.5,87.74
613,2024/1/1 2:00,12,88,94.76
614,2024/1/1 2:00,12,85,97.55
615,2024/1/1 2:00,12,86,95.56
616,2024/1/1 2:00,12,93,87.02
617,2024/1/1 2:00,12,96,81.5
618,2024/1/1 2:00,12,60,87.2
619,2024/1/1 2:00,12,98,59.65
620,2024/1/1 2:00,12,136,32.1
621,2024/1/1 2:00,12,152,54.42
622,2024/1/1 2:00,12,168,76.73
623,2024/1/1 2:00,12,151,81.34
624,2024/1/1 2:00,12,134,85.94
625,2024/1/1 2:00,12,87,76.24
626,2024/1/1 2:00,12,40,66.55
627,2024/1/1 2:00,12,31,50.28
628,2024/1/1 2:00,12,22,34
629,2024/1/1 2:00,12,15,52.27
630,2024/1/1 2:00,12,24,54.79
631,2024/1/1 2:00,12,20,76.45
632,2024/1/1 2:00,12,17,36.12
633,2024/1/1 2:00,12,14,39.86
634,2024/1/1 2:00,12,53,59.92
635,2024/1/1 2:00,12,48,67.23
636,2024/1/1 2:00,12,28,65.82
637,2024/1/1 2:00,12,29.5,59.33
638,2024/1/1 2:00,12,31,52.84
639,2024/1/1 2:00,12,56,52.12
640,2024/1/1 2:00,12,42,60.58
641,2024/1/1 2:00,12,28,69.04
642,2024/1/1 2:00,12,30,49.7
643,2024/1/1 2:00,12,40,39.02
644,2024/1/1 2:00,12,40,51.3
645,2024/1/1 2:00,12,32,64.84
646,2024/1/1 2:00,12,26,82.19
647,2024/1/1 2:00,12,23,72.64
648,2024/1/1 2:00,12,20,63.1
649,2024/1/1 2:00,12,16,76.06
650,2024/1/1 2:00,12,11,55.73
651,2024/1/1 2:00,12,11,63.82
652,2024/1/1 2:00,12,11,59.82
653,2024/1/1 2:00,12,11.5,58.62
654,2024/1/1 2:00,12,12,57.42
655,2024/1/1 2:00,12,82,39.17
656,2024/1/1 2:00,12,99.5,45.01
657,2024/1/1 2:00,12,117,50.85
658,2024/1/1 2:00,12,134.5,56.69
659,2024/1/1 2:00,12,152,62.53
660,2024/1/1 2:00,12,79.5,71.62
661,2024/1/1 2:00,12,7,80.71
662,2024/1/1 2:00,12,22,56.23
663,2024/1/1 2:00,12,13,76.38
664,2024/1/1 2:00,12,31,75.71
665,2024/1/1 2:00,12,49,75.04
666,2024/1/1 2:00,12,50.5,74.66
667,2024/1/1 2:00,12,52,74.27
668,2024/1/1 2:00,12,50,54.16
669,2024/1/1 2:00,12,65,62.45
670,2024/1/1 2:00,12,58.5,68.59
671,2024/1/1 2:00,12,52,74.73
672,2024/1/1 2:00,12,46,61.78
673,2024/1/1 2:00,12,60,80.38
674,2024/1/1 2:00,12,41,69.32
675,2024/1/1 2:00,12,72,65.6
676,2024/1/1 2:00,12,45,73.33
677,2024/1/1 2:00,12,42.67,73.88
678,2024/1/1 2:00,12,40.33,74.42
679,2024/1/1 2:00,12,38,74.97
680,2024/1/1 2:00,12,46,80.85
681,2024/1/1 2:00,12,45,73.02
682,2024/1/1 2:00,12,20,89.65
683,2024/1/1 2:00,12,36,98.22
684,2024/1/1 2:00,12,25,81.04
685,2024/1/1 2:00,12,20,85.65
686,2024/1/1 2:00,12,32,77.47
687,2024/1/1 2:00,12,32.5,78.2
688,2024/1/1 2:00,12,33,78.94
689,2024/1/1 2:00,12,100,84.44
690,2024/1/1 2:00,12,113,68.35
691,2024/1/1 2:00,12,60,65.37
692,2024/1/1 2:00,12,93,82.54
693,2024/1/1 2:00,12,56,69.82
694,2024/1/1 2:00,12,55,66.36
695,2024/1/1 2:00,12,18,47.89
696,2024/1/1 2:00,12,58,77
697,2024/1/1 2:00,12,26,78.62
698,2024/1/1 2:00,12,35,68.45
699,2024/1/1 2:00,12,44,58.27
700,2024/1/1 2:00,12,42,57.54
701,2024/1/1 2:00,12,40,56.8
702,2024/1/1 2:00,12,25.5,74.81
703,2024/1/1 2:00,12,11,92.82
704,2024/1/1 2:00,12,25,85.56
705,2024/1/1 2:00,12,31,110.61
706,2024/1/1 2:00,12,57,73.74
707,2024/1/1 2:00,12,59,82.36
708,2024/1/1 2:00,12,33,87.52
709,2024/1/1 2:00,12,34.33,84.82
710,2024/1/1 2:00,12,35.67,82.11
711,2024/1/1 2:00,12,37,79.41
712,2024/1/1 2:00,12,31,56.81
713,2024/1/1 2:00,12,34,50.77
714,2024/1/1 2:00,12,37,44.73
715,2024/1/1 2:00,12,35,80.74
716,2024/1/1 2:00,12,13,57.08
717,2024/1/1 2:00,12,17,53.18
718,2024/1/1 2:00,12,17,34.35
719,2024/1/1 2:00,12,27,51.19
720,2024/1/1 2:00,12,11,46.82
721,2024/1/1 2:00,12,15,50
722,2024/1/1 2:00,12,22.33,57.17
723,2024/1/1 2:00,12,29.67,64.34
724,2024/1/1 2:00,12,37,71.51
725,2024/1/1 2:00,12,32,64.44
726,2024/1/1 2:00,12,36,97.78
727,2024/1/1 2:00,12,37,86.05
728,2024/1/1 2:00,12,38,85.84
729,2024/1/1 2:00,12,39,62.23
730,2024/1/1 2:00,12,30.5,56.09
731,2024/1/1 2:00,12,22,49.95
732,2024/1/1 2:00,12,46,79.89
733,2024/1/1 2:00,12,40,65.3
734,2024/1/1 2:00,12,46,52.91
735,2024/1/1 2:00,12,55,90.31
736,2024/1/1 2:00,12,52,89.79
737,2024/1/1 2:00,12,45,58.76
738,2024/1/1 2:00,12,56,43.88
739,2024/1/1 2:00,12,27,55.63
740,2024/1/1 2:00,12,20,76.85
741,2024/1/1 2:00,12,14.5,74.92
742,2024/1/1 2:00,12,9,73
743,2024/1/1 2:00,12,8.78,72.49
744,2024/1/1 2:00,12,8.56,71.98
745,2024/1/1 2:00,12,8.33,71.48
746,2024/1/1 2:00,12,8.11,70.97
747,2024/1/1 2:00,12,7.89,70.46
748,2024/1/1 2:00,12,7.67,69.95
749,2024/1/1 2:00,12,7.44,69.45
750,2024/1/1 2:00,12,7.22,68.94
751,2024/1/1 2:00,12,7,68.43
752,2024/1/1 2:00,12,7,67.77
753,2024/1/1 2:00,12,7,67.1
754,2024/1/1 2:00,12,7,66.44
755,2024/1/1 2:00,12,7,65.77
756,2024/1/1 2:00,12,7,65.11
757,2024/1/1 2:00,12,7,64.45
758,2024/1/1 2:00,12,7,63.78
759,2024/1/1 2:00,12,7,63.12
760,2024/1/1 2:00,12,7,62.45
761,2024/1/1 2:00,12,7,61.79
762,2024/1/1 2:00,12,7,61.12
763,2024/1/1 2:00,12,7,60.46
764,2024/1/1 2:00,12,7,59.8
765,2024/1/1 2:00,12,7,59.13
766,2024/1/1 2:00,12,7,58.47
767,2024/1/1 2:00,12,7,57.8
768,2024/1/1 2:00,12,7,57.14
769,2024/1/1 2:00,12,13,81.23
770,2024/1/1 2:00,12,29,55.48
771,2024/1/1 2:00,12,30,53.38
772,2024/1/1 2:00,12,31,51.29
773,2024/1/1 2:00,12,21,69.71
774,2024/1/1 2:00,12,21.5,73.56
775,2024/1/1 2:00,12,22,77.41
776,2024/1/1 2:00,12,33,59.73
777,2024/1/1 2:00,12,20,89.45
778,2024/1/1 2:00,12,22,55.73
779,2024/1/1 2:00,12,59,49.69
780,2024/1/1 2:00,12,12,52.67
781,2024/1/1 2:00,12,10,66.5
782,2024/1/1 2:00,12,5,63
783,2024/1/1 2:00,12,8,53.5
784,2024/1/1 2:00,12,6,70.33
785,2024/1/1 2:00,12,2,47.5
786,2024/1/1 2:00,12,41,70.27
787,2024/1/1 2:00,12,34,90.15
788,2024/1/1 2:00,12,36,82.67
789,2024/1/1 2:00,12,35,61.37
790,2024/1/1 2:00,12,39,79.05
791,2024/1/1 2:00,12,39,58.54
792,2024/1/1 2:00,12,41.5,48.3
793,2024/1/1 2:00,12,20.75,24.15
794,2024/1/1 2:00,12,15.25,36.57
795,2024/1/1 2:00,12,7.62,18.28
796,2024/1/1 2:00,12,3.81,9.14
797,2024/1/1 2:00,12,1.91,4.57
798,2024/1/1 2:00,12,0.95,2.29
799,2024/1/1 2:00,12,0.48,1.14
800,2024/1/1 2:00,12,0.24,0.57
801,2024/1/1 2:00,12,0.12,0.29
802,2024/1/1 2:00,12,0.06,0.14
803,2024/1/1 2:00,12,0.03,0.07
804,2024/1/1 2:00,12,0.01,0.02
805,2024/1/1 2:00,12,0,0.01
806,2024/1/1 2:00,12,15,23.06
807,2024/1/1 2:00,12,30,46.11
808,2024/1/1 2:00,12,0,0.01
809,2024/1/1 2:00,12,4.18,5
810,2024/1/1 2:00,12,8.36,9.99
811,2024/1/1 2:00,12,12.55,14.98
812,2024/1/1 2:00,12,16.73,19.97
813,2024/1/1 2:00,12,20.91,24.96
814,2024/1/1 2:00,12,25.09,29.96
815,2024/1/1 2:00,12,29.27,34.95
816,2024/1/1 2:00,12,33.45,39.94
817,2024/1/1 2:00,12,37.64,44.93
818,2024/1/1 2:00,12,41.82,49.92
819,2024/1/1 2:00,12,46,54.91
820,2024/1/1 2:00,12,46.44,55.51
821,2024/1/1 2:00,12,46.88,56.12
822,2024/1/1 2:00,12,47.31,56.72
823,2024/1/1 2:00,12,47.75,57.33
824,2024/1/1 2:00,12,48.19,57.93
825,2024/1/1 2:00,12,48.62,58.53
826,2024/1/1 2:00,12,49.06,59.14
827,2024/1/1 2:00,12,49.5,59.74
828,2024/1/1 2:00,12,70,52.9
829,2024/1/1 2:00,12,35,26.45
830,2024/1/1 2:00,12,17.5,13.23
831,2024/1/1 2:00,12,8.75,6.61
832,2024/1/1 2:00,12,4.38,3.31
833,2024/1/1 2:00,12,2.19,1.65
834,2024/1/1 2:00,12,1.09,0.83
835,2024/1/1 2:00,12,0.55,0.41
836,2024/1/1 2:00,12,0.27,0.21
837,2024/1/1 2:00,12,0.07,0.05
838,2024/1/1 2:00,12,0.03,0.03
839,2024/1/1 2:00,12,0.01,0.01
840,2024/1/1 2:00,12,0.01,0
841,2024/1/1 2:00,12,2.86,3.99
842,2024/1/1 2:00,12,5.71,7.97
843,2024/1/1 2:00,12,8.56,11.96
844,2024/1/1 2:00,12,11.41,15.94
845,2024/1/1 2:00,12,14.25,19.93
846,2024/1/1 2:00,12,17.1,23.92
847,2024/1/1 2:00,12,19.95,27.9
848,2024/1/1 2:00,12,22.8,31.89
849,2024/1/1 2:00,12,25.65,35.87
850,2024/1/1 2:00,12,28.5,39.86
851,2024/1/1 2:00,12,42.5,61.48
852,2024/1/1 2:00,12,21.25,30.74
853,2024/1/1 2:00,12,10.62,15.37
854,2024/1/1 2:00,12,5.31,7.68
855,2024/1/1 2:00,12,2.66,3.84
856,2024/1/1 2:00,12,1.33,1.92
857,2024/1/1 2:00,12,0.66,0.96
858,2024/1/1 2:00,12,0.33,0.48
859,2024/1/1 2:00,12,0.17,0.24
860,2024/1/1 2:00,12,0.08,0.12
861,2024/1/1 2:00,12,0.04,0.06
862,2024/1/1 2:00,12,0.05,0.06
863,2024/1/1 2:00,12,0.04,0.03
864,2024/1/1 2:00,12,23.5,45.13
865,2024/1/1 2:00,12,11.75,22.56
866,2024/1/1 2:00,12,5.88,11.28
867,2024/1/1 2:00,12,1.96,3.76
868,2024/1/1 2:00,12,0.98,1.88
869,2024/1/1 2:00,12,0.98,1.88
870,2024/1/1 2:00,12,56.33,53.84
871,2024/1/1 2:00,12,28.17,26.92
872,2024/1/1 2:00,12,14.08,13.46
873,2024/1/1 2:00,12,7.04,6.73
874,2024/1/1 2:00,12,3.52,3.36
875,2024/1/1 2:00,12,1.76,1.68
876,2024/1/1 2:00,12,0.88,0.84
877,2024/1/1 2:00,12,0.44,0.42
878,2024/1/1 2:00,12,0.22,0.21
879,2024/1/1 2:00,12,38.61,47.66
880,2024/1/1 2:00,12,50,81
881,2024/1/1 2:00,12,24.5,40.46
882,2024/1/1 2:00,12,12.25,20.23
883,2024/1/1 2:00,12,6.12,10.12
884,2024/1/1 2:00,12,3.06,5.06
885,2024/1/1 2:00,12,1.53,2.53
886,2024/1/1 2:00,12,24.27,46.39
887,2024/1/1 2:00,12,19,37.87
888,2024/1/1 2:00,12,9.5,18.94
889,2024/1/1 2:00,12,4.75,9.47
890,2024/1/1 2:00,12,2.38,4.73
891,2024/1/1 2:00,12,24.69,43.93
892,2024/1/1 2:00,12,24.5,42.3
893,2024/1/1 2:00,12,12.25,21.15
894,2024/1/1 2:00,12,6.12,10.57
895,2024/1/1 2:00,12,3.06,5.29
896,2024/1/1 2:00,12,29.53,43.97
897,2024/1/1 2:00,12,66,27.04
898,2024/1/1 2:00,12,33,13.52
899,2024/1/1 2:00,12,16.5,6.76
900,2024/1/1 2:00,12,74.75,43.25
901,2024/1/1 2:00,12,35,38.73
902,2024/1/1 2:00,12,17.5,19.36
903,2024/1/1 2:00,12,8.75,9.68
904,2024/1/1 2:00,12,36.38,33.49
905,2024/1/1 2:00,12,33.5,40.59
906,2024/1/1 2:00,12,16.75,20.3
907,2024/1/1 2:00,12,8.38,10.15
908,2024/1/1 2:00,12,4.19,5.07
909,2024/1/1 2:00,12,2.09,2.54
910,2024/1/1 2:00,12,1.05,1.27
911,2024/1/1 2:00,12,0.52,0.63
912,2024/1/1 2:00,12,33.76,40
913,2024/1/1 2:00,12,31.98,39.89
914,2024/1/1 2:00,12,30.2,39.79
915,2024/1/1 2:00,12,28.41,39.68
916,2024/1/1 2:00,12,26.63,39.58
917,2024/1/1 2:00,12,24.85,39.47
918,2024/1/1 2:00,12,23.06,39.37
919,2024/1/1 2:00,12,21.28,39.26
920,2024/1/1 2:00,12,19.5,39.16
921,2024/1/1 2:00,12,34.33,30.05
922,2024/1/1 2:00,12,17.33,37.17
923,2024/1/1 2:00,12,8.67,18.58
924,2024/1/1 2:00,12,10.33,35.63
925,2024/1/1 2:00,12,4,26.75
926,2024/1/1 2:00,12,2,13.38
927,2024/1/1 2:00,12,9,29.08
928,2024/1/1 2:00,12,86.67,61.9
929,2024/1/1 2:00,12,2.5,31.5
930,2024/1/1 2:00,12,1.25,15.75
931,2024/1/1 2:00,12,0.62,7.88
932,2024/1/1 2:00,12,0.31,3.94
933,2024/1/1 2:00,12,0.16,1.97
934,2024/1/1 2:00,12,20.5,34.66
935,2024/1/1 2:00,12,10.25,17.33
936,2024/1/1 2:00,12,5.12,8.66
937,2024/1/1 2:00,12,3.56,28.08
938,2024/1/1 2:00,12,27.5,33.82
939,2024/1/1 2:00,12,13.75,16.91
940,2024/1/1 2:00,12,6.88,8.46
941,2024/1/1 2:00,12,27.44,44.28
942,2024/1/1 2:00,12,35.5,36.02
943,2024/1/1 2:00,12,17.75,18.01
944,2024/1/1 2:00,12,8.88,9
945,2024/1/1 2:00,12,55.44,44.15
946,2024/1/1 2:00,12,32.5,40.4
947,2024/1/1 2:00,12,16.25,20.2
948,2024/1/1 2:00,12,8.12,10.1
949,2024/1/1 2:00,12,4.06,5.05
950,2024/1/1 2:00,12,2.03,2.53
951,2024/1/1 2:00,12,1.02,1.26
952,2024/1/1 2:00,12,62.51,43.83
953,2024/1/1 2:00,12,59,44.04
954,2024/1/1 2:00,12,29.5,22.02
955,2024/1/1 2:00,12,14.75,11.01
956,2024/1/1 2:00,12,7.38,5.51
957,2024/1/1 2:00,12,3.69,2.75
958,2024/1/1 2:00,12,1.84,1.38
959,2024/1/1 2:00,12,62.42,42.26
960,2024/1/1 2:00,12,87,33.45
961,2024/1/1 2:00,12,43.5,16.72
962,2024/1/1 2:00,12,21.75,8.36
963,2024/1/1 2:00,12,10.88,4.18
964,2024/1/1 2:00,12,5.44,2.09
965,2024/1/1 2:00,12,2.72,1.05
966,2024/1/1 2:00,12,40.36,23.25
967,2024/1/1 2:00,12,29.5,32.42
968,2024/1/1 2:00,12,14.75,16.21
969,2024/1/1 2:00,12,7.38,8.11
970,2024/1/1 2:00,12,3.69,4.05
971,2024/1/1 2:00,12,1.84,2.03
972,2024/1/1 2:00,12,0.92,1.01
973,2024/1/1 2:00,12,0.46,0.51
974,2024/1/1 2:00,12,59.23,35.02
975,2024/1/1 2:00,12,4.33,18.95
976,2024/1/1 2:00,12,2.17,9.47
977,2024/1/1 2:00,12,1.08,4.74
978,2024/1/1 2:00,12,0.54,2.37
979,2024/1/1 2:00,12,0.27,1.18
980,2024/1/1 2:00,12,0.14,0.59
981,2024/1/1 2:00,12,22.05,29.82
982,2024/1/1 2:00,12,11.02,14.91
983,2024/1/1 2:00,12,5.51,7.46
984,2024/1/1 2:00,12,2.76,3.73
985,2024/1/1 2:00,12,33.92,57.08
986,2024/1/1 2:00,12,57,32.4
987,2024/1/1 2:00,12,28.5,16.2
988,2024/1/1 2:00,12,14.25,8.1
989,2024/1/1 2:00,12,7.12,4.05
990,2024/1/1 2:00,12,95.06,33.47
991,2024/1/1 2:00,12,78,31.68
992,2024/1/1 2:00,12,39,15.84
993,2024/1/1 2:00,12,19.5,7.92
994,2024/1/1 2:00,12,9.75,3.96
995,2024/1/1 2:00,12,37.25,17.93
996,2024/1/1 2:00,12,83,51.32
997,2024/1/1 2:00,12,41.5,25.66
998,2024/1/1 2:00,12,20.75,12.83
999,2024/1/1 2:00,12,14.92,35.03
1000,2024/1/1 2:00,12,15.67,32.71
1001,2024/1/1 2:00,12,7.83,16.36
1002,2024/1/1 2:00,12,3.92,8.18
1003,2024/1/1 2:00,12,1.96,4.09
1004,2024/1/1 2:00,12,0.98,2.04
1005,2024/1/1 2:00,12,72.99,54.14
1006,2024/1/1 2:00,12,63,71.89
2,2024/1/1 2:10,13,36,65.25
3,2024/1/1 2:10,13,45,77.49
4,2024/1/1 2:10,13,46,72.54
5,2024/1/1 2:10,13,44,76.25
6,2024/1/1 2:10,13,43,89.93
7,2024/1/1 2:10,13,57,61.37
8,2024/1/1 2:10,13,52,66.31
9,2024/1/1 2:10,13,45,79.73
10,2024/1/1 2:10,13,75,68.31
11,2024/1/1 2:10,13,102,68.77
12,2024/1/1 2:10,13,133,67.24
13,2024/1/1 2:10,13,158,58.69
14,2024/1/1 2:10,13,89,69.13
15,2024/1/1 2:10,13,86,71.28
16,2024/1/1 2:10,13,93,61.39
17,2024/1/1 2:10,13,55,74.96
18,2024/1/1 2:10,13,117,63.79
19,2024/1/1 2:10,13,96,66.95
20,2024/1/1 2:10,13,95.5,61.86
21,2024/1/1 2:10,13,95,56.76
22,2024/1/1 2:10,13,68,75.54
23,2024/1/1 2:10,13,71,71.01
24,2024/1/1 2:10,13,132,54.89
25,2024/1/1 2:10,13,117,81.73
26,2024/1/1 2:10,13,102,78.25
27,2024/1/1 2:10,13,113,90.09
28,2024/1/1 2:10,13,124,95.56
29,2024/1/1 2:10,13,129,88.83
30,2024/1/1 2:10,13,127,75.97
31,2024/1/1 2:10,13,98,84.38
32,2024/1/1 2:10,13,69,92.78
33,2024/1/1 2:10,13,77,93.27
34,2024/1/1 2:10,13,66,86.48
35,2024/1/1 2:10,13,70,77.83
36,2024/1/1 2:10,13,82,99.94
37,2024/1/1 2:10,13,82,86.88
38,2024/1/1 2:10,13,81,56.09
39,2024/1/1 2:10,13,61,67.44
40,2024/1/1 2:10,13,41,78.8
41,2024/1/1 2:10,13,45,41.87
42,2024/1/1 2:10,13,56.5,46.19
43,2024/1/1 2:10,13,68,50.51
44,2024/1/1 2:10,13,58,63.38
45,2024/1/1 2:10,13,40,70.3
46,2024/1/1 2:10,13,50,73.72
47,2024/1/1 2:10,13,64,65
48,2024/1/1 2:10,13,51,70.86
49,2024/1/1 2:10,13,41,76.1
50,2024/1/1 2:10,13,136,65.52
51,2024/1/1 2:10,13,87,50.18
52,2024/1/1 2:10,13,81,78.88
53,2024/1/1 2:10,13,53,73.75
54,2024/1/1 2:10,13,74,80.11
55,2024/1/1 2:10,13,55,59.93
56,2024/1/1 2:10,13,60,79.02
57,2024/1/1 2:10,13,50,83.22
58,2024/1/1 2:10,13,72,57.51
59,2024/1/1 2:10,13,59,72.73
60,2024/1/1 2:10,13,53,75.15
61,2024/1/1 2:10,13,21,86.19
62,2024/1/1 2:10,13,17,64.06
63,2024/1/1 2:10,13,60,90.78
64,2024/1/1 2:10,13,73,98.14
65,2024/1/1 2:10,13,81,103.99
66,2024/1/1 2:10,13,81,106.83
67,2024/1/1 2:10,13,78,105.29
68,2024/1/1 2:10,13,88,97.43
69,2024/1/1 2:10,13,37,101.3
70,2024/1/1 2:10,13,40,100.83
71,2024/1/1 2:10,13,45,97.24
72,2024/1/1 2:10,13,45,83.4
73,2024/1/1 2:10,13,18,82.5
74,2024/1/1 2:10,13,40,92.8
75,2024/1/1 2:10,13,55,82.02
76,2024/1/1 2:10,13,42,90.14
77,2024/1/1 2:10,13,90,100
78,2024/1/1 2:10,13,85,87.4
79,2024/1/1 2:10,13,68,97.54
80,2024/1/1 2:10,13,72,101.61
81,2024/1/1 2:10,13,38,76
82,2024/1/1 2:10,13,44,77.7
83,2024/1/1 2:10,13,77,93.47
84,2024/1/1 2:10,13,72,82.24
85,2024/1/1 2:10,13,50,76.42
86,2024/1/1 2:10,13,44,87.75
87,2024/1/1 2:10,13,25,73.44
88,2024/1/1 2:10,13,53,83.62
89,2024/1/1 2:10,13,61,105.18
90,2024/1/1 2:10,13,92.5,93.17
91,2024/1/1 2:10,13,124,81.16
92,2024/1/1 2:10,13,111,95.41
93,2024/1/1 2:10,13,103,109.01
94,2024/1/1 2:10,13,85,96.75
95,2024/1/1 2:10,13,100,95.24
96,2024/1/1 2:10,13,95,84.24
97,2024/1/1 2:10,13,102,74.37
98,2024/1/1 2:10,13,146,86.48
99,2024/1/1 2:10,13,48,95.77
100,2024/1/1 2:10,13,22,66.77
101,2024/1/1 2:10,13,14,61.57
102,2024/1/1 2:10,13,56,89.7
103,2024/1/1 2:10,13,57,101.8
104,2024/1/1 2:10,13,58,113.9
105,2024/1/1 2:10,13,61,101.36
106,2024/1/1 2:10,13,104,106.42
107,2024/1/1 2:10,13,95,98.16
108,2024/1/1 2:10,13,89,111.09
109,2024/1/1 2:10,13,115,100.23
110,2024/1/1 2:10,13,131,103.65
111,2024/1/1 2:10,13,76,96.75
112,2024/1/1 2:10,13,79,125.3
113,2024/1/1 2:10,13,65,94.82
114,2024/1/1 2:10,13,54,95.83
115,2024/1/1 2:10,13,87,92.29
116,2024/1/1 2:10,13,80,94.39
117,2024/1/1 2:10,13,65,110.17
118,2024/1/1 2:10,13,53,101.42
119,2024/1/1 2:10,13,58,106.72
120,2024/1/1 2:10,13,57,118.7
121,2024/1/1 2:10,13,70,111.64
122,2024/1/1 2:10,13,40,109.08
123,2024/1/1 2:10,13,36,118.44
124,2024/1/1 2:10,13,33,91.76
125,2024/1/1 2:10,13,75,106.83
126,2024/1/1 2:10,13,48,101.5
127,2024/1/1 2:10,13,56,97.43
128,2024/1/1 2:10,13,104,114.06
129,2024/1/1 2:10,13,104,116.19
130,2024/1/1 2:10,13,96,112.14
131,2024/1/1 2:10,13,111,115.69
132,2024/1/1 2:10,13,95,114.95
133,2024/1/1 2:10,13,34,102.12
134,2024/1/1 2:10,13,47,92.64
135,2024/1/1 2:10,13,24,68.42
136,2024/1/1 2:10,13,10,84
137,2024/1/1 2:10,13,20,73.25
138,2024/1/1 2:10,13,56,81.39
139,2024/1/1 2:10,13,80,85.53
140,2024/1/1 2:10,13,120,89.12
141,2024/1/1 2:10,13,123,88.15
142,2024/1/1 2:10,13,82,91.28
143,2024/1/1 2:10,13,84,79.82
144,2024/1/1 2:10,13,153,79.3
145,2024/1/1 2:10,13,79,69.61
146,2024/1/1 2:10,13,76,78.64
147,2024/1/1 2:10,13,74,88.47
148,2024/1/1 2:10,13,79,83.73
149,2024/1/1 2:10,13,40,74.62
150,2024/1/1 2:10,13,46,76
151,2024/1/1 2:10,13,51,62.96
152,2024/1/1 2:10,13,35,78.2
153,2024/1/1 2:10,13,10,80.9
154,2024/1/1 2:10,13,13,79.23
155,2024/1/1 2:10,13,44,88.77
156,2024/1/1 2:10,13,68,94.21
157,2024/1/1 2:10,13,8,45.38
158,2024/1/1 2:10,13,10,60.1
159,2024/1/1 2:10,13,38,68.03
160,2024/1/1 2:10,13,31,83.35
161,2024/1/1 2:10,13,37,41.59
162,2024/1/1 2:10,13,33,78.61
163,2024/1/1 2:10,13,37,75.16
164,2024/1/1 2:10,13,56,60.7
165,2024/1/1 2:10,13,58,79.12
166,2024/1/1 2:10,13,59,72.31
167,2024/1/1 2:10,13,10,70.7
168,2024/1/1 2:10,13,99,78.15
169,2024/1/1 2:10,13,77,72.94
170,2024/1/1 2:10,13,124,86.72
171,2024/1/1 2:10,13,111,83.12
172,2024/1/1 2:10,13,87,86.64
173,2024/1/1 2:10,13,105,90.61
174,2024/1/1 2:10,13,121,83.64
175,2024/1/1 2:10,13,78,71.94
176,2024/1/1 2:10,13,15,79.27
177,2024/1/1 2:10,13,28,84.61
178,2024/1/1 2:10,13,46,77.93
179,2024/1/1 2:10,13,64,71.25
180,2024/1/1 2:10,13,39.5,67.22
181,2024/1/1 2:10,13,15,63.2
182,2024/1/1 2:10,13,42,65.6
183,2024/1/1 2:10,13,87,72.66
184,2024/1/1 2:10,13,90,59.49
185,2024/1/1 2:10,13,86.33,62.32
186,2024/1/1 2:10,13,82.67,65.14
187,2024/1/1 2:10,13,79,67.97
188,2024/1/1 2:10,13,48,74.48
189,2024/1/1 2:10,13,60,68.2
190,2024/1/1 2:10,13,88,77.82
191,2024/1/1 2:10,13,77,66.19
192,2024/1/1 2:10,13,82,75.11
193,2024/1/1 2:10,13,87,84.03
194,2024/1/1 2:10,13,97,68.93
195,2024/1/1 2:10,13,74,62.59
196,2024/1/1 2:10,13,95,82.55
197,2024/1/1 2:10,13,77,90.01
198,2024/1/1 2:10,13,150,86.45
199,2024/1/1 2:10,13,109,86.77
200,2024/1/1 2:10,13,74,81.07
201,2024/1/1 2:10,13,93,83.19
202,2024/1/1 2:10,13,112,63.09
203,2024/1/1 2:10,13,98,62.8
204,2024/1/1 2:10,13,64,74.14
205,2024/1/1 2:10,13,85,94.87
206,2024/1/1 2:10,13,56,90.14
207,2024/1/1 2:10,13,68,82.78
208,2024/1/1 2:10,13,68,71.97
209,2024/1/1 2:10,13,63,86.76
210,2024/1/1 2:10,13,25,87.12
211,2024/1/1 2:10,13,23,85.52
212,2024/1/1 2:10,13,77,85.26
213,2024/1/1 2:10,13,55,84.15
214,2024/1/1 2:10,13,94,82.61
215,2024/1/1 2:10,13,83,87.6
216,2024/1/1 2:10,13,121,80.88
217,2024/1/1 2:10,13,120,89.8
218,2024/1/1 2:10,13,87,86.75
219,2024/1/1 2:10,13,84,83.04
220,2024/1/1 2:10,13,82,79.18
221,2024/1/1 2:10,13,69,81.3
222,2024/1/1 2:10,13,46,79.37
223,2024/1/1 2:10,13,57,65.49
224,2024/1/1 2:10,13,55,65.87
225,2024/1/1 2:10,13,57,83.88
226,2024/1/1 2:10,13,78,63.9
227,2024/1/1 2:10,13,52,70.63
228,2024/1/1 2:10,13,35,66.11
229,2024/1/1 2:10,13,37,68.54
230,2024/1/1 2:10,13,55,73.89
231,2024/1/1 2:10,13,41,82.68
232,2024/1/1 2:10,13,68.67,75.18
233,2024/1/1 2:10,13,96.33,67.69
234,2024/1/1 2:10,13,124,60.19
235,2024/1/1 2:10,13,120,67.18
236,2024/1/1 2:10,13,43,50.77
237,2024/1/1 2:10,13,9,70.33
238,2024/1/1 2:10,13,8,59.88
239,2024/1/1 2:10,13,21.5,56.32
240,2024/1/1 2:10,13,35,52.77
241,2024/1/1 2:10,13,2,32.5
242,2024/1/1 2:10,13,26,77.35
243,2024/1/1 2:10,13,87,77.16
244,2024/1/1 2:10,13,77,70.68
245,2024/1/1 2:10,13,130,63.79
246,2024/1/1 2:10,13,114,58.46
247,2024/1/1 2:10,13,98.5,53.24
248,2024/1/1 2:10,13,83,48.02
249,2024/1/1 2:10,13,67,64.99
250,2024/1/1 2:10,13,67,75.04
251,2024/1/1 2:10,13,74,68.39
252,2024/1/1 2:10,13,103,63.45
253,2024/1/1 2:10,13,154,71.08
254,2024/1/1 2:10,13,88,66.8
255,2024/1/1 2:10,13,94.5,68.57
256,2024/1/1 2:10,13,101,70.35
257,2024/1/1 2:10,13,106,64.96
258,2024/1/1 2:10,13,117,80.91
259,2024/1/1 2:10,13,105,74.05
260,2024/1/1 2:10,13,103,74.79
261,2024/1/1 2:10,13,64,60.23
262,2024/1/1 2:10,13,94,77.76
263,2024/1/1 2:10,13,96,55.67
264,2024/1/1 2:10,13,90,74.52
265,2024/1/1 2:10,13,79,62.9
266,2024/1/1 2:10,13,84,75.67
267,2024/1/1 2:10,13,78,53.06
268,2024/1/1 2:10,13,80,71.17
269,2024/1/1 2:10,13,81,78.14
270,2024/1/1 2:10,13,89,82.56
271,2024/1/1 2:10,13,84.5,81.31
272,2024/1/1 2:10,13,80,80.05
273,2024/1/1 2:10,13,36,70.06
274,2024/1/1 2:10,13,86,72.49
275,2024/1/1 2:10,13,78,71.14
276,2024/1/1 2:10,13,95,74.19
277,2024/1/1 2:10,13,92,74.14
278,2024/1/1 2:10,13,89,74.09
279,2024/1/1 2:10,13,88,72.7
280,2024/1/1 2:10,13,87,71.31
281,2024/1/1 2:10,13,77,64.04
282,2024/1/1 2:10,13,89,65.21
283,2024/1/1 2:10,13,87,65.22
284,2024/1/1 2:10,13,74,74.55
285,2024/1/1 2:10,13,122,69
286,2024/1/1 2:10,13,137,73.47
287,2024/1/1 2:10,13,116.5,74
288,2024/1/1 2:10,13,96,74.54
289,2024/1/1 2:10,13,91,64.41
290,2024/1/1 2:10,13,99,74.3
291,2024/1/1 2:10,13,108,72.37
292,2024/1/1 2:10,13,102,61.25
293,2024/1/1 2:10,13,124,79.43
294,2024/1/1 2:10,13,80,80.05
295,2024/1/1 2:10,13,87,69.54
296,2024/1/1 2:10,13,87,59.98
297,2024/1/1 2:10,13,104,64.7
298,2024/1/1 2:10,13,98,50.88
299,2024/1/1 2:10,13,100.5,49.8
300,2024/1/1 2:10,13,103,48.72
301,2024/1/1 2:10,13,159,71.39
302,2024/1/1 2:10,13,102,75.77
303,2024/1/1 2:10,13,105,80.62
304,2024/1/1 2:10,13,69,65.24
305,2024/1/1 2:10,13,33,49.85
306,2024/1/1 2:10,13,55,77.64
307,2024/1/1 2:10,13,59,104.59
308,2024/1/1 2:10,13,90,91.54
309,2024/1/1 2:10,13,103,108.51
310,2024/1/1 2:10,13,73,95.82
311,2024/1/1 2:10,13,75,109.8
312,2024/1/1 2:10,13,57,115.63
313,2024/1/1 2:10,13,63,108.87
314,2024/1/1 2:10,13,75,109.25
315,2024/1/1 2:10,13,81,102.95
316,2024/1/1 2:10,13,78,95.77
317,2024/1/1 2:10,13,51,89.55
318,2024/1/1 2:10,13,44,101.64
319,2024/1/1 2:10,13,44,105.16
320,2024/1/1 2:10,13,57,97.12
321,2024/1/1 2:10,13,58,116.86
322,2024/1/1 2:10,13,64,103.84
323,2024/1/1 2:10,13,69,101.83
324,2024/1/1 2:10,13,56,102.66
325,2024/1/1 2:10,13,20,84.5
326,2024/1/1 2:10,13,15,116.67
327,2024/1/1 2:10,13,18,92.06
328,2024/1/1 2:10,13,25,
329,2024/1/1 2:10,13,12.5,
330,2024/1/1 2:10,13,0,
331,2024/1/1 2:10,13,40,98.62
332,2024/1/1 2:10,13,64,103.34
333,2024/1/1 2:10,13,63,107.6
334,2024/1/1 2:10,13,52,109.67
335,2024/1/1 2:10,13,54,111.11
336,2024/1/1 2:10,13,44,98.77
337,2024/1/1 2:10,13,52,95.42
338,2024/1/1 2:10,13,50,106.5
339,2024/1/1 2:10,13,47,93.68
340,2024/1/1 2:10,13,53,108.58
341,2024/1/1 2:10,13,58,104.91
342,2024/1/1 2:10,13,65,113.77
343,2024/1/1 2:10,13,77,113.1
344,2024/1/1 2:10,13,83,113.57
345,2024/1/1 2:10,13,72,111.44
346,2024/1/1 2:10,13,64,112.89
347,2024/1/1 2:10,13,53,113.34
348,2024/1/1 2:10,13,56,105.93
349,2024/1/1 2:10,13,65,91.83
350,2024/1/1 2:10,13,73,99.6
351,2024/1/1 2:10,13,31,88.1
352,2024/1/1 2:10,13,32,71.31
353,2024/1/1 2:10,13,29,79.97
354,2024/1/1 2:10,13,16,75.56
355,2024/1/1 2:10,13,14,85.43
356,2024/1/1 2:10,13,29,75.07
357,2024/1/1 2:10,13,28,85.25
358,2024/1/1 2:10,13,32,84.22
359,2024/1/1 2:10,13,56,72.91
360,2024/1/1 2:10,13,45,79.73
361,2024/1/1 2:10,13,47,82.06
362,2024/1/1 2:10,13,29,88.76
363,2024/1/1 2:10,13,80,78.47
364,2024/1/1 2:10,13,131,68.18
365,2024/1/1 2:10,13,118.33,76.28
366,2024/1/1 2:10,13,105.67,84.38
367,2024/1/1 2:10,13,93,92.48
368,2024/1/1 2:10,13,192,88.43
369,2024/1/1 2:10,13,176,86.7
370,2024/1/1 2:10,13,160,84.97
371,2024/1/1 2:10,13,134,74.22
372,2024/1/1 2:10,13,125,89.61
373,2024/1/1 2:10,13,131,103.36
374,2024/1/1 2:10,13,86,108.37
375,2024/1/1 2:10,13,74,95.11
376,2024/1/1 2:10,13,59,96.31
377,2024/1/1 2:10,13,76,104.66
378,2024/1/1 2:10,13,83,94.66
379,2024/1/1 2:10,13,68,88.24
380,2024/1/1 2:10,13,49,80.8
381,2024/1/1 2:10,13,31,99.87
382,2024/1/1 2:10,13,29,76.45
383,2024/1/1 2:10,13,13,85.77
384,2024/1/1 2:10,13,13,43.38
385,2024/1/1 2:10,13,31,84.71
386,2024/1/1 2:10,13,20,78.5
387,2024/1/1 2:10,13,42,67.83
388,2024/1/1 2:10,13,139,74.89
389,2024/1/1 2:10,13,146,94.25
390,2024/1/1 2:10,13,131,102.21
391,2024/1/1 2:10,13,140,78.49
392,2024/1/1 2:10,13,108,102.69
393,2024/1/1 2:10,13,109,114.64
394,2024/1/1 2:10,13,108,106.14
395,2024/1/1 2:10,13,137,
396,2024/1/1 2:10,13,68.5,
397,2024/1/1 2:10,13,0,
398,2024/1/1 2:10,13,0,
399,2024/1/1 2:10,13,0,
400,2024/1/1 2:10,13,0,
401,2024/1/1 2:10,13,3,81.67
402,2024/1/1 2:10,13,2,104
403,2024/1/1 2:10,13,2,
404,2024/1/1 2:10,13,0,
405,2024/1/1 2:10,13,0,
406,2024/1/1 2:10,13,0,
407,2024/1/1 2:10,13,0,
408,2024/1/1 2:10,13,0,
409,2024/1/1 2:10,13,0,
410,2024/1/1 2:10,13,0,
411,2024/1/1 2:10,13,0,
412,2024/1/1 2:10,13,0,
413,2024/1/1 2:10,13,0,
414,2024/1/1 2:10,13,0,
415,2024/1/1 2:10,13,20,87
416,2024/1/1 2:10,13,11,89.25
417,2024/1/1 2:10,13,2,91.5
418,2024/1/1 2:10,13,3,91.67
419,2024/1/1 2:10,13,2,46.5
420,2024/1/1 2:10,13,2,88
421,2024/1/1 2:10,13,2,99
422,2024/1/1 2:10,13,1,37
423,2024/1/1 2:10,13,6,75.67
424,2024/1/1 2:10,13,1,
425,2024/1/1 2:10,13,0,
426,2024/1/1 2:10,13,0,
427,2024/1/1 2:10,13,0,
428,2024/1/1 2:10,13,3,76.33
429,2024/1/1 2:10,13,4,73.5
430,2024/1/1 2:10,13,3,99
431,2024/1/1 2:10,13,2,65.5
432,2024/1/1 2:10,13,1.5,79.25
433,2024/1/1 2:10,13,1,93
434,2024/1/1 2:10,13,40.67,87.88
435,2024/1/1 2:10,13,80.33,82.77
436,2024/1/1 2:10,13,120,77.65
437,2024/1/1 2:10,13,50,68.12
438,2024/1/1 2:10,13,34,81.62
439,2024/1/1 2:10,13,41,83.88
440,2024/1/1 2:10,13,48,86.15
441,2024/1/1 2:10,13,31,66.9
442,2024/1/1 2:10,13,67,69.45
443,2024/1/1 2:10,13,70.67,66.36
444,2024/1/1 2:10,13,74.33,63.27
445,2024/1/1 2:10,13,78,60.18
446,2024/1/1 2:10,13,84,64.76
447,2024/1/1 2:10,13,79,58.92
448,2024/1/1 2:10,13,78,77.56
449,2024/1/1 2:10,13,33,82.42
450,2024/1/1 2:10,13,30,70.27
451,2024/1/1 2:10,13,73,64.85
452,2024/1/1 2:10,13,62,78.92
453,2024/1/1 2:10,13,60,87.78
454,2024/1/1 2:10,13,64,79.89
455,2024/1/1 2:10,13,34,65.94
456,2024/1/1 2:10,13,73,70.49
457,2024/1/1 2:10,13,42,90.5
458,2024/1/1 2:10,13,51,81.53
459,2024/1/1 2:10,13,54,86.37
460,2024/1/1 2:10,13,53,91.57
461,2024/1/1 2:10,13,51,91
462,2024/1/1 2:10,13,47,92.47
463,2024/1/1 2:10,13,38,99.89
464,2024/1/1 2:10,13,18,84.72
465,2024/1/1 2:10,13,15,89.8
466,2024/1/1 2:10,13,51,87.52
467,2024/1/1 2:10,13,87,85.24
468,2024/1/1 2:10,13,107,77.29
469,2024/1/1 2:10,13,100,74.58
470,2024/1/1 2:10,13,100.5,80.54
471,2024/1/1 2:10,13,101,86.51
472,2024/1/1 2:10,13,26,82.38
473,2024/1/1 2:10,13,34,83.03
474,2024/1/1 2:10,13,42,80.93
475,2024/1/1 2:10,13,57,70.67
476,2024/1/1 2:10,13,48,76.29
477,2024/1/1 2:10,13,42,82.93
478,2024/1/1 2:10,13,108,68.42
479,2024/1/1 2:10,13,98,91.46
480,2024/1/1 2:10,13,98,80.55
481,2024/1/1 2:10,13,100,71.64
482,2024/1/1 2:10,13,113,76.64
483,2024/1/1 2:10,13,95,67.95
484,2024/1/1 2:10,13,72,72
485,2024/1/1 2:10,13,1172,13.93
486,2024/1/1 2:10,13,187,90.26
487,2024/1/1 2:10,13,184,81.41
488,2024/1/1 2:10,13,136,72.8
489,2024/1/1 2:10,13,146,77.74
490,2024/1/1 2:10,13,156,82.67
491,2024/1/1 2:10,13,175,85.82
492,2024/1/1 2:10,13,163,81.45
493,2024/1/1 2:10,13,144,78.3
494,2024/1/1 2:10,13,155,96.55
495,2024/1/1 2:10,13,161,83.96
496,2024/1/1 2:10,13,162,78.94
497,2024/1/1 2:10,13,147,92.59
498,2024/1/1 2:10,13,151,102.5
499,2024/1/1 2:10,13,165,77.03
500,2024/1/1 2:10,13,150.5,86.52
501,2024/1/1 2:10,13,136,96
502,2024/1/1 2:10,13,136,77.21
503,2024/1/1 2:10,13,125,81.54
504,2024/1/1 2:10,13,122,77.06
505,2024/1/1 2:10,13,135,79.92
506,2024/1/1 2:10,13,147,82.29
507,2024/1/1 2:10,13,152.75,78.27
508,2024/1/1 2:10,13,158.5,74.26
509,2024/1/1 2:10,13,164.25,70.24
510,2024/1/1 2:10,13,170,66.22
511,2024/1/1 2:10,13,141,74.1
512,2024/1/1 2:10,13,128,62.72
513,2024/1/1 2:10,13,138,71.82
514,2024/1/1 2:10,13,133,86.14
515,2024/1/1 2:10,13,156,75.05
516,2024/1/1 2:10,13,129,87.24
517,2024/1/1 2:10,13,122.5,87.21
518,2024/1/1 2:10,13,116,87.18
519,2024/1/1 2:10,13,120.5,82.23
520,2024/1/1 2:10,13,125,77.28
521,2024/1/1 2:10,13,119.5,72.1
522,2024/1/1 2:10,13,114,66.92
523,2024/1/1 2:10,13,111,78.88
524,2024/1/1 2:10,13,108,90.84
525,2024/1/1 2:10,13,112,77.14
526,2024/1/1 2:10,13,96,63.59
527,2024/1/1 2:10,13,54,80.07
528,2024/1/1 2:10,13,67.67,79.13
529,2024/1/1 2:10,13,81.33,78.19
530,2024/1/1 2:10,13,95,77.25
531,2024/1/1 2:10,13,89,92.16
532,2024/1/1 2:10,13,97,88.38
533,2024/1/1 2:10,13,105,84.6
534,2024/1/1 2:10,13,105,74.53
535,2024/1/1 2:10,13,94,96.64
536,2024/1/1 2:10,13,115,95.38
537,2024/1/1 2:10,13,114,91.74
538,2024/1/1 2:10,13,110,85.74
539,2024/1/1 2:10,13,97,88.55
540,2024/1/1 2:10,13,102.5,89.74
541,2024/1/1 2:10,13,108,90.94
542,2024/1/1 2:10,13,113.5,92.14
543,2024/1/1 2:10,13,119,93.33
544,2024/1/1 2:10,13,84.5,89.68
545,2024/1/1 2:10,13,50,86.02
546,2024/1/1 2:10,13,68,75.54
547,2024/1/1 2:10,13,86,65.05
548,2024/1/1 2:10,13,110,84.22
549,2024/1/1 2:10,13,105,89.14
550,2024/1/1 2:10,13,110,85.34
551,2024/1/1 2:10,13,111,65.05
552,2024/1/1 2:10,13,71,76.86
553,2024/1/1 2:10,13,60,85.45
554,2024/1/1 2:10,13,64,73.69
555,2024/1/1 2:10,13,72,78.58
556,2024/1/1 2:10,13,71,74.66
557,2024/1/1 2:10,13,64,74.28
558,2024/1/1 2:10,13,48,76.52
559,2024/1/1 2:10,13,45,89.67
560,2024/1/1 2:10,13,89,94.27
561,2024/1/1 2:10,13,88,93.74
562,2024/1/1 2:10,13,87,93.21
563,2024/1/1 2:10,13,78,88.63
564,2024/1/1 2:10,13,74,85.36
565,2024/1/1 2:10,13,70,82.09
566,2024/1/1 2:10,13,71,84.46
567,2024/1/1 2:10,13,62.5,82.86
568,2024/1/1 2:10,13,54,81.26
569,2024/1/1 2:10,13,58,81.36
570,2024/1/1 2:10,13,63,78.45
571,2024/1/1 2:10,13,68,75.54
572,2024/1/1 2:10,13,73,72.63
573,2024/1/1 2:10,13,77,73.27
574,2024/1/1 2:10,13,68,71.87
575,2024/1/1 2:10,13,59,70.47
576,2024/1/1 2:10,13,68,88
577,2024/1/1 2:10,13,82,76.16
578,2024/1/1 2:10,13,75,79.28
579,2024/1/1 2:10,13,68,82.4
580,2024/1/1 2:10,13,68,84.24
581,2024/1/1 2:10,13,68,86.09
582,2024/1/1 2:10,13,68,87.93
583,2024/1/1 2:10,13,88.5,80.89
584,2024/1/1 2:10,13,109,73.84
585,2024/1/1 2:10,13,114,60.19
586,2024/1/1 2:10,13,120,88.24
587,2024/1/1 2:10,13,98,85.76
588,2024/1/1 2:10,13,76,83.29
589,2024/1/1 2:10,13,80,89.51
590,2024/1/1 2:10,13,82.5,82.1
591,2024/1/1 2:10,13,85,74.69
592,2024/1/1 2:10,13,89.5,81.13
593,2024/1/1 2:10,13,94,87.57
594,2024/1/1 2:10,13,92,82.94
595,2024/1/1 2:10,13,90,78.32
596,2024/1/1 2:10,13,95,82.99
597,2024/1/1 2:10,13,93,80.64
598,2024/1/1 2:10,13,91,78.3
599,2024/1/1 2:10,13,51,73.94
600,2024/1/1 2:10,13,72,90.01
601,2024/1/1 2:10,13,68,87.03
602,2024/1/1 2:10,13,97,88.34
603,2024/1/1 2:10,13,67,64.64
604,2024/1/1 2:10,13,61,75.93
605,2024/1/1 2:10,13,78,88.26
606,2024/1/1 2:10,13,95,100.59
607,2024/1/1 2:10,13,98,88.66
608,2024/1/1 2:10,13,86,76.57
609,2024/1/1 2:10,13,60,101.78
610,2024/1/1 2:10,13,74,89.5
611,2024/1/1 2:10,13,81,79.83
612,2024/1/1 2:10,13,79.5,88.44
613,2024/1/1 2:10,13,78,97.04
614,2024/1/1 2:10,13,87,93.75
615,2024/1/1 2:10,13,76,91.97
616,2024/1/1 2:10,13,91,84.59
617,2024/1/1 2:10,13,78,81.68
618,2024/1/1 2:10,13,60,86.52
619,2024/1/1 2:10,13,94.5,55.55
620,2024/1/1 2:10,13,129,24.58
621,2024/1/1 2:10,13,142,50.51
622,2024/1/1 2:10,13,155,76.44
623,2024/1/1 2:10,13,147,82.28
624,2024/1/1 2:10,13,139,88.12
625,2024/1/1 2:10,13,34,45.91
626,2024/1/1 2:10,13,64,73.38
627,2024/1/1 2:10,13,41.5,54.03
628,2024/1/1 2:10,13,19,34.68
629,2024/1/1 2:10,13,12,65.5
630,2024/1/1 2:10,13,14,61.79
631,2024/1/1 2:10,13,16,83.38
632,2024/1/1 2:10,13,15,34.33
633,2024/1/1 2:10,13,12,39
634,2024/1/1 2:10,13,42,59.71
635,2024/1/1 2:10,13,47,56.79
636,2024/1/1 2:10,13,17,63.18
637,2024/1/1 2:10,13,25.5,57.68
638,2024/1/1 2:10,13,34,52.18
639,2024/1/1 2:10,13,48,49.4
640,2024/1/1 2:10,13,40,51.92
641,2024/1/1 2:10,13,22,71.36
642,2024/1/1 2:10,13,31,50.48
643,2024/1/1 2:10,13,38,33.82
644,2024/1/1 2:10,13,30,55.57
645,2024/1/1 2:10,13,22,71.14
646,2024/1/1 2:10,13,25,77.96
647,2024/1/1 2:10,13,17,74.64
648,2024/1/1 2:10,13,9,71.33
649,2024/1/1 2:10,13,11,83
650,2024/1/1 2:10,13,15,57.33
651,2024/1/1 2:10,13,14,60
652,2024/1/1 2:10,13,10,52
653,2024/1/1 2:10,13,15.5,51.36
654,2024/1/1 2:10,13,21,50.71
655,2024/1/1 2:10,13,86,42.77
656,2024/1/1 2:10,13,100.5,47.78
657,2024/1/1 2:10,13,115,52.8
658,2024/1/1 2:10,13,129.5,57.81
659,2024/1/1 2:10,13,144,62.82
660,2024/1/1 2:10,13,73.5,65.74
661,2024/1/1 2:10,13,3,68.67
662,2024/1/1 2:10,13,31,54.26
663,2024/1/1 2:10,13,14,74.79
664,2024/1/1 2:10,13,36,73.06
665,2024/1/1 2:10,13,58,71.33
666,2024/1/1 2:10,13,65,72.35
667,2024/1/1 2:10,13,72,73.38
668,2024/1/1 2:10,13,56,58.64
669,2024/1/1 2:10,13,72,60.85
670,2024/1/1 2:10,13,66.5,66.47
671,2024/1/1 2:10,13,61,72.1
672,2024/1/1 2:10,13,36,63.17
673,2024/1/1 2:10,13,69,78.57
674,2024/1/1 2:10,13,45,70.18
675,2024/1/1 2:10,13,64,62.05
676,2024/1/1 2:10,13,44,68.07
677,2024/1/1 2:10,13,37.33,71.74
678,2024/1/1 2:10,13,30.67,75.41
679,2024/1/1 2:10,13,24,79.08
680,2024/1/1 2:10,13,29,81.97
681,2024/1/1 2:10,13,29,76.41
682,2024/1/1 2:10,13,22,91.86
683,2024/1/1 2:10,13,34,88.91
684,2024/1/1 2:10,13,39,78
685,2024/1/1 2:10,13,36,79.89
686,2024/1/1 2:10,13,38,79.34
687,2024/1/1 2:10,13,33,81.04
688,2024/1/1 2:10,13,28,82.75
689,2024/1/1 2:10,13,73,81.67
690,2024/1/1 2:10,13,78,70
691,2024/1/1 2:10,13,51,62.37
692,2024/1/1 2:10,13,84,83.31
693,2024/1/1 2:10,13,54,73.33
694,2024/1/1 2:10,13,46,64.89
695,2024/1/1 2:10,13,23,48.09
696,2024/1/1 2:10,13,47,76.36
697,2024/1/1 2:10,13,28,80.57
698,2024/1/1 2:10,13,37.5,72.38
699,2024/1/1 2:10,13,47,64.19
700,2024/1/1 2:10,13,41,60.15
701,2024/1/1 2:10,13,35,56.11
702,2024/1/1 2:10,13,23.5,75.1
703,2024/1/1 2:10,13,12,94.08
704,2024/1/1 2:10,13,18,76.61
705,2024/1/1 2:10,13,21,109.24
706,2024/1/1 2:10,13,37,72.16
707,2024/1/1 2:10,13,34,78.38
708,2024/1/1 2:10,13,45,82.58
709,2024/1/1 2:10,13,37.33,81.72
710,2024/1/1 2:10,13,29.67,80.86
711,2024/1/1 2:10,13,22,80
712,2024/1/1 2:10,13,23,50.7
713,2024/1/1 2:10,13,28.5,49.9
714,2024/1/1 2:10,13,34,49.09
715,2024/1/1 2:10,13,49,83.16
716,2024/1/1 2:10,13,13,52.85
717,2024/1/1 2:10,13,18,48.33
718,2024/1/1 2:10,13,20,35.1
719,2024/1/1 2:10,13,29,52.41
720,2024/1/1 2:10,13,17,51.47
721,2024/1/1 2:10,13,20,53.6
722,2024/1/1 2:10,13,21.33,60.79
723,2024/1/1 2:10,13,22.67,67.98
724,2024/1/1 2:10,13,24,75.17
725,2024/1/1 2:10,13,30,63.93
726,2024/1/1 2:10,13,33,98.06
727,2024/1/1 2:10,13,26,86.65
728,2024/1/1 2:10,13,43,86.53
729,2024/1/1 2:10,13,45,61.87
730,2024/1/1 2:10,13,33.5,50.3
731,2024/1/1 2:10,13,22,38.73
732,2024/1/1 2:10,13,21,83.81
733,2024/1/1 2:10,13,23,59.61
734,2024/1/1 2:10,13,35,56.11
735,2024/1/1 2:10,13,40,86.22
736,2024/1/1 2:10,13,43,89.81
737,2024/1/1 2:10,13,41,63.44
738,2024/1/1 2:10,13,49,44.22
739,2024/1/1 2:10,13,24,51.58
740,2024/1/1 2:10,13,20,70.8
741,2024/1/1 2:10,13,10.5,83.9
742,2024/1/1 2:10,13,1,97
743,2024/1/1 2:10,13,1.56,93.11
744,2024/1/1 2:10,13,2.11,89.22
745,2024/1/1 2:10,13,2.67,85.33
746,2024/1/1 2:10,13,3.22,81.44
747,2024/1/1 2:10,13,3.78,77.56
748,2024/1/1 2:10,13,4.33,73.67
749,2024/1/1 2:10,13,4.89,69.78
750,2024/1/1 2:10,13,5.44,65.89
751,2024/1/1 2:10,13,6,62
752,2024/1/1 2:10,13,5.94,63.19
753,2024/1/1 2:10,13,5.88,64.38
754,2024/1/1 2:10,13,5.82,65.56
755,2024/1/1 2:10,13,5.76,66.75
756,2024/1/1 2:10,13,5.71,67.94
757,2024/1/1 2:10,13,5.65,69.13
758,2024/1/1 2:10,13,5.59,70.32
759,2024/1/1 2:10,13,5.53,71.51
760,2024/1/1 2:10,13,5.47,72.69
761,2024/1/1 2:10,13,5.41,73.88
762,2024/1/1 2:10,13,5.35,75.07
763,2024/1/1 2:10,13,5.29,76.26
764,2024/1/1 2:10,13,5.24,77.45
765,2024/1/1 2:10,13,5.18,78.64
766,2024/1/1 2:10,13,5.12,79.82
767,2024/1/1 2:10,13,5.06,81.01
768,2024/1/1 2:10,13,5,82.2
769,2024/1/1 2:10,13,6,75.83
770,2024/1/1 2:10,13,27,44.56
771,2024/1/1 2:10,13,25.5,46.68
772,2024/1/1 2:10,13,24,48.79
773,2024/1/1 2:10,13,19,69.89
774,2024/1/1 2:10,13,22.67,66.73
775,2024/1/1 2:10,13,26.33,63.56
776,2024/1/1 2:10,13,30,60.4
777,2024/1/1 2:10,13,22,83.5
778,2024/1/1 2:10,13,17,57.82
779,2024/1/1 2:10,13,45,49.84
780,2024/1/1 2:10,13,17,56.24
781,2024/1/1 2:10,13,7,74.57
782,2024/1/1 2:10,13,3,77
783,2024/1/1 2:10,13,7,52.43
784,2024/1/1 2:10,13,12,74.42
785,2024/1/1 2:10,13,6,58.67
786,2024/1/1 2:10,13,45,69.11
787,2024/1/1 2:10,13,38,99.03
788,2024/1/1 2:10,13,34,88.65
789,2024/1/1 2:10,13,22,63
790,2024/1/1 2:10,13,18,92.44
791,2024/1/1 2:10,13,32,60.78
792,2024/1/1 2:10,13,36.5,49.8
793,2024/1/1 2:10,13,18.25,24.9
794,2024/1/1 2:10,13,12.08,33.84
795,2024/1/1 2:10,13,6.04,16.92
796,2024/1/1 2:10,13,3.02,8.46
797,2024/1/1 2:10,13,1.51,4.23
798,2024/1/1 2:10,13,0.76,2.11
799,2024/1/1 2:10,13,0.38,1.06
800,2024/1/1 2:10,13,0.19,0.53
801,2024/1/1 2:10,13,0.09,0.26
802,2024/1/1 2:10,13,0.05,0.13
803,2024/1/1 2:10,13,0.02,0.07
804,2024/1/1 2:10,13,0.01,0.02
805,2024/1/1 2:10,13,0,0.01
806,2024/1/1 2:10,13,16.25,23.71
807,2024/1/1 2:10,13,32.5,47.41
808,2024/1/1 2:10,13,0,0.01
809,2024/1/1 2:10,13,3.41,4.87
810,2024/1/1 2:10,13,6.82,9.72
811,2024/1/1 2:10,13,10.23,14.58
812,2024/1/1 2:10,13,13.64,19.43
813,2024/1/1 2:10,13,17.05,24.29
814,2024/1/1 2:10,13,20.45,29.14
815,2024/1/1 2:10,13,23.86,34
816,2024/1/1 2:10,13,27.27,38.85
817,2024/1/1 2:10,13,30.68,43.71
818,2024/1/1 2:10,13,34.09,48.56
819,2024/1/1 2:10,13,37.5,53.42
820,2024/1/1 2:10,13,39.31,53.87
821,2024/1/1 2:10,13,41.12,54.32
822,2024/1/1 2:10,13,42.94,54.77
823,2024/1/1 2:10,13,44.75,55.22
824,2024/1/1 2:10,13,46.56,55.68
825,2024/1/1 2:10,13,48.38,56.13
826,2024/1/1 2:10,13,50.19,56.58
827,2024/1/1 2:10,13,52,57.03
828,2024/1/1 2:10,13,65.5,51.82
829,2024/1/1 2:10,13,32.75,25.91
830,2024/1/1 2:10,13,16.38,12.96
831,2024/1/1 2:10,13,8.19,6.48
832,2024/1/1 2:10,13,4.09,3.24
833,2024/1/1 2:10,13,2.05,1.62
834,2024/1/1 2:10,13,1.02,0.81
835,2024/1/1 2:10,13,0.51,0.4
836,2024/1/1 2:10,13,0.26,0.2
837,2024/1/1 2:10,13,0.06,0.05
838,2024/1/1 2:10,13,0.03,0.03
839,2024/1/1 2:10,13,0.01,0.01
840,2024/1/1 2:10,13,0.01,0
841,2024/1/1 2:10,13,2.76,3.88
842,2024/1/1 2:10,13,5.51,7.76
843,2024/1/1 2:10,13,8.26,11.65
844,2024/1/1 2:10,13,11.01,15.53
845,2024/1/1 2:10,13,13.75,19.41
846,2024/1/1 2:10,13,16.5,23.29
847,2024/1/1 2:10,13,19.25,27.17
848,2024/1/1 2:10,13,22,31.06
849,2024/1/1 2:10,13,24.75,34.94
850,2024/1/1 2:10,13,27.5,38.82
851,2024/1/1 2:10,13,39.5,62.65
852,2024/1/1 2:10,13,19.75,31.32
853,2024/1/1 2:10,13,9.88,15.66
854,2024/1/1 2:10,13,4.94,7.83
855,2024/1/1 2:10,13,2.47,3.92
856,2024/1/1 2:10,13,1.23,1.96
857,2024/1/1 2:10,13,0.62,0.98
858,2024/1/1 2:10,13,0.31,0.49
859,2024/1/1 2:10,13,0.15,0.24
860,2024/1/1 2:10,13,0.08,0.12
861,2024/1/1 2:10,13,0.04,0.06
862,2024/1/1 2:10,13,0.05,0.06
863,2024/1/1 2:10,13,0.03,0.03
864,2024/1/1 2:10,13,16.5,45.88
865,2024/1/1 2:10,13,8.25,22.94
866,2024/1/1 2:10,13,4.12,11.47
867,2024/1/1 2:10,13,1.38,3.82
868,2024/1/1 2:10,13,0.69,1.92
869,2024/1/1 2:10,13,0.69,1.91
870,2024/1/1 2:10,13,49.67,54.59
871,2024/1/1 2:10,13,24.83,27.3
872,2024/1/1 2:10,13,12.42,13.65
873,2024/1/1 2:10,13,6.21,6.82
874,2024/1/1 2:10,13,3.1,3.41
875,2024/1/1 2:10,13,1.55,1.71
876,2024/1/1 2:10,13,0.78,0.85
877,2024/1/1 2:10,13,0.39,0.43
878,2024/1/1 2:10,13,0.19,0.21
879,2024/1/1 2:10,13,43.6,46.25
880,2024/1/1 2:10,13,52.5,83.95
881,2024/1/1 2:10,13,25.5,40.76
882,2024/1/1 2:10,13,12.75,20.38
883,2024/1/1 2:10,13,6.38,10.19
884,2024/1/1 2:10,13,3.19,5.1
885,2024/1/1 2:10,13,1.59,2.55
886,2024/1/1 2:10,13,17.3,47.15
887,2024/1/1 2:10,13,28,36.46
888,2024/1/1 2:10,13,14,18.23
889,2024/1/1 2:10,13,7,9.11
890,2024/1/1 2:10,13,3.5,4.56
891,2024/1/1 2:10,13,24.25,42.14
892,2024/1/1 2:10,13,21,41.46
893,2024/1/1 2:10,13,10.5,20.73
894,2024/1/1 2:10,13,5.25,10.37
895,2024/1/1 2:10,13,2.62,5.18
896,2024/1/1 2:10,13,25.81,42.99
897,2024/1/1 2:10,13,66,27.44
898,2024/1/1 2:10,13,33,13.72
899,2024/1/1 2:10,13,16.5,6.86
900,2024/1/1 2:10,13,66.75,44.3
901,2024/1/1 2:10,13,39,38.78
902,2024/1/1 2:10,13,19.5,19.39
903,2024/1/1 2:10,13,9.75,9.7
904,2024/1/1 2:10,13,45.38,32.89
905,2024/1/1 2:10,13,32.75,39.3
906,2024/1/1 2:10,13,16.38,19.65
907,2024/1/1 2:10,13,8.19,9.83
908,2024/1/1 2:10,13,4.09,4.91
909,2024/1/1 2:10,13,2.05,2.46
910,2024/1/1 2:10,13,1.02,1.23
911,2024/1/1 2:10,13,0.51,0.61
912,2024/1/1 2:10,13,27.76,41.32
913,2024/1/1 2:10,13,11,27.47
914,2024/1/1 2:10,13,5.5,13.74
915,2024/1/1 2:10,13,2.75,6.87
916,2024/1/1 2:10,13,1.38,3.43
917,2024/1/1 2:10,13,0.69,1.72
918,2024/1/1 2:10,13,0.34,0.86
919,2024/1/1 2:10,13,0.17,0.43
920,2024/1/1 2:10,13,25.09,38.42
921,2024/1/1 2:10,13,31.33,29.19
922,2024/1/1 2:10,13,14.83,37.74
923,2024/1/1 2:10,13,7.42,18.87
924,2024/1/1 2:10,13,12.21,37.56
925,2024/1/1 2:10,13,3.5,26.22
926,2024/1/1 2:10,13,1.75,13.11
927,2024/1/1 2:10,13,5.69,30.86
928,2024/1/1 2:10,13,71.9,60.94
929,2024/1/1 2:10,13,1.5,38.5
930,2024/1/1 2:10,13,0.75,19.25
931,2024/1/1 2:10,13,0.38,9.62
932,2024/1/1 2:10,13,0.19,4.81
933,2024/1/1 2:10,13,0.09,2.41
934,2024/1/1 2:10,13,22.5,35.09
935,2024/1/1 2:10,13,11.25,17.54
936,2024/1/1 2:10,13,5.62,8.77
937,2024/1/1 2:10,13,5.81,33.72
938,2024/1/1 2:10,13,26,33.16
939,2024/1/1 2:10,13,13,16.58
940,2024/1/1 2:10,13,6.5,8.29
941,2024/1/1 2:10,13,25.75,44.01
942,2024/1/1 2:10,13,26.5,36.88
943,2024/1/1 2:10,13,13.25,18.44
944,2024/1/1 2:10,13,6.62,9.22
945,2024/1/1 2:10,13,40.31,44.66
946,2024/1/1 2:10,13,40,42.76
947,2024/1/1 2:10,13,20,21.38
948,2024/1/1 2:10,13,10,10.69
949,2024/1/1 2:10,13,5,5.35
950,2024/1/1 2:10,13,2.5,2.67
951,2024/1/1 2:10,13,1.25,1.34
952,2024/1/1 2:10,13,60.62,45.23
953,2024/1/1 2:10,13,52.5,45.3
954,2024/1/1 2:10,13,26.25,22.65
955,2024/1/1 2:10,13,13.12,11.33
956,2024/1/1 2:10,13,6.56,5.66
957,2024/1/1 2:10,13,3.28,2.83
958,2024/1/1 2:10,13,1.64,1.42
959,2024/1/1 2:10,13,61.32,42.53
960,2024/1/1 2:10,13,60,33.59
961,2024/1/1 2:10,13,30,16.8
962,2024/1/1 2:10,13,15,8.4
963,2024/1/1 2:10,13,7.5,4.2
964,2024/1/1 2:10,13,3.75,2.1
965,2024/1/1 2:10,13,1.88,1.05
966,2024/1/1 2:10,13,22.44,25.91
967,2024/1/1 2:10,13,21,32.8
968,2024/1/1 2:10,13,10.5,16.4
969,2024/1/1 2:10,13,5.25,8.2
970,2024/1/1 2:10,13,2.62,4.1
971,2024/1/1 2:10,13,1.31,2.05
972,2024/1/1 2:10,13,0.66,1.02
973,2024/1/1 2:10,13,0.33,0.51
974,2024/1/1 2:10,13,43.66,36.59
975,2024/1/1 2:10,13,4.67,20.52
976,2024/1/1 2:10,13,2.33,10.26
977,2024/1/1 2:10,13,1.17,5.13
978,2024/1/1 2:10,13,0.58,2.57
979,2024/1/1 2:10,13,0.29,1.28
980,2024/1/1 2:10,13,0.15,0.64
981,2024/1/1 2:10,13,15.72,31.09
982,2024/1/1 2:10,13,7.86,15.55
983,2024/1/1 2:10,13,3.93,7.77
984,2024/1/1 2:10,13,1.96,3.89
985,2024/1/1 2:10,13,36.65,58.01
986,2024/1/1 2:10,13,51,34.38
987,2024/1/1 2:10,13,25.5,17.19
988,2024/1/1 2:10,13,12.75,8.6
989,2024/1/1 2:10,13,6.38,4.3
990,2024/1/1 2:10,13,69.69,35.77
991,2024/1/1 2:10,13,68,32.76
992,2024/1/1 2:10,13,34,16.38
993,2024/1/1 2:10,13,17,8.19
994,2024/1/1 2:10,13,8.5,4.09
995,2024/1/1 2:10,13,31.83,18.09
996,2024/1/1 2:10,13,84,52.48
997,2024/1/1 2:10,13,42,26.24
998,2024/1/1 2:10,13,21,13.12
999,2024/1/1 2:10,13,14,33.1
1000,2024/1/1 2:10,13,16,31.92
1001,2024/1/1 2:10,13,8,15.96
1002,2024/1/1 2:10,13,4,7.98
1003,2024/1/1 2:10,13,2,3.99
1004,2024/1/1 2:10,13,1,2
1005,2024/1/1 2:10,13,67,55.79
1006,2024/1/1 2:10,13,77,70.68
2,2024/1/1 2:20,14,31,65.81
3,2024/1/1 2:20,14,49,75.82
4,2024/1/1 2:20,14,48,72.92
5,2024/1/1 2:20,14,37,75.46
6,2024/1/1 2:20,14,30,88.3
7,2024/1/1 2:20,14,34,58.59
8,2024/1/1 2:20,14,36,67.22
9,2024/1/1 2:20,14,35,83.46
10,2024/1/1 2:20,14,66,70.56
11,2024/1/1 2:20,14,84,68.87
12,2024/1/1 2:20,14,174,68.3
13,2024/1/1 2:20,14,194,60.77
14,2024/1/1 2:20,14,70,68.13
15,2024/1/1 2:20,14,75,71.49
16,2024/1/1 2:20,14,80,62.89
17,2024/1/1 2:20,14,53,75.7
18,2024/1/1 2:20,14,103,66.52
19,2024/1/1 2:20,14,92,68.57
20,2024/1/1 2:20,14,92.5,63.28
21,2024/1/1 2:20,14,93,57.99
22,2024/1/1 2:20,14,76,68.8
23,2024/1/1 2:20,14,83,71.23
24,2024/1/1 2:20,14,117,54.98
25,2024/1/1 2:20,14,132,82.56
26,2024/1/1 2:20,14,98,79.69
27,2024/1/1 2:20,14,110,90.18
28,2024/1/1 2:20,14,113,93.31
29,2024/1/1 2:20,14,128,86.54
30,2024/1/1 2:20,14,116,75.03
31,2024/1/1 2:20,14,86.5,84.66
32,2024/1/1 2:20,14,57,94.28
33,2024/1/1 2:20,14,62,94.11
34,2024/1/1 2:20,14,64,86.16
35,2024/1/1 2:20,14,71,76.86
36,2024/1/1 2:20,14,73,97.97
37,2024/1/1 2:20,14,70,87.11
38,2024/1/1 2:20,14,76,58.25
39,2024/1/1 2:20,14,63.5,65.7
40,2024/1/1 2:20,14,51,73.16
41,2024/1/1 2:20,14,59,42.41
42,2024/1/1 2:20,14,68,46.18
43,2024/1/1 2:20,14,77,49.96
44,2024/1/1 2:20,14,68,60.71
45,2024/1/1 2:20,14,47,67.81
46,2024/1/1 2:20,14,63,71.46
47,2024/1/1 2:20,14,70,64.69
48,2024/1/1 2:20,14,49,74.16
49,2024/1/1 2:20,14,39,80.79
50,2024/1/1 2:20,14,133,64.89
51,2024/1/1 2:20,14,89,51.55
52,2024/1/1 2:20,14,84,79.58
53,2024/1/1 2:20,14,53,78.38
54,2024/1/1 2:20,14,69,85.74
55,2024/1/1 2:20,14,60,64.03
56,2024/1/1 2:20,14,58,75.5
57,2024/1/1 2:20,14,44,81.95
58,2024/1/1 2:20,14,76,52.7
59,2024/1/1 2:20,14,69,73.58
60,2024/1/1 2:20,14,37,71.89
61,2024/1/1 2:20,14,10,92.2
62,2024/1/1 2:20,14,9,69.56
63,2024/1/1 2:20,14,62,88.27
64,2024/1/1 2:20,14,66,99.02
65,2024/1/1 2:20,14,95,100.91
66,2024/1/1 2:20,14,100,109.09
67,2024/1/1 2:20,14,105,108.81
68,2024/1/1 2:20,14,117,102.44
69,2024/1/1 2:20,14,58,103.31
70,2024/1/1 2:20,14,50,97.64
71,2024/1/1 2:20,14,40,90.78
72,2024/1/1 2:20,14,45,78.07
73,2024/1/1 2:20,14,16,90.44
74,2024/1/1 2:20,14,30,101
75,2024/1/1 2:20,14,60,81.45
76,2024/1/1 2:20,14,44,91.55
77,2024/1/1 2:20,14,81,99.12
78,2024/1/1 2:20,14,78,87.33
79,2024/1/1 2:20,14,87,94.11
80,2024/1/1 2:20,14,90,103.24
81,2024/1/1 2:20,14,40,78.22
82,2024/1/1 2:20,14,48,76.44
83,2024/1/1 2:20,14,90,94.69
84,2024/1/1 2:20,14,66,80.83
85,2024/1/1 2:20,14,31,79.16
86,2024/1/1 2:20,14,21,85.81
87,2024/1/1 2:20,14,13,71.85
88,2024/1/1 2:20,14,57,80.63
89,2024/1/1 2:20,14,64,102.92
90,2024/1/1 2:20,14,74,93.12
91,2024/1/1 2:20,14,84,83.33
92,2024/1/1 2:20,14,76,95.96
93,2024/1/1 2:20,14,94,108.5
94,2024/1/1 2:20,14,89,95.73
95,2024/1/1 2:20,14,113,91.88
96,2024/1/1 2:20,14,106,83.63
97,2024/1/1 2:20,14,104,75.01
98,2024/1/1 2:20,14,103,84.5
99,2024/1/1 2:20,14,36,98.44
100,2024/1/1 2:20,14,20,72.9
101,2024/1/1 2:20,14,16,58.75
102,2024/1/1 2:20,14,54,88.07
103,2024/1/1 2:20,14,58,102.36
104,2024/1/1 2:20,14,62,116.65
105,2024/1/1 2:20,14,60,103.12
106,2024/1/1 2:20,14,112,107.12
107,2024/1/1 2:20,14,116,97.38
108,2024/1/1 2:20,14,104,106.63
109,2024/1/1 2:20,14,121,103.36
110,2024/1/1 2:20,14,109,111.46
111,2024/1/1 2:20,14,70,99.6
112,2024/1/1 2:20,14,66,124.65
113,2024/1/1 2:20,14,40,99.05
114,2024/1/1 2:20,14,34,101.09
115,2024/1/1 2:20,14,66,92.83
116,2024/1/1 2:20,14,62,95.52
117,2024/1/1 2:20,14,65,108.45
118,2024/1/1 2:20,14,62,97.84
119,2024/1/1 2:20,14,58,102.78
120,2024/1/1 2:20,14,60,117.27
121,2024/1/1 2:20,14,65,107.43
122,2024/1/1 2:20,14,31,104.77
123,2024/1/1 2:20,14,27,115.33
124,2024/1/1 2:20,14,34,81.5
125,2024/1/1 2:20,14,87,110.34
126,2024/1/1 2:20,14,43,101.23
127,2024/1/1 2:20,14,39,105.69
128,2024/1/1 2:20,14,69,122.48
129,2024/1/1 2:20,14,75,125.81
130,2024/1/1 2:20,14,78,118.28
131,2024/1/1 2:20,14,85,118.48
132,2024/1/1 2:20,14,86,113.09
133,2024/1/1 2:20,14,35,94.97
134,2024/1/1 2:20,14,42,89.48
135,2024/1/1 2:20,14,32,69.09
136,2024/1/1 2:20,14,10,85.7
137,2024/1/1 2:20,14,16,76.94
138,2024/1/1 2:20,14,35,82.6
139,2024/1/1 2:20,14,55,80.67
140,2024/1/1 2:20,14,110,90.74
141,2024/1/1 2:20,14,132,89.1
142,2024/1/1 2:20,14,72,91.67
143,2024/1/1 2:20,14,57,79.77
144,2024/1/1 2:20,14,88,83.74
145,2024/1/1 2:20,14,50,71.34
146,2024/1/1 2:20,14,75,77.87
147,2024/1/1 2:20,14,83,88.54
148,2024/1/1 2:20,14,69,89.67
149,2024/1/1 2:20,14,24,78.58
150,2024/1/1 2:20,14,42,77.31
151,2024/1/1 2:20,14,53,63.26
152,2024/1/1 2:20,14,50,80.42
153,2024/1/1 2:20,14,10,71.3
154,2024/1/1 2:20,14,13,88.08
155,2024/1/1 2:20,14,34,90.79
156,2024/1/1 2:20,14,48,97.83
157,2024/1/1 2:20,14,7,64.57
158,2024/1/1 2:20,14,11,53.09
159,2024/1/1 2:20,14,28,74.68
160,2024/1/1 2:20,14,36,81.75
161,2024/1/1 2:20,14,36,40.58
162,2024/1/1 2:20,14,27,80.37
163,2024/1/1 2:20,14,23,81.35
164,2024/1/1 2:20,14,59,63.15
165,2024/1/1 2:20,14,53,83.7
166,2024/1/1 2:20,14,65,79.97
167,2024/1/1 2:20,14,3,78
168,2024/1/1 2:20,14,96,76.72
169,2024/1/1 2:20,14,68,76.96
170,2024/1/1 2:20,14,79,86.19
171,2024/1/1 2:20,14,90,83.14
172,2024/1/1 2:20,14,62,89.47
173,2024/1/1 2:20,14,104,92.75
174,2024/1/1 2:20,14,80,84.06
175,2024/1/1 2:20,14,70,72.77
176,2024/1/1 2:20,14,19,84.42
177,2024/1/1 2:20,14,28,87
178,2024/1/1 2:20,14,47,81.07
179,2024/1/1 2:20,14,66,75.14
180,2024/1/1 2:20,14,38.5,71.62
181,2024/1/1 2:20,14,11,68.09
182,2024/1/1 2:20,14,62,63.29
183,2024/1/1 2:20,14,82,71.85
184,2024/1/1 2:20,14,81,62.77
185,2024/1/1 2:20,14,77,67.4
186,2024/1/1 2:20,14,73,72.02
187,2024/1/1 2:20,14,69,76.65
188,2024/1/1 2:20,14,43,74.33
189,2024/1/1 2:20,14,44,68.52
190,2024/1/1 2:20,14,62,82.44
191,2024/1/1 2:20,14,75,68.97
192,2024/1/1 2:20,14,74.5,78.63
193,2024/1/1 2:20,14,74,88.3
194,2024/1/1 2:20,14,70,68.6
195,2024/1/1 2:20,14,58,65.12
196,2024/1/1 2:20,14,78,81.63
197,2024/1/1 2:20,14,75,89.95
198,2024/1/1 2:20,14,128,85.54
199,2024/1/1 2:20,14,91,87
200,2024/1/1 2:20,14,71,82.23
201,2024/1/1 2:20,14,113,82.41
202,2024/1/1 2:20,14,121,60.89
203,2024/1/1 2:20,14,89,65.2
204,2024/1/1 2:20,14,54,73.02
205,2024/1/1 2:20,14,78,92.55
206,2024/1/1 2:20,14,41,90.9
207,2024/1/1 2:20,14,67,79.1
208,2024/1/1 2:20,14,62,72.65
209,2024/1/1 2:20,14,57,88.84
210,2024/1/1 2:20,14,27,94.7
211,2024/1/1 2:20,14,35,91.8
212,2024/1/1 2:20,14,90,85.09
213,2024/1/1 2:20,14,59,83.76
214,2024/1/1 2:20,14,97,84.79
215,2024/1/1 2:20,14,82,87.55
216,2024/1/1 2:20,14,105,80.99
217,2024/1/1 2:20,14,113,92.32
218,2024/1/1 2:20,14,102,89.39
219,2024/1/1 2:20,14,106,85.52
220,2024/1/1 2:20,14,70,82.14
221,2024/1/1 2:20,14,57,81.89
222,2024/1/1 2:20,14,44,76.59
223,2024/1/1 2:20,14,56,65.14
224,2024/1/1 2:20,14,50,67.62
225,2024/1/1 2:20,14,51,81.67
226,2024/1/1 2:20,14,45,62.29
227,2024/1/1 2:20,14,30,73.43
228,2024/1/1 2:20,14,31,64.16
229,2024/1/1 2:20,14,35,69.77
230,2024/1/1 2:20,14,58,74.95
231,2024/1/1 2:20,14,32,83.12
232,2024/1/1 2:20,14,54,75.31
233,2024/1/1 2:20,14,76,67.51
234,2024/1/1 2:20,14,98,59.7
235,2024/1/1 2:20,14,141,70.4
236,2024/1/1 2:20,14,48,49.04
237,2024/1/1 2:20,14,10,71.4
238,2024/1/1 2:20,14,11,68
239,2024/1/1 2:20,14,17,62.87
240,2024/1/1 2:20,14,23,
241,2024/1/1 2:20,14,0,
242,2024/1/1 2:20,14,30,76.47
243,2024/1/1 2:20,14,100,76.62
244,2024/1/1 2:20,14,84,72.75
245,2024/1/1 2:20,14,140,65.96
246,2024/1/1 2:20,14,138,61.9
247,2024/1/1 2:20,14,103,57.26
248,2024/1/1 2:20,14,68,52.63
249,2024/1/1 2:20,14,65,68.85
250,2024/1/1 2:20,14,63,79
251,2024/1/1 2:20,14,62,68.02
252,2024/1/1 2:20,14,76,63.09
253,2024/1/1 2:20,14,152,74.72
254,2024/1/1 2:20,14,93,68.4
255,2024/1/1 2:20,14,105,71.96
256,2024/1/1 2:20,14,117,75.53
257,2024/1/1 2:20,14,108,68.2
258,2024/1/1 2:20,14,100,85.37
259,2024/1/1 2:20,14,109,76
260,2024/1/1 2:20,14,107,74.99
261,2024/1/1 2:20,14,75,61.76
262,2024/1/1 2:20,14,105,72.3
263,2024/1/1 2:20,14,90,56.2
264,2024/1/1 2:20,14,77,74.56
265,2024/1/1 2:20,14,91,64.73
266,2024/1/1 2:20,14,89,79.03
267,2024/1/1 2:20,14,90,58.18
268,2024/1/1 2:20,14,99,74.6
269,2024/1/1 2:20,14,91,79.57
270,2024/1/1 2:20,14,88,81.14
271,2024/1/1 2:20,14,87,81.4
272,2024/1/1 2:20,14,86,81.66
273,2024/1/1 2:20,14,41,70.54
274,2024/1/1 2:20,14,89,70.69
275,2024/1/1 2:20,14,91,68.68
276,2024/1/1 2:20,14,90,78
277,2024/1/1 2:20,14,99,76.62
278,2024/1/1 2:20,14,108,75.24
279,2024/1/1 2:20,14,94,73.82
280,2024/1/1 2:20,14,80,72.4
281,2024/1/1 2:20,14,78,63.53
282,2024/1/1 2:20,14,115,63.46
283,2024/1/1 2:20,14,99,65.87
284,2024/1/1 2:20,14,74,76.27
285,2024/1/1 2:20,14,114,68.24
286,2024/1/1 2:20,14,121,71.5
287,2024/1/1 2:20,14,107.5,71.75
288,2024/1/1 2:20,14,94,72
289,2024/1/1 2:20,14,80,64
290,2024/1/1 2:20,14,86,69.85
291,2024/1/1 2:20,14,110,67.38
292,2024/1/1 2:20,14,93,60.44
293,2024/1/1 2:20,14,103,78.26
294,2024/1/1 2:20,14,69,76.42
295,2024/1/1 2:20,14,77,67.84
296,2024/1/1 2:20,14,82,57.46
297,2024/1/1 2:20,14,98,63.89
298,2024/1/1 2:20,14,67,47.48
299,2024/1/1 2:20,14,72,49.98
300,2024/1/1 2:20,14,77,52.48
301,2024/1/1 2:20,14,131,68.63
302,2024/1/1 2:20,14,89,76.57
303,2024/1/1 2:20,14,99,79.49
304,2024/1/1 2:20,14,70,62.12
305,2024/1/1 2:20,14,41,44.76
306,2024/1/1 2:20,14,54,75.61
307,2024/1/1 2:20,14,62,106.24
308,2024/1/1 2:20,14,70,93.37
309,2024/1/1 2:20,14,80,110.56
310,2024/1/1 2:20,14,72,97.39
311,2024/1/1 2:20,14,68,104.87
312,2024/1/1 2:20,14,52,115.77
313,2024/1/1 2:20,14,49,112.82
314,2024/1/1 2:20,14,61,107.72
315,2024/1/1 2:20,14,74,98.91
316,2024/1/1 2:20,14,78,93.05
317,2024/1/1 2:20,14,51,92.49
318,2024/1/1 2:20,14,51,103.31
319,2024/1/1 2:20,14,37,107.68
320,2024/1/1 2:20,14,58,97.24
321,2024/1/1 2:20,14,50,112.32
322,2024/1/1 2:20,14,66,103.45
323,2024/1/1 2:20,14,62,101.69
324,2024/1/1 2:20,14,56,102.54
325,2024/1/1 2:20,14,24,81.92
326,2024/1/1 2:20,14,16,109.19
327,2024/1/1 2:20,14,16,99.88
328,2024/1/1 2:20,14,30,105.03
329,2024/1/1 2:20,14,17,64.39
330,2024/1/1 2:20,14,4,23.75
331,2024/1/1 2:20,14,28,100.71
332,2024/1/1 2:20,14,62,98.52
333,2024/1/1 2:20,14,50,100.92
334,2024/1/1 2:20,14,52,105.29
335,2024/1/1 2:20,14,49,107.45
336,2024/1/1 2:20,14,45,96.16
337,2024/1/1 2:20,14,41,101.1
338,2024/1/1 2:20,14,36,110.86
339,2024/1/1 2:20,14,41,97.54
340,2024/1/1 2:20,14,44,102.95
341,2024/1/1 2:20,14,69,99.86
342,2024/1/1 2:20,14,61,111.93
343,2024/1/1 2:20,14,62,115.6
344,2024/1/1 2:20,14,63,112.73
345,2024/1/1 2:20,14,64,109.8
346,2024/1/1 2:20,14,71,111.1
347,2024/1/1 2:20,14,63,112.22
348,2024/1/1 2:20,14,63,109.98
349,2024/1/1 2:20,14,76,95.8
350,2024/1/1 2:20,14,83,101.71
351,2024/1/1 2:20,14,26,84.31
352,2024/1/1 2:20,14,28,69.29
353,2024/1/1 2:20,14,25,74.88
354,2024/1/1 2:20,14,20,70.8
355,2024/1/1 2:20,14,10,81.2
356,2024/1/1 2:20,14,48,71.35
357,2024/1/1 2:20,14,39,80.44
358,2024/1/1 2:20,14,35,88.54
359,2024/1/1 2:20,14,51,75.71
360,2024/1/1 2:20,14,52,79.6
361,2024/1/1 2:20,14,59,82.34
362,2024/1/1 2:20,14,45,91.62
363,2024/1/1 2:20,14,79,80.56
364,2024/1/1 2:20,14,113,69.51
365,2024/1/1 2:20,14,103.67,76.72
366,2024/1/1 2:20,14,94.33,83.93
367,2024/1/1 2:20,14,85,91.14
368,2024/1/1 2:20,14,176,86.32
369,2024/1/1 2:20,14,174.5,86.01
370,2024/1/1 2:20,14,173,85.71
371,2024/1/1 2:20,14,137,74.65
372,2024/1/1 2:20,14,130,86.66
373,2024/1/1 2:20,14,92,99.83
374,2024/1/1 2:20,14,64,103.52
375,2024/1/1 2:20,14,69,93.57
376,2024/1/1 2:20,14,51,91.71
377,2024/1/1 2:20,14,51,106.78
378,2024/1/1 2:20,14,68,98.53
379,2024/1/1 2:20,14,69,89.61
380,2024/1/1 2:20,14,53,78.49
381,2024/1/1 2:20,14,27,95.74
382,2024/1/1 2:20,14,26,78.23
383,2024/1/1 2:20,14,10,88.3
384,2024/1/1 2:20,14,11,33.64
385,2024/1/1 2:20,14,23,79.74
386,2024/1/1 2:20,14,19,73.79
387,2024/1/1 2:20,14,33,64.79
388,2024/1/1 2:20,14,99,77.41
389,2024/1/1 2:20,14,100,95.72
390,2024/1/1 2:20,14,116,101.32
391,2024/1/1 2:20,14,115,77.59
392,2024/1/1 2:20,14,88,98.91
393,2024/1/1 2:20,14,78,113.37
394,2024/1/1 2:20,14,91,106.79
395,2024/1/1 2:20,14,111,96.55
396,2024/1/1 2:20,14,58,89.07
397,2024/1/1 2:20,14,5,
398,2024/1/1 2:20,14,0,
399,2024/1/1 2:20,14,4,55.75
400,2024/1/1 2:20,14,2,69.5
401,2024/1/1 2:20,14,1,52
402,2024/1/1 2:20,14,3,83.33
403,2024/1/1 2:20,14,3,56.33
404,2024/1/1 2:20,14,4,63
405,2024/1/1 2:20,14,3,72
406,2024/1/1 2:20,14,1,79
407,2024/1/1 2:20,14,1,92
408,2024/1/1 2:20,14,5,91.8
409,2024/1/1 2:20,14,4,94
410,2024/1/1 2:20,14,2,
411,2024/1/1 2:20,14,0,
412,2024/1/1 2:20,14,0,
413,2024/1/1 2:20,14,2,70
414,2024/1/1 2:20,14,4,102
415,2024/1/1 2:20,14,13,81.31
416,2024/1/1 2:20,14,7.5,94.16
417,2024/1/1 2:20,14,2,107
418,2024/1/1 2:20,14,2,77.5
419,2024/1/1 2:20,14,1,
420,2024/1/1 2:20,14,0,
421,2024/1/1 2:20,14,0,
422,2024/1/1 2:20,14,0,
423,2024/1/1 2:20,14,0,
424,2024/1/1 2:20,14,1,72
425,2024/1/1 2:20,14,2,91
426,2024/1/1 2:20,14,7,72.43
427,2024/1/1 2:20,14,5,88.8
428,2024/1/1 2:20,14,2,93.5
429,2024/1/1 2:20,14,1,62
430,2024/1/1 2:20,14,7,88.86
431,2024/1/1 2:20,14,13,84.62
432,2024/1/1 2:20,14,7.5,84.31
433,2024/1/1 2:20,14,2,84
434,2024/1/1 2:20,14,33,82.14
435,2024/1/1 2:20,14,64,80.29
436,2024/1/1 2:20,14,95,78.43
437,2024/1/1 2:20,14,31,66.16
438,2024/1/1 2:20,14,37,83.57
439,2024/1/1 2:20,14,32,81.76
440,2024/1/1 2:20,14,27,79.96
441,2024/1/1 2:20,14,40,73.38
442,2024/1/1 2:20,14,73,69.48
443,2024/1/1 2:20,14,71.33,69.05
444,2024/1/1 2:20,14,69.67,68.62
445,2024/1/1 2:20,14,68,68.19
446,2024/1/1 2:20,14,65,62.18
447,2024/1/1 2:20,14,75,63.59
448,2024/1/1 2:20,14,86,75.08
449,2024/1/1 2:20,14,46,81.61
450,2024/1/1 2:20,14,50,75.06
451,2024/1/1 2:20,14,79,68.59
452,2024/1/1 2:20,14,60,76.37
453,2024/1/1 2:20,14,72,87.74
454,2024/1/1 2:20,14,98,77.88
455,2024/1/1 2:20,14,56,63.07
456,2024/1/1 2:20,14,86,73.85
457,2024/1/1 2:20,14,49,93.08
458,2024/1/1 2:20,14,45,75.89
459,2024/1/1 2:20,14,29,82.93
460,2024/1/1 2:20,14,27,93.07
461,2024/1/1 2:20,14,30,98.27
462,2024/1/1 2:20,14,37,93.43
463,2024/1/1 2:20,14,32,101.62
464,2024/1/1 2:20,14,9,87.67
465,2024/1/1 2:20,14,7,88.86
466,2024/1/1 2:20,14,43,87.88
467,2024/1/1 2:20,14,79,86.91
468,2024/1/1 2:20,14,96,79.82
469,2024/1/1 2:20,14,99,77.11
470,2024/1/1 2:20,14,96,81.55
471,2024/1/1 2:20,14,93,85.99
472,2024/1/1 2:20,14,39,79.31
473,2024/1/1 2:20,14,42,83.43
474,2024/1/1 2:20,14,35,80.89
475,2024/1/1 2:20,14,42,76.83
476,2024/1/1 2:20,14,45,70.4
477,2024/1/1 2:20,14,49,85.27
478,2024/1/1 2:20,14,105,71.13
479,2024/1/1 2:20,14,91,87.68
480,2024/1/1 2:20,14,85,76.82
481,2024/1/1 2:20,14,87,71.9
482,2024/1/1 2:20,14,107,78.84
483,2024/1/1 2:20,14,106,72.08
484,2024/1/1 2:20,14,78,67.69
485,2024/1/1 2:20,14,1229,11.03
486,2024/1/1 2:20,14,153,90.94
487,2024/1/1 2:20,14,145,82.66
488,2024/1/1 2:20,14,137,75.07
489,2024/1/1 2:20,14,131.5,82.31
490,2024/1/1 2:20,14,126,89.55
491,2024/1/1 2:20,14,130,88.02
492,2024/1/1 2:20,14,147,83.95
493,2024/1/1 2:20,14,143,83.32
494,2024/1/1 2:20,14,136,101.34
495,2024/1/1 2:20,14,139,88.73
496,2024/1/1 2:20,14,132,82.59
497,2024/1/1 2:20,14,138,90.09
498,2024/1/1 2:20,14,130,100.7
499,2024/1/1 2:20,14,126,84.04
500,2024/1/1 2:20,14,123.5,92.33
501,2024/1/1 2:20,14,121,100.62
502,2024/1/1 2:20,14,138,83.76
503,2024/1/1 2:20,14,121,86.52
504,2024/1/1 2:20,14,118,77.81
505,2024/1/1 2:20,14,120,79.28
506,2024/1/1 2:20,14,116,80.4
507,2024/1/1 2:20,14,130.5,75.43
508,2024/1/1 2:20,14,145,70.46
509,2024/1/1 2:20,14,159.5,65.49
510,2024/1/1 2:20,14,174,60.52
511,2024/1/1 2:20,14,176,72.64
512,2024/1/1 2:20,14,137,64.61
513,2024/1/1 2:20,14,167,72.47
514,2024/1/1 2:20,14,119,82.34
515,2024/1/1 2:20,14,149,73.99
516,2024/1/1 2:20,14,146,88.16
517,2024/1/1 2:20,14,135,86.9
518,2024/1/1 2:20,14,124,85.63
519,2024/1/1 2:20,14,115,85.66
520,2024/1/1 2:20,14,106,85.7
521,2024/1/1 2:20,14,113,95.54
522,2024/1/1 2:20,14,110,69.67
523,2024/1/1 2:20,14,95.5,80.63
524,2024/1/1 2:20,14,81,91.59
525,2024/1/1 2:20,14,92,77.89
526,2024/1/1 2:20,14,101,70.68
527,2024/1/1 2:20,14,52,77.83
528,2024/1/1 2:20,14,65.33,77.62
529,2024/1/1 2:20,14,78.67,77.42
530,2024/1/1 2:20,14,92,77.21
531,2024/1/1 2:20,14,93,87.63
532,2024/1/1 2:20,14,97.5,85.98
533,2024/1/1 2:20,14,102,84.32
534,2024/1/1 2:20,14,115,71.8
535,2024/1/1 2:20,14,90,97.76
536,2024/1/1 2:20,14,93,88.73
537,2024/1/1 2:20,14,104,87.35
538,2024/1/1 2:20,14,86,87.62
539,2024/1/1 2:20,14,82,87.1
540,2024/1/1 2:20,14,84.75,88.71
541,2024/1/1 2:20,14,87.5,90.32
542,2024/1/1 2:20,14,90.25,91.94
543,2024/1/1 2:20,14,93,93.55
544,2024/1/1 2:20,14,68,91.42
545,2024/1/1 2:20,14,43,89.28
546,2024/1/1 2:20,14,56.5,79.04
547,2024/1/1 2:20,14,70,68.79
548,2024/1/1 2:20,14,100,82.01
549,2024/1/1 2:20,14,91,91.55
550,2024/1/1 2:20,14,100,88.04
551,2024/1/1 2:20,14,91,63.26
552,2024/1/1 2:20,14,72,77.74
553,2024/1/1 2:20,14,60,80.23
554,2024/1/1 2:20,14,73,71.66
555,2024/1/1 2:20,14,61,85.21
556,2024/1/1 2:20,14,52,77.9
557,2024/1/1 2:20,14,81,72.78
558,2024/1/1 2:20,14,72,75.44
559,2024/1/1 2:20,14,68,91.78
560,2024/1/1 2:20,14,93,91.42
561,2024/1/1 2:20,14,81,92.02
562,2024/1/1 2:20,14,69,92.62
563,2024/1/1 2:20,14,84,87.05
564,2024/1/1 2:20,14,85,85.38
565,2024/1/1 2:20,14,86,83.72
566,2024/1/1 2:20,14,83,87.39
567,2024/1/1 2:20,14,83,88.12
568,2024/1/1 2:20,14,83,88.84
569,2024/1/1 2:20,14,79,85.78
570,2024/1/1 2:20,14,78.67,83.64
571,2024/1/1 2:20,14,78.33,81.5
572,2024/1/1 2:20,14,78,79.36
573,2024/1/1 2:20,14,92,81.29
574,2024/1/1 2:20,14,83.5,79.56
575,2024/1/1 2:20,14,75,77.84
576,2024/1/1 2:20,14,53,88.81
577,2024/1/1 2:20,14,71,79.15
578,2024/1/1 2:20,14,72.5,82.9
579,2024/1/1 2:20,14,74,86.65
580,2024/1/1 2:20,14,69.33,87.51
581,2024/1/1 2:20,14,64.67,88.37
582,2024/1/1 2:20,14,60,89.23
583,2024/1/1 2:20,14,80,80.62
584,2024/1/1 2:20,14,100,72
585,2024/1/1 2:20,14,117,60.35
586,2024/1/1 2:20,14,114,91.31
587,2024/1/1 2:20,14,93.5,89.62
588,2024/1/1 2:20,14,73,87.92
589,2024/1/1 2:20,14,76,87.58
590,2024/1/1 2:20,14,79,81.98
591,2024/1/1 2:20,14,82,76.38
592,2024/1/1 2:20,14,86.5,81.25
593,2024/1/1 2:20,14,91,86.12
594,2024/1/1 2:20,14,91,81.3
595,2024/1/1 2:20,14,91,76.48
596,2024/1/1 2:20,14,92,82.98
597,2024/1/1 2:20,14,89,80.68
598,2024/1/1 2:20,14,86,78.38
599,2024/1/1 2:20,14,47,79.19
600,2024/1/1 2:20,14,55,91.18
601,2024/1/1 2:20,14,55,84.65
602,2024/1/1 2:20,14,91,91.09
603,2024/1/1 2:20,14,57,64.74
604,2024/1/1 2:20,14,55,86.64
605,2024/1/1 2:20,14,62.5,87.42
606,2024/1/1 2:20,14,70,88.2
607,2024/1/1 2:20,14,65,91.05
608,2024/1/1 2:20,14,63,74.22
609,2024/1/1 2:20,14,46,100.91
610,2024/1/1 2:20,14,59,91.29
611,2024/1/1 2:20,14,58,80.34
612,2024/1/1 2:20,14,59.5,89.2
613,2024/1/1 2:20,14,61,98.07
614,2024/1/1 2:20,14,61,96.51
615,2024/1/1 2:20,14,48,94.58
616,2024/1/1 2:20,14,57,90.04
617,2024/1/1 2:20,14,52,84.31
618,2024/1/1 2:20,14,49,85.2
619,2024/1/1 2:20,14,64,56.24
620,2024/1/1 2:20,14,79,27.27
621,2024/1/1 2:20,14,111,52.6
622,2024/1/1 2:20,14,143,77.93
623,2024/1/1 2:20,14,137,83.86
624,2024/1/1 2:20,14,131,89.79
625,2024/1/1 2:20,14,40,47.77
626,2024/1/1 2:20,14,36,68.83
627,2024/1/1 2:20,14,30,51.77
628,2024/1/1 2:20,14,24,34.71
629,2024/1/1 2:20,14,17,68.94
630,2024/1/1 2:20,14,13,51.38
631,2024/1/1 2:20,14,20,72.7
632,2024/1/1 2:20,14,16,35.38
633,2024/1/1 2:20,14,16,40.38
634,2024/1/1 2:20,14,42,58.83
635,2024/1/1 2:20,14,39,74.92
636,2024/1/1 2:20,14,11,61.27
637,2024/1/1 2:20,14,24.5,56.4
638,2024/1/1 2:20,14,38,51.53
639,2024/1/1 2:20,14,56,50.7
640,2024/1/1 2:20,14,45,51.87
641,2024/1/1 2:20,14,20,68.05
642,2024/1/1 2:20,14,31,52.13
643,2024/1/1 2:20,14,28,44.75
644,2024/1/1 2:20,14,21,52.52
645,2024/1/1 2:20,14,19,72.79
646,2024/1/1 2:20,14,24,82.42
647,2024/1/1 2:20,14,18.5,74.82
648,2024/1/1 2:20,14,13,67.23
649,2024/1/1 2:20,14,6,86.83
650,2024/1/1 2:20,14,12,58.58
651,2024/1/1 2:20,14,13,65.54
652,2024/1/1 2:20,14,11,51.18
653,2024/1/1 2:20,14,14,53.21
654,2024/1/1 2:20,14,17,55.24
655,2024/1/1 2:20,14,93,42.65
656,2024/1/1 2:20,14,99.5,47.51
657,2024/1/1 2:20,14,106,52.36
658,2024/1/1 2:20,14,112.5,57.22
659,2024/1/1 2:20,14,119,62.08
660,2024/1/1 2:20,14,63.5,70.35
661,2024/1/1 2:20,14,8,78.62
662,2024/1/1 2:20,14,16,53.44
663,2024/1/1 2:20,14,6,80.83
664,2024/1/1 2:20,14,29.5,74.74
665,2024/1/1 2:20,14,53,68.64
666,2024/1/1 2:20,14,51.5,70.78
667,2024/1/1 2:20,14,50,72.92
668,2024/1/1 2:20,14,47,57.26
669,2024/1/1 2:20,14,57,62.35
670,2024/1/1 2:20,14,46,71.5
671,2024/1/1 2:20,14,35,80.66
672,2024/1/1 2:20,14,47,65.89
673,2024/1/1 2:20,14,67,79.4
674,2024/1/1 2:20,14,43,70.33
675,2024/1/1 2:20,14,75,62.43
676,2024/1/1 2:20,14,55,72.25
677,2024/1/1 2:20,14,47.67,72.92
678,2024/1/1 2:20,14,40.33,73.6
679,2024/1/1 2:20,14,33,74.27
680,2024/1/1 2:20,14,28,80.04
681,2024/1/1 2:20,14,29,69.97
682,2024/1/1 2:20,14,16,88.88
683,2024/1/1 2:20,14,38,88.63
684,2024/1/1 2:20,14,38,93.11
685,2024/1/1 2:20,14,28,89.29
686,2024/1/1 2:20,14,27,80.89
687,2024/1/1 2:20,14,30,77.14
688,2024/1/1 2:20,14,33,73.39
689,2024/1/1 2:20,14,83,79.27
690,2024/1/1 2:20,14,93,67.92
691,2024/1/1 2:20,14,70,62.96
692,2024/1/1 2:20,14,72,86.99
693,2024/1/1 2:20,14,52,82.5
694,2024/1/1 2:20,14,58,63.74
695,2024/1/1 2:20,14,23,45.13
696,2024/1/1 2:20,14,49,77.02
697,2024/1/1 2:20,14,25,82.04
698,2024/1/1 2:20,14,34.5,72.5
699,2024/1/1 2:20,14,44,62.95
700,2024/1/1 2:20,14,38,61.36
701,2024/1/1 2:20,14,32,59.78
702,2024/1/1 2:20,14,24,74.7
703,2024/1/1 2:20,14,16,89.62
704,2024/1/1 2:20,14,18,82.61
705,2024/1/1 2:20,14,22,105.91
706,2024/1/1 2:20,14,48,71.94
707,2024/1/1 2:20,14,36,90.31
708,2024/1/1 2:20,14,45,84.51
709,2024/1/1 2:20,14,39,82.69
710,2024/1/1 2:20,14,33,80.86
711,2024/1/1 2:20,14,27,79.04
712,2024/1/1 2:20,14,28,52.11
713,2024/1/1 2:20,14,31,51.42
714,2024/1/1 2:20,14,34,50.74
715,2024/1/1 2:20,14,26,89.96
716,2024/1/1 2:20,14,10,51.4
717,2024/1/1 2:20,14,19,53.84
718,2024/1/1 2:20,14,20,38.2
719,2024/1/1 2:20,14,22,54.73
720,2024/1/1 2:20,14,13,45.46
721,2024/1/1 2:20,14,22,55.77
722,2024/1/1 2:20,14,32.33,60.34
723,2024/1/1 2:20,14,42.67,64.9
724,2024/1/1 2:20,14,53,69.47
725,2024/1/1 2:20,14,38,64.45
726,2024/1/1 2:20,14,32,92.31
727,2024/1/1 2:20,14,37,79.54
728,2024/1/1 2:20,14,32,77.47
729,2024/1/1 2:20,14,37,57.38
730,2024/1/1 2:20,14,29.5,48.44
731,2024/1/1 2:20,14,22,39.5
732,2024/1/1 2:20,14,25,79.52
733,2024/1/1 2:20,14,37,66.95
734,2024/1/1 2:20,14,25,57.48
735,2024/1/1 2:20,14,20,91
736,2024/1/1 2:20,14,25,89.28
737,2024/1/1 2:20,14,33,68.18
738,2024/1/1 2:20,14,29,42.28
739,2024/1/1 2:20,14,17,52.88
740,2024/1/1 2:20,14,13,77.23
741,2024/1/1 2:20,14,12.09,77.36
742,2024/1/1 2:20,14,11.18,77.49
743,2024/1/1 2:20,14,10.27,77.62
744,2024/1/1 2:20,14,9.36,77.75
745,2024/1/1 2:20,14,8.45,77.88
746,2024/1/1 2:20,14,7.55,78.02
747,2024/1/1 2:20,14,6.64,78.15
748,2024/1/1 2:20,14,5.73,78.28
749,2024/1/1 2:20,14,4.82,78.41
750,2024/1/1 2:20,14,3.91,78.54
751,2024/1/1 2:20,14,3,78.67
752,2024/1/1 2:20,14,2.94,78.75
753,2024/1/1 2:20,14,2.88,78.83
754,2024/1/1 2:20,14,2.82,78.9
755,2024/1/1 2:20,14,2.76,78.98
756,2024/1/1 2:20,14,2.71,79.06
757,2024/1/1 2:20,14,2.65,79.14
758,2024/1/1 2:20,14,2.59,79.22
759,2024/1/1 2:20,14,2.53,79.3
760,2024/1/1 2:20,14,2.47,79.37
761,2024/1/1 2:20,14,2.41,79.45
762,2024/1/1 2:20,14,2.35,79.53
763,2024/1/1 2:20,14,2.29,79.61
764,2024/1/1 2:20,14,2.24,79.69
765,2024/1/1 2:20,14,2.18,79.77
766,2024/1/1 2:20,14,2.12,79.84
767,2024/1/1 2:20,14,2.06,79.92
768,2024/1/1 2:20,14,2,80
769,2024/1/1 2:20,14,7,79.43
770,2024/1/1 2:20,14,17,50.47
771,2024/1/1 2:20,14,26,51.06
772,2024/1/1 2:20,14,35,51.66
773,2024/1/1 2:20,14,22,65.68
774,2024/1/1 2:20,14,25,63.56
775,2024/1/1 2:20,14,28,61.44
776,2024/1/1 2:20,14,31,59.32
777,2024/1/1 2:20,14,26,76
778,2024/1/1 2:20,14,13,57.38
779,2024/1/1 2:20,14,35,48.17
780,2024/1/1 2:20,14,18,57.11
781,2024/1/1 2:20,14,4,68.75
782,2024/1/1 2:20,14,3,66
783,2024/1/1 2:20,14,11,51.91
784,2024/1/1 2:20,14,11,65.91
785,2024/1/1 2:20,14,4,49.5
786,2024/1/1 2:20,14,39,70.13
787,2024/1/1 2:20,14,41,91.12
788,2024/1/1 2:20,14,37,77.81
789,2024/1/1 2:20,14,37,64.16
790,2024/1/1 2:20,14,44,83.77
791,2024/1/1 2:20,14,28,59.61
792,2024/1/1 2:20,14,41.5,50.86
793,2024/1/1 2:20,14,20.75,25.43
794,2024/1/1 2:20,14,12.92,36.01
795,2024/1/1 2:20,14,6.46,18.01
796,2024/1/1 2:20,14,3.23,9
797,2024/1/1 2:20,14,1.61,4.5
798,2024/1/1 2:20,14,0.81,2.25
799,2024/1/1 2:20,14,0.4,1.13
800,2024/1/1 2:20,14,0.2,0.56
801,2024/1/1 2:20,14,0.1,0.28
802,2024/1/1 2:20,14,0.05,0.14
803,2024/1/1 2:20,14,0.03,0.07
804,2024/1/1 2:20,14,0.01,0.02
805,2024/1/1 2:20,14,0,0.01
806,2024/1/1 2:20,14,10,24.77
807,2024/1/1 2:20,14,20,49.53
808,2024/1/1 2:20,14,0,0.01
809,2024/1/1 2:20,14,3.95,5.02
810,2024/1/1 2:20,14,7.91,10.04
811,2024/1/1 2:20,14,11.86,15.05
812,2024/1/1 2:20,14,15.82,20.07
813,2024/1/1 2:20,14,19.77,25.08
814,2024/1/1 2:20,14,23.73,30.1
815,2024/1/1 2:20,14,27.68,35.11
816,2024/1/1 2:20,14,31.64,40.13
817,2024/1/1 2:20,14,35.59,45.14
818,2024/1/1 2:20,14,39.55,50.16
819,2024/1/1 2:20,14,43.5,55.17
820,2024/1/1 2:20,14,42.38,55.93
821,2024/1/1 2:20,14,41.25,56.69
822,2024/1/1 2:20,14,40.12,57.45
823,2024/1/1 2:20,14,39,58.2
824,2024/1/1 2:20,14,37.88,58.96
825,2024/1/1 2:20,14,36.75,59.72
826,2024/1/1 2:20,14,35.62,60.48
827,2024/1/1 2:20,14,34.5,61.24
828,2024/1/1 2:20,14,54.5,55.73
829,2024/1/1 2:20,14,27.25,27.86
830,2024/1/1 2:20,14,13.62,13.93
831,2024/1/1 2:20,14,6.81,6.97
832,2024/1/1 2:20,14,3.41,3.48
833,2024/1/1 2:20,14,1.7,1.74
834,2024/1/1 2:20,14,0.85,0.87
835,2024/1/1 2:20,14,0.43,0.44
836,2024/1/1 2:20,14,0.21,0.22
837,2024/1/1 2:20,14,0.05,0.05
838,2024/1/1 2:20,14,0.03,0.03
839,2024/1/1 2:20,14,0.01,0.01
840,2024/1/1 2:20,14,2.46,3.45
841,2024/1/1 2:20,14,4.92,6.88
842,2024/1/1 2:20,14,7.37,10.32
843,2024/1/1 2:20,14,9.82,13.76
844,2024/1/1 2:20,14,12.28,17.19
845,2024/1/1 2:20,14,14.73,20.63
846,2024/1/1 2:20,14,17.19,24.06
847,2024/1/1 2:20,14,19.64,27.5
848,2024/1/1 2:20,14,22.09,30.94
849,2024/1/1 2:20,14,24.55,34.37
850,2024/1/1 2:20,14,27,37.81
851,2024/1/1 2:20,14,33,62.32
852,2024/1/1 2:20,14,16.5,31.16
853,2024/1/1 2:20,14,8.25,15.58
854,2024/1/1 2:20,14,4.12,7.79
855,2024/1/1 2:20,14,2.06,3.9
856,2024/1/1 2:20,14,1.03,1.95
857,2024/1/1 2:20,14,0.52,0.97
858,2024/1/1 2:20,14,0.26,0.49
859,2024/1/1 2:20,14,0.13,0.24
860,2024/1/1 2:20,14,0.06,0.12
861,2024/1/1 2:20,14,0.03,0.06
862,2024/1/1 2:20,14,0.04,0.06
863,2024/1/1 2:20,14,0.03,0.03
864,2024/1/1 2:20,14,17,40.75
865,2024/1/1 2:20,14,8.5,20.38
866,2024/1/1 2:20,14,4.25,10.19
867,2024/1/1 2:20,14,1.42,3.4
868,2024/1/1 2:20,14,0.71,1.7
869,2024/1/1 2:20,14,0.71,1.7
870,2024/1/1 2:20,14,46.67,57.72
871,2024/1/1 2:20,14,23.33,28.86
872,2024/1/1 2:20,14,11.67,14.43
873,2024/1/1 2:20,14,5.83,7.22
874,2024/1/1 2:20,14,2.92,3.61
875,2024/1/1 2:20,14,1.46,1.8
876,2024/1/1 2:20,14,0.73,0.9
877,2024/1/1 2:20,14,0.36,0.45
878,2024/1/1 2:20,14,0.18,0.23
879,2024/1/1 2:20,14,33.09,46.53
880,2024/1/1 2:20,14,37,79.41
881,2024/1/1 2:20,14,22.5,37.94
882,2024/1/1 2:20,14,11.25,18.97
883,2024/1/1 2:20,14,5.62,9.49
884,2024/1/1 2:20,14,2.81,4.74
885,2024/1/1 2:20,14,1.41,2.37
886,2024/1/1 2:20,14,17.7,41.94
887,2024/1/1 2:20,14,25.5,37.86
888,2024/1/1 2:20,14,12.75,18.93
889,2024/1/1 2:20,14,6.38,9.46
890,2024/1/1 2:20,14,3.19,4.73
891,2024/1/1 2:20,14,27.59,42.17
892,2024/1/1 2:20,14,24.5,42.64
893,2024/1/1 2:20,14,12.25,21.32
894,2024/1/1 2:20,14,6.12,10.66
895,2024/1/1 2:20,14,3.06,5.33
896,2024/1/1 2:20,14,28.03,41.91
897,2024/1/1 2:20,14,58.5,27.49
898,2024/1/1 2:20,14,29.25,13.74
899,2024/1/1 2:20,14,14.62,6.87
900,2024/1/1 2:20,14,73.31,44.72
901,2024/1/1 2:20,14,43,37.54
902,2024/1/1 2:20,14,21.5,18.77
903,2024/1/1 2:20,14,10.75,9.38
904,2024/1/1 2:20,14,43.38,33.82
905,2024/1/1 2:20,14,27.5,41.25
906,2024/1/1 2:20,14,13.75,20.62
907,2024/1/1 2:20,14,6.88,10.31
908,2024/1/1 2:20,14,3.44,5.16
909,2024/1/1 2:20,14,1.72,2.58
910,2024/1/1 2:20,14,0.86,1.29
911,2024/1/1 2:20,14,0.43,0.64
912,2024/1/1 2:20,14,30.21,41.05
913,2024/1/1 2:20,14,15.33,27.2
914,2024/1/1 2:20,14,7.67,13.6
915,2024/1/1 2:20,14,3.83,6.8
916,2024/1/1 2:20,14,1.92,3.4
917,2024/1/1 2:20,14,0.96,1.7
918,2024/1/1 2:20,14,0.48,0.85
919,2024/1/1 2:20,14,0.24,0.43
920,2024/1/1 2:20,14,15.62,39.79
921,2024/1/1 2:20,14,30.33,28.71
922,2024/1/1 2:20,14,14.08,36.41
923,2024/1/1 2:20,14,7.04,18.2
924,2024/1/1 2:20,14,12.52,37.66
925,2024/1/1 2:20,14,5.5,25.96
926,2024/1/1 2:20,14,2.75,12.98
927,2024/1/1 2:20,14,7.94,30.15
928,2024/1/1 2:20,14,65.31,64.08
929,2024/1/1 2:20,14,1.5,33
930,2024/1/1 2:20,14,0.75,16.5
931,2024/1/1 2:20,14,0.38,8.25
932,2024/1/1 2:20,14,0.19,4.12
933,2024/1/1 2:20,14,0.09,2.06
934,2024/1/1 2:20,14,21.5,35.16
935,2024/1/1 2:20,14,10.75,17.58
936,2024/1/1 2:20,14,5.38,8.79
937,2024/1/1 2:20,14,4.69,29.15
938,2024/1/1 2:20,14,18,33.61
939,2024/1/1 2:20,14,9,16.8
940,2024/1/1 2:20,14,4.5,8.4
941,2024/1/1 2:20,14,19.75,45.93
942,2024/1/1 2:20,14,26.5,39.19
943,2024/1/1 2:20,14,13.25,19.59
944,2024/1/1 2:20,14,6.62,9.8
945,2024/1/1 2:20,14,37.81,47.77
946,2024/1/1 2:20,14,27.5,40.34
947,2024/1/1 2:20,14,13.75,20.17
948,2024/1/1 2:20,14,6.88,10.08
949,2024/1/1 2:20,14,3.44,5.04
950,2024/1/1 2:20,14,1.72,2.52
951,2024/1/1 2:20,14,0.86,1.26
952,2024/1/1 2:20,14,55.43,46
953,2024/1/1 2:20,14,52,46.38
954,2024/1/1 2:20,14,26,23.19
955,2024/1/1 2:20,14,13,11.59
956,2024/1/1 2:20,14,6.5,5.8
957,2024/1/1 2:20,14,3.25,2.9
958,2024/1/1 2:20,14,1.62,1.45
959,2024/1/1 2:20,14,40.81,42.75
960,2024/1/1 2:20,14,70.5,35.2
961,2024/1/1 2:20,14,35.25,17.6
962,2024/1/1 2:20,14,17.62,8.8
963,2024/1/1 2:20,14,8.81,4.4
964,2024/1/1 2:20,14,4.41,2.2
965,2024/1/1 2:20,14,2.2,1.1
966,2024/1/1 2:20,14,25.1,25.07
967,2024/1/1 2:20,14,31,31.64
968,2024/1/1 2:20,14,15.5,15.82
969,2024/1/1 2:20,14,7.75,7.91
970,2024/1/1 2:20,14,3.88,3.96
971,2024/1/1 2:20,14,1.94,1.98
972,2024/1/1 2:20,14,0.97,0.99
973,2024/1/1 2:20,14,0.48,0.49
974,2024/1/1 2:20,14,41.24,36.17
975,2024/1/1 2:20,14,5.33,19.58
976,2024/1/1 2:20,14,2.67,9.79
977,2024/1/1 2:20,14,1.33,4.9
978,2024/1/1 2:20,14,0.67,2.45
979,2024/1/1 2:20,14,0.33,1.22
980,2024/1/1 2:20,14,0.17,0.61
981,2024/1/1 2:20,14,14.06,30.03
982,2024/1/1 2:20,14,7.03,15.02
983,2024/1/1 2:20,14,3.51,7.51
984,2024/1/1 2:20,14,1.76,3.75
985,2024/1/1 2:20,14,28.25,57.14
986,2024/1/1 2:20,14,42,34.44
987,2024/1/1 2:20,14,21,17.22
988,2024/1/1 2:20,14,10.5,8.61
989,2024/1/1 2:20,14,5.25,4.3
990,2024/1/1 2:20,14,89.62,36.3
991,2024/1/1 2:20,14,66.5,32.44
992,2024/1/1 2:20,14,33.25,16.22
993,2024/1/1 2:20,14,16.62,8.11
994,2024/1/1 2:20,14,8.31,4.06
995,2024/1/1 2:20,14,32.44,18.54
996,2024/1/1 2:20,14,61.33,53.49
997,2024/1/1 2:20,14,30.67,26.74
998,2024/1/1 2:20,14,15.33,13.37
999,2024/1/1 2:20,14,8.44,35.19
1000,2024/1/1 2:20,14,12,32.81
1001,2024/1/1 2:20,14,6,16.41
1002,2024/1/1 2:20,14,3,8.2
1003,2024/1/1 2:20,14,1.5,4.1
1004,2024/1/1 2:20,14,0.75,2.05
1005,2024/1/1 2:20,14,51.58,55.37
1006,2024/1/1 2:20,14,84,72.75
2,2024/1/1 2:30,15,36,62.75
3,2024/1/1 2:30,15,62,69.74
4,2024/1/1 2:30,15,50,70.22
5,2024/1/1 2:30,15,38,74.92
6,2024/1/1 2:30,15,42,93.1
7,2024/1/1 2:30,15,56,56.23
8,2024/1/1 2:30,15,54,67.43
9,2024/1/1 2:30,15,50,83.52
10,2024/1/1 2:30,15,65,63.95
11,2024/1/1 2:30,15,67,66.93
12,2024/1/1 2:30,15,140,71.38
13,2024/1/1 2:30,15,155,61.63
14,2024/1/1 2:30,15,67,66.55
15,2024/1/1 2:30,15,70,72.63
16,2024/1/1 2:30,15,79,61.52
17,2024/1/1 2:30,15,46,74
18,2024/1/1 2:30,15,92,62.28
19,2024/1/1 2:30,15,92,67.46
20,2024/1/1 2:30,15,88,62.7
21,2024/1/1 2:30,15,84,57.95
22,2024/1/1 2:30,15,75,72.15
23,2024/1/1 2:30,15,78,70.37
24,2024/1/1 2:30,15,99,58.86
25,2024/1/1 2:30,15,85,82.88
26,2024/1/1 2:30,15,74,81.09
27,2024/1/1 2:30,15,95,89.56
28,2024/1/1 2:30,15,110,92.75
29,2024/1/1 2:30,15,83,86.6
30,2024/1/1 2:30,15,86,75.01
31,2024/1/1 2:30,15,72.5,84.02
32,2024/1/1 2:30,15,59,93.03
33,2024/1/1 2:30,15,65,92.74
34,2024/1/1 2:30,15,64,86.34
35,2024/1/1 2:30,15,64,75.5
36,2024/1/1 2:30,15,58,93.28
37,2024/1/1 2:30,15,68,83.29
38,2024/1/1 2:30,15,91,56.76
39,2024/1/1 2:30,15,65.5,64.05
40,2024/1/1 2:30,15,40,71.35
41,2024/1/1 2:30,15,50,42.7
42,2024/1/1 2:30,15,54,46.09
43,2024/1/1 2:30,15,58,49.48
44,2024/1/1 2:30,15,62,62.13
45,2024/1/1 2:30,15,50,71.38
46,2024/1/1 2:30,15,61,73.93
47,2024/1/1 2:30,15,45,66.84
48,2024/1/1 2:30,15,37,69.65
49,2024/1/1 2:30,15,35,73.03
50,2024/1/1 2:30,15,104,64.85
51,2024/1/1 2:30,15,90,47.8
52,2024/1/1 2:30,15,65,79.31
53,2024/1/1 2:30,15,59,69.71
54,2024/1/1 2:30,15,69,80.03
55,2024/1/1 2:30,15,50,60.84
56,2024/1/1 2:30,15,37,81.19
57,2024/1/1 2:30,15,50,84.32
58,2024/1/1 2:30,15,69,60.38
59,2024/1/1 2:30,15,61,77.95
60,2024/1/1 2:30,15,34,69.91
61,2024/1/1 2:30,15,13,90.77
62,2024/1/1 2:30,15,13,66.62
63,2024/1/1 2:30,15,72,89.6
64,2024/1/1 2:30,15,84,97.01
65,2024/1/1 2:30,15,89,102.53
66,2024/1/1 2:30,15,80,104
67,2024/1/1 2:30,15,77,106.71
68,2024/1/1 2:30,15,86,95.52
69,2024/1/1 2:30,15,44,99.02
70,2024/1/1 2:30,15,44,94.68
71,2024/1/1 2:30,15,40,91.05
72,2024/1/1 2:30,15,39,80.97
73,2024/1/1 2:30,15,28,83.64
74,2024/1/1 2:30,15,61,92.07
75,2024/1/1 2:30,15,63,78.08
76,2024/1/1 2:30,15,39,89.87
77,2024/1/1 2:30,15,69,102.68
78,2024/1/1 2:30,15,65,93.65
79,2024/1/1 2:30,15,69,98.52
80,2024/1/1 2:30,15,85,102.19
81,2024/1/1 2:30,15,31,80
82,2024/1/1 2:30,15,31,75.65
83,2024/1/1 2:30,15,67,89.82
84,2024/1/1 2:30,15,43,77.35
85,2024/1/1 2:30,15,31,79.71
86,2024/1/1 2:30,15,35,91.43
87,2024/1/1 2:30,15,28,77.39
88,2024/1/1 2:30,15,56,85.46
89,2024/1/1 2:30,15,54,112.59
90,2024/1/1 2:30,15,71,98.94
91,2024/1/1 2:30,15,88,85.28
92,2024/1/1 2:30,15,89,97.84
93,2024/1/1 2:30,15,78,107.78
94,2024/1/1 2:30,15,75,92.31
95,2024/1/1 2:30,15,88,88.31
96,2024/1/1 2:30,15,75,82.76
97,2024/1/1 2:30,15,79,75.63
98,2024/1/1 2:30,15,105,88.31
99,2024/1/1 2:30,15,36,98.17
100,2024/1/1 2:30,15,25,71.04
101,2024/1/1 2:30,15,11,63
102,2024/1/1 2:30,15,60,88.88
103,2024/1/1 2:30,15,56,99.5
104,2024/1/1 2:30,15,52,110.13
105,2024/1/1 2:30,15,60,101.15
106,2024/1/1 2:30,15,114,111.89
107,2024/1/1 2:30,15,114,104.61
108,2024/1/1 2:30,15,88,112.88
109,2024/1/1 2:30,15,92,104.16
110,2024/1/1 2:30,15,86,103.94
111,2024/1/1 2:30,15,64,93.05
112,2024/1/1 2:30,15,68,114.85
113,2024/1/1 2:30,15,48,98.23
114,2024/1/1 2:30,15,57,100.04
115,2024/1/1 2:30,15,51,87.67
116,2024/1/1 2:30,15,68,88.41
117,2024/1/1 2:30,15,57,108.47
118,2024/1/1 2:30,15,59,100.59
119,2024/1/1 2:30,15,61,105.72
120,2024/1/1 2:30,15,48,126.58
121,2024/1/1 2:30,15,63,114.81
122,2024/1/1 2:30,15,32,112.59
123,2024/1/1 2:30,15,35,114.2
124,2024/1/1 2:30,15,33,85.42
125,2024/1/1 2:30,15,92,110.71
126,2024/1/1 2:30,15,51,101.8
127,2024/1/1 2:30,15,57,96.93
128,2024/1/1 2:30,15,94,117.13
129,2024/1/1 2:30,15,93,120.3
130,2024/1/1 2:30,15,96,111.62
131,2024/1/1 2:30,15,88,110.62
132,2024/1/1 2:30,15,87,105.7
133,2024/1/1 2:30,15,26,89.69
134,2024/1/1 2:30,15,44,91.16
135,2024/1/1 2:30,15,31,66.58
136,2024/1/1 2:30,15,23,82
137,2024/1/1 2:30,15,14,71.36
138,2024/1/1 2:30,15,39,80.1
139,2024/1/1 2:30,15,58,82.59
140,2024/1/1 2:30,15,96,87.79
141,2024/1/1 2:30,15,106,88.05
142,2024/1/1 2:30,15,63,90.81
143,2024/1/1 2:30,15,58,77.09
144,2024/1/1 2:30,15,103,83.28
145,2024/1/1 2:30,15,63,70.27
146,2024/1/1 2:30,15,59,78.54
147,2024/1/1 2:30,15,67,91.67
148,2024/1/1 2:30,15,71,87.13
149,2024/1/1 2:30,15,42,75.4
150,2024/1/1 2:30,15,40,75.25
151,2024/1/1 2:30,15,45,62.76
152,2024/1/1 2:30,15,44,77.14
153,2024/1/1 2:30,15,11,65.45
154,2024/1/1 2:30,15,23,73.35
155,2024/1/1 2:30,15,41,92.32
156,2024/1/1 2:30,15,50,100.52
157,2024/1/1 2:30,15,7,40.14
158,2024/1/1 2:30,15,13,61.08
159,2024/1/1 2:30,15,32,74.19
160,2024/1/1 2:30,15,35,83
161,2024/1/1 2:30,15,31,40.26
162,2024/1/1 2:30,15,25,77.24
163,2024/1/1 2:30,15,23,76.09
164,2024/1/1 2:30,15,51,64.06
165,2024/1/1 2:30,15,52,81.44
166,2024/1/1 2:30,15,68,75.94
167,2024/1/1 2:30,15,12,79.67
168,2024/1/1 2:30,15,91,79.07
169,2024/1/1 2:30,15,51,74.92
170,2024/1/1 2:30,15,94,85.96
171,2024/1/1 2:30,15,109,87.19
172,2024/1/1 2:30,15,79,86.51
173,2024/1/1 2:30,15,110,93.07
174,2024/1/1 2:30,15,94,87.91
175,2024/1/1 2:30,15,74,72.69
176,2024/1/1 2:30,15,14,87.21
177,2024/1/1 2:30,15,25,90.28
178,2024/1/1 2:30,15,34.5,81.55
179,2024/1/1 2:30,15,44,72.82
180,2024/1/1 2:30,15,33,72.07
181,2024/1/1 2:30,15,22,71.32
182,2024/1/1 2:30,15,57,66.77
183,2024/1/1 2:30,15,98,69.96
184,2024/1/1 2:30,15,63,64.52
185,2024/1/1 2:30,15,61.67,66.05
186,2024/1/1 2:30,15,60.33,67.59
187,2024/1/1 2:30,15,59,69.12
188,2024/1/1 2:30,15,42,74.64
189,2024/1/1 2:30,15,33,66.61
190,2024/1/1 2:30,15,68,81.26
191,2024/1/1 2:30,15,65,67.28
192,2024/1/1 2:30,15,64.5,78.18
193,2024/1/1 2:30,15,64,89.08
194,2024/1/1 2:30,15,75,70.93
195,2024/1/1 2:30,15,65,63.06
196,2024/1/1 2:30,15,73,82.93
197,2024/1/1 2:30,15,64,90.19
198,2024/1/1 2:30,15,117,87.54
199,2024/1/1 2:30,15,88,88.25
200,2024/1/1 2:30,15,66,84.32
201,2024/1/1 2:30,15,92,82.49
202,2024/1/1 2:30,15,120,62.69
203,2024/1/1 2:30,15,91,63.77
204,2024/1/1 2:30,15,64,76.61
205,2024/1/1 2:30,15,97,91.84
206,2024/1/1 2:30,15,54,87.15
207,2024/1/1 2:30,15,79,79.04
208,2024/1/1 2:30,15,59,70.08
209,2024/1/1 2:30,15,63,90.29
210,2024/1/1 2:30,15,32,88.78
211,2024/1/1 2:30,15,40,87.35
212,2024/1/1 2:30,15,80,89.01
213,2024/1/1 2:30,15,49,83.08
214,2024/1/1 2:30,15,94,82.34
215,2024/1/1 2:30,15,75,82.61
216,2024/1/1 2:30,15,90,77.73
217,2024/1/1 2:30,15,101,88.26
218,2024/1/1 2:30,15,97,88.38
219,2024/1/1 2:30,15,95,82.98
220,2024/1/1 2:30,15,65,83.85
221,2024/1/1 2:30,15,53,81.72
222,2024/1/1 2:30,15,53,81.47
223,2024/1/1 2:30,15,69,66.72
224,2024/1/1 2:30,15,60,69.3
225,2024/1/1 2:30,15,52,80.1
226,2024/1/1 2:30,15,75,61.33
227,2024/1/1 2:30,15,53,73.57
228,2024/1/1 2:30,15,41,64.61
229,2024/1/1 2:30,15,32,67.34
230,2024/1/1 2:30,15,42,73.69
231,2024/1/1 2:30,15,30,85.43
232,2024/1/1 2:30,15,55.67,76.27
233,2024/1/1 2:30,15,81.33,67.11
234,2024/1/1 2:30,15,107,57.95
235,2024/1/1 2:30,15,130,67.75
236,2024/1/1 2:30,15,45,49.49
237,2024/1/1 2:30,15,16,74.19
238,2024/1/1 2:30,15,12,60.33
239,2024/1/1 2:30,15,18,56.68
240,2024/1/1 2:30,15,24,53.04
241,2024/1/1 2:30,15,5,26.2
242,2024/1/1 2:30,15,26,78.92
243,2024/1/1 2:30,15,78,79.6
244,2024/1/1 2:30,15,76,72.11
245,2024/1/1 2:30,15,136,63.17
246,2024/1/1 2:30,15,107,61.12
247,2024/1/1 2:30,15,97.5,55.83
248,2024/1/1 2:30,15,88,50.55
249,2024/1/1 2:30,15,42,66.93
250,2024/1/1 2:30,15,61,74.34
251,2024/1/1 2:30,15,70,69.04
252,2024/1/1 2:30,15,79,67.7
253,2024/1/1 2:30,15,134,74.28
254,2024/1/1 2:30,15,86,67.49
255,2024/1/1 2:30,15,95,70
256,2024/1/1 2:30,15,104,72.52
257,2024/1/1 2:30,15,98,65.11
258,2024/1/1 2:30,15,102,80.82
259,2024/1/1 2:30,15,97,75.02
260,2024/1/1 2:30,15,104,76.58
261,2024/1/1 2:30,15,69,61.35
262,2024/1/1 2:30,15,101,79.02
263,2024/1/1 2:30,15,87,56.56
264,2024/1/1 2:30,15,76,75.46
265,2024/1/1 2:30,15,83,64.29
266,2024/1/1 2:30,15,89,74.18
267,2024/1/1 2:30,15,87,54
268,2024/1/1 2:30,15,110,74.42
269,2024/1/1 2:30,15,98,77.86
270,2024/1/1 2:30,15,92,82.43
271,2024/1/1 2:30,15,92.5,82.6
272,2024/1/1 2:30,15,93,82.78
273,2024/1/1 2:30,15,41,69.44
274,2024/1/1 2:30,15,90,68.6
275,2024/1/1 2:30,15,66,69.21
276,2024/1/1 2:30,15,96,71.99
277,2024/1/1 2:30,15,98,73.1
278,2024/1/1 2:30,15,100,74.22
279,2024/1/1 2:30,15,80,72.58
280,2024/1/1 2:30,15,60,70.93
281,2024/1/1 2:30,15,54,64.61
282,2024/1/1 2:30,15,70,65.67
283,2024/1/1 2:30,15,85,67.28
284,2024/1/1 2:30,15,81,76.59
285,2024/1/1 2:30,15,100,68.45
286,2024/1/1 2:30,15,109,73.7
287,2024/1/1 2:30,15,105,73.55
288,2024/1/1 2:30,15,101,73.4
289,2024/1/1 2:30,15,73,64.1
290,2024/1/1 2:30,15,97,71.51
291,2024/1/1 2:30,15,115,69.73
292,2024/1/1 2:30,15,83,62.99
293,2024/1/1 2:30,15,88,78.72
294,2024/1/1 2:30,15,67,75.58
295,2024/1/1 2:30,15,57,70.3
296,2024/1/1 2:30,15,67,61.3
297,2024/1/1 2:30,15,91,63.8
298,2024/1/1 2:30,15,74,47.96
299,2024/1/1 2:30,15,80.5,50.24
300,2024/1/1 2:30,15,87,52.51
301,2024/1/1 2:30,15,147,70.37
302,2024/1/1 2:30,15,78,78.01
303,2024/1/1 2:30,15,100,81.96
304,2024/1/1 2:30,15,65,64.96
305,2024/1/1 2:30,15,30,47.97
306,2024/1/1 2:30,15,58,71.91
307,2024/1/1 2:30,15,41,104.95
308,2024/1/1 2:30,15,40,91.6
309,2024/1/1 2:30,15,52,109.88
310,2024/1/1 2:30,15,57,95.81
311,2024/1/1 2:30,15,71,105.42
312,2024/1/1 2:30,15,66,118.64
313,2024/1/1 2:30,15,52,113.6
314,2024/1/1 2:30,15,50,108.66
315,2024/1/1 2:30,15,54,101.94
316,2024/1/1 2:30,15,58,94.93
317,2024/1/1 2:30,15,48,92.02
318,2024/1/1 2:30,15,47,102.02
319,2024/1/1 2:30,15,38,106.24
320,2024/1/1 2:30,15,39,97.28
321,2024/1/1 2:30,15,32,114.38
322,2024/1/1 2:30,15,47,101.47
323,2024/1/1 2:30,15,56,101.73
324,2024/1/1 2:30,15,54,101.59
325,2024/1/1 2:30,15,16,81.12
326,2024/1/1 2:30,15,10,111.9
327,2024/1/1 2:30,15,8,89.75
328,2024/1/1 2:30,15,31,99.97
329,2024/1/1 2:30,15,16.5,63.24
330,2024/1/1 2:30,15,2,26.5
331,2024/1/1 2:30,15,36,99.08
332,2024/1/1 2:30,15,58,98.9
333,2024/1/1 2:30,15,65,99.89
334,2024/1/1 2:30,15,50,105.08
335,2024/1/1 2:30,15,55,106.67
336,2024/1/1 2:30,15,50,92.3
337,2024/1/1 2:30,15,42,96.98
338,2024/1/1 2:30,15,53,106.43
339,2024/1/1 2:30,15,43,91.63
340,2024/1/1 2:30,15,53,101.28
341,2024/1/1 2:30,15,78,98.17
342,2024/1/1 2:30,15,78,104.76
343,2024/1/1 2:30,15,77,112.36
344,2024/1/1 2:30,15,53,113.72
345,2024/1/1 2:30,15,60,109.75
346,2024/1/1 2:30,15,59,112.97
347,2024/1/1 2:30,15,57,114.02
348,2024/1/1 2:30,15,75,107.49
349,2024/1/1 2:30,15,65,90.88
350,2024/1/1 2:30,15,64,96.77
351,2024/1/1 2:30,15,23,85.43
352,2024/1/1 2:30,15,24,69.29
353,2024/1/1 2:30,15,24,82.29
354,2024/1/1 2:30,15,17,70.12
355,2024/1/1 2:30,15,16,84.38
356,2024/1/1 2:30,15,38,76.16
357,2024/1/1 2:30,15,42,79.24
358,2024/1/1 2:30,15,29,77.48
359,2024/1/1 2:30,15,49,78.63
360,2024/1/1 2:30,15,58,79.53
361,2024/1/1 2:30,15,55,79.49
362,2024/1/1 2:30,15,45,93.67
363,2024/1/1 2:30,15,78.5,80.55
364,2024/1/1 2:30,15,112,67.43
365,2024/1/1 2:30,15,105,77.92
366,2024/1/1 2:30,15,98,88.41
367,2024/1/1 2:30,15,91,98.9
368,2024/1/1 2:30,15,172,90.79
369,2024/1/1 2:30,15,158,88.58
370,2024/1/1 2:30,15,144,86.38
371,2024/1/1 2:30,15,110,72.93
372,2024/1/1 2:30,15,101,87.22
373,2024/1/1 2:30,15,116,95
374,2024/1/1 2:30,15,77,105.71
375,2024/1/1 2:30,15,80,92.46
376,2024/1/1 2:30,15,63,96.71
377,2024/1/1 2:30,15,72,105.35
378,2024/1/1 2:30,15,73,94.64
379,2024/1/1 2:30,15,68,88.63
380,2024/1/1 2:30,15,44,80.2
381,2024/1/1 2:30,15,33,92.73
382,2024/1/1 2:30,15,32,76.62
383,2024/1/1 2:30,15,12,87.5
384,2024/1/1 2:30,15,17,45.71
385,2024/1/1 2:30,15,28,83.96
386,2024/1/1 2:30,15,19,70.74
387,2024/1/1 2:30,15,34,69.03
388,2024/1/1 2:30,15,97,74.27
389,2024/1/1 2:30,15,109,93.54
390,2024/1/1 2:30,15,99,102.8
391,2024/1/1 2:30,15,81,79.74
392,2024/1/1 2:30,15,63,101.78
393,2024/1/1 2:30,15,87,111.29
394,2024/1/1 2:30,15,96,101.1
395,2024/1/1 2:30,15,116,98.53
396,2024/1/1 2:30,15,58.5,82.26
397,2024/1/1 2:30,15,1,
398,2024/1/1 2:30,15,0,
399,2024/1/1 2:30,15,1,
400,2024/1/1 2:30,15,0,
401,2024/1/1 2:30,15,0,
402,2024/1/1 2:30,15,1,79
403,2024/1/1 2:30,15,1,
404,2024/1/1 2:30,15,0,
405,2024/1/1 2:30,15,0,
406,2024/1/1 2:30,15,2,69
407,2024/1/1 2:30,15,2,81
408,2024/1/1 2:30,15,3,98.67
409,2024/1/1 2:30,15,2,55
410,2024/1/1 2:30,15,2,68
411,2024/1/1 2:30,15,1,80
412,2024/1/1 2:30,15,2,60
413,2024/1/1 2:30,15,2,90.5
414,2024/1/1 2:30,15,1,58
415,2024/1/1 2:30,15,18,80.89
416,2024/1/1 2:30,15,9.5,85.44
417,2024/1/1 2:30,15,1,90
418,2024/1/1 2:30,15,1,
419,2024/1/1 2:30,15,0,
420,2024/1/1 2:30,15,0,
421,2024/1/1 2:30,15,1,
422,2024/1/1 2:30,15,0,
423,2024/1/1 2:30,15,3,85.67
424,2024/1/1 2:30,15,3,74.33
425,2024/1/1 2:30,15,1,86
426,2024/1/1 2:30,15,3,
427,2024/1/1 2:30,15,0,
428,2024/1/1 2:30,15,2,78
429,2024/1/1 2:30,15,3,72.33
430,2024/1/1 2:30,15,6,84.17
431,2024/1/1 2:30,15,3,78
432,2024/1/1 2:30,15,2,91
433,2024/1/1 2:30,15,1,104
434,2024/1/1 2:30,15,33.67,94.77
435,2024/1/1 2:30,15,66.33,85.53
436,2024/1/1 2:30,15,99,76.3
437,2024/1/1 2:30,15,31,69.74
438,2024/1/1 2:30,15,35,82
439,2024/1/1 2:30,15,32,85.19
440,2024/1/1 2:30,15,29,88.38
441,2024/1/1 2:30,15,47,67.81
442,2024/1/1 2:30,15,68,67.99
443,2024/1/1 2:30,15,68.33,68.44
444,2024/1/1 2:30,15,68.67,68.88
445,2024/1/1 2:30,15,69,69.33
446,2024/1/1 2:30,15,78,64.53
447,2024/1/1 2:30,15,85,64.51
448,2024/1/1 2:30,15,90,75.51
449,2024/1/1 2:30,15,29,82.83
450,2024/1/1 2:30,15,26,84.35
451,2024/1/1 2:30,15,55,71.73
452,2024/1/1 2:30,15,55,85.76
453,2024/1/1 2:30,15,53,86.55
454,2024/1/1 2:30,15,63,80
455,2024/1/1 2:30,15,32,70.72
456,2024/1/1 2:30,15,72,73.56
457,2024/1/1 2:30,15,40,91.85
458,2024/1/1 2:30,15,44,75.45
459,2024/1/1 2:30,15,28,94.54
460,2024/1/1 2:30,15,37,94.3
461,2024/1/1 2:30,15,34,98.53
462,2024/1/1 2:30,15,35,93.77
463,2024/1/1 2:30,15,19,100.53
464,2024/1/1 2:30,15,7,91.71
465,2024/1/1 2:30,15,9,88.11
466,2024/1/1 2:30,15,41.5,85.65
467,2024/1/1 2:30,15,74,83.18
468,2024/1/1 2:30,15,70,78.91
469,2024/1/1 2:30,15,89,73.61
470,2024/1/1 2:30,15,95,79.73
471,2024/1/1 2:30,15,101,85.85
472,2024/1/1 2:30,15,38,87.95
473,2024/1/1 2:30,15,43,79.58
474,2024/1/1 2:30,15,32,83
475,2024/1/1 2:30,15,40,81.08
476,2024/1/1 2:30,15,34,78.65
477,2024/1/1 2:30,15,42,87.79
478,2024/1/1 2:30,15,88,68.31
479,2024/1/1 2:30,15,85,90.32
480,2024/1/1 2:30,15,93,77.39
481,2024/1/1 2:30,15,91,71.46
482,2024/1/1 2:30,15,101,78.92
483,2024/1/1 2:30,15,100,71.76
484,2024/1/1 2:30,15,73,69.25
485,2024/1/1 2:30,15,1097,1.94
486,2024/1/1 2:30,15,143,90.15
487,2024/1/1 2:30,15,141,82.05
488,2024/1/1 2:30,15,131,76.6
489,2024/1/1 2:30,15,127.5,81.73
490,2024/1/1 2:30,15,124,86.86
491,2024/1/1 2:30,15,128,88.23
492,2024/1/1 2:30,15,123,86.63
493,2024/1/1 2:30,15,106,80.03
494,2024/1/1 2:30,15,123,101.23
495,2024/1/1 2:30,15,117,85.11
496,2024/1/1 2:30,15,122,80.79
497,2024/1/1 2:30,15,111,94.32
498,2024/1/1 2:30,15,124,104.82
499,2024/1/1 2:30,15,103,77.4
500,2024/1/1 2:30,15,99,85.33
501,2024/1/1 2:30,15,95,93.26
502,2024/1/1 2:30,15,98,80.59
503,2024/1/1 2:30,15,120,88.08
504,2024/1/1 2:30,15,107,77.56
505,2024/1/1 2:30,15,114,84.77
506,2024/1/1 2:30,15,106,80
507,2024/1/1 2:30,15,111.75,76
508,2024/1/1 2:30,15,117.5,72
509,2024/1/1 2:30,15,123.25,67.99
510,2024/1/1 2:30,15,129,63.99
511,2024/1/1 2:30,15,129,73.42
512,2024/1/1 2:30,15,102,68.44
513,2024/1/1 2:30,15,120,74.13
514,2024/1/1 2:30,15,120,84.12
515,2024/1/1 2:30,15,101,73.27
516,2024/1/1 2:30,15,88,92.22
517,2024/1/1 2:30,15,94.5,89.7
518,2024/1/1 2:30,15,101,87.17
519,2024/1/1 2:30,15,109,82.97
520,2024/1/1 2:30,15,117,78.77
521,2024/1/1 2:30,15,100,100.63
522,2024/1/1 2:30,15,86,72.57
523,2024/1/1 2:30,15,97,81.82
524,2024/1/1 2:30,15,108,91.07
525,2024/1/1 2:30,15,125,78.92
526,2024/1/1 2:30,15,114,71.11
527,2024/1/1 2:30,15,46,87.17
528,2024/1/1 2:30,15,66.33,84.31
529,2024/1/1 2:30,15,86.67,81.44
530,2024/1/1 2:30,15,107,78.58
531,2024/1/1 2:30,15,78,88.47
532,2024/1/1 2:30,15,93.5,86.46
533,2024/1/1 2:30,15,109,84.46
534,2024/1/1 2:30,15,128,71.25
535,2024/1/1 2:30,15,102,94.64
536,2024/1/1 2:30,15,107,94.83
537,2024/1/1 2:30,15,113,91.15
538,2024/1/1 2:30,15,101,87.38
539,2024/1/1 2:30,15,94,84.88
540,2024/1/1 2:30,15,100,86.6
541,2024/1/1 2:30,15,106,88.32
542,2024/1/1 2:30,15,112,90.03
543,2024/1/1 2:30,15,118,91.75
544,2024/1/1 2:30,15,86.5,89.45
545,2024/1/1 2:30,15,55,87.15
546,2024/1/1 2:30,15,77.5,78.5
547,2024/1/1 2:30,15,100,69.84
548,2024/1/1 2:30,15,117,85.82
549,2024/1/1 2:30,15,105,88.17
550,2024/1/1 2:30,15,93,85.87
551,2024/1/1 2:30,15,110,64.35
552,2024/1/1 2:30,15,73,76.49
553,2024/1/1 2:30,15,63,80.49
554,2024/1/1 2:30,15,78,73.65
555,2024/1/1 2:30,15,63,77.33
556,2024/1/1 2:30,15,56,77.27
557,2024/1/1 2:30,15,64,75.97
558,2024/1/1 2:30,15,53,68.94
559,2024/1/1 2:30,15,62,87.85
560,2024/1/1 2:30,15,88,86.85
561,2024/1/1 2:30,15,80,89.62
562,2024/1/1 2:30,15,72,92.4
563,2024/1/1 2:30,15,74,92.46
564,2024/1/1 2:30,15,76,86.46
565,2024/1/1 2:30,15,78,80.46
566,2024/1/1 2:30,15,74,81.66
567,2024/1/1 2:30,15,66.5,84.38
568,2024/1/1 2:30,15,59,87.1
569,2024/1/1 2:30,15,74,81.31
570,2024/1/1 2:30,15,69.33,78.06
571,2024/1/1 2:30,15,64.67,74.82
572,2024/1/1 2:30,15,60,71.57
573,2024/1/1 2:30,15,55,74.25
574,2024/1/1 2:30,15,60,76.59
575,2024/1/1 2:30,15,65,78.92
576,2024/1/1 2:30,15,66,92.17
577,2024/1/1 2:30,15,70,78
578,2024/1/1 2:30,15,60.5,80.98
579,2024/1/1 2:30,15,51,83.96
580,2024/1/1 2:30,15,55,85.08
581,2024/1/1 2:30,15,59,86.21
582,2024/1/1 2:30,15,63,87.33
583,2024/1/1 2:30,15,75,81.1
584,2024/1/1 2:30,15,87,74.86
585,2024/1/1 2:30,15,102,59.29
586,2024/1/1 2:30,15,128,86.38
587,2024/1/1 2:30,15,92,84.48
588,2024/1/1 2:30,15,56,82.57
589,2024/1/1 2:30,15,65,92.97
590,2024/1/1 2:30,15,72.5,85.12
591,2024/1/1 2:30,15,80,77.28
592,2024/1/1 2:30,15,73.5,84.02
593,2024/1/1 2:30,15,67,90.76
594,2024/1/1 2:30,15,76.5,83.24
595,2024/1/1 2:30,15,86,75.71
596,2024/1/1 2:30,15,85,81.24
597,2024/1/1 2:30,15,81,78.78
598,2024/1/1 2:30,15,77,76.31
599,2024/1/1 2:30,15,35,79.51
600,2024/1/1 2:30,15,50,97.58
601,2024/1/1 2:30,15,58,84.93
602,2024/1/1 2:30,15,83,89.41
603,2024/1/1 2:30,15,63,63.37
604,2024/1/1 2:30,15,54,80.02
605,2024/1/1 2:30,15,65,85.76
606,2024/1/1 2:30,15,76,91.51
607,2024/1/1 2:30,15,74,88.57
608,2024/1/1 2:30,15,65,79.94
609,2024/1/1 2:30,15,66,96
610,2024/1/1 2:30,15,106,90.01
611,2024/1/1 2:30,15,101,80.22
612,2024/1/1 2:30,15,92.5,89.93
613,2024/1/1 2:30,15,84,99.64
614,2024/1/1 2:30,15,66,92.33
615,2024/1/1 2:30,15,69,84.96
616,2024/1/1 2:30,15,76,85.41
617,2024/1/1 2:30,15,88,76.55
618,2024/1/1 2:30,15,44,78.36
619,2024/1/1 2:30,15,75,51.43
620,2024/1/1 2:30,15,106,24.5
621,2024/1/1 2:30,15,113,50.6
622,2024/1/1 2:30,15,120,76.69
623,2024/1/1 2:30,15,115.5,81.8
624,2024/1/1 2:30,15,111,86.9
625,2024/1/1 2:30,15,34,49.47
626,2024/1/1 2:30,15,37,64.14
627,2024/1/1 2:30,15,27,49.57
628,2024/1/1 2:30,15,17,35
629,2024/1/1 2:30,15,19,61.53
630,2024/1/1 2:30,15,16,61.69
631,2024/1/1 2:30,15,19,82.53
632,2024/1/1 2:30,15,14,35.5
633,2024/1/1 2:30,15,15,39.53
634,2024/1/1 2:30,15,42,63.57
635,2024/1/1 2:30,15,40,66.58
636,2024/1/1 2:30,15,21,64.19
637,2024/1/1 2:30,15,22,61.01
638,2024/1/1 2:30,15,23,57.83
639,2024/1/1 2:30,15,36,52.39
640,2024/1/1 2:30,15,45,56.27
641,2024/1/1 2:30,15,21,60.19
642,2024/1/1 2:30,15,23,49.78
643,2024/1/1 2:30,15,19,56.79
644,2024/1/1 2:30,15,28,53.68
645,2024/1/1 2:30,15,23,73.26
646,2024/1/1 2:30,15,18,75.89
647,2024/1/1 2:30,15,15,69.57
648,2024/1/1 2:30,15,12,63.25
649,2024/1/1 2:30,15,8,78.75
650,2024/1/1 2:30,15,18,59.89
651,2024/1/1 2:30,15,20,63.1
652,2024/1/1 2:30,15,13,55.69
653,2024/1/1 2:30,15,20,59.94
654,2024/1/1 2:30,15,27,64.19
655,2024/1/1 2:30,15,97,40.12
656,2024/1/1 2:30,15,100.25,46.03
657,2024/1/1 2:30,15,103.5,51.94
658,2024/1/1 2:30,15,106.75,57.84
659,2024/1/1 2:30,15,110,63.75
660,2024/1/1 2:30,15,60.5,71.33
661,2024/1/1 2:30,15,11,78.91
662,2024/1/1 2:30,15,26,56.58
663,2024/1/1 2:30,15,11,76.55
664,2024/1/1 2:30,15,25.5,77.26
665,2024/1/1 2:30,15,40,77.97
666,2024/1/1 2:30,15,45.5,74.41
667,2024/1/1 2:30,15,51,70.86
668,2024/1/1 2:30,15,44,55
669,2024/1/1 2:30,15,54,66.96
670,2024/1/1 2:30,15,53,71.06
671,2024/1/1 2:30,15,52,75.15
672,2024/1/1 2:30,15,49,70.71
673,2024/1/1 2:30,15,52,81.42
674,2024/1/1 2:30,15,35,64.91
675,2024/1/1 2:30,15,62,69.79
676,2024/1/1 2:30,15,46,68.33
677,2024/1/1 2:30,15,40,68.46
678,2024/1/1 2:30,15,34,68.58
679,2024/1/1 2:30,15,28,68.71
680,2024/1/1 2:30,15,22,80.68
681,2024/1/1 2:30,15,21,78.52
682,2024/1/1 2:30,15,21,92.81
683,2024/1/1 2:30,15,18,101.11
684,2024/1/1 2:30,15,22,88.55
685,2024/1/1 2:30,15,17,73.12
686,2024/1/1 2:30,15,16,76.19
687,2024/1/1 2:30,15,18.5,73.78
688,2024/1/1 2:30,15,21,71.38
689,2024/1/1 2:30,15,85,80.18
690,2024/1/1 2:30,15,73,70.27
691,2024/1/1 2:30,15,58,60.88
692,2024/1/1 2:30,15,67,82.03
693,2024/1/1 2:30,15,37,76.43
694,2024/1/1 2:30,15,39,64.97
695,2024/1/1 2:30,15,19,44.21
696,2024/1/1 2:30,15,42,74.45
697,2024/1/1 2:30,15,18,75.89
698,2024/1/1 2:30,15,25,69.35
699,2024/1/1 2:30,15,32,62.81
700,2024/1/1 2:30,15,22.5,59.1
701,2024/1/1 2:30,15,13,55.38
702,2024/1/1 2:30,15,12.5,73.6
703,2024/1/1 2:30,15,12,91.83
704,2024/1/1 2:30,15,16,80
705,2024/1/1 2:30,15,18,112.33
706,2024/1/1 2:30,15,48,73.15
707,2024/1/1 2:30,15,48,86.83
708,2024/1/1 2:30,15,38,85.84
709,2024/1/1 2:30,15,38,84.98
710,2024/1/1 2:30,15,38,84.12
711,2024/1/1 2:30,15,38,83.26
712,2024/1/1 2:30,15,29,55.55
713,2024/1/1 2:30,15,26.5,52.3
714,2024/1/1 2:30,15,24,49.04
715,2024/1/1 2:30,15,22,95.68
716,2024/1/1 2:30,15,13,58.31
717,2024/1/1 2:30,15,19,51.37
718,2024/1/1 2:30,15,12,31.75
719,2024/1/1 2:30,15,36,52.92
720,2024/1/1 2:30,15,17,44.65
721,2024/1/1 2:30,15,23,51.91
722,2024/1/1 2:30,15,26.67,58.83
723,2024/1/1 2:30,15,30.33,65.76
724,2024/1/1 2:30,15,34,72.68
725,2024/1/1 2:30,15,31,68
726,2024/1/1 2:30,15,43,90.12
727,2024/1/1 2:30,15,44,85.07
728,2024/1/1 2:30,15,46,83.04
729,2024/1/1 2:30,15,31,61.97
730,2024/1/1 2:30,15,26.5,51.9
731,2024/1/1 2:30,15,22,41.82
732,2024/1/1 2:30,15,22,88.36
733,2024/1/1 2:30,15,22,58.73
734,2024/1/1 2:30,15,34,58.41
735,2024/1/1 2:30,15,25,95.4
736,2024/1/1 2:30,15,28,92.21
737,2024/1/1 2:30,15,23,69.7
738,2024/1/1 2:30,15,26,45.15
739,2024/1/1 2:30,15,18,48.78
740,2024/1/1 2:30,15,18,73.33
741,2024/1/1 2:30,15,11.5,78.66
742,2024/1/1 2:30,15,5,84
743,2024/1/1 2:30,15,4.67,81.11
744,2024/1/1 2:30,15,4.33,78.22
745,2024/1/1 2:30,15,4,75.33
746,2024/1/1 2:30,15,3.67,72.44
747,2024/1/1 2:30,15,3.33,69.56
748,2024/1/1 2:30,15,3,66.67
749,2024/1/1 2:30,15,2.67,63.78
750,2024/1/1 2:30,15,2.33,60.89
751,2024/1/1 2:30,15,2,58
752,2024/1/1 2:30,15,1.94,61.35
753,2024/1/1 2:30,15,1.88,64.71
754,2024/1/1 2:30,15,1.82,68.06
755,2024/1/1 2:30,15,1.76,71.41
756,2024/1/1 2:30,15,1.71,74.76
757,2024/1/1 2:30,15,1.65,78.12
758,2024/1/1 2:30,15,1.59,81.47
759,2024/1/1 2:30,15,1.53,84.82
760,2024/1/1 2:30,15,1.47,88.18
761,2024/1/1 2:30,15,1.41,91.53
762,2024/1/1 2:30,15,1.35,94.88
763,2024/1/1 2:30,15,1.29,98.24
764,2024/1/1 2:30,15,1.24,101.59
765,2024/1/1 2:30,15,1.18,104.94
766,2024/1/1 2:30,15,1.12,108.29
767,2024/1/1 2:30,15,1.06,111.65
768,2024/1/1 2:30,15,1,115
769,2024/1/1 2:30,15,5,75.8
770,2024/1/1 2:30,15,13,60.92
771,2024/1/1 2:30,15,19,55.64
772,2024/1/1 2:30,15,25,50.36
773,2024/1/1 2:30,15,26,65.54
774,2024/1/1 2:30,15,20.5,75.04
775,2024/1/1 2:30,15,15,84.53
776,2024/1/1 2:30,15,18,58.56
777,2024/1/1 2:30,15,20,94.4
778,2024/1/1 2:30,15,24,56.83
779,2024/1/1 2:30,15,40,49
780,2024/1/1 2:30,15,12,57.67
781,2024/1/1 2:30,15,3,71.33
782,2024/1/1 2:30,15,2,60.5
783,2024/1/1 2:30,15,17,54.82
784,2024/1/1 2:30,15,7,73.57
785,2024/1/1 2:30,15,7,54.57
786,2024/1/1 2:30,15,40,69.75
787,2024/1/1 2:30,15,32,90.09
788,2024/1/1 2:30,15,21,81.71
789,2024/1/1 2:30,15,35,61.29
790,2024/1/1 2:30,15,37,79.86
791,2024/1/1 2:30,15,31,54.58
792,2024/1/1 2:30,15,32,48.38
793,2024/1/1 2:30,15,16,24.19
794,2024/1/1 2:30,15,10.67,34.73
795,2024/1/1 2:30,15,5.33,17.37
796,2024/1/1 2:30,15,2.67,8.68
797,2024/1/1 2:30,15,1.33,4.34
798,2024/1/1 2:30,15,0.67,2.17
799,2024/1/1 2:30,15,0.33,1.09
800,2024/1/1 2:30,15,0.17,0.54
801,2024/1/1 2:30,15,0.08,0.27
802,2024/1/1 2:30,15,0.04,0.14
803,2024/1/1 2:30,15,0.02,0.07
804,2024/1/1 2:30,15,0.01,0.02
805,2024/1/1 2:30,15,0,0.01
806,2024/1/1 2:30,15,12,24.56
807,2024/1/1 2:30,15,24,49.12
808,2024/1/1 2:30,15,0,0.01
809,2024/1/1 2:30,15,4.18,5.04
810,2024/1/1 2:30,15,8.36,10.07
811,2024/1/1 2:30,15,12.55,15.11
812,2024/1/1 2:30,15,16.73,20.14
813,2024/1/1 2:30,15,20.91,25.17
814,2024/1/1 2:30,15,25.09,30.2
815,2024/1/1 2:30,15,29.27,35.23
816,2024/1/1 2:30,15,33.45,40.26
817,2024/1/1 2:30,15,37.64,45.3
818,2024/1/1 2:30,15,41.82,50.33
819,2024/1/1 2:30,15,46,55.36
820,2024/1/1 2:30,15,46.12,55.76
821,2024/1/1 2:30,15,46.25,56.16
822,2024/1/1 2:30,15,46.38,56.56
823,2024/1/1 2:30,15,46.5,56.97
824,2024/1/1 2:30,15,46.62,57.37
825,2024/1/1 2:30,15,46.75,57.77
826,2024/1/1 2:30,15,46.88,58.17
827,2024/1/1 2:30,15,47,58.57
828,2024/1/1 2:30,15,43,51.97
829,2024/1/1 2:30,15,21.5,25.98
830,2024/1/1 2:30,15,10.75,12.99
831,2024/1/1 2:30,15,5.38,6.5
832,2024/1/1 2:30,15,2.69,3.25
833,2024/1/1 2:30,15,1.34,1.62
834,2024/1/1 2:30,15,0.67,0.81
835,2024/1/1 2:30,15,0.34,0.41
836,2024/1/1 2:30,15,0.17,0.2
837,2024/1/1 2:30,15,0.04,0.05
838,2024/1/1 2:30,15,0.02,0.03
839,2024/1/1 2:30,15,0.01,0.01
840,2024/1/1 2:30,15,2.65,3.28
841,2024/1/1 2:30,15,5.28,6.55
842,2024/1/1 2:30,15,7.92,9.81
843,2024/1/1 2:30,15,10.55,13.08
844,2024/1/1 2:30,15,13.19,16.35
845,2024/1/1 2:30,15,15.82,19.62
846,2024/1/1 2:30,15,18.46,22.89
847,2024/1/1 2:30,15,21.09,26.16
848,2024/1/1 2:30,15,23.73,29.42
849,2024/1/1 2:30,15,26.36,32.69
850,2024/1/1 2:30,15,29,35.96
851,2024/1/1 2:30,15,34,57.42
852,2024/1/1 2:30,15,17,28.71
853,2024/1/1 2:30,15,8.5,14.36
854,2024/1/1 2:30,15,4.25,7.18
855,2024/1/1 2:30,15,2.12,3.59
856,2024/1/1 2:30,15,1.06,1.79
857,2024/1/1 2:30,15,0.53,0.9
858,2024/1/1 2:30,15,0.27,0.45
859,2024/1/1 2:30,15,0.13,0.22
860,2024/1/1 2:30,15,0.07,0.11
861,2024/1/1 2:30,15,0.03,0.06
862,2024/1/1 2:30,15,0.04,0.05
863,2024/1/1 2:30,15,0.02,0.03
864,2024/1/1 2:30,15,16.5,42.71
865,2024/1/1 2:30,15,8.25,21.36
866,2024/1/1 2:30,15,4.12,10.68
867,2024/1/1 2:30,15,1.38,3.56
868,2024/1/1 2:30,15,0.69,1.78
869,2024/1/1 2:30,15,0.69,1.78
870,2024/1/1 2:30,15,52.33,57.27
871,2024/1/1 2:30,15,26.17,28.63
872,2024/1/1 2:30,15,13.08,14.32
873,2024/1/1 2:30,15,6.54,7.16
874,2024/1/1 2:30,15,3.27,3.58
875,2024/1/1 2:30,15,1.64,1.79
876,2024/1/1 2:30,15,0.82,0.89
877,2024/1/1 2:30,15,0.41,0.45
878,2024/1/1 2:30,15,0.2,0.22
879,2024/1/1 2:30,15,25.6,43.95
880,2024/1/1 2:30,15,36,85
881,2024/1/1 2:30,15,22,37.72
882,2024/1/1 2:30,15,11,18.86
883,2024/1/1 2:30,15,5.5,9.43
884,2024/1/1 2:30,15,2.75,4.72
885,2024/1/1 2:30,15,1.38,2.36
886,2024/1/1 2:30,15,17.19,43.89
887,2024/1/1 2:30,15,24.5,39.31
888,2024/1/1 2:30,15,12.25,19.66
889,2024/1/1 2:30,15,6.12,9.83
890,2024/1/1 2:30,15,3.06,4.91
891,2024/1/1 2:30,15,30.53,42.22
892,2024/1/1 2:30,15,21,43.9
893,2024/1/1 2:30,15,10.5,21.95
894,2024/1/1 2:30,15,5.25,10.97
895,2024/1/1 2:30,15,2.62,5.49
896,2024/1/1 2:30,15,23.31,42.84
897,2024/1/1 2:30,15,49.5,29.43
898,2024/1/1 2:30,15,24.75,14.72
899,2024/1/1 2:30,15,12.38,7.36
900,2024/1/1 2:30,15,48.69,45.12
901,2024/1/1 2:30,15,45,37.76
902,2024/1/1 2:30,15,22.5,18.88
903,2024/1/1 2:30,15,11.25,9.44
904,2024/1/1 2:30,15,51.12,33.1
905,2024/1/1 2:30,15,33.5,39.04
906,2024/1/1 2:30,15,16.75,19.52
907,2024/1/1 2:30,15,8.38,9.76
908,2024/1/1 2:30,15,4.19,4.88
909,2024/1/1 2:30,15,2.09,2.44
910,2024/1/1 2:30,15,1.05,1.22
911,2024/1/1 2:30,15,0.52,0.61
912,2024/1/1 2:30,15,31.76,39.35
913,2024/1/1 2:30,15,9.67,27.61
914,2024/1/1 2:30,15,4.83,13.8
915,2024/1/1 2:30,15,2.42,6.9
916,2024/1/1 2:30,15,1.21,3.45
917,2024/1/1 2:30,15,0.6,1.73
918,2024/1/1 2:30,15,0.3,0.86
919,2024/1/1 2:30,15,0.15,0.43
920,2024/1/1 2:30,15,15.58,40.07
921,2024/1/1 2:30,15,22.33,30.25
922,2024/1/1 2:30,15,14.58,38.76
923,2024/1/1 2:30,15,7.29,19.38
924,2024/1/1 2:30,15,9.65,38.53
925,2024/1/1 2:30,15,8.5,27.41
926,2024/1/1 2:30,15,4.25,13.7
927,2024/1/1 2:30,15,7.81,29.12
928,2024/1/1 2:30,15,68.27,61.72
929,2024/1/1 2:30,15,1,30.25
930,2024/1/1 2:30,15,0.5,15.12
931,2024/1/1 2:30,15,0.25,7.56
932,2024/1/1 2:30,15,0.12,3.78
933,2024/1/1 2:30,15,0.06,1.89
934,2024/1/1 2:30,15,17.5,32.46
935,2024/1/1 2:30,15,8.75,16.23
936,2024/1/1 2:30,15,4.38,8.11
937,2024/1/1 2:30,15,5.69,31.34
938,2024/1/1 2:30,15,27,33.72
939,2024/1/1 2:30,15,13.5,16.86
940,2024/1/1 2:30,15,6.75,8.43
941,2024/1/1 2:30,15,28.38,45.97
942,2024/1/1 2:30,15,29.5,34.86
943,2024/1/1 2:30,15,14.75,17.43
944,2024/1/1 2:30,15,7.38,8.71
945,2024/1/1 2:30,15,38.19,44.37
946,2024/1/1 2:30,15,29,41.3
947,2024/1/1 2:30,15,14.5,20.65
948,2024/1/1 2:30,15,7.25,10.32
949,2024/1/1 2:30,15,3.62,5.16
950,2024/1/1 2:30,15,1.81,2.58
951,2024/1/1 2:30,15,0.91,1.29
952,2024/1/1 2:30,15,48.45,44.54
953,2024/1/1 2:30,15,55,46.54
954,2024/1/1 2:30,15,27.5,23.27
955,2024/1/1 2:30,15,13.75,11.63
956,2024/1/1 2:30,15,6.88,5.82
957,2024/1/1 2:30,15,3.44,2.91
958,2024/1/1 2:30,15,1.72,1.45
959,2024/1/1 2:30,15,47.86,44.68
960,2024/1/1 2:30,15,65,33.88
961,2024/1/1 2:30,15,32.5,16.94
962,2024/1/1 2:30,15,16.25,8.47
963,2024/1/1 2:30,15,8.12,4.23
964,2024/1/1 2:30,15,4.06,2.12
965,2024/1/1 2:30,15,2.03,1.06
966,2024/1/1 2:30,15,23.52,25.27
967,2024/1/1 2:30,15,28.5,33.38
968,2024/1/1 2:30,15,14.25,16.69
969,2024/1/1 2:30,15,7.12,8.35
970,2024/1/1 2:30,15,3.56,4.17
971,2024/1/1 2:30,15,1.78,2.09
972,2024/1/1 2:30,15,0.89,1.04
973,2024/1/1 2:30,15,0.45,0.52
974,2024/1/1 2:30,15,49.22,35.24
975,2024/1/1 2:30,15,3.67,21
976,2024/1/1 2:30,15,1.83,10.5
977,2024/1/1 2:30,15,0.92,5.25
978,2024/1/1 2:30,15,0.46,2.62
979,2024/1/1 2:30,15,0.23,1.31
980,2024/1/1 2:30,15,0.11,0.66
981,2024/1/1 2:30,15,14.7,30.61
982,2024/1/1 2:30,15,7.35,15.3
983,2024/1/1 2:30,15,3.68,7.65
984,2024/1/1 2:30,15,1.84,3.83
985,2024/1/1 2:30,15,28.28,58.9
986,2024/1/1 2:30,15,33.5,33.46
987,2024/1/1 2:30,15,16.75,16.73
988,2024/1/1 2:30,15,8.38,8.37
989,2024/1/1 2:30,15,4.19,4.18
990,2024/1/1 2:30,15,72.09,37.78
991,2024/1/1 2:30,15,52,32.42
992,2024/1/1 2:30,15,26,16.21
993,2024/1/1 2:30,15,13,8.11
994,2024/1/1 2:30,15,6.5,4.05
995,2024/1/1 2:30,15,32.17,17.28
996,2024/1/1 2:30,15,64.67,54.12
997,2024/1/1 2:30,15,32.33,27.06
998,2024/1/1 2:30,15,16.17,13.53
999,2024/1/1 2:30,15,9.72,34.77
1000,2024/1/1 2:30,15,12,32.72
1001,2024/1/1 2:30,15,6,16.36
1002,2024/1/1 2:30,15,3,8.18
1003,2024/1/1 2:30,15,1.5,4.09
1004,2024/1/1 2:30,15,0.75,2.05
1005,2024/1/1 2:30,15,51.25,55.52
1006,2024/1/1 2:30,15,76,72.11
2,2024/1/1 2:40,16,28,69.71
3,2024/1/1 2:40,16,34,75.41
4,2024/1/1 2:40,16,51,71.92
5,2024/1/1 2:40,16,38,75.66
6,2024/1/1 2:40,16,46,91.43
7,2024/1/1 2:40,16,54,55.2
8,2024/1/1 2:40,16,53,69.26
9,2024/1/1 2:40,16,37,80.65
10,2024/1/1 2:40,16,67,68.01
11,2024/1/1 2:40,16,86,68.72
12,2024/1/1 2:40,16,141,67.26
13,2024/1/1 2:40,16,164,59.16
14,2024/1/1 2:40,16,77,68.71
15,2024/1/1 2:40,16,73,72.53
16,2024/1/1 2:40,16,70,61.26
17,2024/1/1 2:40,16,55,72.45
18,2024/1/1 2:40,16,104,65.29
19,2024/1/1 2:40,16,80,71.08
20,2024/1/1 2:40,16,87.5,64.4
21,2024/1/1 2:40,16,95,57.71
22,2024/1/1 2:40,16,77,68.88
23,2024/1/1 2:40,16,90,69.04
24,2024/1/1 2:40,16,90,56.59
25,2024/1/1 2:40,16,87,84.37
26,2024/1/1 2:40,16,89,79.92
27,2024/1/1 2:40,16,112,90.51
28,2024/1/1 2:40,16,100,96.89
29,2024/1/1 2:40,16,84,84.49
30,2024/1/1 2:40,16,77,74.65
31,2024/1/1 2:40,16,64.5,84.04
32,2024/1/1 2:40,16,52,93.42
33,2024/1/1 2:40,16,56,95.18
34,2024/1/1 2:40,16,54,91.89
35,2024/1/1 2:40,16,53,84.17
36,2024/1/1 2:40,16,59,101.29
37,2024/1/1 2:40,16,66,88.44
38,2024/1/1 2:40,16,77,60.95
39,2024/1/1 2:40,16,62.5,66.76
40,2024/1/1 2:40,16,48,72.58
41,2024/1/1 2:40,16,48,44.94
42,2024/1/1 2:40,16,57,47.04
43,2024/1/1 2:40,16,66,49.14
44,2024/1/1 2:40,16,54,60.2
45,2024/1/1 2:40,16,42,70.14
46,2024/1/1 2:40,16,55,74.76
47,2024/1/1 2:40,16,60,67.68
48,2024/1/1 2:40,16,50,71.92
49,2024/1/1 2:40,16,37,81.68
50,2024/1/1 2:40,16,119,63.03
51,2024/1/1 2:40,16,94,48.98
52,2024/1/1 2:40,16,78,84.45
53,2024/1/1 2:40,16,62,73.18
54,2024/1/1 2:40,16,81,79.94
55,2024/1/1 2:40,16,56,59.46
56,2024/1/1 2:40,16,54,82.04
57,2024/1/1 2:40,16,60,79.68
58,2024/1/1 2:40,16,80,55.3
59,2024/1/1 2:40,16,51,76.39
60,2024/1/1 2:40,16,38,70.03
61,2024/1/1 2:40,16,10,93.8
62,2024/1/1 2:40,16,12,67.25
63,2024/1/1 2:40,16,63,94.32
64,2024/1/1 2:40,16,60,101.35
65,2024/1/1 2:40,16,80,99.17
66,2024/1/1 2:40,16,72,99.58
67,2024/1/1 2:40,16,71,103.77
68,2024/1/1 2:40,16,88,98.1
69,2024/1/1 2:40,16,30,103.23
70,2024/1/1 2:40,16,34,103.59
71,2024/1/1 2:40,16,33,90.58
72,2024/1/1 2:40,16,38,84.37
73,2024/1/1 2:40,16,14,84.07
74,2024/1/1 2:40,16,32,90.12
75,2024/1/1 2:40,16,58,81.95
76,2024/1/1 2:40,16,38,88.87
77,2024/1/1 2:40,16,80,99.99
78,2024/1/1 2:40,16,73,86.88
79,2024/1/1 2:40,16,70,94.67
80,2024/1/1 2:40,16,64,98.75
81,2024/1/1 2:40,16,34,79.18
82,2024/1/1 2:40,16,29,76.83
83,2024/1/1 2:40,16,62,92.16
84,2024/1/1 2:40,16,36,78.89
85,2024/1/1 2:40,16,40,78.55
86,2024/1/1 2:40,16,24,93.33
87,2024/1/1 2:40,16,12,73.75
88,2024/1/1 2:40,16,42,83.1
89,2024/1/1 2:40,16,52,102.79
90,2024/1/1 2:40,16,71,94.05
91,2024/1/1 2:40,16,90,85.31
92,2024/1/1 2:40,16,77,97.36
93,2024/1/1 2:40,16,90,91.37
94,2024/1/1 2:40,16,79,76.22
95,2024/1/1 2:40,16,89,80.54
96,2024/1/1 2:40,16,86,82.65
97,2024/1/1 2:40,16,75,73.53
98,2024/1/1 2:40,16,107,87.02
99,2024/1/1 2:40,16,43,99.14
100,2024/1/1 2:40,16,22,69.32
101,2024/1/1 2:40,16,8,57.88
102,2024/1/1 2:40,16,42,92.36
103,2024/1/1 2:40,16,39,105.88
104,2024/1/1 2:40,16,36,119.39
105,2024/1/1 2:40,16,40,103.8
106,2024/1/1 2:40,16,81,112.2
107,2024/1/1 2:40,16,78,101.05
108,2024/1/1 2:40,16,88,109.52
109,2024/1/1 2:40,16,86,101.1
110,2024/1/1 2:40,16,94,108.18
111,2024/1/1 2:40,16,52,99.42
112,2024/1/1 2:40,16,46,127.26
113,2024/1/1 2:40,16,38,101.21
114,2024/1/1 2:40,16,40,101.58
115,2024/1/1 2:40,16,57,86.61
116,2024/1/1 2:40,16,56,92.54
117,2024/1/1 2:40,16,55,107.45
118,2024/1/1 2:40,16,48,98.73
119,2024/1/1 2:40,16,49,100.53
120,2024/1/1 2:40,16,40,117.45
121,2024/1/1 2:40,16,39,107.74
122,2024/1/1 2:40,16,25,99.56
123,2024/1/1 2:40,16,21,119
124,2024/1/1 2:40,16,17,88.18
125,2024/1/1 2:40,16,73,112.48
126,2024/1/1 2:40,16,41,101.8
127,2024/1/1 2:40,16,52,102.58
128,2024/1/1 2:40,16,85,121.86
129,2024/1/1 2:40,16,79,122.77
130,2024/1/1 2:40,16,72,115.79
131,2024/1/1 2:40,16,72,115.51
132,2024/1/1 2:40,16,75,112.51
133,2024/1/1 2:40,16,29,97.1
134,2024/1/1 2:40,16,44,91.5
135,2024/1/1 2:40,16,10,72.6
136,2024/1/1 2:40,16,13,102.08
137,2024/1/1 2:40,16,20,73.2
138,2024/1/1 2:40,16,48,86.23
139,2024/1/1 2:40,16,45,85.31
140,2024/1/1 2:40,16,93,91.39
141,2024/1/1 2:40,16,96,88.29
142,2024/1/1 2:40,16,53,94.15
143,2024/1/1 2:40,16,46,78.63
144,2024/1/1 2:40,16,105,82.17
145,2024/1/1 2:40,16,66,71.56
146,2024/1/1 2:40,16,58,80.14
147,2024/1/1 2:40,16,57,89.18
148,2024/1/1 2:40,16,65,85.08
149,2024/1/1 2:40,16,40,72.58
150,2024/1/1 2:40,16,37,78.81
151,2024/1/1 2:40,16,38,63.55
152,2024/1/1 2:40,16,49,78.65
153,2024/1/1 2:40,16,12,62.5
154,2024/1/1 2:40,16,23,76.7
155,2024/1/1 2:40,16,27,94.78
156,2024/1/1 2:40,16,48,96.73
157,2024/1/1 2:40,16,10,57.3
158,2024/1/1 2:40,16,14,60.93
159,2024/1/1 2:40,16,42,72.71
160,2024/1/1 2:40,16,38,82.63
161,2024/1/1 2:40,16,48,42.65
162,2024/1/1 2:40,16,41,80.61
163,2024/1/1 2:40,16,38,79.03
164,2024/1/1 2:40,16,59,63.97
165,2024/1/1 2:40,16,63,80.19
166,2024/1/1 2:40,16,51,73.78
167,2024/1/1 2:40,16,13,74.23
168,2024/1/1 2:40,16,81,79.04
169,2024/1/1 2:40,16,62,74.11
170,2024/1/1 2:40,16,93,88.44
171,2024/1/1 2:40,16,90,85.42
172,2024/1/1 2:40,16,89,90.08
173,2024/1/1 2:40,16,89,94.02
174,2024/1/1 2:40,16,83,81.94
175,2024/1/1 2:40,16,60,71.47
176,2024/1/1 2:40,16,10,82.6
177,2024/1/1 2:40,16,21,88.86
178,2024/1/1 2:40,16,39.5,81.53
179,2024/1/1 2:40,16,58,74.19
180,2024/1/1 2:40,16,38.5,68.99
181,2024/1/1 2:40,16,19,63.79
182,2024/1/1 2:40,16,52,62.13
183,2024/1/1 2:40,16,105,74.1
184,2024/1/1 2:40,16,70,63.24
185,2024/1/1 2:40,16,67.33,66.39
186,2024/1/1 2:40,16,64.67,69.53
187,2024/1/1 2:40,16,62,72.68
188,2024/1/1 2:40,16,38,76.39
189,2024/1/1 2:40,16,42,65.86
190,2024/1/1 2:40,16,56,83.5
191,2024/1/1 2:40,16,60,66.97
192,2024/1/1 2:40,16,57.5,77.64
193,2024/1/1 2:40,16,55,88.31
194,2024/1/1 2:40,16,62,69.95
195,2024/1/1 2:40,16,52,65.92
196,2024/1/1 2:40,16,80,85.47
197,2024/1/1 2:40,16,66,89.36
198,2024/1/1 2:40,16,116,86.47
199,2024/1/1 2:40,16,82,87.8
200,2024/1/1 2:40,16,76,80.58
201,2024/1/1 2:40,16,112,79.93
202,2024/1/1 2:40,16,111,62.45
203,2024/1/1 2:40,16,83,63.36
204,2024/1/1 2:40,16,62,75.58
205,2024/1/1 2:40,16,71,94.35
206,2024/1/1 2:40,16,37,89.11
207,2024/1/1 2:40,16,64,79.16
208,2024/1/1 2:40,16,63,71.08
209,2024/1/1 2:40,16,45,89.73
210,2024/1/1 2:40,16,26,87.27
211,2024/1/1 2:40,16,28,85.32
212,2024/1/1 2:40,16,72,84.14
213,2024/1/1 2:40,16,50,88.12
214,2024/1/1 2:40,16,83,85.11
215,2024/1/1 2:40,16,76,89.83
216,2024/1/1 2:40,16,81,87.05
217,2024/1/1 2:40,16,82,90.76
218,2024/1/1 2:40,16,81,92.12
219,2024/1/1 2:40,16,79,87.61
220,2024/1/1 2:40,16,56,85.11
221,2024/1/1 2:40,16,41,89.34
222,2024/1/1 2:40,16,38,84.58
223,2024/1/1 2:40,16,53,68.51
224,2024/1/1 2:40,16,63,67.16
225,2024/1/1 2:40,16,56,85.09
226,2024/1/1 2:40,16,59,63.03
227,2024/1/1 2:40,16,41,72.46
228,2024/1/1 2:40,16,35,64.63
229,2024/1/1 2:40,16,35,69.94
230,2024/1/1 2:40,16,49,74.86
231,2024/1/1 2:40,16,30,80.67
232,2024/1/1 2:40,16,50,74.09
233,2024/1/1 2:40,16,70,67.5
234,2024/1/1 2:40,16,90,60.92
235,2024/1/1 2:40,16,127,71.94
236,2024/1/1 2:40,16,69,51.91
237,2024/1/1 2:40,16,9,76.33
238,2024/1/1 2:40,16,15,68.6
239,2024/1/1 2:40,16,18,61.06
240,2024/1/1 2:40,16,21,
241,2024/1/1 2:40,16,0,
242,2024/1/1 2:40,16,24,81.33
243,2024/1/1 2:40,16,84,79.61
244,2024/1/1 2:40,16,80,73.01
245,2024/1/1 2:40,16,136,66.31
246,2024/1/1 2:40,16,115,63.43
247,2024/1/1 2:40,16,98,55.81
248,2024/1/1 2:40,16,81,48.19
249,2024/1/1 2:40,16,59,67.51
250,2024/1/1 2:40,16,48,78.25
251,2024/1/1 2:40,16,65,70.12
252,2024/1/1 2:40,16,66,63.97
253,2024/1/1 2:40,16,111,78.14
254,2024/1/1 2:40,16,81,69.84
255,2024/1/1 2:40,16,98,70.22
256,2024/1/1 2:40,16,115,70.59
257,2024/1/1 2:40,16,77,68.01
258,2024/1/1 2:40,16,88,81.24
259,2024/1/1 2:40,16,105,74.42
260,2024/1/1 2:40,16,107,74.62
261,2024/1/1 2:40,16,73,60.4
262,2024/1/1 2:40,16,79,78.48
263,2024/1/1 2:40,16,82,54.7
264,2024/1/1 2:40,16,76,73.88
265,2024/1/1 2:40,16,76,63.36
266,2024/1/1 2:40,16,73,76.05
267,2024/1/1 2:40,16,71,55.8
268,2024/1/1 2:40,16,98,70.86
269,2024/1/1 2:40,16,99,78.2
270,2024/1/1 2:40,16,92,82.64
271,2024/1/1 2:40,16,94.5,81
272,2024/1/1 2:40,16,97,79.37
273,2024/1/1 2:40,16,52,70.5
274,2024/1/1 2:40,16,83,72.41
275,2024/1/1 2:40,16,74,70.05
276,2024/1/1 2:40,16,88,73
277,2024/1/1 2:40,16,89,73.9
278,2024/1/1 2:40,16,90,74.81
279,2024/1/1 2:40,16,84,73.32
280,2024/1/1 2:40,16,78,71.82
281,2024/1/1 2:40,16,75,64.6
282,2024/1/1 2:40,16,86,65.86
283,2024/1/1 2:40,16,91,65.33
284,2024/1/1 2:40,16,88,74.34
285,2024/1/1 2:40,16,92,69.42
286,2024/1/1 2:40,16,97,73.77
287,2024/1/1 2:40,16,97.5,73.87
288,2024/1/1 2:40,16,98,73.97
289,2024/1/1 2:40,16,66,63.35
290,2024/1/1 2:40,16,83,74.12
291,2024/1/1 2:40,16,108,71.35
292,2024/1/1 2:40,16,72,63.85
293,2024/1/1 2:40,16,79,80.99
294,2024/1/1 2:40,16,76,75.71
295,2024/1/1 2:40,16,79,67.56
296,2024/1/1 2:40,16,79,60.9
297,2024/1/1 2:40,16,83,56.47
298,2024/1/1 2:40,16,80,49.35
299,2024/1/1 2:40,16,72,49.94
300,2024/1/1 2:40,16,64,50.52
301,2024/1/1 2:40,16,129,70.88
302,2024/1/1 2:40,16,66,77.92
303,2024/1/1 2:40,16,79,80.76
304,2024/1/1 2:40,16,60,63.5
305,2024/1/1 2:40,16,41,46.24
306,2024/1/1 2:40,16,47,71.4
307,2024/1/1 2:40,16,45,107.49
308,2024/1/1 2:40,16,47,93.55
309,2024/1/1 2:40,16,39,111.28
310,2024/1/1 2:40,16,40,98.1
311,2024/1/1 2:40,16,37,110.57
312,2024/1/1 2:40,16,47,118.64
313,2024/1/1 2:40,16,46,111.93
314,2024/1/1 2:40,16,54,108.04
315,2024/1/1 2:40,16,46,102.35
316,2024/1/1 2:40,16,44,97
317,2024/1/1 2:40,16,31,92.42
318,2024/1/1 2:40,16,29,91.79
319,2024/1/1 2:40,16,29,104.24
320,2024/1/1 2:40,16,35,99.77
321,2024/1/1 2:40,16,38,117.55
322,2024/1/1 2:40,16,46,102.7
323,2024/1/1 2:40,16,35,102.86
324,2024/1/1 2:40,16,39,98.92
325,2024/1/1 2:40,16,17,73.47
326,2024/1/1 2:40,16,15,99.47
327,2024/1/1 2:40,16,16,99.31
328,2024/1/1 2:40,16,35,101.6
329,2024/1/1 2:40,16,19.5,58.3
330,2024/1/1 2:40,16,4,15
331,2024/1/1 2:40,16,31,98.84
332,2024/1/1 2:40,16,52,100.31
333,2024/1/1 2:40,16,54,102.52
334,2024/1/1 2:40,16,54,107.3
335,2024/1/1 2:40,16,57,109.7
336,2024/1/1 2:40,16,43,93.91
337,2024/1/1 2:40,16,42,96.67
338,2024/1/1 2:40,16,37,104.22
339,2024/1/1 2:40,16,49,98.67
340,2024/1/1 2:40,16,48,104
341,2024/1/1 2:40,16,66,100.35
342,2024/1/1 2:40,16,50,107.96
343,2024/1/1 2:40,16,43,113.77
344,2024/1/1 2:40,16,57,110.58
345,2024/1/1 2:40,16,68,108.22
346,2024/1/1 2:40,16,67,113
347,2024/1/1 2:40,16,65,113.45
348,2024/1/1 2:40,16,62,107.08
349,2024/1/1 2:40,16,45,90.73
350,2024/1/1 2:40,16,47,98.09
351,2024/1/1 2:40,16,15,84.8
352,2024/1/1 2:40,16,15,71.8
353,2024/1/1 2:40,16,21,77.29
354,2024/1/1 2:40,16,10,63.9
355,2024/1/1 2:40,16,8,87
356,2024/1/1 2:40,16,26,69.46
357,2024/1/1 2:40,16,31,76.81
358,2024/1/1 2:40,16,36,80.28
359,2024/1/1 2:40,16,39,75.62
360,2024/1/1 2:40,16,45,84.87
361,2024/1/1 2:40,16,45,82.36
362,2024/1/1 2:40,16,22,93.41
363,2024/1/1 2:40,16,57,81.56
364,2024/1/1 2:40,16,92,69.72
365,2024/1/1 2:40,16,81.33,74.45
366,2024/1/1 2:40,16,70.67,79.19
367,2024/1/1 2:40,16,60,83.92
368,2024/1/1 2:40,16,149,87.26
369,2024/1/1 2:40,16,136,87.3
370,2024/1/1 2:40,16,123,87.34
371,2024/1/1 2:40,16,98,74.93
372,2024/1/1 2:40,16,92,89.9
373,2024/1/1 2:40,16,107,97.1
374,2024/1/1 2:40,16,93,103.01
375,2024/1/1 2:40,16,92,89.26
376,2024/1/1 2:40,16,67,95.73
377,2024/1/1 2:40,16,55,103.6
378,2024/1/1 2:40,16,66,92.06
379,2024/1/1 2:40,16,77,89.68
380,2024/1/1 2:40,16,52,82.42
381,2024/1/1 2:40,16,29,95.76
382,2024/1/1 2:40,16,28,82.43
383,2024/1/1 2:40,16,8,84.88
384,2024/1/1 2:40,16,17,23.06
385,2024/1/1 2:40,16,23,87.74
386,2024/1/1 2:40,16,12,70.83
387,2024/1/1 2:40,16,23,68
388,2024/1/1 2:40,16,87,74.83
389,2024/1/1 2:40,16,87,93.82
390,2024/1/1 2:40,16,101,101.44
391,2024/1/1 2:40,16,101,74.21
392,2024/1/1 2:40,16,67,99.46
393,2024/1/1 2:40,16,75,111.72
394,2024/1/1 2:40,16,72,102.93
395,2024/1/1 2:40,16,114,95.99
396,2024/1/1 2:40,16,58,87.5
397,2024/1/1 2:40,16,2,
398,2024/1/1 2:40,16,0,
399,2024/1/1 2:40,16,2,55
400,2024/1/1 2:40,16,3,78.33
401,2024/1/1 2:40,16,2,
402,2024/1/1 2:40,16,0,
403,2024/1/1 2:40,16,2,53.5
404,2024/1/1 2:40,16,3,76.67
405,2024/1/1 2:40,16,5,75.4
406,2024/1/1 2:40,16,1,
407,2024/1/1 2:40,16,0,
408,2024/1/1 2:40,16,0,
409,2024/1/1 2:40,16,1,120
410,2024/1/1 2:40,16,1,109
411,2024/1/1 2:40,16,2,97
412,2024/1/1 2:40,16,2,82.5
413,2024/1/1 2:40,16,2,114
414,2024/1/1 2:40,16,1,64
415,2024/1/1 2:40,16,13,
416,2024/1/1 2:40,16,6.5,
417,2024/1/1 2:40,16,0,
418,2024/1/1 2:40,16,0,
419,2024/1/1 2:40,16,0,
420,2024/1/1 2:40,16,1,89
421,2024/1/1 2:40,16,1,
422,2024/1/1 2:40,16,0,
423,2024/1/1 2:40,16,0,
424,2024/1/1 2:40,16,0,
425,2024/1/1 2:40,16,0,
426,2024/1/1 2:40,16,0,
427,2024/1/1 2:40,16,1,84
428,2024/1/1 2:40,16,1,80
429,2024/1/1 2:40,16,1,62
430,2024/1/1 2:40,16,3,85
431,2024/1/1 2:40,16,3,
432,2024/1/1 2:40,16,1.5,
433,2024/1/1 2:40,16,0,
434,2024/1/1 2:40,16,29.67,
435,2024/1/1 2:40,16,59.33,
436,2024/1/1 2:40,16,89,80.21
437,2024/1/1 2:40,16,29,75.38
438,2024/1/1 2:40,16,28,81.32
439,2024/1/1 2:40,16,28.33,72.87
440,2024/1/1 2:40,16,28.67,64.42
441,2024/1/1 2:40,16,29,55.97
442,2024/1/1 2:40,16,66,65.8
443,2024/1/1 2:40,16,69,67.38
444,2024/1/1 2:40,16,72,68.97
445,2024/1/1 2:40,16,75,70.55
446,2024/1/1 2:40,16,76,62.42
447,2024/1/1 2:40,16,74,68.05
448,2024/1/1 2:40,16,71,74.38
449,2024/1/1 2:40,16,39,80.77
450,2024/1/1 2:40,16,36,79.22
451,2024/1/1 2:40,16,60,63.47
452,2024/1/1 2:40,16,58,79.48
453,2024/1/1 2:40,16,66,85.61
454,2024/1/1 2:40,16,73,78.53
455,2024/1/1 2:40,16,35,71.34
456,2024/1/1 2:40,16,66,73.67
457,2024/1/1 2:40,16,44,91.3
458,2024/1/1 2:40,16,34,83.38
459,2024/1/1 2:40,16,35,90.77
460,2024/1/1 2:40,16,32,99.16
461,2024/1/1 2:40,16,30,99.6
462,2024/1/1 2:40,16,33,95.67
463,2024/1/1 2:40,16,26,95.96
464,2024/1/1 2:40,16,17,82.29
465,2024/1/1 2:40,16,15,106.93
466,2024/1/1 2:40,16,43,96.43
467,2024/1/1 2:40,16,71,85.92
468,2024/1/1 2:40,16,79,83.49
469,2024/1/1 2:40,16,73,78.25
470,2024/1/1 2:40,16,78,82.75
471,2024/1/1 2:40,16,83,87.25
472,2024/1/1 2:40,16,24,84.46
473,2024/1/1 2:40,16,25,78.92
474,2024/1/1 2:40,16,32,76.22
475,2024/1/1 2:40,16,39,80.38
476,2024/1/1 2:40,16,49,77.88
477,2024/1/1 2:40,16,46,88.8
478,2024/1/1 2:40,16,88,69.92
479,2024/1/1 2:40,16,83,91.52
480,2024/1/1 2:40,16,79,75.9
481,2024/1/1 2:40,16,78,70.4
482,2024/1/1 2:40,16,79,78.27
483,2024/1/1 2:40,16,80,71.65
484,2024/1/1 2:40,16,64,67.62
485,2024/1/1 2:40,16,979,2.84
486,2024/1/1 2:40,16,124,85.01
487,2024/1/1 2:40,16,120,81.01
488,2024/1/1 2:40,16,108,78.12
489,2024/1/1 2:40,16,111,82.54
490,2024/1/1 2:40,16,114,86.95
491,2024/1/1 2:40,16,111,87.18
492,2024/1/1 2:40,16,100,87.05
493,2024/1/1 2:40,16,106,81.08
494,2024/1/1 2:40,16,111,97.87
495,2024/1/1 2:40,16,122,85.9
496,2024/1/1 2:40,16,131,81.74
497,2024/1/1 2:40,16,120,92.55
498,2024/1/1 2:40,16,117,99.88
499,2024/1/1 2:40,16,119,79.46
500,2024/1/1 2:40,16,112.5,86.72
501,2024/1/1 2:40,16,106,93.99
502,2024/1/1 2:40,16,126,80.95
503,2024/1/1 2:40,16,121,87.55
504,2024/1/1 2:40,16,109,77.47
505,2024/1/1 2:40,16,87,82.31
506,2024/1/1 2:40,16,94,83.59
507,2024/1/1 2:40,16,105.25,79.64
508,2024/1/1 2:40,16,116.5,75.69
509,2024/1/1 2:40,16,127.75,71.75
510,2024/1/1 2:40,16,139,67.8
511,2024/1/1 2:40,16,120,75.81
512,2024/1/1 2:40,16,99,74.07
513,2024/1/1 2:40,16,131,75.21
514,2024/1/1 2:40,16,100,83.57
515,2024/1/1 2:40,16,102,72.09
516,2024/1/1 2:40,16,92,88.42
517,2024/1/1 2:40,16,102,87.92
518,2024/1/1 2:40,16,112,87.42
519,2024/1/1 2:40,16,95,84.65
520,2024/1/1 2:40,16,78,81.88
521,2024/1/1 2:40,16,77.5,80.35
522,2024/1/1 2:40,16,77,78.82
523,2024/1/1 2:40,16,70,88.75
524,2024/1/1 2:40,16,63,98.68
525,2024/1/1 2:40,16,76,81.89
526,2024/1/1 2:40,16,70,72.33
527,2024/1/1 2:40,16,36,85.69
528,2024/1/1 2:40,16,46.33,83.27
529,2024/1/1 2:40,16,56.67,80.85
530,2024/1/1 2:40,16,67,78.43
531,2024/1/1 2:40,16,77,92.78
532,2024/1/1 2:40,16,87,89.32
533,2024/1/1 2:40,16,97,85.85
534,2024/1/1 2:40,16,105,75.76
535,2024/1/1 2:40,16,86,92.48
536,2024/1/1 2:40,16,79,97.2
537,2024/1/1 2:40,16,104,86.46
538,2024/1/1 2:40,16,94,85.06
539,2024/1/1 2:40,16,102,89.06
540,2024/1/1 2:40,16,101.25,90.31
541,2024/1/1 2:40,16,100.5,91.56
542,2024/1/1 2:40,16,99.75,92.82
543,2024/1/1 2:40,16,99,94.07
544,2024/1/1 2:40,16,71,89.4
545,2024/1/1 2:40,16,43,84.74
546,2024/1/1 2:40,16,62.5,77.51
547,2024/1/1 2:40,16,82,70.28
548,2024/1/1 2:40,16,127,80.54
549,2024/1/1 2:40,16,132,85.39
550,2024/1/1 2:40,16,131,82.45
551,2024/1/1 2:40,16,112,60.3
552,2024/1/1 2:40,16,52,80.27
553,2024/1/1 2:40,16,44,82.45
554,2024/1/1 2:40,16,56,74.32
555,2024/1/1 2:40,16,57,81.98
556,2024/1/1 2:40,16,53,75.17
557,2024/1/1 2:40,16,53,79.74
558,2024/1/1 2:40,16,50,68.98
559,2024/1/1 2:40,16,54,84.8
560,2024/1/1 2:40,16,71,87.39
561,2024/1/1 2:40,16,73.5,90.28
562,2024/1/1 2:40,16,76,93.16
563,2024/1/1 2:40,16,75,91.61
564,2024/1/1 2:40,16,76.5,86.78
565,2024/1/1 2:40,16,78,81.95
566,2024/1/1 2:40,16,80,82.22
567,2024/1/1 2:40,16,68,84.09
568,2024/1/1 2:40,16,56,85.96
569,2024/1/1 2:40,16,70,84.93
570,2024/1/1 2:40,16,64.67,80.83
571,2024/1/1 2:40,16,59.33,76.73
572,2024/1/1 2:40,16,54,72.63
573,2024/1/1 2:40,16,63,71.75
574,2024/1/1 2:40,16,62.5,76.1
575,2024/1/1 2:40,16,62,80.44
576,2024/1/1 2:40,16,51,88.22
577,2024/1/1 2:40,16,57,79.09
578,2024/1/1 2:40,16,62,78.14
579,2024/1/1 2:40,16,67,77.19
580,2024/1/1 2:40,16,58.67,80.21
581,2024/1/1 2:40,16,50.33,83.24
582,2024/1/1 2:40,16,42,86.26
583,2024/1/1 2:40,16,69.5,79.72
584,2024/1/1 2:40,16,97,73.18
585,2024/1/1 2:40,16,89,59.22
586,2024/1/1 2:40,16,117,83.44
587,2024/1/1 2:40,16,90,85.82
588,2024/1/1 2:40,16,63,88.19
589,2024/1/1 2:40,16,65,90.15
590,2024/1/1 2:40,16,87.5,84.06
591,2024/1/1 2:40,16,110,77.98
592,2024/1/1 2:40,16,95.5,84.96
593,2024/1/1 2:40,16,81,91.94
594,2024/1/1 2:40,16,75.5,85.1
595,2024/1/1 2:40,16,70,78.26
596,2024/1/1 2:40,16,82,82.29
597,2024/1/1 2:40,16,87,82.66
598,2024/1/1 2:40,16,92,83.03
599,2024/1/1 2:40,16,48,78.79
600,2024/1/1 2:40,16,58,85.86
601,2024/1/1 2:40,16,64,85.31
602,2024/1/1 2:40,16,98,87.56
603,2024/1/1 2:40,16,70,64.9
604,2024/1/1 2:40,16,66,98.56
605,2024/1/1 2:40,16,78,98.78
606,2024/1/1 2:40,16,90,98.99
607,2024/1/1 2:40,16,99,87.57
608,2024/1/1 2:40,16,85,76.93
609,2024/1/1 2:40,16,70,90.96
610,2024/1/1 2:40,16,88,88.07
611,2024/1/1 2:40,16,94,80.8
612,2024/1/1 2:40,16,95,87.32
613,2024/1/1 2:40,16,96,93.85
614,2024/1/1 2:40,16,93,93.66
615,2024/1/1 2:40,16,80,93.55
616,2024/1/1 2:40,16,85,86.33
617,2024/1/1 2:40,16,88,80.59
618,2024/1/1 2:40,16,48,80.83
619,2024/1/1 2:40,16,64,54.88
620,2024/1/1 2:40,16,80,28.94
621,2024/1/1 2:40,16,101,54.19
622,2024/1/1 2:40,16,122,79.44
623,2024/1/1 2:40,16,124,82.98
624,2024/1/1 2:40,16,126,86.52
625,2024/1/1 2:40,16,80.5,76.72
626,2024/1/1 2:40,16,35,66.91
627,2024/1/1 2:40,16,31,53.56
628,2024/1/1 2:40,16,27,40.22
629,2024/1/1 2:40,16,20,65.6
630,2024/1/1 2:40,16,17,57.88
631,2024/1/1 2:40,16,22,78.18
632,2024/1/1 2:40,16,11,35.91
633,2024/1/1 2:40,16,13,44.77
634,2024/1/1 2:40,16,48,59.42
635,2024/1/1 2:40,16,43,73.91
636,2024/1/1 2:40,16,22,69.45
637,2024/1/1 2:40,16,26.5,58.22
638,2024/1/1 2:40,16,31,47
639,2024/1/1 2:40,16,53,54.83
640,2024/1/1 2:40,16,55,54.15
641,2024/1/1 2:40,16,22,71.18
642,2024/1/1 2:40,16,23,48.48
643,2024/1/1 2:40,16,37,53.41
644,2024/1/1 2:40,16,35,52.54
645,2024/1/1 2:40,16,25,74.32
646,2024/1/1 2:40,16,31,76.16
647,2024/1/1 2:40,16,20,74.86
648,2024/1/1 2:40,16,9,73.56
649,2024/1/1 2:40,16,14,80.71
650,2024/1/1 2:40,16,7,58.71
651,2024/1/1 2:40,16,3,79.67
652,2024/1/1 2:40,16,6,52.17
653,2024/1/1 2:40,16,9,51.12
654,2024/1/1 2:40,16,12,50.08
655,2024/1/1 2:40,16,67,40.76
656,2024/1/1 2:40,16,75,47.42
657,2024/1/1 2:40,16,83,54.07
658,2024/1/1 2:40,16,91,60.72
659,2024/1/1 2:40,16,99,67.38
660,2024/1/1 2:40,16,52.5,77.44
661,2024/1/1 2:40,16,6,87.5
662,2024/1/1 2:40,16,6.5,82.96
663,2024/1/1 2:40,16,7,78.43
664,2024/1/1 2:40,16,20.5,76.07
665,2024/1/1 2:40,16,34,73.71
666,2024/1/1 2:40,16,46.5,75.18
667,2024/1/1 2:40,16,59,76.64
668,2024/1/1 2:40,16,55,55.44
669,2024/1/1 2:40,16,52,66.08
670,2024/1/1 2:40,16,40,73.24
671,2024/1/1 2:40,16,28,80.39
672,2024/1/1 2:40,16,31,68.48
673,2024/1/1 2:40,16,61,76.89
674,2024/1/1 2:40,16,30,63.73
675,2024/1/1 2:40,16,61,68.54
676,2024/1/1 2:40,16,43,67.53
677,2024/1/1 2:40,16,37.33,69.1
678,2024/1/1 2:40,16,31.67,70.66
679,2024/1/1 2:40,16,26,72.23
680,2024/1/1 2:40,16,28,77.39
681,2024/1/1 2:40,16,28,72.25
682,2024/1/1 2:40,16,21,84.9
683,2024/1/1 2:40,16,30,100.07
684,2024/1/1 2:40,16,31,79.39
685,2024/1/1 2:40,16,19,76.21
686,2024/1/1 2:40,16,15,80.67
687,2024/1/1 2:40,16,20,77.32
688,2024/1/1 2:40,16,25,73.96
689,2024/1/1 2:40,16,62,78.77
690,2024/1/1 2:40,16,77,67.04
691,2024/1/1 2:40,16,60,65.4
692,2024/1/1 2:40,16,56,83.07
693,2024/1/1 2:40,16,48,66.25
694,2024/1/1 2:40,16,38,63.55
695,2024/1/1 2:40,16,22,47.36
696,2024/1/1 2:40,16,41,78.24
697,2024/1/1 2:40,16,14,87.21
698,2024/1/1 2:40,16,31.5,73.86
699,2024/1/1 2:40,16,49,60.51
700,2024/1/1 2:40,16,35,58.16
701,2024/1/1 2:40,16,21,55.81
702,2024/1/1 2:40,16,17.33,65.54
703,2024/1/1 2:40,16,13.67,75.27
704,2024/1/1 2:40,16,10,85
705,2024/1/1 2:40,16,8,104.38
706,2024/1/1 2:40,16,55,73.69
707,2024/1/1 2:40,16,50,80.42
708,2024/1/1 2:40,16,35,87.6
709,2024/1/1 2:40,16,29.33,89.59
710,2024/1/1 2:40,16,23.67,91.57
711,2024/1/1 2:40,16,18,93.56
712,2024/1/1 2:40,16,22,54.32
713,2024/1/1 2:40,16,25,49.91
714,2024/1/1 2:40,16,28,45.5
715,2024/1/1 2:40,16,24,90.17
716,2024/1/1 2:40,16,11,58.09
717,2024/1/1 2:40,16,8,54.75
718,2024/1/1 2:40,16,10,30.3
719,2024/1/1 2:40,16,25,52.28
720,2024/1/1 2:40,16,13,51.31
721,2024/1/1 2:40,16,34,53.32
722,2024/1/1 2:40,16,28,58.84
723,2024/1/1 2:40,16,22,64.36
724,2024/1/1 2:40,16,16,69.88
725,2024/1/1 2:40,16,12,71.17
726,2024/1/1 2:40,16,14,98.21
727,2024/1/1 2:40,16,21,88.62
728,2024/1/1 2:40,16,27,86.93
729,2024/1/1 2:40,16,18,66.06
730,2024/1/1 2:40,16,13.5,55.92
731,2024/1/1 2:40,16,9,45.78
732,2024/1/1 2:40,16,23,76.39
733,2024/1/1 2:40,16,34,63.15
734,2024/1/1 2:40,16,22,52.45
735,2024/1/1 2:40,16,17,92.35
736,2024/1/1 2:40,16,21,93.62
737,2024/1/1 2:40,16,23,66.35
738,2024/1/1 2:40,16,25,42.12
739,2024/1/1 2:40,16,17,52.12
740,2024/1/1 2:40,16,20,70.9
741,2024/1/1 2:40,16,18.36,70.14
742,2024/1/1 2:40,16,16.73,69.37
743,2024/1/1 2:40,16,15.09,68.61
744,2024/1/1 2:40,16,13.45,67.85
745,2024/1/1 2:40,16,11.82,67.08
746,2024/1/1 2:40,16,10.18,66.32
747,2024/1/1 2:40,16,8.55,65.55
748,2024/1/1 2:40,16,6.91,64.79
749,2024/1/1 2:40,16,5.27,64.03
750,2024/1/1 2:40,16,3.64,63.26
751,2024/1/1 2:40,16,2,62.5
752,2024/1/1 2:40,16,2.82,64.42
753,2024/1/1 2:40,16,3.65,66.35
754,2024/1/1 2:40,16,4.47,68.27
755,2024/1/1 2:40,16,5.29,70.19
756,2024/1/1 2:40,16,6.12,72.11
757,2024/1/1 2:40,16,6.94,74.04
758,2024/1/1 2:40,16,7.76,75.96
759,2024/1/1 2:40,16,8.59,77.88
760,2024/1/1 2:40,16,9.41,79.81
761,2024/1/1 2:40,16,10.24,81.73
762,2024/1/1 2:40,16,11.06,83.65
763,2024/1/1 2:40,16,11.88,85.58
764,2024/1/1 2:40,16,12.71,87.5
765,2024/1/1 2:40,16,13.53,89.42
766,2024/1/1 2:40,16,14.35,91.34
767,2024/1/1 2:40,16,15.18,93.27
768,2024/1/1 2:40,16,16,95.19
769,2024/1/1 2:40,16,13,98.23
770,2024/1/1 2:40,16,22,67
771,2024/1/1 2:40,16,21.5,59.05
772,2024/1/1 2:40,16,21,51.1
773,2024/1/1 2:40,16,15,73.33
774,2024/1/1 2:40,16,16.5,78.58
775,2024/1/1 2:40,16,18,83.83
776,2024/1/1 2:40,16,30,55.87
777,2024/1/1 2:40,16,17,80.47
778,2024/1/1 2:40,16,19,63.26
779,2024/1/1 2:40,16,37,48.92
780,2024/1/1 2:40,16,16,51.94
781,2024/1/1 2:40,16,5,74.8
782,2024/1/1 2:40,16,3,67
783,2024/1/1 2:40,16,11,51.64
784,2024/1/1 2:40,16,7,55.43
785,2024/1/1 2:40,16,5,42.8
786,2024/1/1 2:40,16,34,72.38
787,2024/1/1 2:40,16,27,88.74
788,2024/1/1 2:40,16,25,89.32
789,2024/1/1 2:40,16,39,58.85
790,2024/1/1 2:40,16,21,85.81
791,2024/1/1 2:40,16,15,56.8
792,2024/1/1 2:40,16,23.5,49.04
793,2024/1/1 2:40,16,11.75,24.52
794,2024/1/1 2:40,16,7.25,36.51
795,2024/1/1 2:40,16,3.62,18.25
796,2024/1/1 2:40,16,1.81,9.13
797,2024/1/1 2:40,16,0.91,4.56
798,2024/1/1 2:40,16,0.45,2.28
799,2024/1/1 2:40,16,0.23,1.14
800,2024/1/1 2:40,16,0.11,0.57
801,2024/1/1 2:40,16,0.06,0.29
802,2024/1/1 2:40,16,0.03,0.14
803,2024/1/1 2:40,16,0.01,0.07
804,2024/1/1 2:40,16,0,0.02
805,2024/1/1 2:40,16,0,0.01
806,2024/1/1 2:40,16,9.5,25.31
807,2024/1/1 2:40,16,19,50.61
808,2024/1/1 2:40,16,0,0.01
809,2024/1/1 2:40,16,3.32,5.12
810,2024/1/1 2:40,16,6.64,10.23
811,2024/1/1 2:40,16,9.95,15.35
812,2024/1/1 2:40,16,13.27,20.46
813,2024/1/1 2:40,16,16.59,25.57
814,2024/1/1 2:40,16,19.91,30.68
815,2024/1/1 2:40,16,23.23,35.79
816,2024/1/1 2:40,16,26.55,40.9
817,2024/1/1 2:40,16,29.86,46.02
818,2024/1/1 2:40,16,33.18,51.13
819,2024/1/1 2:40,16,36.5,56.24
820,2024/1/1 2:40,16,37.25,56.83
821,2024/1/1 2:40,16,38,57.41
822,2024/1/1 2:40,16,38.75,58
823,2024/1/1 2:40,16,39.5,58.59
824,2024/1/1 2:40,16,40.25,59.17
825,2024/1/1 2:40,16,41,59.76
826,2024/1/1 2:40,16,41.75,60.34
827,2024/1/1 2:40,16,42.5,60.93
828,2024/1/1 2:40,16,47,54.09
829,2024/1/1 2:40,16,23.5,27.04
830,2024/1/1 2:40,16,11.75,13.52
831,2024/1/1 2:40,16,5.88,6.76
832,2024/1/1 2:40,16,2.94,3.38
833,2024/1/1 2:40,16,1.47,1.69
834,2024/1/1 2:40,16,0.73,0.85
835,2024/1/1 2:40,16,0.37,0.42
836,2024/1/1 2:40,16,0.18,0.21
837,2024/1/1 2:40,16,0.05,0.05
838,2024/1/1 2:40,16,0.02,0.03
839,2024/1/1 2:40,16,0.01,0.01
840,2024/1/1 2:40,16,2.15,3.25
841,2024/1/1 2:40,16,4.28,6.5
842,2024/1/1 2:40,16,6.42,9.74
843,2024/1/1 2:40,16,8.55,12.99
844,2024/1/1 2:40,16,10.69,16.23
845,2024/1/1 2:40,16,12.82,19.48
846,2024/1/1 2:40,16,14.96,22.72
847,2024/1/1 2:40,16,17.09,25.97
848,2024/1/1 2:40,16,19.23,29.21
849,2024/1/1 2:40,16,21.36,32.46
850,2024/1/1 2:40,16,23.5,35.7
851,2024/1/1 2:40,16,23,63.63
852,2024/1/1 2:40,16,11.5,31.82
853,2024/1/1 2:40,16,5.75,15.91
854,2024/1/1 2:40,16,2.88,7.95
855,2024/1/1 2:40,16,1.44,3.98
856,2024/1/1 2:40,16,0.72,1.99
857,2024/1/1 2:40,16,0.36,0.99
858,2024/1/1 2:40,16,0.18,0.5
859,2024/1/1 2:40,16,0.09,0.25
860,2024/1/1 2:40,16,0.04,0.12
861,2024/1/1 2:40,16,0.02,0.06
862,2024/1/1 2:40,16,0.03,0.06
863,2024/1/1 2:40,16,0.02,0.03
864,2024/1/1 2:40,16,8.5,44.09
865,2024/1/1 2:40,16,4.25,22.04
866,2024/1/1 2:40,16,2.12,11.02
867,2024/1/1 2:40,16,0.71,3.67
868,2024/1/1 2:40,16,0.36,1.84
869,2024/1/1 2:40,16,0.35,1.84
870,2024/1/1 2:40,16,40,57.74
871,2024/1/1 2:40,16,20,28.87
872,2024/1/1 2:40,16,10,14.44
873,2024/1/1 2:40,16,5,7.22
874,2024/1/1 2:40,16,2.5,3.61
875,2024/1/1 2:40,16,1.25,1.8
876,2024/1/1 2:40,16,0.62,0.9
877,2024/1/1 2:40,16,0.31,0.45
878,2024/1/1 2:40,16,0.16,0.23
879,2024/1/1 2:40,16,28.58,43.42
880,2024/1/1 2:40,16,34.5,87.08
881,2024/1/1 2:40,16,17,41.69
882,2024/1/1 2:40,16,8.5,20.84
883,2024/1/1 2:40,16,4.25,10.42
884,2024/1/1 2:40,16,2.12,5.21
885,2024/1/1 2:40,16,1.06,2.61
886,2024/1/1 2:40,16,9.03,45.39
887,2024/1/1 2:40,16,19.5,37.81
888,2024/1/1 2:40,16,9.75,18.91
889,2024/1/1 2:40,16,4.88,9.45
890,2024/1/1 2:40,16,2.44,4.73
891,2024/1/1 2:40,16,23.72,44.8
892,2024/1/1 2:40,16,23,44.4
893,2024/1/1 2:40,16,11.5,22.2
894,2024/1/1 2:40,16,5.75,11.1
895,2024/1/1 2:40,16,2.88,5.55
896,2024/1/1 2:40,16,27.44,43.98
897,2024/1/1 2:40,16,45,28.3
898,2024/1/1 2:40,16,22.5,14.15
899,2024/1/1 2:40,16,11.25,7.07
900,2024/1/1 2:40,16,49.12,45.72
901,2024/1/1 2:40,16,35.5,37.19
902,2024/1/1 2:40,16,17.75,18.59
903,2024/1/1 2:40,16,8.88,9.3
904,2024/1/1 2:40,16,42.94,35.12
905,2024/1/1 2:40,16,24.5,38.37
906,2024/1/1 2:40,16,12.25,19.18
907,2024/1/1 2:40,16,6.12,9.59
908,2024/1/1 2:40,16,3.06,4.8
909,2024/1/1 2:40,16,1.53,2.4
910,2024/1/1 2:40,16,0.77,1.2
911,2024/1/1 2:40,16,0.38,0.6
912,2024/1/1 2:40,16,29.19,41.27
913,2024/1/1 2:40,16,13,26.92
914,2024/1/1 2:40,16,6.5,13.46
915,2024/1/1 2:40,16,3.25,6.73
916,2024/1/1 2:40,16,1.62,3.37
917,2024/1/1 2:40,16,0.81,1.68
918,2024/1/1 2:40,16,0.41,0.84
919,2024/1/1 2:40,16,0.2,0.42
920,2024/1/1 2:40,16,20.1,39.49
921,2024/1/1 2:40,16,27,30.65
922,2024/1/1 2:40,16,11.75,42.05
923,2024/1/1 2:40,16,5.88,21.02
924,2024/1/1 2:40,16,10.94,36.48
925,2024/1/1 2:40,16,5.5,25.82
926,2024/1/1 2:40,16,2.75,12.91
927,2024/1/1 2:40,16,6.19,32.81
928,2024/1/1 2:40,16,64.73,64.22
929,2024/1/1 2:40,16,1.5,33.5
930,2024/1/1 2:40,16,0.75,16.75
931,2024/1/1 2:40,16,0.38,8.38
932,2024/1/1 2:40,16,0.19,4.19
933,2024/1/1 2:40,16,0.09,2.09
934,2024/1/1 2:40,16,15,31.86
935,2024/1/1 2:40,16,7.5,15.93
936,2024/1/1 2:40,16,3.75,7.97
937,2024/1/1 2:40,16,4.38,25.38
938,2024/1/1 2:40,16,26.5,34.63
939,2024/1/1 2:40,16,13.25,17.32
940,2024/1/1 2:40,16,6.62,8.66
941,2024/1/1 2:40,16,21.81,44.65
942,2024/1/1 2:40,16,31,36.59
943,2024/1/1 2:40,16,15.5,18.3
944,2024/1/1 2:40,16,7.75,9.15
945,2024/1/1 2:40,16,44.38,44.54
946,2024/1/1 2:40,16,22.5,42.66
947,2024/1/1 2:40,16,11.25,21.33
948,2024/1/1 2:40,16,5.62,10.66
949,2024/1/1 2:40,16,2.81,5.33
950,2024/1/1 2:40,16,1.41,2.67
951,2024/1/1 2:40,16,0.7,1.33
952,2024/1/1 2:40,16,46.85,46.36
953,2024/1/1 2:40,16,44.5,47.01
954,2024/1/1 2:40,16,22.25,23.5
955,2024/1/1 2:40,16,11.12,11.75
956,2024/1/1 2:40,16,5.56,5.88
957,2024/1/1 2:40,16,2.78,2.94
958,2024/1/1 2:40,16,1.39,1.47
959,2024/1/1 2:40,16,42.2,41.7
960,2024/1/1 2:40,16,63.5,35.97
961,2024/1/1 2:40,16,31.75,17.98
962,2024/1/1 2:40,16,15.88,8.99
963,2024/1/1 2:40,16,7.94,4.5
964,2024/1/1 2:40,16,3.97,2.25
965,2024/1/1 2:40,16,1.98,1.12
966,2024/1/1 2:40,16,35.49,26.52
967,2024/1/1 2:40,16,26,31.06
968,2024/1/1 2:40,16,13,15.53
969,2024/1/1 2:40,16,6.5,7.77
970,2024/1/1 2:40,16,3.25,3.88
971,2024/1/1 2:40,16,1.62,1.94
972,2024/1/1 2:40,16,0.81,0.97
973,2024/1/1 2:40,16,0.41,0.49
974,2024/1/1 2:40,16,52.7,37.29
975,2024/1/1 2:40,16,2.67,19.29
976,2024/1/1 2:40,16,1.33,9.65
977,2024/1/1 2:40,16,0.67,4.82
978,2024/1/1 2:40,16,0.33,2.41
979,2024/1/1 2:40,16,0.17,1.21
980,2024/1/1 2:40,16,0.08,0.6
981,2024/1/1 2:40,16,14.69,30.7
982,2024/1/1 2:40,16,7.35,15.35
983,2024/1/1 2:40,16,3.67,7.68
984,2024/1/1 2:40,16,1.84,3.84
985,2024/1/1 2:40,16,22.61,59.34
986,2024/1/1 2:40,16,43,34.36
987,2024/1/1 2:40,16,21.5,17.18
988,2024/1/1 2:40,16,10.75,8.59
989,2024/1/1 2:40,16,5.38,4.3
990,2024/1/1 2:40,16,73.19,35.78
991,2024/1/1 2:40,16,59.5,31.52
992,2024/1/1 2:40,16,29.75,15.76
993,2024/1/1 2:40,16,14.88,7.88
994,2024/1/1 2:40,16,7.44,3.94
995,2024/1/1 2:40,16,33.81,17.64
996,2024/1/1 2:40,16,62,53.74
997,2024/1/1 2:40,16,31,26.87
998,2024/1/1 2:40,16,15.5,13.43
999,2024/1/1 2:40,16,8.5,35.74
1000,2024/1/1 2:40,16,14.33,33.05
1001,2024/1/1 2:40,16,7.17,16.52
1002,2024/1/1 2:40,16,3.58,8.26
1003,2024/1/1 2:40,16,1.79,4.13
1004,2024/1/1 2:40,16,0.9,2.07
1005,2024/1/1 2:40,16,50.63,56.88
1006,2024/1/1 2:40,16,80,73.01
2,2024/1/1 3:00,18,30,63.17
3,2024/1/1 3:00,18,43,75.07
4,2024/1/1 3:00,18,47,71.85
5,2024/1/1 3:00,18,23,79.65
6,2024/1/1 3:00,18,19,94.53
7,2024/1/1 3:00,18,29,57.34
8,2024/1/1 3:00,18,37,67.05
9,2024/1/1 3:00,18,23,80.96
10,2024/1/1 3:00,18,50,65.96
11,2024/1/1 3:00,18,72,66.74
12,2024/1/1 3:00,18,156,67.76
13,2024/1/1 3:00,18,159,58.99
14,2024/1/1 3:00,18,67,68
15,2024/1/1 3:00,18,64,71.98
16,2024/1/1 3:00,18,81,63.07
17,2024/1/1 3:00,18,53,75.75
18,2024/1/1 3:00,18,80,66.53
19,2024/1/1 3:00,18,66,67.74
20,2024/1/1 3:00,18,73.5,61.81
21,2024/1/1 3:00,18,81,55.88
22,2024/1/1 3:00,18,56,75.32
23,2024/1/1 3:00,18,62,75.52
24,2024/1/1 3:00,18,110,57.78
25,2024/1/1 3:00,18,92,82.38
26,2024/1/1 3:00,18,64,83.77
27,2024/1/1 3:00,18,75,91.89
28,2024/1/1 3:00,18,95,92.04
29,2024/1/1 3:00,18,76,87.37
30,2024/1/1 3:00,18,76,74.67
31,2024/1/1 3:00,18,60,84.29
32,2024/1/1 3:00,18,44,93.91
33,2024/1/1 3:00,18,51,96.47
34,2024/1/1 3:00,18,38,91.95
35,2024/1/1 3:00,18,36,82.28
36,2024/1/1 3:00,18,37,99.05
37,2024/1/1 3:00,18,46,87.74
38,2024/1/1 3:00,18,75,56.95
39,2024/1/1 3:00,18,60,65.03
40,2024/1/1 3:00,18,45,73.11
41,2024/1/1 3:00,18,57,43.74
42,2024/1/1 3:00,18,63.5,46.72
43,2024/1/1 3:00,18,70,49.71
44,2024/1/1 3:00,18,65,64.49
45,2024/1/1 3:00,18,57,67.77
46,2024/1/1 3:00,18,59,70.71
47,2024/1/1 3:00,18,61,68.38
48,2024/1/1 3:00,18,58,71.95
49,2024/1/1 3:00,18,46,78.5
50,2024/1/1 3:00,18,109,67.77
51,2024/1/1 3:00,18,61,51.8
52,2024/1/1 3:00,18,58,79.78
53,2024/1/1 3:00,18,43,73.07
54,2024/1/1 3:00,18,49,83.12
55,2024/1/1 3:00,18,38,63.26
56,2024/1/1 3:00,18,41,78.02
57,2024/1/1 3:00,18,36,76.11
58,2024/1/1 3:00,18,39,60.15
59,2024/1/1 3:00,18,45,76.16
60,2024/1/1 3:00,18,35,72.8
61,2024/1/1 3:00,18,11,93.36
62,2024/1/1 3:00,18,12,68.5
63,2024/1/1 3:00,18,48,88.52
64,2024/1/1 3:00,18,60,96.4
65,2024/1/1 3:00,18,83,98.4
66,2024/1/1 3:00,18,63,102.4
67,2024/1/1 3:00,18,68,103.81
68,2024/1/1 3:00,18,74,98.59
69,2024/1/1 3:00,18,33,97.15
70,2024/1/1 3:00,18,34,97.24
71,2024/1/1 3:00,18,29,89
72,2024/1/1 3:00,18,28,81.93
73,2024/1/1 3:00,18,21,79.57
74,2024/1/1 3:00,18,39,97.51
75,2024/1/1 3:00,18,47,81.57
76,2024/1/1 3:00,18,21,87.95
77,2024/1/1 3:00,18,67,100.85
78,2024/1/1 3:00,18,61,87.77
79,2024/1/1 3:00,18,64,95.27
80,2024/1/1 3:00,18,87,102.49
81,2024/1/1 3:00,18,22,80.32
82,2024/1/1 3:00,18,24,77.08
83,2024/1/1 3:00,18,51,98.45
84,2024/1/1 3:00,18,48,83.12
85,2024/1/1 3:00,18,22,80.86
86,2024/1/1 3:00,18,22,78.4
87,2024/1/1 3:00,18,22,75.95
88,2024/1/1 3:00,18,55,86.47
89,2024/1/1 3:00,18,58,108.81
90,2024/1/1 3:00,18,72,96.98
91,2024/1/1 3:00,18,86,85.16
92,2024/1/1 3:00,18,86,99.85
93,2024/1/1 3:00,18,95,96.81
94,2024/1/1 3:00,18,94,80.21
95,2024/1/1 3:00,18,98,83.88
96,2024/1/1 3:00,18,87,84.48
97,2024/1/1 3:00,18,86,75.09
98,2024/1/1 3:00,18,105,91.16
99,2024/1/1 3:00,18,45,95.24
100,2024/1/1 3:00,18,18,71.56
101,2024/1/1 3:00,18,8,59.38
102,2024/1/1 3:00,18,41,90.49
103,2024/1/1 3:00,18,46.5,105.81
104,2024/1/1 3:00,18,52,121.13
105,2024/1/1 3:00,18,49,104.47
106,2024/1/1 3:00,18,73,110.01
107,2024/1/1 3:00,18,77,98.74
108,2024/1/1 3:00,18,91,107.93
109,2024/1/1 3:00,18,99,104.8
110,2024/1/1 3:00,18,100,108.08
111,2024/1/1 3:00,18,56,101.64
112,2024/1/1 3:00,18,53,128.58
113,2024/1/1 3:00,18,39,96.97
114,2024/1/1 3:00,18,38,104.05
115,2024/1/1 3:00,18,57,93.07
116,2024/1/1 3:00,18,56,90.27
117,2024/1/1 3:00,18,49,112.59
118,2024/1/1 3:00,18,45,100.07
119,2024/1/1 3:00,18,36,107.11
120,2024/1/1 3:00,18,43,121.6
121,2024/1/1 3:00,18,46,114.11
122,2024/1/1 3:00,18,26,111.92
123,2024/1/1 3:00,18,25,109.92
124,2024/1/1 3:00,18,34,90.26
125,2024/1/1 3:00,18,78,111.05
126,2024/1/1 3:00,18,38,100.97
127,2024/1/1 3:00,18,48,102.98
128,2024/1/1 3:00,18,88,124.6
129,2024/1/1 3:00,18,78,126.41
130,2024/1/1 3:00,18,80,121.39
131,2024/1/1 3:00,18,80,119.09
132,2024/1/1 3:00,18,69,116.22
133,2024/1/1 3:00,18,26,91
134,2024/1/1 3:00,18,28,92.46
135,2024/1/1 3:00,18,28,70.68
136,2024/1/1 3:00,18,10,104.5
137,2024/1/1 3:00,18,14,76.64
138,2024/1/1 3:00,18,39,83.15
139,2024/1/1 3:00,18,39,83.85
140,2024/1/1 3:00,18,108,91.06
141,2024/1/1 3:00,18,106,89.35
142,2024/1/1 3:00,18,59,95.25
143,2024/1/1 3:00,18,58,85.33
144,2024/1/1 3:00,18,86,78.92
145,2024/1/1 3:00,18,52,70.31
146,2024/1/1 3:00,18,61,79.21
147,2024/1/1 3:00,18,61,89.2
148,2024/1/1 3:00,18,69,87.81
149,2024/1/1 3:00,18,30,75.33
150,2024/1/1 3:00,18,31,79.23
151,2024/1/1 3:00,18,44,62.48
152,2024/1/1 3:00,18,34,75.15
153,2024/1/1 3:00,18,8,77.75
154,2024/1/1 3:00,18,9,73.56
155,2024/1/1 3:00,18,29,93.21
156,2024/1/1 3:00,18,46,96.72
157,2024/1/1 3:00,18,3,62.33
158,2024/1/1 3:00,18,7,56.57
159,2024/1/1 3:00,18,39,72.33
160,2024/1/1 3:00,18,29,84.17
161,2024/1/1 3:00,18,31,42.9
162,2024/1/1 3:00,18,29,82.48
163,2024/1/1 3:00,18,35,79.14
164,2024/1/1 3:00,18,51,68.67
165,2024/1/1 3:00,18,49,82.63
166,2024/1/1 3:00,18,41,74.8
167,2024/1/1 3:00,18,6,84.5
168,2024/1/1 3:00,18,75,80.96
169,2024/1/1 3:00,18,52,77.44
170,2024/1/1 3:00,18,94,88.93
171,2024/1/1 3:00,18,83,86.01
172,2024/1/1 3:00,18,62,89.5
173,2024/1/1 3:00,18,71,95.68
174,2024/1/1 3:00,18,80,88.19
175,2024/1/1 3:00,18,58,73.47
176,2024/1/1 3:00,18,8,95.12
177,2024/1/1 3:00,18,9,92.78
178,2024/1/1 3:00,18,25,82.16
179,2024/1/1 3:00,18,41,71.54
180,2024/1/1 3:00,18,29,69.42
181,2024/1/1 3:00,18,17,67.29
182,2024/1/1 3:00,18,62,66.32
183,2024/1/1 3:00,18,90,73.49
184,2024/1/1 3:00,18,63,59.65
185,2024/1/1 3:00,18,64.33,64.63
186,2024/1/1 3:00,18,65.67,69.6
187,2024/1/1 3:00,18,67,74.58
188,2024/1/1 3:00,18,32,76.03
189,2024/1/1 3:00,18,32,71.62
190,2024/1/1 3:00,18,57,78.61
191,2024/1/1 3:00,18,56,68.29
192,2024/1/1 3:00,18,55,79.9
193,2024/1/1 3:00,18,54,91.5
194,2024/1/1 3:00,18,68,70.35
195,2024/1/1 3:00,18,55,65.16
196,2024/1/1 3:00,18,66,87.58
197,2024/1/1 3:00,18,62,94.6
198,2024/1/1 3:00,18,122,87.01
199,2024/1/1 3:00,18,69,89.45
200,2024/1/1 3:00,18,55,85.07
201,2024/1/1 3:00,18,98,84.98
202,2024/1/1 3:00,18,111,63.92
203,2024/1/1 3:00,18,76,65.61
204,2024/1/1 3:00,18,55,78.35
205,2024/1/1 3:00,18,61,95.64
206,2024/1/1 3:00,18,30,93.47
207,2024/1/1 3:00,18,33,79.3
208,2024/1/1 3:00,18,37,70.16
209,2024/1/1 3:00,18,32.5,79.1
210,2024/1/1 3:00,18,28,88.04
211,2024/1/1 3:00,18,34,86.94
212,2024/1/1 3:00,18,63,88.49
213,2024/1/1 3:00,18,35,86.2
214,2024/1/1 3:00,18,61,82.11
215,2024/1/1 3:00,18,60,83.55
216,2024/1/1 3:00,18,81,80.58
217,2024/1/1 3:00,18,100,90.02
218,2024/1/1 3:00,18,88,88.75
219,2024/1/1 3:00,18,93,82.55
220,2024/1/1 3:00,18,57,78.96
221,2024/1/1 3:00,18,40,81.33
222,2024/1/1 3:00,18,31,77.81
223,2024/1/1 3:00,18,44,64.7
224,2024/1/1 3:00,18,47,67.02
225,2024/1/1 3:00,18,43,83.47
226,2024/1/1 3:00,18,45,63.02
227,2024/1/1 3:00,18,34,72.47
228,2024/1/1 3:00,18,26,62.54
229,2024/1/1 3:00,18,32,69.03
230,2024/1/1 3:00,18,44,77.05
231,2024/1/1 3:00,18,29,90.83
232,2024/1/1 3:00,18,44,82.45
233,2024/1/1 3:00,18,59,74.08
234,2024/1/1 3:00,18,74,65.7
235,2024/1/1 3:00,18,115,71.1
236,2024/1/1 3:00,18,45,50.38
237,2024/1/1 3:00,18,8,67.38
238,2024/1/1 3:00,18,10,63.2
239,2024/1/1 3:00,18,15.5,58.62
240,2024/1/1 3:00,18,21,54.05
241,2024/1/1 3:00,18,2,24
242,2024/1/1 3:00,18,21,82.14
243,2024/1/1 3:00,18,76,80.62
244,2024/1/1 3:00,18,69,71.67
245,2024/1/1 3:00,18,130,66.66
246,2024/1/1 3:00,18,106,60.12
247,2024/1/1 3:00,18,84,52.8
248,2024/1/1 3:00,18,62,45.47
249,2024/1/1 3:00,18,39,66.44
250,2024/1/1 3:00,18,48,76.06
251,2024/1/1 3:00,18,55,70.49
252,2024/1/1 3:00,18,60,70
253,2024/1/1 3:00,18,109,73.79
254,2024/1/1 3:00,18,65,68.8
255,2024/1/1 3:00,18,69.5,70.38
256,2024/1/1 3:00,18,74,71.97
257,2024/1/1 3:00,18,68,64.15
258,2024/1/1 3:00,18,81,77.78
259,2024/1/1 3:00,18,74,72.65
260,2024/1/1 3:00,18,59,73.61
261,2024/1/1 3:00,18,57,59.56
262,2024/1/1 3:00,18,74,75.51
263,2024/1/1 3:00,18,71,56.04
264,2024/1/1 3:00,18,57,74.91
265,2024/1/1 3:00,18,55,62.18
266,2024/1/1 3:00,18,64,73.84
267,2024/1/1 3:00,18,65,55.06
268,2024/1/1 3:00,18,95,70.18
269,2024/1/1 3:00,18,84,77.35
270,2024/1/1 3:00,18,78,82.55
271,2024/1/1 3:00,18,67.5,80.34
272,2024/1/1 3:00,18,57,78.12
273,2024/1/1 3:00,18,18,70.67
274,2024/1/1 3:00,18,66,67.95
275,2024/1/1 3:00,18,73,68.59
276,2024/1/1 3:00,18,83,74.94
277,2024/1/1 3:00,18,83.5,73.29
278,2024/1/1 3:00,18,84,71.64
279,2024/1/1 3:00,18,74,69.98
280,2024/1/1 3:00,18,64,68.33
281,2024/1/1 3:00,18,68,62.79
282,2024/1/1 3:00,18,93,64.37
283,2024/1/1 3:00,18,96,66.75
284,2024/1/1 3:00,18,72,77.86
285,2024/1/1 3:00,18,103,70.61
286,2024/1/1 3:00,18,121,72.74
287,2024/1/1 3:00,18,99,72.9
288,2024/1/1 3:00,18,77,73.06
289,2024/1/1 3:00,18,64,66.19
290,2024/1/1 3:00,18,93,74.04
291,2024/1/1 3:00,18,130,73.82
292,2024/1/1 3:00,18,79,64.78
293,2024/1/1 3:00,18,94,80.56
294,2024/1/1 3:00,18,64,77.55
295,2024/1/1 3:00,18,69,72.68
296,2024/1/1 3:00,18,64,59.89
297,2024/1/1 3:00,18,93,48.01
298,2024/1/1 3:00,18,75,48.72
299,2024/1/1 3:00,18,72,51.66
300,2024/1/1 3:00,18,69,54.61
301,2024/1/1 3:00,18,139,68.73
302,2024/1/1 3:00,18,77,80.99
303,2024/1/1 3:00,18,76,85.57
304,2024/1/1 3:00,18,55,66.19
305,2024/1/1 3:00,18,34,46.82
306,2024/1/1 3:00,18,44,77.14
307,2024/1/1 3:00,18,53,102.92
308,2024/1/1 3:00,18,52,92.37
309,2024/1/1 3:00,18,51,111.92
310,2024/1/1 3:00,18,46,99.65
311,2024/1/1 3:00,18,46,108.54
312,2024/1/1 3:00,18,54,121.28
313,2024/1/1 3:00,18,56,113.16
314,2024/1/1 3:00,18,62,109.29
315,2024/1/1 3:00,18,51,101.96
316,2024/1/1 3:00,18,47,98.91
317,2024/1/1 3:00,18,37,92.24
318,2024/1/1 3:00,18,40,101.08
319,2024/1/1 3:00,18,40,110.22
320,2024/1/1 3:00,18,39,99.56
321,2024/1/1 3:00,18,25,118.96
322,2024/1/1 3:00,18,47,103.38
323,2024/1/1 3:00,18,44,101.11
324,2024/1/1 3:00,18,43,98.28
325,2024/1/1 3:00,18,12,79.83
326,2024/1/1 3:00,18,14,102.93
327,2024/1/1 3:00,18,13,114.85
328,2024/1/1 3:00,18,28,105.54
329,2024/1/1 3:00,18,15.5,67.6
330,2024/1/1 3:00,18,3,29.67
331,2024/1/1 3:00,18,35,103.83
332,2024/1/1 3:00,18,41,105.68
333,2024/1/1 3:00,18,42,103.64
334,2024/1/1 3:00,18,48,112.48
335,2024/1/1 3:00,18,50,110.52
336,2024/1/1 3:00,18,45,95.38
337,2024/1/1 3:00,18,45,96.96
338,2024/1/1 3:00,18,34,104.15
339,2024/1/1 3:00,18,38,96.26
340,2024/1/1 3:00,18,38,106
341,2024/1/1 3:00,18,59,100.14
342,2024/1/1 3:00,18,59,105
343,2024/1/1 3:00,18,66,106.18
344,2024/1/1 3:00,18,47,115.21
345,2024/1/1 3:00,18,53,113.08
346,2024/1/1 3:00,18,61,115.61
347,2024/1/1 3:00,18,61,112.13
348,2024/1/1 3:00,18,74,104
349,2024/1/1 3:00,18,59,91.41
350,2024/1/1 3:00,18,63,97.51
351,2024/1/1 3:00,18,17,90.71
352,2024/1/1 3:00,18,16,74.31
353,2024/1/1 3:00,18,23,77.74
354,2024/1/1 3:00,18,14,66.71
355,2024/1/1 3:00,18,10,83.8
356,2024/1/1 3:00,18,30,73.63
357,2024/1/1 3:00,18,26,78.73
358,2024/1/1 3:00,18,36,79.47
359,2024/1/1 3:00,18,43,78
360,2024/1/1 3:00,18,48,81.98
361,2024/1/1 3:00,18,44,83.64
362,2024/1/1 3:00,18,31,88.29
363,2024/1/1 3:00,18,57.5,77.84
364,2024/1/1 3:00,18,84,67.38
365,2024/1/1 3:00,18,74.33,74.76
366,2024/1/1 3:00,18,64.67,82.15
367,2024/1/1 3:00,18,55,89.53
368,2024/1/1 3:00,18,111,90.75
369,2024/1/1 3:00,18,106,89.02
370,2024/1/1 3:00,18,101,87.3
371,2024/1/1 3:00,18,82,73.1
372,2024/1/1 3:00,18,76,84.95
373,2024/1/1 3:00,18,142,92.92
374,2024/1/1 3:00,18,95,101.6
375,2024/1/1 3:00,18,80,89.95
376,2024/1/1 3:00,18,88,93.59
377,2024/1/1 3:00,18,83,104.27
378,2024/1/1 3:00,18,82,98.38
379,2024/1/1 3:00,18,97,90.73
380,2024/1/1 3:00,18,39,82.77
381,2024/1/1 3:00,18,23,94.3
382,2024/1/1 3:00,18,20,80.6
383,2024/1/1 3:00,18,3,86.33
384,2024/1/1 3:00,18,12,17.17
385,2024/1/1 3:00,18,23,82.91
386,2024/1/1 3:00,18,19,68
387,2024/1/1 3:00,18,36,61.42
388,2024/1/1 3:00,18,77,77.19
389,2024/1/1 3:00,18,73,97.55
390,2024/1/1 3:00,18,61,102.38
391,2024/1/1 3:00,18,61,78.66
392,2024/1/1 3:00,18,52,94.21
393,2024/1/1 3:00,18,72,112.56
394,2024/1/1 3:00,18,68,108
395,2024/1/1 3:00,18,97,97.64
396,2024/1/1 3:00,18,49,84.32
397,2024/1/1 3:00,18,1,
398,2024/1/1 3:00,18,0,
399,2024/1/1 3:00,18,0,
400,2024/1/1 3:00,18,1,46
401,2024/1/1 3:00,18,1,43
402,2024/1/1 3:00,18,1,84
403,2024/1/1 3:00,18,1,90
404,2024/1/1 3:00,18,2,46.5
405,2024/1/1 3:00,18,3,
406,2024/1/1 3:00,18,0,
407,2024/1/1 3:00,18,1,70
408,2024/1/1 3:00,18,3,83.33
409,2024/1/1 3:00,18,3,88
410,2024/1/1 3:00,18,3,95.67
411,2024/1/1 3:00,18,2,73.5
412,2024/1/1 3:00,18,2,70.5
413,2024/1/1 3:00,18,3,80
414,2024/1/1 3:00,18,2,81.5
415,2024/1/1 3:00,18,15,84.4
416,2024/1/1 3:00,18,9,95.7
417,2024/1/1 3:00,18,3,
418,2024/1/1 3:00,18,0,
419,2024/1/1 3:00,18,0,
420,2024/1/1 3:00,18,0,
421,2024/1/1 3:00,18,0,
422,2024/1/1 3:00,18,0,
423,2024/1/1 3:00,18,2,99
424,2024/1/1 3:00,18,1,94
425,2024/1/1 3:00,18,1,61
426,2024/1/1 3:00,18,4,69.25
427,2024/1/1 3:00,18,4,89.75
428,2024/1/1 3:00,18,3,86.33
429,2024/1/1 3:00,18,4,81
430,2024/1/1 3:00,18,4,87.5
431,2024/1/1 3:00,18,7,
432,2024/1/1 3:00,18,3.5,
433,2024/1/1 3:00,18,0,
434,2024/1/1 3:00,18,25.67,
435,2024/1/1 3:00,18,51.33,
436,2024/1/1 3:00,18,77,76.38
437,2024/1/1 3:00,18,32,73.88
438,2024/1/1 3:00,18,31,82.32
439,2024/1/1 3:00,18,33,77.18
440,2024/1/1 3:00,18,35,72.03
441,2024/1/1 3:00,18,37,66.89
442,2024/1/1 3:00,18,60,73.08
443,2024/1/1 3:00,18,64,69.3
444,2024/1/1 3:00,18,68,65.53
445,2024/1/1 3:00,18,72,61.75
446,2024/1/1 3:00,18,70,55.51
447,2024/1/1 3:00,18,75,63.83
448,2024/1/1 3:00,18,66,81.27
449,2024/1/1 3:00,18,35,88.86
450,2024/1/1 3:00,18,33,75.97
451,2024/1/1 3:00,18,66,68.86
452,2024/1/1 3:00,18,54,80.39
453,2024/1/1 3:00,18,56,87.59
454,2024/1/1 3:00,18,71,75.62
455,2024/1/1 3:00,18,35,64.74
456,2024/1/1 3:00,18,66,74.41
457,2024/1/1 3:00,18,57,76.76
458,2024/1/1 3:00,18,48,79.12
459,2024/1/1 3:00,18,53,85.42
460,2024/1/1 3:00,18,53,93.64
461,2024/1/1 3:00,18,50,98.94
462,2024/1/1 3:00,18,34,81.59
463,2024/1/1 3:00,18,36,93.08
464,2024/1/1 3:00,18,16,89.69
465,2024/1/1 3:00,18,25,97.52
466,2024/1/1 3:00,18,43,91.91
467,2024/1/1 3:00,18,61,86.3
468,2024/1/1 3:00,18,75,77.65
469,2024/1/1 3:00,18,87,75.2
470,2024/1/1 3:00,18,88,80.37
471,2024/1/1 3:00,18,89,85.53
472,2024/1/1 3:00,18,27,88.33
473,2024/1/1 3:00,18,21,88.29
474,2024/1/1 3:00,18,19,78.21
475,2024/1/1 3:00,18,25,81.2
476,2024/1/1 3:00,18,29,75.59
477,2024/1/1 3:00,18,41,82.66
478,2024/1/1 3:00,18,71,65.82
479,2024/1/1 3:00,18,73,89.47
480,2024/1/1 3:00,18,76,74.95
481,2024/1/1 3:00,18,79,70.57
482,2024/1/1 3:00,18,80,78.62
483,2024/1/1 3:00,18,69,68.39
484,2024/1/1 3:00,18,44,68.91
485,2024/1/1 3:00,18,1042,8.39
486,2024/1/1 3:00,18,138,88.14
487,2024/1/1 3:00,18,145,82.81
488,2024/1/1 3:00,18,91,76.81
489,2024/1/1 3:00,18,98.5,81.69
490,2024/1/1 3:00,18,106,86.57
491,2024/1/1 3:00,18,109,86.43
492,2024/1/1 3:00,18,105,85.8
493,2024/1/1 3:00,18,94,87.63
494,2024/1/1 3:00,18,101,104.54
495,2024/1/1 3:00,18,106,88.79
496,2024/1/1 3:00,18,103,79.77
497,2024/1/1 3:00,18,95,98.37
498,2024/1/1 3:00,18,94,106.29
499,2024/1/1 3:00,18,94,80.13
500,2024/1/1 3:00,18,88.5,89.79
501,2024/1/1 3:00,18,83,99.46
502,2024/1/1 3:00,18,88,84
503,2024/1/1 3:00,18,91,91.36
504,2024/1/1 3:00,18,91,78.34
505,2024/1/1 3:00,18,90,82.51
506,2024/1/1 3:00,18,99,82.99
507,2024/1/1 3:00,18,104.25,78.67
508,2024/1/1 3:00,18,109.5,74.34
509,2024/1/1 3:00,18,114.75,70.02
510,2024/1/1 3:00,18,120,65.7
511,2024/1/1 3:00,18,106,78.38
512,2024/1/1 3:00,18,79,73.1
513,2024/1/1 3:00,18,95,75.67
514,2024/1/1 3:00,18,92,80.38
515,2024/1/1 3:00,18,75,74.81
516,2024/1/1 3:00,18,73,93.48
517,2024/1/1 3:00,18,84,89.65
518,2024/1/1 3:00,18,95,85.82
519,2024/1/1 3:00,18,87,84.62
520,2024/1/1 3:00,18,79,83.43
521,2024/1/1 3:00,18,67,93.84
522,2024/1/1 3:00,18,76,80.71
523,2024/1/1 3:00,18,70,86.65
524,2024/1/1 3:00,18,64,92.59
525,2024/1/1 3:00,18,72,80.28
526,2024/1/1 3:00,18,73,73.03
527,2024/1/1 3:00,18,39,83.97
528,2024/1/1 3:00,18,51.33,81.17
529,2024/1/1 3:00,18,63.67,78.37
530,2024/1/1 3:00,18,76,75.57
531,2024/1/1 3:00,18,58,84.43
532,2024/1/1 3:00,18,74,86.44
533,2024/1/1 3:00,18,90,88.44
534,2024/1/1 3:00,18,108,73.69
535,2024/1/1 3:00,18,79,93.3
536,2024/1/1 3:00,18,75,91.45
537,2024/1/1 3:00,18,121,84.64
538,2024/1/1 3:00,18,123,80.24
539,2024/1/1 3:00,18,132,86.33
540,2024/1/1 3:00,18,126.25,86.46
541,2024/1/1 3:00,18,120.5,86.59
542,2024/1/1 3:00,18,114.75,86.72
543,2024/1/1 3:00,18,109,86.85
544,2024/1/1 3:00,18,72,92.57
545,2024/1/1 3:00,18,35,98.29
546,2024/1/1 3:00,18,68,81.99
547,2024/1/1 3:00,18,101,65.68
548,2024/1/1 3:00,18,125,80.8
549,2024/1/1 3:00,18,132,83.39
550,2024/1/1 3:00,18,121,81.53
551,2024/1/1 3:00,18,127,62.06
552,2024/1/1 3:00,18,60,82.08
553,2024/1/1 3:00,18,60,83.32
554,2024/1/1 3:00,18,64,77
555,2024/1/1 3:00,18,63,83.44
556,2024/1/1 3:00,18,56,80.7
557,2024/1/1 3:00,18,64,76.22
558,2024/1/1 3:00,18,42,74.9
559,2024/1/1 3:00,18,47,87.4
560,2024/1/1 3:00,18,70,89.8
561,2024/1/1 3:00,18,66.5,94.56
562,2024/1/1 3:00,18,63,99.33
563,2024/1/1 3:00,18,62,93.47
564,2024/1/1 3:00,18,60.5,89.65
565,2024/1/1 3:00,18,59,85.83
566,2024/1/1 3:00,18,56,90.38
567,2024/1/1 3:00,18,58.5,89.54
568,2024/1/1 3:00,18,61,88.7
569,2024/1/1 3:00,18,61,80.21
570,2024/1/1 3:00,18,53.33,79.39
571,2024/1/1 3:00,18,45.67,78.58
572,2024/1/1 3:00,18,38,77.76
573,2024/1/1 3:00,18,40,78.12
574,2024/1/1 3:00,18,48.5,79.63
575,2024/1/1 3:00,18,57,81.14
576,2024/1/1 3:00,18,57,83.04
577,2024/1/1 3:00,18,56,79.45
578,2024/1/1 3:00,18,51.5,78.9
579,2024/1/1 3:00,18,47,78.34
580,2024/1/1 3:00,18,47.67,80.58
581,2024/1/1 3:00,18,48.33,82.82
582,2024/1/1 3:00,18,49,85.06
583,2024/1/1 3:00,18,73.5,79.98
584,2024/1/1 3:00,18,98,74.9
585,2024/1/1 3:00,18,90,62.27
586,2024/1/1 3:00,18,99,90.09
587,2024/1/1 3:00,18,86.5,88.1
588,2024/1/1 3:00,18,74,86.12
589,2024/1/1 3:00,18,68,92.44
590,2024/1/1 3:00,18,66.5,84.75
591,2024/1/1 3:00,18,65,77.06
592,2024/1/1 3:00,18,77.5,85.68
593,2024/1/1 3:00,18,90,94.3
594,2024/1/1 3:00,18,85,87.85
595,2024/1/1 3:00,18,80,81.4
596,2024/1/1 3:00,18,76,81.25
597,2024/1/1 3:00,18,85.5,80.62
598,2024/1/1 3:00,18,95,79.98
599,2024/1/1 3:00,18,62,77.26
600,2024/1/1 3:00,18,62,90.21
601,2024/1/1 3:00,18,55,87.73
602,2024/1/1 3:00,18,79,91.59
603,2024/1/1 3:00,18,77,61.75
604,2024/1/1 3:00,18,65,89.28
605,2024/1/1 3:00,18,82.5,91.42
606,2024/1/1 3:00,18,100,93.55
607,2024/1/1 3:00,18,95,89.87
608,2024/1/1 3:00,18,91,81.77
609,2024/1/1 3:00,18,72,103.29
610,2024/1/1 3:00,18,164,81.74
611,2024/1/1 3:00,18,150,77.04
612,2024/1/1 3:00,18,149,83.85
613,2024/1/1 3:00,18,148,90.66
614,2024/1/1 3:00,18,137,88.38
615,2024/1/1 3:00,18,137,86.54
616,2024/1/1 3:00,18,126,81.56
617,2024/1/1 3:00,18,130,70.28
618,2024/1/1 3:00,18,92,65.03
619,2024/1/1 3:00,18,84.5,51.18
620,2024/1/1 3:00,18,77,37.34
621,2024/1/1 3:00,18,87,55.78
622,2024/1/1 3:00,18,97,74.23
623,2024/1/1 3:00,18,97.5,79.59
624,2024/1/1 3:00,18,98,84.94
625,2024/1/1 3:00,18,29,48.03
626,2024/1/1 3:00,18,36,67.69
627,2024/1/1 3:00,18,28.5,51.44
628,2024/1/1 3:00,18,21,35.19
629,2024/1/1 3:00,18,12,56.08
630,2024/1/1 3:00,18,8,57.62
631,2024/1/1 3:00,18,16,67.69
632,2024/1/1 3:00,18,16,33.81
633,2024/1/1 3:00,18,18,41.72
634,2024/1/1 3:00,18,37,64.65
635,2024/1/1 3:00,18,44,75.25
636,2024/1/1 3:00,18,29,63.52
637,2024/1/1 3:00,18,31,57.52
638,2024/1/1 3:00,18,33,51.52
639,2024/1/1 3:00,18,62,51.26
640,2024/1/1 3:00,18,48,56
641,2024/1/1 3:00,18,27,72.41
642,2024/1/1 3:00,18,30,49.07
643,2024/1/1 3:00,18,32,53.31
644,2024/1/1 3:00,18,36,54.08
645,2024/1/1 3:00,18,18,69.72
646,2024/1/1 3:00,18,22,75.77
647,2024/1/1 3:00,18,15.5,74.1
648,2024/1/1 3:00,18,9,72.44
649,2024/1/1 3:00,18,8,100
650,2024/1/1 3:00,18,11,60.82
651,2024/1/1 3:00,18,13,67.46
652,2024/1/1 3:00,18,11,58.18
653,2024/1/1 3:00,18,11,57.32
654,2024/1/1 3:00,18,11,56.45
655,2024/1/1 3:00,18,56,38.43
656,2024/1/1 3:00,18,63.5,45.43
657,2024/1/1 3:00,18,71,52.42
658,2024/1/1 3:00,18,78.5,59.42
659,2024/1/1 3:00,18,86,66.42
660,2024/1/1 3:00,18,45.5,71.81
661,2024/1/1 3:00,18,5,77.2
662,2024/1/1 3:00,18,29,60.1
663,2024/1/1 3:00,18,15,77.33
664,2024/1/1 3:00,18,29,71.06
665,2024/1/1 3:00,18,43,64.79
666,2024/1/1 3:00,18,47.5,69.57
667,2024/1/1 3:00,18,52,74.35
668,2024/1/1 3:00,18,27,61.7
669,2024/1/1 3:00,18,48,63.88
670,2024/1/1 3:00,18,45,68.12
671,2024/1/1 3:00,18,42,72.36
672,2024/1/1 3:00,18,34,65.76
673,2024/1/1 3:00,18,42,82.12
674,2024/1/1 3:00,18,31,64.77
675,2024/1/1 3:00,18,53,63.53
676,2024/1/1 3:00,18,43,68.35
677,2024/1/1 3:00,18,35,69.48
678,2024/1/1 3:00,18,27,70.61
679,2024/1/1 3:00,18,19,71.74
680,2024/1/1 3:00,18,23,82.04
681,2024/1/1 3:00,18,23,77.52
682,2024/1/1 3:00,18,8,90
683,2024/1/1 3:00,18,16,93.56
684,2024/1/1 3:00,18,22,84
685,2024/1/1 3:00,18,20,76.9
686,2024/1/1 3:00,18,11,79.55
687,2024/1/1 3:00,18,13.5,77.06
688,2024/1/1 3:00,18,16,74.56
689,2024/1/1 3:00,18,82,80.32
690,2024/1/1 3:00,18,58,69.76
691,2024/1/1 3:00,18,46,58.98
692,2024/1/1 3:00,18,49,89.06
693,2024/1/1 3:00,18,34,81.44
694,2024/1/1 3:00,18,49,62.82
695,2024/1/1 3:00,18,11,52
696,2024/1/1 3:00,18,50,76.46
697,2024/1/1 3:00,18,11,82.09
698,2024/1/1 3:00,18,21.5,74
699,2024/1/1 3:00,18,32,65.91
700,2024/1/1 3:00,18,26.5,62.96
701,2024/1/1 3:00,18,21,60
702,2024/1/1 3:00,18,12.5,72.5
703,2024/1/1 3:00,18,4,85
704,2024/1/1 3:00,18,4,77.25
705,2024/1/1 3:00,18,5,128.2
706,2024/1/1 3:00,18,39,73.54
707,2024/1/1 3:00,18,52,84.15
708,2024/1/1 3:00,18,47,80.6
709,2024/1/1 3:00,18,39.67,80.11
710,2024/1/1 3:00,18,32.33,79.61
711,2024/1/1 3:00,18,25,79.12
712,2024/1/1 3:00,18,19,54
713,2024/1/1 3:00,18,18.5,52.36
714,2024/1/1 3:00,18,18,50.72
715,2024/1/1 3:00,18,23,84.91
716,2024/1/1 3:00,18,9,50.44
717,2024/1/1 3:00,18,10,49.2
718,2024/1/1 3:00,18,7,44.57
719,2024/1/1 3:00,18,14,55.07
720,2024/1/1 3:00,18,20,48.95
721,2024/1/1 3:00,18,10,59.9
722,2024/1/1 3:00,18,13,64.95
723,2024/1/1 3:00,18,16,70
724,2024/1/1 3:00,18,19,75.05
725,2024/1/1 3:00,18,22,69.55
726,2024/1/1 3:00,18,29,100.55
727,2024/1/1 3:00,18,25,90.64
728,2024/1/1 3:00,18,20,81.95
729,2024/1/1 3:00,18,24,67.54
730,2024/1/1 3:00,18,15,68.52
731,2024/1/1 3:00,18,6,69.5
732,2024/1/1 3:00,18,9,86.11
733,2024/1/1 3:00,18,12,70.92
734,2024/1/1 3:00,18,20,55
735,2024/1/1 3:00,18,17,80.71
736,2024/1/1 3:00,18,15,83.27
737,2024/1/1 3:00,18,16,69.06
738,2024/1/1 3:00,18,21,43.24
739,2024/1/1 3:00,18,12,54
740,2024/1/1 3:00,18,14,69.64
741,2024/1/1 3:00,18,8,68.32
742,2024/1/1 3:00,18,2,67
743,2024/1/1 3:00,18,2.44,66.3
744,2024/1/1 3:00,18,2.89,65.59
745,2024/1/1 3:00,18,3.33,64.89
746,2024/1/1 3:00,18,3.78,64.19
747,2024/1/1 3:00,18,4.22,63.48
748,2024/1/1 3:00,18,4.67,62.78
749,2024/1/1 3:00,18,5.11,62.08
750,2024/1/1 3:00,18,5.56,61.37
751,2024/1/1 3:00,18,6,60.67
752,2024/1/1 3:00,18,5.76,61.84
753,2024/1/1 3:00,18,5.53,63
754,2024/1/1 3:00,18,5.29,64.17
755,2024/1/1 3:00,18,5.06,65.34
756,2024/1/1 3:00,18,4.82,66.5
757,2024/1/1 3:00,18,4.59,67.67
758,2024/1/1 3:00,18,4.35,68.84
759,2024/1/1 3:00,18,4.12,70
760,2024/1/1 3:00,18,3.88,71.17
761,2024/1/1 3:00,18,3.65,72.33
762,2024/1/1 3:00,18,3.41,73.5
763,2024/1/1 3:00,18,3.18,74.67
764,2024/1/1 3:00,18,2.94,75.83
765,2024/1/1 3:00,18,2.71,77
766,2024/1/1 3:00,18,2.47,78.17
767,2024/1/1 3:00,18,2.24,79.33
768,2024/1/1 3:00,18,2,80.5
769,2024/1/1 3:00,18,7,86.43
770,2024/1/1 3:00,18,24,65.46
771,2024/1/1 3:00,18,24.5,57.73
772,2024/1/1 3:00,18,25,50
773,2024/1/1 3:00,18,10,67.3
774,2024/1/1 3:00,18,11.5,70.15
775,2024/1/1 3:00,18,13,73
776,2024/1/1 3:00,18,17,56.82
777,2024/1/1 3:00,18,12,81.5
778,2024/1/1 3:00,18,27,61.04
779,2024/1/1 3:00,18,42,50.9
780,2024/1/1 3:00,18,10,53.9
781,2024/1/1 3:00,18,6,67.83
782,2024/1/1 3:00,18,2,62.5
783,2024/1/1 3:00,18,6,54.67
784,2024/1/1 3:00,18,6,70.17
785,2024/1/1 3:00,18,7,53.14
786,2024/1/1 3:00,18,29,72.9
787,2024/1/1 3:00,18,20,87.75
788,2024/1/1 3:00,18,28,79.93
789,2024/1/1 3:00,18,11,62
790,2024/1/1 3:00,18,16,71.5
791,2024/1/1 3:00,18,10,60.7
792,2024/1/1 3:00,18,31.5,48.76
793,2024/1/1 3:00,18,15.75,24.38
794,2024/1/1 3:00,18,6.58,33.88
795,2024/1/1 3:00,18,3.29,16.94
796,2024/1/1 3:00,18,1.65,8.47
797,2024/1/1 3:00,18,0.82,4.23
798,2024/1/1 3:00,18,0.41,2.12
799,2024/1/1 3:00,18,0.21,1.06
800,2024/1/1 3:00,18,0.1,0.53
801,2024/1/1 3:00,18,0.05,0.26
802,2024/1/1 3:00,18,0.03,0.13
803,2024/1/1 3:00,18,0.01,0.07
804,2024/1/1 3:00,18,0,0.02
805,2024/1/1 3:00,18,0,0.01
806,2024/1/1 3:00,18,9.75,24.25
807,2024/1/1 3:00,18,19.5,48.49
808,2024/1/1 3:00,18,0,0.01
809,2024/1/1 3:00,18,3.55,5.06
810,2024/1/1 3:00,18,7.09,10.1
811,2024/1/1 3:00,18,10.64,15.15
812,2024/1/1 3:00,18,14.18,20.2
813,2024/1/1 3:00,18,17.73,25.25
814,2024/1/1 3:00,18,21.27,30.29
815,2024/1/1 3:00,18,24.82,35.34
816,2024/1/1 3:00,18,28.36,40.39
817,2024/1/1 3:00,18,31.91,45.44
818,2024/1/1 3:00,18,35.45,50.48
819,2024/1/1 3:00,18,39,55.53
820,2024/1/1 3:00,18,39.62,56.38
821,2024/1/1 3:00,18,40.25,57.22
822,2024/1/1 3:00,18,40.88,58.07
823,2024/1/1 3:00,18,41.5,58.91
824,2024/1/1 3:00,18,42.12,59.76
825,2024/1/1 3:00,18,42.75,60.61
826,2024/1/1 3:00,18,43.38,61.45
827,2024/1/1 3:00,18,44,62.3
828,2024/1/1 3:00,18,50,54.04
829,2024/1/1 3:00,18,25,27.02
830,2024/1/1 3:00,18,12.5,13.51
831,2024/1/1 3:00,18,6.25,6.76
832,2024/1/1 3:00,18,3.12,3.38
833,2024/1/1 3:00,18,1.56,1.69
834,2024/1/1 3:00,18,0.78,0.84
835,2024/1/1 3:00,18,0.39,0.42
836,2024/1/1 3:00,18,0.2,0.21
837,2024/1/1 3:00,18,0.05,0.05
838,2024/1/1 3:00,18,0.02,0.03
839,2024/1/1 3:00,18,0.01,0.01
840,2024/1/1 3:00,18,2.01,3.52
841,2024/1/1 3:00,18,4.01,7.02
842,2024/1/1 3:00,18,6.01,10.53
843,2024/1/1 3:00,18,8.01,14.03
844,2024/1/1 3:00,18,10.01,17.54
845,2024/1/1 3:00,18,12,21.04
846,2024/1/1 3:00,18,14,24.55
847,2024/1/1 3:00,18,16,28.05
848,2024/1/1 3:00,18,18,31.56
849,2024/1/1 3:00,18,20,35.06
850,2024/1/1 3:00,18,22,38.57
851,2024/1/1 3:00,18,26.5,64.29
852,2024/1/1 3:00,18,13.25,32.14
853,2024/1/1 3:00,18,6.62,16.07
854,2024/1/1 3:00,18,3.31,8.04
855,2024/1/1 3:00,18,1.66,4.02
856,2024/1/1 3:00,18,0.83,2.01
857,2024/1/1 3:00,18,0.41,1
858,2024/1/1 3:00,18,0.21,0.5
859,2024/1/1 3:00,18,0.1,0.25
860,2024/1/1 3:00,18,0.05,0.13
861,2024/1/1 3:00,18,0.03,0.06
862,2024/1/1 3:00,18,0.04,0.06
863,2024/1/1 3:00,18,0.03,0.03
864,2024/1/1 3:00,18,17,45.13
865,2024/1/1 3:00,18,8.5,22.56
866,2024/1/1 3:00,18,4.25,11.28
867,2024/1/1 3:00,18,1.42,3.76
868,2024/1/1 3:00,18,0.71,1.88
869,2024/1/1 3:00,18,0.71,1.88
870,2024/1/1 3:00,18,35.67,57.48
871,2024/1/1 3:00,18,17.83,28.74
872,2024/1/1 3:00,18,8.92,14.37
873,2024/1/1 3:00,18,4.46,7.18
874,2024/1/1 3:00,18,2.23,3.59
875,2024/1/1 3:00,18,1.11,1.8
876,2024/1/1 3:00,18,0.56,0.9
877,2024/1/1 3:00,18,0.28,0.45
878,2024/1/1 3:00,18,0.14,0.22
879,2024/1/1 3:00,18,28.57,46.65
880,2024/1/1 3:00,18,50.5,82.27
881,2024/1/1 3:00,18,24,39.56
882,2024/1/1 3:00,18,12,19.78
883,2024/1/1 3:00,18,6,9.89
884,2024/1/1 3:00,18,3,4.95
885,2024/1/1 3:00,18,1.5,2.47
886,2024/1/1 3:00,18,17.75,46.37
887,2024/1/1 3:00,18,21.5,39
888,2024/1/1 3:00,18,10.75,19.5
889,2024/1/1 3:00,18,5.38,9.75
890,2024/1/1 3:00,18,2.69,4.88
891,2024/1/1 3:00,18,25.34,43.43
892,2024/1/1 3:00,18,20.5,41.33
893,2024/1/1 3:00,18,10.25,20.66
894,2024/1/1 3:00,18,5.12,10.33
895,2024/1/1 3:00,18,2.56,5.17
896,2024/1/1 3:00,18,20.78,43.97
897,2024/1/1 3:00,18,55,28.89
898,2024/1/1 3:00,18,27.5,14.44
899,2024/1/1 3:00,18,13.75,7.22
900,2024/1/1 3:00,18,52.88,44.8
901,2024/1/1 3:00,18,33,40.63
902,2024/1/1 3:00,18,16.5,20.32
903,2024/1/1 3:00,18,8.25,10.16
904,2024/1/1 3:00,18,41.62,33.55
905,2024/1/1 3:00,18,25.75,40.93
906,2024/1/1 3:00,18,12.88,20.46
907,2024/1/1 3:00,18,6.44,10.23
908,2024/1/1 3:00,18,3.22,5.12
909,2024/1/1 3:00,18,1.61,2.56
910,2024/1/1 3:00,18,0.8,1.28
911,2024/1/1 3:00,18,0.4,0.64
912,2024/1/1 3:00,18,23.7,41.1
913,2024/1/1 3:00,18,11.67,29.62
914,2024/1/1 3:00,18,5.83,14.81
915,2024/1/1 3:00,18,2.92,7.4
916,2024/1/1 3:00,18,1.46,3.7
917,2024/1/1 3:00,18,0.73,1.85
918,2024/1/1 3:00,18,0.36,0.93
919,2024/1/1 3:00,18,0.18,0.46
920,2024/1/1 3:00,18,11.09,40.66
921,2024/1/1 3:00,18,30,31.43
922,2024/1/1 3:00,18,12.75,39.13
923,2024/1/1 3:00,18,6.38,19.56
924,2024/1/1 3:00,18,8.19,36.73
925,2024/1/1 3:00,18,3,27.34
926,2024/1/1 3:00,18,1.5,13.67
927,2024/1/1 3:00,18,7.12,31.96
928,2024/1/1 3:00,18,50.38,64.15
929,2024/1/1 3:00,18,1,31.25
930,2024/1/1 3:00,18,0.5,15.62
931,2024/1/1 3:00,18,0.25,7.81
932,2024/1/1 3:00,18,0.12,3.91
933,2024/1/1 3:00,18,0.06,1.95
934,2024/1/1 3:00,18,15.5,32.38
935,2024/1/1 3:00,18,7.75,16.19
936,2024/1/1 3:00,18,3.88,8.1
937,2024/1/1 3:00,18,5.44,30.62
938,2024/1/1 3:00,18,18.5,33.53
939,2024/1/1 3:00,18,9.25,16.76
940,2024/1/1 3:00,18,4.62,8.38
941,2024/1/1 3:00,18,13.81,44.67
942,2024/1/1 3:00,18,21.5,36.54
943,2024/1/1 3:00,18,10.75,18.27
944,2024/1/1 3:00,18,5.38,9.13
945,2024/1/1 3:00,18,27.19,46.13
946,2024/1/1 3:00,18,19.5,41.92
947,2024/1/1 3:00,18,9.75,20.96
948,2024/1/1 3:00,18,4.88,10.48
949,2024/1/1 3:00,18,2.44,5.24
950,2024/1/1 3:00,18,1.22,2.62
951,2024/1/1 3:00,18,0.61,1.31
952,2024/1/1 3:00,18,54.3,46.19
953,2024/1/1 3:00,18,35.5,47.84
954,2024/1/1 3:00,18,17.75,23.92
955,2024/1/1 3:00,18,8.88,11.96
956,2024/1/1 3:00,18,4.44,5.98
957,2024/1/1 3:00,18,2.22,2.99
958,2024/1/1 3:00,18,1.11,1.5
959,2024/1/1 3:00,18,40.55,44.84
960,2024/1/1 3:00,18,57.5,35.55
961,2024/1/1 3:00,18,28.75,17.78
962,2024/1/1 3:00,18,14.38,8.89
963,2024/1/1 3:00,18,7.19,4.44
964,2024/1/1 3:00,18,3.59,2.22
965,2024/1/1 3:00,18,1.8,1.11
966,2024/1/1 3:00,18,23.4,25.75
967,2024/1/1 3:00,18,31,33.16
968,2024/1/1 3:00,18,15.5,16.58
969,2024/1/1 3:00,18,7.75,8.29
970,2024/1/1 3:00,18,3.88,4.14
971,2024/1/1 3:00,18,1.94,2.07
972,2024/1/1 3:00,18,0.97,1.04
973,2024/1/1 3:00,18,0.48,0.52
974,2024/1/1 3:00,18,45.24,37
975,2024/1/1 3:00,18,2.67,19.79
976,2024/1/1 3:00,18,1.33,9.9
977,2024/1/1 3:00,18,0.67,4.95
978,2024/1/1 3:00,18,0.33,2.47
979,2024/1/1 3:00,18,0.17,1.24
980,2024/1/1 3:00,18,0.08,0.62
981,2024/1/1 3:00,18,9.36,31.03
982,2024/1/1 3:00,18,4.68,15.51
983,2024/1/1 3:00,18,2.34,7.76
984,2024/1/1 3:00,18,1.17,3.88
985,2024/1/1 3:00,18,16.39,60.17
986,2024/1/1 3:00,18,36,33.37
987,2024/1/1 3:00,18,18,16.68
988,2024/1/1 3:00,18,9,8.34
989,2024/1/1 3:00,18,4.5,4.17
990,2024/1/1 3:00,18,80.25,35.97
991,2024/1/1 3:00,18,54.5,33.88
992,2024/1/1 3:00,18,27.25,16.94
993,2024/1/1 3:00,18,13.62,8.47
994,2024/1/1 3:00,18,6.81,4.24
995,2024/1/1 3:00,18,22.6,18.68
996,2024/1/1 3:00,18,53.67,53.29
997,2024/1/1 3:00,18,26.83,26.65
998,2024/1/1 3:00,18,13.42,13.32
999,2024/1/1 3:00,18,8.14,35.56
1000,2024/1/1 3:00,18,15,31.75
1001,2024/1/1 3:00,18,7.5,15.87
1002,2024/1/1 3:00,18,3.75,7.94
1003,2024/1/1 3:00,18,1.88,3.97
1004,2024/1/1 3:00,18,0.94,1.98
1005,2024/1/1 3:00,18,51.98,56.71
1006,2024/1/1 3:00,18,69,71.67
2,2024/1/1 3:10,19,0,0
3,2024/1/1 3:10,19,29,79.41
4,2024/1/1 3:10,19,41,79.66
5,2024/1/1 3:10,19,30,76
6,2024/1/1 3:10,19,34,97.68
7,2024/1/1 3:10,19,32,61.47
8,2024/1/1 3:10,19,36,70.86
9,2024/1/1 3:10,19,29,85.48
10,2024/1/1 3:10,19,48,69.1
11,2024/1/1 3:10,19,67,70.54
12,2024/1/1 3:10,19,130,72.18
13,2024/1/1 3:10,19,146,60.88
14,2024/1/1 3:10,19,86,69.98
15,2024/1/1 3:10,19,80,73.83
16,2024/1/1 3:10,19,75,64.13
17,2024/1/1 3:10,19,60,72.08
18,2024/1/1 3:10,19,97,66.82
19,2024/1/1 3:10,19,84,73.63
20,2024/1/1 3:10,19,79,66.14
21,2024/1/1 3:10,19,74,58.65
22,2024/1/1 3:10,19,65,73.92
23,2024/1/1 3:10,19,63,72.9
24,2024/1/1 3:10,19,94,57.79
25,2024/1/1 3:10,19,95,80.79
26,2024/1/1 3:10,19,81,78.36
27,2024/1/1 3:10,19,84,89.92
28,2024/1/1 3:10,19,106,94.91
29,2024/1/1 3:10,19,98,87.85
30,2024/1/1 3:10,19,101,74.75
31,2024/1/1 3:10,19,80,85.47
32,2024/1/1 3:10,19,59,96.19
33,2024/1/1 3:10,19,60,95.68
34,2024/1/1 3:10,19,52,88.23
35,2024/1/1 3:10,19,55,80.42
36,2024/1/1 3:10,19,55,99.55
37,2024/1/1 3:10,19,47,91.6
38,2024/1/1 3:10,19,81,56.99
39,2024/1/1 3:10,19,59,65.84
40,2024/1/1 3:10,19,37,74.7
41,2024/1/1 3:10,19,51,41.96
42,2024/1/1 3:10,19,56.5,46.02
43,2024/1/1 3:10,19,62,50.08
44,2024/1/1 3:10,19,57,62.32
45,2024/1/1 3:10,19,50,69.72
46,2024/1/1 3:10,19,58,73.57
47,2024/1/1 3:10,19,53,67.3
48,2024/1/1 3:10,19,54,68.41
49,2024/1/1 3:10,19,37,72
50,2024/1/1 3:10,19,107,63.32
51,2024/1/1 3:10,19,64,51.36
52,2024/1/1 3:10,19,49,82.67
53,2024/1/1 3:10,19,32,69.16
54,2024/1/1 3:10,19,41,87.37
55,2024/1/1 3:10,19,40,60.33
56,2024/1/1 3:10,19,35,81.26
57,2024/1/1 3:10,19,40,84.53
58,2024/1/1 3:10,19,44,63.34
59,2024/1/1 3:10,19,45,77.16
60,2024/1/1 3:10,19,30,75.77
61,2024/1/1 3:10,19,10,100.5
62,2024/1/1 3:10,19,14,69.57
63,2024/1/1 3:10,19,32,85.5
64,2024/1/1 3:10,19,48,93.5
65,2024/1/1 3:10,19,72,100.65
66,2024/1/1 3:10,19,76,103.71
67,2024/1/1 3:10,19,77,106.56
68,2024/1/1 3:10,19,71,98.2
69,2024/1/1 3:10,19,32,95.59
70,2024/1/1 3:10,19,21,100.24
71,2024/1/1 3:10,19,17,90.76
72,2024/1/1 3:10,19,29,78.79
73,2024/1/1 3:10,19,16,84.19
74,2024/1/1 3:10,19,24,91.17
75,2024/1/1 3:10,19,38,82.39
76,2024/1/1 3:10,19,35,87.26
77,2024/1/1 3:10,19,76,103.16
78,2024/1/1 3:10,19,65,87.35
79,2024/1/1 3:10,19,65,96.72
80,2024/1/1 3:10,19,62,102.21
81,2024/1/1 3:10,19,25,80
82,2024/1/1 3:10,19,21,75.19
83,2024/1/1 3:10,19,42,95.48
84,2024/1/1 3:10,19,27,81.81
85,2024/1/1 3:10,19,27,82.11
86,2024/1/1 3:10,19,25,79.58
87,2024/1/1 3:10,19,23,77.04
88,2024/1/1 3:10,19,38,87.66
89,2024/1/1 3:10,19,36,110.39
90,2024/1/1 3:10,19,55.5,99.27
91,2024/1/1 3:10,19,75,88.15
92,2024/1/1 3:10,19,70,98.61
93,2024/1/1 3:10,19,74,98.66
94,2024/1/1 3:10,19,78,81.67
95,2024/1/1 3:10,19,82,84.82
96,2024/1/1 3:10,19,81,84.8
97,2024/1/1 3:10,19,78,76.38
98,2024/1/1 3:10,19,91,89.11
99,2024/1/1 3:10,19,27,100.56
100,2024/1/1 3:10,19,21,70.38
101,2024/1/1 3:10,19,9,62.44
102,2024/1/1 3:10,19,40,90.8
103,2024/1/1 3:10,19,37.5,103.5
104,2024/1/1 3:10,19,35,116.2
105,2024/1/1 3:10,19,43,103.58
106,2024/1/1 3:10,19,105,109.93
107,2024/1/1 3:10,19,116,102.09
108,2024/1/1 3:10,19,102,112.14
109,2024/1/1 3:10,19,80,105.84
110,2024/1/1 3:10,19,66,114.86
111,2024/1/1 3:10,19,49,97.14
112,2024/1/1 3:10,19,52,124.42
113,2024/1/1 3:10,19,43,97.12
114,2024/1/1 3:10,19,37,101.08
115,2024/1/1 3:10,19,63,87.22
116,2024/1/1 3:10,19,48,88.6
117,2024/1/1 3:10,19,53,110.6
118,2024/1/1 3:10,19,49,93.43
119,2024/1/1 3:10,19,36,102.81
120,2024/1/1 3:10,19,43,119.58
121,2024/1/1 3:10,19,40,105.2
122,2024/1/1 3:10,19,19,97.58
123,2024/1/1 3:10,19,18,116.22
124,2024/1/1 3:10,19,39,84.28
125,2024/1/1 3:10,19,80,110.54
126,2024/1/1 3:10,19,39,105.23
127,2024/1/1 3:10,19,54,99.39
128,2024/1/1 3:10,19,89,117.51
129,2024/1/1 3:10,19,91,121
130,2024/1/1 3:10,19,81,115.43
131,2024/1/1 3:10,19,71,115.66
132,2024/1/1 3:10,19,64,119.06
133,2024/1/1 3:10,19,21,99
134,2024/1/1 3:10,19,32,92.19
135,2024/1/1 3:10,19,19,66.84
136,2024/1/1 3:10,19,14,99.64
137,2024/1/1 3:10,19,13,69.38
138,2024/1/1 3:10,19,34,82.47
139,2024/1/1 3:10,19,42,77.83
140,2024/1/1 3:10,19,77,89.95
141,2024/1/1 3:10,19,77,91.29
142,2024/1/1 3:10,19,47,90.53
143,2024/1/1 3:10,19,48,83.67
144,2024/1/1 3:10,19,92,81.4
145,2024/1/1 3:10,19,48,69.15
146,2024/1/1 3:10,19,38,82.03
147,2024/1/1 3:10,19,48,92.65
148,2024/1/1 3:10,19,46,86.22
149,2024/1/1 3:10,19,32,76.91
150,2024/1/1 3:10,19,25,77.4
151,2024/1/1 3:10,19,34,63.06
152,2024/1/1 3:10,19,35,79.46
153,2024/1/1 3:10,19,14,67.86
154,2024/1/1 3:10,19,15,80.8
155,2024/1/1 3:10,19,24,91.21
156,2024/1/1 3:10,19,39,93.26
157,2024/1/1 3:10,19,6,60.5
158,2024/1/1 3:10,19,9,55.56
159,2024/1/1 3:10,19,36,72.64
160,2024/1/1 3:10,19,25,85.28
161,2024/1/1 3:10,19,31,43.48
162,2024/1/1 3:10,19,32,83.12
163,2024/1/1 3:10,19,39,80.31
164,2024/1/1 3:10,19,59,64.63
165,2024/1/1 3:10,19,51,82.78
166,2024/1/1 3:10,19,49,74.59
167,2024/1/1 3:10,19,8,81.5
168,2024/1/1 3:10,19,69,82.17
169,2024/1/1 3:10,19,62,79.6
170,2024/1/1 3:10,19,101,90.07
171,2024/1/1 3:10,19,101,84.16
172,2024/1/1 3:10,19,85,87.54
173,2024/1/1 3:10,19,86,95.37
174,2024/1/1 3:10,19,80,85.7
175,2024/1/1 3:10,19,59,73.15
176,2024/1/1 3:10,19,13,93.38
177,2024/1/1 3:10,19,20,90.45
178,2024/1/1 3:10,19,32.5,81.54
179,2024/1/1 3:10,19,45,72.64
180,2024/1/1 3:10,19,32,69.48
181,2024/1/1 3:10,19,19,66.32
182,2024/1/1 3:10,19,42,64.5
183,2024/1/1 3:10,19,81,72.4
184,2024/1/1 3:10,19,64,62.8
185,2024/1/1 3:10,19,58.33,65.79
186,2024/1/1 3:10,19,52.67,68.78
187,2024/1/1 3:10,19,47,71.77
188,2024/1/1 3:10,19,26,74.12
189,2024/1/1 3:10,19,25,63.84
190,2024/1/1 3:10,19,59,78.61
191,2024/1/1 3:10,19,67,69.03
192,2024/1/1 3:10,19,58.5,79.1
193,2024/1/1 3:10,19,50,89.18
194,2024/1/1 3:10,19,46,70.41
195,2024/1/1 3:10,19,42,62.4
196,2024/1/1 3:10,19,56,84.5
197,2024/1/1 3:10,19,50,92.84
198,2024/1/1 3:10,19,96,91.85
199,2024/1/1 3:10,19,66,88.52
200,2024/1/1 3:10,19,52,85.54
201,2024/1/1 3:10,19,65,81.09
202,2024/1/1 3:10,19,95,62.18
203,2024/1/1 3:10,19,75,65.93
204,2024/1/1 3:10,19,55,72.56
205,2024/1/1 3:10,19,73,93.58
206,2024/1/1 3:10,19,28,89.82
207,2024/1/1 3:10,19,48,80.4
208,2024/1/1 3:10,19,52,73.15
209,2024/1/1 3:10,19,54,86.67
210,2024/1/1 3:10,19,21,97.76
211,2024/1/1 3:10,19,23,87.35
212,2024/1/1 3:10,19,56,90.52
213,2024/1/1 3:10,19,47,88.6
214,2024/1/1 3:10,19,93,80.98
215,2024/1/1 3:10,19,74,86.76
216,2024/1/1 3:10,19,92,79.14
217,2024/1/1 3:10,19,82,90.04
218,2024/1/1 3:10,19,94,89.23
219,2024/1/1 3:10,19,85,84.91
220,2024/1/1 3:10,19,57,83.54
221,2024/1/1 3:10,19,44,84.05
222,2024/1/1 3:10,19,34,77.76
223,2024/1/1 3:10,19,44,64.64
224,2024/1/1 3:10,19,38,68.53
225,2024/1/1 3:10,19,46,85.43
226,2024/1/1 3:10,19,75,64.65
227,2024/1/1 3:10,19,36,71.56
228,2024/1/1 3:10,19,32,61.78
229,2024/1/1 3:10,19,28,60.64
230,2024/1/1 3:10,19,38,71.95
231,2024/1/1 3:10,19,17,87.18
232,2024/1/1 3:10,19,40,77.71
233,2024/1/1 3:10,19,63,68.23
234,2024/1/1 3:10,19,86,58.76
235,2024/1/1 3:10,19,111,68.73
236,2024/1/1 3:10,19,51,51.2
237,2024/1/1 3:10,19,9,66.11
238,2024/1/1 3:10,19,9,68.67
239,2024/1/1 3:10,19,12.5,62.53
240,2024/1/1 3:10,19,16,56.38
241,2024/1/1 3:10,19,3,17.67
242,2024/1/1 3:10,19,18,77.89
243,2024/1/1 3:10,19,67,79.61
244,2024/1/1 3:10,19,72,72.92
245,2024/1/1 3:10,19,107,66.32
246,2024/1/1 3:10,19,101,59.47
247,2024/1/1 3:10,19,83.5,54.21
248,2024/1/1 3:10,19,66,48.95
249,2024/1/1 3:10,19,44,66.5
250,2024/1/1 3:10,19,53,77.42
251,2024/1/1 3:10,19,49,69.73
252,2024/1/1 3:10,19,56,63.89
253,2024/1/1 3:10,19,116,71.88
254,2024/1/1 3:10,19,74,67.46
255,2024/1/1 3:10,19,81,69.61
256,2024/1/1 3:10,19,88,71.77
257,2024/1/1 3:10,19,80,62.98
258,2024/1/1 3:10,19,94,77.72
259,2024/1/1 3:10,19,86,70.51
260,2024/1/1 3:10,19,75,74.05
261,2024/1/1 3:10,19,52,61.25
262,2024/1/1 3:10,19,76,79.28
263,2024/1/1 3:10,19,75,56.73
264,2024/1/1 3:10,19,59,74.54
265,2024/1/1 3:10,19,49,65.73
266,2024/1/1 3:10,19,46,75.11
267,2024/1/1 3:10,19,43,55.95
268,2024/1/1 3:10,19,68,76.43
269,2024/1/1 3:10,19,70,79.59
270,2024/1/1 3:10,19,77,83.61
271,2024/1/1 3:10,19,64.5,81.39
272,2024/1/1 3:10,19,52,79.17
273,2024/1/1 3:10,19,25,68.64
274,2024/1/1 3:10,19,62,72.23
275,2024/1/1 3:10,19,55,71.22
276,2024/1/1 3:10,19,78,73.59
277,2024/1/1 3:10,19,78,73.72
278,2024/1/1 3:10,19,78,73.85
279,2024/1/1 3:10,19,68,73.09
280,2024/1/1 3:10,19,58,72.33
281,2024/1/1 3:10,19,59,65.63
282,2024/1/1 3:10,19,72,64.38
283,2024/1/1 3:10,19,76,65.37
284,2024/1/1 3:10,19,57,74.54
285,2024/1/1 3:10,19,91,72.22
286,2024/1/1 3:10,19,96,72.54
287,2024/1/1 3:10,19,89.5,72.66
288,2024/1/1 3:10,19,83,72.78
289,2024/1/1 3:10,19,67,64.01
290,2024/1/1 3:10,19,80,74.36
291,2024/1/1 3:10,19,102,72.42
292,2024/1/1 3:10,19,97,63.28
293,2024/1/1 3:10,19,90,80.82
294,2024/1/1 3:10,19,60,78.32
295,2024/1/1 3:10,19,70,70.99
296,2024/1/1 3:10,19,71,59.99
297,2024/1/1 3:10,19,79,50.47
298,2024/1/1 3:10,19,84,49.57
299,2024/1/1 3:10,19,69,51.82
300,2024/1/1 3:10,19,54,54.06
301,2024/1/1 3:10,19,127,71.83
302,2024/1/1 3:10,19,66,79.88
303,2024/1/1 3:10,19,73,82.03
304,2024/1/1 3:10,19,47,64.42
305,2024/1/1 3:10,19,21,46.81
306,2024/1/1 3:10,19,30,77.5
307,2024/1/1 3:10,19,31,108.77
308,2024/1/1 3:10,19,35,92.29
309,2024/1/1 3:10,19,43,103.42
310,2024/1/1 3:10,19,46,99.04
311,2024/1/1 3:10,19,48,109.31
312,2024/1/1 3:10,19,52,119.94
313,2024/1/1 3:10,19,48,112.9
314,2024/1/1 3:10,19,41,111.56
315,2024/1/1 3:10,19,34,104.79
316,2024/1/1 3:10,19,37,97.95
317,2024/1/1 3:10,19,31,89.29
318,2024/1/1 3:10,19,37,101.41
319,2024/1/1 3:10,19,44,107.75
320,2024/1/1 3:10,19,42,97.79
321,2024/1/1 3:10,19,35,113.54
322,2024/1/1 3:10,19,30,101.6
323,2024/1/1 3:10,19,32,104.81
324,2024/1/1 3:10,19,36,106.25
325,2024/1/1 3:10,19,16,81.25
326,2024/1/1 3:10,19,18,101.61
327,2024/1/1 3:10,19,11,100.55
328,2024/1/1 3:10,19,34,104.15
329,2024/1/1 3:10,19,19,67.58
330,2024/1/1 3:10,19,4,31
331,2024/1/1 3:10,19,30,109
332,2024/1/1 3:10,19,58,104.93
333,2024/1/1 3:10,19,53,110.47
334,2024/1/1 3:10,19,62,109.24
335,2024/1/1 3:10,19,57,113.7
336,2024/1/1 3:10,19,43,101.56
337,2024/1/1 3:10,19,43,100.93
338,2024/1/1 3:10,19,34,109.12
339,2024/1/1 3:10,19,44,96.73
340,2024/1/1 3:10,19,41,106.02
341,2024/1/1 3:10,19,64,102.69
342,2024/1/1 3:10,19,56,108
343,2024/1/1 3:10,19,70,115.76
344,2024/1/1 3:10,19,59,114.85
345,2024/1/1 3:10,19,67,116.07
346,2024/1/1 3:10,19,63,119.62
347,2024/1/1 3:10,19,51,113.1
348,2024/1/1 3:10,19,78,111.33
349,2024/1/1 3:10,19,71,92.69
350,2024/1/1 3:10,19,82,97.84
351,2024/1/1 3:10,19,20,77.9
352,2024/1/1 3:10,19,22,67.82
353,2024/1/1 3:10,19,23,73
354,2024/1/1 3:10,19,16,65.94
355,2024/1/1 3:10,19,11,88.82
356,2024/1/1 3:10,19,35,77.77
357,2024/1/1 3:10,19,31,87.13
358,2024/1/1 3:10,19,28,78
359,2024/1/1 3:10,19,48,75.77
360,2024/1/1 3:10,19,44,79.95
361,2024/1/1 3:10,19,38,82.97
362,2024/1/1 3:10,19,30,95.93
363,2024/1/1 3:10,19,60.5,81.87
364,2024/1/1 3:10,19,91,67.81
365,2024/1/1 3:10,19,81.67,74.71
366,2024/1/1 3:10,19,72.33,81.62
367,2024/1/1 3:10,19,63,88.52
368,2024/1/1 3:10,19,108,93.12
369,2024/1/1 3:10,19,108.5,90.6
370,2024/1/1 3:10,19,109,88.08
371,2024/1/1 3:10,19,101,74.71
372,2024/1/1 3:10,19,92,86.77
373,2024/1/1 3:10,19,107,94.93
374,2024/1/1 3:10,19,78,102.18
375,2024/1/1 3:10,19,77,90.14
376,2024/1/1 3:10,19,59,93.07
377,2024/1/1 3:10,19,62,99.34
378,2024/1/1 3:10,19,58,92.1
379,2024/1/1 3:10,19,74,86.08
380,2024/1/1 3:10,19,22,84.64
381,2024/1/1 3:10,19,22,97.86
382,2024/1/1 3:10,19,25,85.76
383,2024/1/1 3:10,19,7,93.14
384,2024/1/1 3:10,19,13,32.54
385,2024/1/1 3:10,19,18,81.78
386,2024/1/1 3:10,19,18,74.61
387,2024/1/1 3:10,19,37,68.81
388,2024/1/1 3:10,19,56,73.62
389,2024/1/1 3:10,19,64,94.86
390,2024/1/1 3:10,19,70,102.3
391,2024/1/1 3:10,19,65,77.71
392,2024/1/1 3:10,19,43,101.58
393,2024/1/1 3:10,19,67,110.19
394,2024/1/1 3:10,19,80,102.2
395,2024/1/1 3:10,19,114,98.21
396,2024/1/1 3:10,19,58,89.1
397,2024/1/1 3:10,19,2,
398,2024/1/1 3:10,19,0,
399,2024/1/1 3:10,19,3,70.33
400,2024/1/1 3:10,19,1,132
401,2024/1/1 3:10,19,2,85
402,2024/1/1 3:10,19,4,104.75
403,2024/1/1 3:10,19,4,80
404,2024/1/1 3:10,19,3,56
405,2024/1/1 3:10,19,2,
406,2024/1/1 3:10,19,0,
407,2024/1/1 3:10,19,0,
408,2024/1/1 3:10,19,1,114
409,2024/1/1 3:10,19,2,97
410,2024/1/1 3:10,19,2,118
411,2024/1/1 3:10,19,1,65
412,2024/1/1 3:10,19,1,
413,2024/1/1 3:10,19,0,
414,2024/1/1 3:10,19,0,
415,2024/1/1 3:10,19,16,78.88
416,2024/1/1 3:10,19,8.5,92.44
417,2024/1/1 3:10,19,1,106
418,2024/1/1 3:10,19,1,
419,2024/1/1 3:10,19,0,
420,2024/1/1 3:10,19,3,95.33
421,2024/1/1 3:10,19,3,99.33
422,2024/1/1 3:10,19,2,66.5
423,2024/1/1 3:10,19,2,89
424,2024/1/1 3:10,19,2,
425,2024/1/1 3:10,19,0,
426,2024/1/1 3:10,19,1,142
427,2024/1/1 3:10,19,2,132
428,2024/1/1 3:10,19,6,104
429,2024/1/1 3:10,19,5,82.8
430,2024/1/1 3:10,19,5,
431,2024/1/1 3:10,19,0,
432,2024/1/1 3:10,19,0,
433,2024/1/1 3:10,19,0,
434,2024/1/1 3:10,19,21.33,
435,2024/1/1 3:10,19,42.67,
436,2024/1/1 3:10,19,64,79.59
437,2024/1/1 3:10,19,27,66.48
438,2024/1/1 3:10,19,37,82.51
439,2024/1/1 3:10,19,34.5,83.38
440,2024/1/1 3:10,19,32,84.25
441,2024/1/1 3:10,19,41,61.9
442,2024/1/1 3:10,19,67,72.33
443,2024/1/1 3:10,19,68,71.33
444,2024/1/1 3:10,19,69,70.34
445,2024/1/1 3:10,19,70,69.34
446,2024/1/1 3:10,19,76,65.12
447,2024/1/1 3:10,19,65,69.49
448,2024/1/1 3:10,19,74,76.69
449,2024/1/1 3:10,19,33,81.88
450,2024/1/1 3:10,19,41,87.56
451,2024/1/1 3:10,19,83,67.06
452,2024/1/1 3:10,19,58,83.55
453,2024/1/1 3:10,19,42,86.62
454,2024/1/1 3:10,19,66,76.17
455,2024/1/1 3:10,19,31,67.19
456,2024/1/1 3:10,19,76,77.46
457,2024/1/1 3:10,19,51,93.08
458,2024/1/1 3:10,19,51,78.39
459,2024/1/1 3:10,19,39,79.92
460,2024/1/1 3:10,19,41,89.85
461,2024/1/1 3:10,19,48,94.69
462,2024/1/1 3:10,19,43,94.84
463,2024/1/1 3:10,19,35,92.2
464,2024/1/1 3:10,19,16,83.75
465,2024/1/1 3:10,19,24,92.71
466,2024/1/1 3:10,19,54,85.74
467,2024/1/1 3:10,19,84,78.77
468,2024/1/1 3:10,19,87,74.72
469,2024/1/1 3:10,19,76,74.08
470,2024/1/1 3:10,19,71.5,82.62
471,2024/1/1 3:10,19,67,91.15
472,2024/1/1 3:10,19,35,88.31
473,2024/1/1 3:10,19,29,90.14
474,2024/1/1 3:10,19,28,83.43
475,2024/1/1 3:10,19,29,81.34
476,2024/1/1 3:10,19,35,79.91
477,2024/1/1 3:10,19,37,84.76
478,2024/1/1 3:10,19,82,67.94
479,2024/1/1 3:10,19,70,92.83
480,2024/1/1 3:10,19,66,78
481,2024/1/1 3:10,19,59,72.97
482,2024/1/1 3:10,19,89,79.39
483,2024/1/1 3:10,19,98,70.57
484,2024/1/1 3:10,19,48,67.85
485,2024/1/1 3:10,19,1059,7
486,2024/1/1 3:10,19,84,91.62
487,2024/1/1 3:10,19,111,80.41
488,2024/1/1 3:10,19,99,75.11
489,2024/1/1 3:10,19,94,80.84
490,2024/1/1 3:10,19,89,86.56
491,2024/1/1 3:10,19,77,92.64
492,2024/1/1 3:10,19,84,83.65
493,2024/1/1 3:10,19,90,81.94
494,2024/1/1 3:10,19,96,100.8
495,2024/1/1 3:10,19,96,88.34
496,2024/1/1 3:10,19,96,79.31
497,2024/1/1 3:10,19,97,96.79
498,2024/1/1 3:10,19,100,104.61
499,2024/1/1 3:10,19,93,82.09
500,2024/1/1 3:10,19,92.5,91.58
501,2024/1/1 3:10,19,92,101.07
502,2024/1/1 3:10,19,102,80.52
503,2024/1/1 3:10,19,107,87.69
504,2024/1/1 3:10,19,91,79.03
505,2024/1/1 3:10,19,92,85.53
506,2024/1/1 3:10,19,96,83.27
507,2024/1/1 3:10,19,99.5,79.22
508,2024/1/1 3:10,19,103,75.18
509,2024/1/1 3:10,19,106.5,71.14
510,2024/1/1 3:10,19,110,67.09
511,2024/1/1 3:10,19,112,75.88
512,2024/1/1 3:10,19,87,69.28
513,2024/1/1 3:10,19,101,75.68
514,2024/1/1 3:10,19,88,83.49
515,2024/1/1 3:10,19,81,77.54
516,2024/1/1 3:10,19,75,90.83
517,2024/1/1 3:10,19,84.5,88.22
518,2024/1/1 3:10,19,94,85.62
519,2024/1/1 3:10,19,83,83.4
520,2024/1/1 3:10,19,72,81.18
521,2024/1/1 3:10,19,74.5,81.38
522,2024/1/1 3:10,19,77,81.57
523,2024/1/1 3:10,19,66,87.78
524,2024/1/1 3:10,19,55,94
525,2024/1/1 3:10,19,62,76.27
526,2024/1/1 3:10,19,70,72.83
527,2024/1/1 3:10,19,40,82.5
528,2024/1/1 3:10,19,46,82.47
529,2024/1/1 3:10,19,52,82.44
530,2024/1/1 3:10,19,58,82.41
531,2024/1/1 3:10,19,56,90.54
532,2024/1/1 3:10,19,66,88.98
533,2024/1/1 3:10,19,76,87.42
534,2024/1/1 3:10,19,85,73.76
535,2024/1/1 3:10,19,69,95.75
536,2024/1/1 3:10,19,64,93.28
537,2024/1/1 3:10,19,93,84.86
538,2024/1/1 3:10,19,81,86.53
539,2024/1/1 3:10,19,86,87.16
540,2024/1/1 3:10,19,89,76.7
541,2024/1/1 3:10,19,92,66.25
542,2024/1/1 3:10,19,95,55.8
543,2024/1/1 3:10,19,98,45.34
544,2024/1/1 3:10,19,62,64.86
545,2024/1/1 3:10,19,26,84.38
546,2024/1/1 3:10,19,52.5,74.6
547,2024/1/1 3:10,19,79,64.81
548,2024/1/1 3:10,19,107,80.21
549,2024/1/1 3:10,19,112,84.79
550,2024/1/1 3:10,19,117,85.46
551,2024/1/1 3:10,19,102,64.44
552,2024/1/1 3:10,19,70,78.01
553,2024/1/1 3:10,19,54,84.15
554,2024/1/1 3:10,19,53,74.42
555,2024/1/1 3:10,19,50,80.12
556,2024/1/1 3:10,19,45,75.02
557,2024/1/1 3:10,19,58,75.78
558,2024/1/1 3:10,19,46,74.76
559,2024/1/1 3:10,19,44,88.52
560,2024/1/1 3:10,19,73,84.84
561,2024/1/1 3:10,19,66,86.14
562,2024/1/1 3:10,19,59,87.44
563,2024/1/1 3:10,19,72,89.11
564,2024/1/1 3:10,19,71,84.72
565,2024/1/1 3:10,19,70,80.34
566,2024/1/1 3:10,19,64,83.02
567,2024/1/1 3:10,19,57,83.89
568,2024/1/1 3:10,19,50,84.76
569,2024/1/1 3:10,19,65,81.6
570,2024/1/1 3:10,19,62.33,81.84
571,2024/1/1 3:10,19,59.67,82.08
572,2024/1/1 3:10,19,57,82.32
573,2024/1/1 3:10,19,65,75.28
574,2024/1/1 3:10,19,63.5,76.46
575,2024/1/1 3:10,19,62,77.65
576,2024/1/1 3:10,19,58,86.1
577,2024/1/1 3:10,19,59,75.08
578,2024/1/1 3:10,19,56,78.91
579,2024/1/1 3:10,19,53,82.74
580,2024/1/1 3:10,19,52,84.66
581,2024/1/1 3:10,19,51,86.58
582,2024/1/1 3:10,19,50,88.5
583,2024/1/1 3:10,19,74,80.76
584,2024/1/1 3:10,19,98,73.02
585,2024/1/1 3:10,19,77,65.52
586,2024/1/1 3:10,19,81,91.09
587,2024/1/1 3:10,19,68,89.54
588,2024/1/1 3:10,19,55,87.98
589,2024/1/1 3:10,19,58,91.98
590,2024/1/1 3:10,19,59.5,85.68
591,2024/1/1 3:10,19,61,79.39
592,2024/1/1 3:10,19,66,85.4
593,2024/1/1 3:10,19,71,91.41
594,2024/1/1 3:10,19,73.5,86.71
595,2024/1/1 3:10,19,76,82.01
596,2024/1/1 3:10,19,69,81.09
597,2024/1/1 3:10,19,68,81.12
598,2024/1/1 3:10,19,67,81.16
599,2024/1/1 3:10,19,42,80.07
600,2024/1/1 3:10,19,50,87.82
601,2024/1/1 3:10,19,61,84.23
602,2024/1/1 3:10,19,91,88.44
603,2024/1/1 3:10,19,66,64.83
604,2024/1/1 3:10,19,53,103.87
605,2024/1/1 3:10,19,64.5,100
606,2024/1/1 3:10,19,76,96.13
607,2024/1/1 3:10,19,80,87.85
608,2024/1/1 3:10,19,84,75.92
609,2024/1/1 3:10,19,71,92.94
610,2024/1/1 3:10,19,100,85.84
611,2024/1/1 3:10,19,94,79.4
612,2024/1/1 3:10,19,95.5,84.32
613,2024/1/1 3:10,19,97,89.25
614,2024/1/1 3:10,19,91,88.6
615,2024/1/1 3:10,19,85,85.26
616,2024/1/1 3:10,19,89,78.73
617,2024/1/1 3:10,19,90,76.27
618,2024/1/1 3:10,19,43,83.77
619,2024/1/1 3:10,19,59.5,80.39
620,2024/1/1 3:10,19,76,77.01
621,2024/1/1 3:10,19,92.5,77.06
622,2024/1/1 3:10,19,109,77.12
623,2024/1/1 3:10,19,114.5,83.13
624,2024/1/1 3:10,19,120,89.14
625,2024/1/1 3:10,19,29,45.76
626,2024/1/1 3:10,19,30,68.6
627,2024/1/1 3:10,19,23,53.2
628,2024/1/1 3:10,19,16,37.81
629,2024/1/1 3:10,19,16,64.06
630,2024/1/1 3:10,19,15,55.13
631,2024/1/1 3:10,19,18,88.44
632,2024/1/1 3:10,19,19,34.16
633,2024/1/1 3:10,19,14,45
634,2024/1/1 3:10,19,33,60.48
635,2024/1/1 3:10,19,42,69.81
636,2024/1/1 3:10,19,20,58.5
637,2024/1/1 3:10,19,23,56.6
638,2024/1/1 3:10,19,26,54.69
639,2024/1/1 3:10,19,51,53.82
640,2024/1/1 3:10,19,47,53.91
641,2024/1/1 3:10,19,26,70.46
642,2024/1/1 3:10,19,17,52.47
643,2024/1/1 3:10,19,23,46.48
644,2024/1/1 3:10,19,23,57.13
645,2024/1/1 3:10,19,14,71.14
646,2024/1/1 3:10,19,21,81.29
647,2024/1/1 3:10,19,16.5,74.52
648,2024/1/1 3:10,19,12,67.75
649,2024/1/1 3:10,19,11,80.55
650,2024/1/1 3:10,19,7,65.71
651,2024/1/1 3:10,19,16,73.06
652,2024/1/1 3:10,19,20,62.1
653,2024/1/1 3:10,19,24.5,63.22
654,2024/1/1 3:10,19,29,64.34
655,2024/1/1 3:10,19,73,41.04
656,2024/1/1 3:10,19,76,47.2
657,2024/1/1 3:10,19,79,53.36
658,2024/1/1 3:10,19,82,59.53
659,2024/1/1 3:10,19,85,65.69
660,2024/1/1 3:10,19,45,77.54
661,2024/1/1 3:10,19,5,89.4
662,2024/1/1 3:10,19,23,54.96
663,2024/1/1 3:10,19,12,78.83
664,2024/1/1 3:10,19,23,76.13
665,2024/1/1 3:10,19,34,73.44
666,2024/1/1 3:10,19,37.5,75.67
667,2024/1/1 3:10,19,41,77.9
668,2024/1/1 3:10,19,44,57.02
669,2024/1/1 3:10,19,44,70.55
670,2024/1/1 3:10,19,39.5,71.33
671,2024/1/1 3:10,19,35,72.11
672,2024/1/1 3:10,19,50,64.04
673,2024/1/1 3:10,19,63,83.08
674,2024/1/1 3:10,19,38,71.16
675,2024/1/1 3:10,19,44,68.77
676,2024/1/1 3:10,19,30,73.5
677,2024/1/1 3:10,19,24.67,75.12
678,2024/1/1 3:10,19,19.33,76.74
679,2024/1/1 3:10,19,14,78.36
680,2024/1/1 3:10,19,30,81.47
681,2024/1/1 3:10,19,32,70.31
682,2024/1/1 3:10,19,17,82.41
683,2024/1/1 3:10,19,16,93.12
684,2024/1/1 3:10,19,19,82.74
685,2024/1/1 3:10,19,20,84.8
686,2024/1/1 3:10,19,18,85.67
687,2024/1/1 3:10,19,18,81.06
688,2024/1/1 3:10,19,18,76.44
689,2024/1/1 3:10,19,56,86.55
690,2024/1/1 3:10,19,72,69.06
691,2024/1/1 3:10,19,56,60.8
692,2024/1/1 3:10,19,55,88.16
693,2024/1/1 3:10,19,35,74.06
694,2024/1/1 3:10,19,40,63.35
695,2024/1/1 3:10,19,7,41.86
696,2024/1/1 3:10,19,41,83.78
697,2024/1/1 3:10,19,11,78.45
698,2024/1/1 3:10,19,19.5,72.58
699,2024/1/1 3:10,19,28,66.71
700,2024/1/1 3:10,19,22.5,63.65
701,2024/1/1 3:10,19,17,60.59
702,2024/1/1 3:10,19,13,73.68
703,2024/1/1 3:10,19,9,86.78
704,2024/1/1 3:10,19,7,101.43
705,2024/1/1 3:10,19,10,118.6
706,2024/1/1 3:10,19,50,76.8
707,2024/1/1 3:10,19,40,82.38
708,2024/1/1 3:10,19,32,91.59
709,2024/1/1 3:10,19,27,87.24
710,2024/1/1 3:10,19,22,82.88
711,2024/1/1 3:10,19,17,78.53
712,2024/1/1 3:10,19,20,52.6
713,2024/1/1 3:10,19,21,49.37
714,2024/1/1 3:10,19,22,46.14
715,2024/1/1 3:10,19,25,79.28
716,2024/1/1 3:10,19,12,55.5
717,2024/1/1 3:10,19,12,53.83
718,2024/1/1 3:10,19,10,41.7
719,2024/1/1 3:10,19,34,52.35
720,2024/1/1 3:10,19,13,52.23
721,2024/1/1 3:10,19,10,60.3
722,2024/1/1 3:10,19,13,67.13
723,2024/1/1 3:10,19,16,73.96
724,2024/1/1 3:10,19,19,80.79
725,2024/1/1 3:10,19,17,64
726,2024/1/1 3:10,19,18,86.11
727,2024/1/1 3:10,19,17,80.24
728,2024/1/1 3:10,19,24,83.54
729,2024/1/1 3:10,19,24,56.04
730,2024/1/1 3:10,19,20,52.61
731,2024/1/1 3:10,19,16,49.19
732,2024/1/1 3:10,19,22,78.82
733,2024/1/1 3:10,19,15,78.6
734,2024/1/1 3:10,19,18,46.61
735,2024/1/1 3:10,19,25,94.16
736,2024/1/1 3:10,19,25,87.72
737,2024/1/1 3:10,19,13,73.15
738,2024/1/1 3:10,19,22,46.64
739,2024/1/1 3:10,19,12,52.92
740,2024/1/1 3:10,19,9,77.44
741,2024/1/1 3:10,19,7,75.92
742,2024/1/1 3:10,19,5,
743,2024/1/1 3:10,19,4.44,
744,2024/1/1 3:10,19,3.89,
745,2024/1/1 3:10,19,3.33,
746,2024/1/1 3:10,19,2.78,
747,2024/1/1 3:10,19,2.22,
748,2024/1/1 3:10,19,1.67,
749,2024/1/1 3:10,19,1.11,
750,2024/1/1 3:10,19,0.56,
751,2024/1/1 3:10,19,0,
752,2024/1/1 3:10,19,0.41,
753,2024/1/1 3:10,19,0.82,
754,2024/1/1 3:10,19,1.24,
755,2024/1/1 3:10,19,1.65,
756,2024/1/1 3:10,19,2.06,
757,2024/1/1 3:10,19,2.47,
758,2024/1/1 3:10,19,2.88,
759,2024/1/1 3:10,19,3.29,
760,2024/1/1 3:10,19,3.71,
761,2024/1/1 3:10,19,4.12,
762,2024/1/1 3:10,19,4.53,
763,2024/1/1 3:10,19,4.94,
764,2024/1/1 3:10,19,5.35,
765,2024/1/1 3:10,19,5.76,
766,2024/1/1 3:10,19,6.18,
767,2024/1/1 3:10,19,6.59,
768,2024/1/1 3:10,19,7,67
769,2024/1/1 3:10,19,4,78.25
770,2024/1/1 3:10,19,14,56.29
771,2024/1/1 3:10,19,14.5,53.31
772,2024/1/1 3:10,19,15,50.33
773,2024/1/1 3:10,19,15,72.27
774,2024/1/1 3:10,19,14.5,77.67
775,2024/1/1 3:10,19,14,83.07
776,2024/1/1 3:10,19,23,58.87
777,2024/1/1 3:10,19,19,93
778,2024/1/1 3:10,19,17,65.41
779,2024/1/1 3:10,19,23,51.35
780,2024/1/1 3:10,19,8,58.88
781,2024/1/1 3:10,19,5,70.2
782,2024/1/1 3:10,19,2,74
783,2024/1/1 3:10,19,13,52.23
784,2024/1/1 3:10,19,8,72.62
785,2024/1/1 3:10,19,9,55.11
786,2024/1/1 3:10,19,20,77.55
787,2024/1/1 3:10,19,19,96
788,2024/1/1 3:10,19,16,88.12
789,2024/1/1 3:10,19,23,61.96
790,2024/1/1 3:10,19,25,78.64
791,2024/1/1 3:10,19,21,61.57
792,2024/1/1 3:10,19,41,48.92
793,2024/1/1 3:10,19,20.5,24.46
794,2024/1/1 3:10,19,9.17,41.96
795,2024/1/1 3:10,19,4.58,20.98
796,2024/1/1 3:10,19,2.29,10.49
797,2024/1/1 3:10,19,1.15,5.25
798,2024/1/1 3:10,19,0.57,2.62
799,2024/1/1 3:10,19,0.29,1.31
800,2024/1/1 3:10,19,0.14,0.66
801,2024/1/1 3:10,19,0.07,0.33
802,2024/1/1 3:10,19,0.04,0.16
803,2024/1/1 3:10,19,0.02,0.08
804,2024/1/1 3:10,19,0.01,0.03
805,2024/1/1 3:10,19,0,0.01
806,2024/1/1 3:10,19,10.75,24.29
807,2024/1/1 3:10,19,21.5,48.56
808,2024/1/1 3:10,19,0,0.01
809,2024/1/1 3:10,19,3.64,5.03
810,2024/1/1 3:10,19,7.27,10.06
811,2024/1/1 3:10,19,10.91,15.08
812,2024/1/1 3:10,19,14.55,20.1
813,2024/1/1 3:10,19,18.18,25.13
814,2024/1/1 3:10,19,21.82,30.15
815,2024/1/1 3:10,19,25.45,35.18
816,2024/1/1 3:10,19,29.09,40.2
817,2024/1/1 3:10,19,32.73,45.22
818,2024/1/1 3:10,19,36.36,50.25
819,2024/1/1 3:10,19,40,55.27
820,2024/1/1 3:10,19,40.56,55.71
821,2024/1/1 3:10,19,41.12,56.14
822,2024/1/1 3:10,19,41.69,56.58
823,2024/1/1 3:10,19,42.25,57.01
824,2024/1/1 3:10,19,42.81,57.45
825,2024/1/1 3:10,19,43.38,57.89
826,2024/1/1 3:10,19,43.94,58.32
827,2024/1/1 3:10,19,44.5,58.76
828,2024/1/1 3:10,19,33,57.43
829,2024/1/1 3:10,19,16.5,28.72
830,2024/1/1 3:10,19,8.25,14.36
831,2024/1/1 3:10,19,4.12,7.18
832,2024/1/1 3:10,19,2.06,3.59
833,2024/1/1 3:10,19,1.03,1.79
834,2024/1/1 3:10,19,0.52,0.9
835,2024/1/1 3:10,19,0.26,0.45
836,2024/1/1 3:10,19,0.13,0.22
837,2024/1/1 3:10,19,0.03,0.06
838,2024/1/1 3:10,19,0.02,0.03
839,2024/1/1 3:10,19,0.01,0.01
840,2024/1/1 3:10,19,1.37,3.53
841,2024/1/1 3:10,19,2.74,7.05
842,2024/1/1 3:10,19,4.1,10.58
843,2024/1/1 3:10,19,5.46,14.1
844,2024/1/1 3:10,19,6.82,17.62
845,2024/1/1 3:10,19,8.19,21.14
846,2024/1/1 3:10,19,9.55,24.66
847,2024/1/1 3:10,19,10.91,28.18
848,2024/1/1 3:10,19,12.27,31.71
849,2024/1/1 3:10,19,13.64,35.23
850,2024/1/1 3:10,19,15,38.75
851,2024/1/1 3:10,19,26,62.21
852,2024/1/1 3:10,19,13,31.1
853,2024/1/1 3:10,19,6.5,15.55
854,2024/1/1 3:10,19,3.25,7.78
855,2024/1/1 3:10,19,1.62,3.89
856,2024/1/1 3:10,19,0.81,1.94
857,2024/1/1 3:10,19,0.41,0.97
858,2024/1/1 3:10,19,0.2,0.49
859,2024/1/1 3:10,19,0.1,0.24
860,2024/1/1 3:10,19,0.05,0.12
861,2024/1/1 3:10,19,0.03,0.06
862,2024/1/1 3:10,19,0.03,0.06
863,2024/1/1 3:10,19,0.02,0.03
864,2024/1/1 3:10,19,19.5,42.14
865,2024/1/1 3:10,19,9.75,21.07
866,2024/1/1 3:10,19,4.88,10.54
867,2024/1/1 3:10,19,1.62,3.51
868,2024/1/1 3:10,19,0.82,1.76
869,2024/1/1 3:10,19,0.81,1.76
870,2024/1/1 3:10,19,45,57.22
871,2024/1/1 3:10,19,22.5,28.61
872,2024/1/1 3:10,19,11.25,14.3
873,2024/1/1 3:10,19,5.62,7.15
874,2024/1/1 3:10,19,2.81,3.58
875,2024/1/1 3:10,19,1.41,1.79
876,2024/1/1 3:10,19,0.7,0.89
877,2024/1/1 3:10,19,0.35,0.45
878,2024/1/1 3:10,19,0.18,0.22
879,2024/1/1 3:10,19,31.59,43.72
880,2024/1/1 3:10,19,45,79.16
881,2024/1/1 3:10,19,25.5,39.2
882,2024/1/1 3:10,19,12.75,19.6
883,2024/1/1 3:10,19,6.38,9.8
884,2024/1/1 3:10,19,3.19,4.9
885,2024/1/1 3:10,19,1.59,2.45
886,2024/1/1 3:10,19,20.3,43.36
887,2024/1/1 3:10,19,24,37.88
888,2024/1/1 3:10,19,12,18.94
889,2024/1/1 3:10,19,6,9.47
890,2024/1/1 3:10,19,3,4.74
891,2024/1/1 3:10,19,23.5,42.34
892,2024/1/1 3:10,19,18.5,42.38
893,2024/1/1 3:10,19,9.25,21.19
894,2024/1/1 3:10,19,4.62,10.6
895,2024/1/1 3:10,19,2.31,5.3
896,2024/1/1 3:10,19,12.16,44.97
897,2024/1/1 3:10,19,47,28.9
898,2024/1/1 3:10,19,23.5,14.45
899,2024/1/1 3:10,19,11.75,7.22
900,2024/1/1 3:10,19,53.38,44.01
901,2024/1/1 3:10,19,37,38.34
902,2024/1/1 3:10,19,18.5,19.17
903,2024/1/1 3:10,19,9.25,9.59
904,2024/1/1 3:10,19,45.12,33.29
905,2024/1/1 3:10,19,22.75,38.79
906,2024/1/1 3:10,19,11.38,19.4
907,2024/1/1 3:10,19,5.69,9.7
908,2024/1/1 3:10,19,2.84,4.85
909,2024/1/1 3:10,19,1.42,2.42
910,2024/1/1 3:10,19,0.71,1.21
911,2024/1/1 3:10,19,0.36,0.61
912,2024/1/1 3:10,19,19.18,41.5
913,2024/1/1 3:10,19,11,27.29
914,2024/1/1 3:10,19,5.5,13.65
915,2024/1/1 3:10,19,2.75,6.82
916,2024/1/1 3:10,19,1.38,3.41
917,2024/1/1 3:10,19,0.69,1.71
918,2024/1/1 3:10,19,0.34,0.85
919,2024/1/1 3:10,19,0.17,0.43
920,2024/1/1 3:10,19,13.59,41.27
921,2024/1/1 3:10,19,23.67,30.47
922,2024/1/1 3:10,19,13.67,39.66
923,2024/1/1 3:10,19,6.83,19.83
924,2024/1/1 3:10,19,7.42,39.36
925,2024/1/1 3:10,19,6.5,26.12
926,2024/1/1 3:10,19,3.25,13.06
927,2024/1/1 3:10,19,7.31,31.45
928,2024/1/1 3:10,19,46.77,64.01
929,2024/1/1 3:10,19,1,37
930,2024/1/1 3:10,19,0.5,18.5
931,2024/1/1 3:10,19,0.25,9.25
932,2024/1/1 3:10,19,0.12,4.62
933,2024/1/1 3:10,19,0.06,2.31
934,2024/1/1 3:10,19,19,35.58
935,2024/1/1 3:10,19,9.5,17.79
936,2024/1/1 3:10,19,4.75,8.9
937,2024/1/1 3:10,19,6.88,32
938,2024/1/1 3:10,19,18,35.43
939,2024/1/1 3:10,19,9,17.72
940,2024/1/1 3:10,19,4.5,8.86
941,2024/1/1 3:10,19,16.75,47.17
942,2024/1/1 3:10,19,16,34.58
943,2024/1/1 3:10,19,8,17.29
944,2024/1/1 3:10,19,4,8.65
945,2024/1/1 3:10,19,22.5,48.01
946,2024/1/1 3:10,19,21,38.92
947,2024/1/1 3:10,19,10.5,19.46
948,2024/1/1 3:10,19,5.25,9.73
949,2024/1/1 3:10,19,2.62,4.86
950,2024/1/1 3:10,19,1.31,2.43
951,2024/1/1 3:10,19,0.66,1.22
952,2024/1/1 3:10,19,38.83,45.58
953,2024/1/1 3:10,19,43,47.68
954,2024/1/1 3:10,19,21.5,23.84
955,2024/1/1 3:10,19,10.75,11.92
956,2024/1/1 3:10,19,5.38,5.96
957,2024/1/1 3:10,19,2.69,2.98
958,2024/1/1 3:10,19,1.34,1.49
959,2024/1/1 3:10,19,40.67,43.6
960,2024/1/1 3:10,19,55.5,34.37
961,2024/1/1 3:10,19,27.75,17.18
962,2024/1/1 3:10,19,13.88,8.59
963,2024/1/1 3:10,19,6.94,4.3
964,2024/1/1 3:10,19,3.47,2.15
965,2024/1/1 3:10,19,1.73,1.07
966,2024/1/1 3:10,19,26.37,26.14
967,2024/1/1 3:10,19,21,32.25
968,2024/1/1 3:10,19,10.5,16.12
969,2024/1/1 3:10,19,5.25,8.06
970,2024/1/1 3:10,19,2.62,4.03
971,2024/1/1 3:10,19,1.31,2.02
972,2024/1/1 3:10,19,0.66,1.01
973,2024/1/1 3:10,19,0.33,0.5
974,2024/1/1 3:10,19,40.66,36.45
975,2024/1/1 3:10,19,3,20.81
976,2024/1/1 3:10,19,1.5,10.41
977,2024/1/1 3:10,19,0.75,5.2
978,2024/1/1 3:10,19,0.38,2.6
979,2024/1/1 3:10,19,0.19,1.3
980,2024/1/1 3:10,19,0.09,0.65
981,2024/1/1 3:10,19,10.7,30.95
982,2024/1/1 3:10,19,5.35,15.47
983,2024/1/1 3:10,19,2.67,7.74
984,2024/1/1 3:10,19,1.34,3.87
985,2024/1/1 3:10,19,21.11,57.38
986,2024/1/1 3:10,19,33.5,35.27
987,2024/1/1 3:10,19,16.75,17.64
988,2024/1/1 3:10,19,8.38,8.82
989,2024/1/1 3:10,19,4.19,4.41
990,2024/1/1 3:10,19,67.09,38.29
991,2024/1/1 3:10,19,53.5,31.66
992,2024/1/1 3:10,19,26.75,15.83
993,2024/1/1 3:10,19,13.38,7.92
994,2024/1/1 3:10,19,6.69,3.96
995,2024/1/1 3:10,19,23.56,18.44
996,2024/1/1 3:10,19,53.67,54.52
997,2024/1/1 3:10,19,26.83,27.26
998,2024/1/1 3:10,19,13.42,13.63
999,2024/1/1 3:10,19,7.81,38.04
1000,2024/1/1 3:10,19,9,33.52
1001,2024/1/1 3:10,19,4.5,16.76
1002,2024/1/1 3:10,19,2.25,8.38
1003,2024/1/1 3:10,19,1.12,4.19
1004,2024/1/1 3:10,19,0.56,2.1
1005,2024/1/1 3:10,19,46.52,58.06
1006,2024/1/1 3:10,19,72,72.92
2,2024/1/1 3:20,20,32,65.09
3,2024/1/1 3:20,20,33,74.58
4,2024/1/1 3:20,20,42,79.43
5,2024/1/1 3:20,20,30,76.77
6,2024/1/1 3:20,20,37,89.51
7,2024/1/1 3:20,20,39,58.15
8,2024/1/1 3:20,20,45,74.62
9,2024/1/1 3:20,20,36,83.64
10,2024/1/1 3:20,20,44,69.09
11,2024/1/1 3:20,20,68,73.28
12,2024/1/1 3:20,20,142,70.28
13,2024/1/1 3:20,20,143,60.15
14,2024/1/1 3:20,20,73,71.05
15,2024/1/1 3:20,20,68,73.56
16,2024/1/1 3:20,20,73,67.32
17,2024/1/1 3:20,20,52,75.12
18,2024/1/1 3:20,20,82,67.66
19,2024/1/1 3:20,20,81,70.72
20,2024/1/1 3:20,20,73.5,64.88
21,2024/1/1 3:20,20,66,59.03
22,2024/1/1 3:20,20,75,71.21
23,2024/1/1 3:20,20,75,71.53
24,2024/1/1 3:20,20,97,58.38
25,2024/1/1 3:20,20,87,84.56
26,2024/1/1 3:20,20,82,81.13
27,2024/1/1 3:20,20,103,91.09
28,2024/1/1 3:20,20,111,97.34
29,2024/1/1 3:20,20,90,84.18
30,2024/1/1 3:20,20,87,73.93
31,2024/1/1 3:20,20,68.5,84.36
32,2024/1/1 3:20,20,50,94.78
33,2024/1/1 3:20,20,65,96.42
34,2024/1/1 3:20,20,52,90.54
35,2024/1/1 3:20,20,64,80.23
36,2024/1/1 3:20,20,63,103.75
37,2024/1/1 3:20,20,74,86.22
38,2024/1/1 3:20,20,95,60.36
39,2024/1/1 3:20,20,72,67.65
40,2024/1/1 3:20,20,49,74.94
41,2024/1/1 3:20,20,49,43.39
42,2024/1/1 3:20,20,60.5,48.52
43,2024/1/1 3:20,20,72,53.65
44,2024/1/1 3:20,20,79,64.49
45,2024/1/1 3:20,20,65,69.95
46,2024/1/1 3:20,20,75,71.93
47,2024/1/1 3:20,20,56,64.71
48,2024/1/1 3:20,20,64,71.95
49,2024/1/1 3:20,20,51,77.22
50,2024/1/1 3:20,20,130,64.68
51,2024/1/1 3:20,20,102,47.11
52,2024/1/1 3:20,20,81,79.47
53,2024/1/1 3:20,20,52,73.88
54,2024/1/1 3:20,20,56,80.05
55,2024/1/1 3:20,20,42,59.07
56,2024/1/1 3:20,20,51,79.41
57,2024/1/1 3:20,20,55,81.33
58,2024/1/1 3:20,20,72,64.29
59,2024/1/1 3:20,20,66,75.97
60,2024/1/1 3:20,20,40,72.3
61,2024/1/1 3:20,20,10,96.6
62,2024/1/1 3:20,20,11,67.73
63,2024/1/1 3:20,20,65,91.08
64,2024/1/1 3:20,20,65,96.25
65,2024/1/1 3:20,20,91,98.66
66,2024/1/1 3:20,20,80,99.2
67,2024/1/1 3:20,20,86,103.48
68,2024/1/1 3:20,20,85,100.95
69,2024/1/1 3:20,20,43,99.86
70,2024/1/1 3:20,20,43,94.35
71,2024/1/1 3:20,20,36,90.44
72,2024/1/1 3:20,20,43,84.21
73,2024/1/1 3:20,20,26,86.77
74,2024/1/1 3:20,20,35,86.71
75,2024/1/1 3:20,20,40,82.9
76,2024/1/1 3:20,20,21,90.1
77,2024/1/1 3:20,20,56,101.05
78,2024/1/1 3:20,20,61,88.38
79,2024/1/1 3:20,20,66,96.09
80,2024/1/1 3:20,20,83,101.71
81,2024/1/1 3:20,20,30,78.13
82,2024/1/1 3:20,20,31,76.65
83,2024/1/1 3:20,20,62,92.58
84,2024/1/1 3:20,20,42,81.12
85,2024/1/1 3:20,20,39,79.03
86,2024/1/1 3:20,20,26,74.44
87,2024/1/1 3:20,20,13,69.85
88,2024/1/1 3:20,20,62,85
89,2024/1/1 3:20,20,57,108.47
90,2024/1/1 3:20,20,70.5,97.33
91,2024/1/1 3:20,20,84,86.19
92,2024/1/1 3:20,20,89,100.43
93,2024/1/1 3:20,20,95,92.75
94,2024/1/1 3:20,20,93,76.15
95,2024/1/1 3:20,20,110,80.9
96,2024/1/1 3:20,20,91,82.53
97,2024/1/1 3:20,20,94,75.78
98,2024/1/1 3:20,20,135,86.33
99,2024/1/1 3:20,20,39,96.21
100,2024/1/1 3:20,20,28,71.11
101,2024/1/1 3:20,20,13,58.69
102,2024/1/1 3:20,20,39,89.72
103,2024/1/1 3:20,20,44,104.1
104,2024/1/1 3:20,20,49,118.47
105,2024/1/1 3:20,20,50,99.2
106,2024/1/1 3:20,20,92,108.24
107,2024/1/1 3:20,20,95,99.8
108,2024/1/1 3:20,20,66,107.11
109,2024/1/1 3:20,20,76,100.7
110,2024/1/1 3:20,20,91,106.66
111,2024/1/1 3:20,20,49,97.67
112,2024/1/1 3:20,20,56,121.82
113,2024/1/1 3:20,20,31,91.35
114,2024/1/1 3:20,20,34,99.26
115,2024/1/1 3:20,20,42,97.98
116,2024/1/1 3:20,20,45,98.13
117,2024/1/1 3:20,20,47,115.06
118,2024/1/1 3:20,20,62,101.52
119,2024/1/1 3:20,20,58,105.07
120,2024/1/1 3:20,20,54,125.3
121,2024/1/1 3:20,20,38,114
122,2024/1/1 3:20,20,18,111
123,2024/1/1 3:20,20,14,123
124,2024/1/1 3:20,20,33,84.58
125,2024/1/1 3:20,20,87,110.01
126,2024/1/1 3:20,20,52,103.94
127,2024/1/1 3:20,20,46,110.59
128,2024/1/1 3:20,20,94,126.12
129,2024/1/1 3:20,20,77,125.62
130,2024/1/1 3:20,20,77,116.69
131,2024/1/1 3:20,20,85,117.86
132,2024/1/1 3:20,20,83,112.35
133,2024/1/1 3:20,20,24,105.33
134,2024/1/1 3:20,20,26,94.42
135,2024/1/1 3:20,20,16,73.88
136,2024/1/1 3:20,20,15,91.33
137,2024/1/1 3:20,20,20,81.25
138,2024/1/1 3:20,20,30,90.6
139,2024/1/1 3:20,20,54,82.57
140,2024/1/1 3:20,20,101,90.87
141,2024/1/1 3:20,20,113,89.31
142,2024/1/1 3:20,20,59,92.08
143,2024/1/1 3:20,20,54,85.37
144,2024/1/1 3:20,20,91,80.46
145,2024/1/1 3:20,20,65,69.71
146,2024/1/1 3:20,20,61,80.48
147,2024/1/1 3:20,20,60,90.45
148,2024/1/1 3:20,20,70,86.81
149,2024/1/1 3:20,20,42,76.1
150,2024/1/1 3:20,20,40,77.4
151,2024/1/1 3:20,20,43,64.91
152,2024/1/1 3:20,20,41,79.2
153,2024/1/1 3:20,20,9,71.22
154,2024/1/1 3:20,20,15,74.2
155,2024/1/1 3:20,20,29,94.97
156,2024/1/1 3:20,20,40,98.53
157,2024/1/1 3:20,20,7,25.29
158,2024/1/1 3:20,20,10,60.9
159,2024/1/1 3:20,20,44,80.75
160,2024/1/1 3:20,20,39,84.18
161,2024/1/1 3:20,20,36,41.53
162,2024/1/1 3:20,20,38,81.63
163,2024/1/1 3:20,20,36,75.75
164,2024/1/1 3:20,20,41,66.51
165,2024/1/1 3:20,20,41,86.85
166,2024/1/1 3:20,20,67,76.82
167,2024/1/1 3:20,20,10,77.6
168,2024/1/1 3:20,20,98,78.24
169,2024/1/1 3:20,20,66,78.59
170,2024/1/1 3:20,20,97,89.09
171,2024/1/1 3:20,20,102,83.02
172,2024/1/1 3:20,20,86,93.97
173,2024/1/1 3:20,20,100,97.21
174,2024/1/1 3:20,20,103,87.18
175,2024/1/1 3:20,20,60,74.88
176,2024/1/1 3:20,20,24,94.92
177,2024/1/1 3:20,20,27,87.44
178,2024/1/1 3:20,20,42,83.46
179,2024/1/1 3:20,20,57,79.47
180,2024/1/1 3:20,20,37,75.76
181,2024/1/1 3:20,20,17,72.06
182,2024/1/1 3:20,20,60,65.47
183,2024/1/1 3:20,20,97,74.42
184,2024/1/1 3:20,20,70,60.61
185,2024/1/1 3:20,20,72,64.63
186,2024/1/1 3:20,20,74,68.66
187,2024/1/1 3:20,20,76,72.68
188,2024/1/1 3:20,20,38,76.92
189,2024/1/1 3:20,20,36,66.92
190,2024/1/1 3:20,20,64,79.59
191,2024/1/1 3:20,20,54,66.26
192,2024/1/1 3:20,20,59,77.1
193,2024/1/1 3:20,20,64,87.95
194,2024/1/1 3:20,20,71,69.93
195,2024/1/1 3:20,20,62,61.61
196,2024/1/1 3:20,20,80,82.96
197,2024/1/1 3:20,20,76,92.11
198,2024/1/1 3:20,20,107,86.58
199,2024/1/1 3:20,20,67,86
200,2024/1/1 3:20,20,55,84.8
201,2024/1/1 3:20,20,93,83.88
202,2024/1/1 3:20,20,105,61.7
203,2024/1/1 3:20,20,78,63.85
204,2024/1/1 3:20,20,59,77.42
205,2024/1/1 3:20,20,64,95.41
206,2024/1/1 3:20,20,44,88.91
207,2024/1/1 3:20,20,55,79.27
208,2024/1/1 3:20,20,47,70.87
209,2024/1/1 3:20,20,71,83.65
210,2024/1/1 3:20,20,39,84.51
211,2024/1/1 3:20,20,42,88.67
212,2024/1/1 3:20,20,77,87.94
213,2024/1/1 3:20,20,58,90.41
214,2024/1/1 3:20,20,114,81.32
215,2024/1/1 3:20,20,108,83.96
216,2024/1/1 3:20,20,122,83
217,2024/1/1 3:20,20,144,87.85
218,2024/1/1 3:20,20,92,90.24
219,2024/1/1 3:20,20,87,83.36
220,2024/1/1 3:20,20,89,83.27
221,2024/1/1 3:20,20,74,84.54
222,2024/1/1 3:20,20,51,80.51
223,2024/1/1 3:20,20,67,63.25
224,2024/1/1 3:20,20,63,64.02
225,2024/1/1 3:20,20,43,84.44
226,2024/1/1 3:20,20,55,64.27
227,2024/1/1 3:20,20,47,66.74
228,2024/1/1 3:20,20,32,61.62
229,2024/1/1 3:20,20,30,70.93
230,2024/1/1 3:20,20,44,75.36
231,2024/1/1 3:20,20,38,88.34
232,2024/1/1 3:20,20,59,78.8
233,2024/1/1 3:20,20,80,69.25
234,2024/1/1 3:20,20,101,59.71
235,2024/1/1 3:20,20,155,72.85
236,2024/1/1 3:20,20,55,49.51
237,2024/1/1 3:20,20,14,68.29
238,2024/1/1 3:20,20,12,60.83
239,2024/1/1 3:20,20,15.5,57.12
240,2024/1/1 3:20,20,19,53.42
241,2024/1/1 3:20,20,2,17
242,2024/1/1 3:20,20,21,75.19
243,2024/1/1 3:20,20,67,77.63
244,2024/1/1 3:20,20,65,72.57
245,2024/1/1 3:20,20,119,66.65
246,2024/1/1 3:20,20,119,60.72
247,2024/1/1 3:20,20,94.5,55.33
248,2024/1/1 3:20,20,70,49.94
249,2024/1/1 3:20,20,57,72.18
250,2024/1/1 3:20,20,74,77.55
251,2024/1/1 3:20,20,60,67.68
252,2024/1/1 3:20,20,87,64.89
253,2024/1/1 3:20,20,148,74.24
254,2024/1/1 3:20,20,87,66.92
255,2024/1/1 3:20,20,101.5,67.68
256,2024/1/1 3:20,20,116,68.43
257,2024/1/1 3:20,20,84,59.92
258,2024/1/1 3:20,20,83,77.48
259,2024/1/1 3:20,20,94,70.82
260,2024/1/1 3:20,20,89,72.06
261,2024/1/1 3:20,20,72,58.78
262,2024/1/1 3:20,20,80,80.09
263,2024/1/1 3:20,20,82,57.76
264,2024/1/1 3:20,20,85,74.88
265,2024/1/1 3:20,20,78,64.62
266,2024/1/1 3:20,20,80,77.79
267,2024/1/1 3:20,20,69,58.04
268,2024/1/1 3:20,20,97,70.63
269,2024/1/1 3:20,20,94,77.12
270,2024/1/1 3:20,20,93,83.51
271,2024/1/1 3:20,20,84,80.59
272,2024/1/1 3:20,20,75,77.67
273,2024/1/1 3:20,20,27,69.56
274,2024/1/1 3:20,20,78,74.1
275,2024/1/1 3:20,20,76,68.29
276,2024/1/1 3:20,20,82,72.78
277,2024/1/1 3:20,20,76.5,72.29
278,2024/1/1 3:20,20,71,71.8
279,2024/1/1 3:20,20,76.5,70.78
280,2024/1/1 3:20,20,82,69.76
281,2024/1/1 3:20,20,83,63.65
282,2024/1/1 3:20,20,79,66.99
283,2024/1/1 3:20,20,83,67.02
284,2024/1/1 3:20,20,80,75.19
285,2024/1/1 3:20,20,111,70.22
286,2024/1/1 3:20,20,123,75.71
287,2024/1/1 3:20,20,110,75.91
288,2024/1/1 3:20,20,97,76.12
289,2024/1/1 3:20,20,88,64.45
290,2024/1/1 3:20,20,120,74.65
291,2024/1/1 3:20,20,118,73.14
292,2024/1/1 3:20,20,84,65.29
293,2024/1/1 3:20,20,96,79.77
294,2024/1/1 3:20,20,82,80.54
295,2024/1/1 3:20,20,106,71.48
296,2024/1/1 3:20,20,91,58.3
297,2024/1/1 3:20,20,84,54.36
298,2024/1/1 3:20,20,113,46.31
299,2024/1/1 3:20,20,90.5,49.1
300,2024/1/1 3:20,20,68,51.9
301,2024/1/1 3:20,20,140,70.26
302,2024/1/1 3:20,20,90,79.98
303,2024/1/1 3:20,20,91,84.84
304,2024/1/1 3:20,20,57.5,65.09
305,2024/1/1 3:20,20,24,45.33
306,2024/1/1 3:20,20,42,76.31
307,2024/1/1 3:20,20,53,102.09
308,2024/1/1 3:20,20,50,85.46
309,2024/1/1 3:20,20,54,102
310,2024/1/1 3:20,20,45,91.73
311,2024/1/1 3:20,20,49,98.88
312,2024/1/1 3:20,20,46,113.91
313,2024/1/1 3:20,20,54,110.87
314,2024/1/1 3:20,20,53,104.11
315,2024/1/1 3:20,20,48,99.12
316,2024/1/1 3:20,20,38,91.61
317,2024/1/1 3:20,20,25,90.48
318,2024/1/1 3:20,20,34,102.56
319,2024/1/1 3:20,20,36,102.58
320,2024/1/1 3:20,20,41,94.46
321,2024/1/1 3:20,20,40,114.6
322,2024/1/1 3:20,20,41,100.12
323,2024/1/1 3:20,20,37,103.62
324,2024/1/1 3:20,20,40,98.7
325,2024/1/1 3:20,20,14,77.21
326,2024/1/1 3:20,20,15,109.93
327,2024/1/1 3:20,20,16,103.69
328,2024/1/1 3:20,20,21,97.71
329,2024/1/1 3:20,20,15.5,64
330,2024/1/1 3:20,20,10,30.3
331,2024/1/1 3:20,20,25,88.6
332,2024/1/1 3:20,20,45,96.33
333,2024/1/1 3:20,20,50,104.14
334,2024/1/1 3:20,20,55,108.16
335,2024/1/1 3:20,20,65,109.23
336,2024/1/1 3:20,20,38,97.32
337,2024/1/1 3:20,20,30,94.63
338,2024/1/1 3:20,20,24,97.5
339,2024/1/1 3:20,20,23,92.39
340,2024/1/1 3:20,20,46,101.8
341,2024/1/1 3:20,20,88,95.41
342,2024/1/1 3:20,20,77,107.05
343,2024/1/1 3:20,20,67,111.51
344,2024/1/1 3:20,20,73,110.4
345,2024/1/1 3:20,20,57,110.04
346,2024/1/1 3:20,20,60,111.25
347,2024/1/1 3:20,20,49,117.1
348,2024/1/1 3:20,20,57,108.44
349,2024/1/1 3:20,20,73,93.26
350,2024/1/1 3:20,20,76,96.82
351,2024/1/1 3:20,20,29,82.07
352,2024/1/1 3:20,20,31,62.87
353,2024/1/1 3:20,20,21,75.86
354,2024/1/1 3:20,20,25,71
355,2024/1/1 3:20,20,22,82.73
356,2024/1/1 3:20,20,58,74.17
357,2024/1/1 3:20,20,48,79.33
358,2024/1/1 3:20,20,41,84.37
359,2024/1/1 3:20,20,47,73.4
360,2024/1/1 3:20,20,57,82.37
361,2024/1/1 3:20,20,73,88.01
362,2024/1/1 3:20,20,44,93.93
363,2024/1/1 3:20,20,75.5,80.49
364,2024/1/1 3:20,20,107,67.05
365,2024/1/1 3:20,20,86.33,74.05
366,2024/1/1 3:20,20,65.67,81.04
367,2024/1/1 3:20,20,45,88.04
368,2024/1/1 3:20,20,119,91.85
369,2024/1/1 3:20,20,117.5,89.48
370,2024/1/1 3:20,20,116,87.12
371,2024/1/1 3:20,20,136,71.81
372,2024/1/1 3:20,20,100,85.18
373,2024/1/1 3:20,20,155,97.32
374,2024/1/1 3:20,20,107,105.69
375,2024/1/1 3:20,20,88,90.97
376,2024/1/1 3:20,20,75,97.45
377,2024/1/1 3:20,20,89,98.81
378,2024/1/1 3:20,20,98,91.98
379,2024/1/1 3:20,20,89,86.76
380,2024/1/1 3:20,20,36,85.47
381,2024/1/1 3:20,20,27,98.63
382,2024/1/1 3:20,20,38,86.32
383,2024/1/1 3:20,20,18,98
384,2024/1/1 3:20,20,19,37.89
385,2024/1/1 3:20,20,25,79.08
386,2024/1/1 3:20,20,17,72.88
387,2024/1/1 3:20,20,26,67.42
388,2024/1/1 3:20,20,97,73.41
389,2024/1/1 3:20,20,75,93.87
390,2024/1/1 3:20,20,67,102.22
391,2024/1/1 3:20,20,71,77.61
392,2024/1/1 3:20,20,58,98.95
393,2024/1/1 3:20,20,102,113.25
394,2024/1/1 3:20,20,103,110.1
395,2024/1/1 3:20,20,117,
396,2024/1/1 3:20,20,58.5,
397,2024/1/1 3:20,20,0,
398,2024/1/1 3:20,20,0,
399,2024/1/1 3:20,20,0,
400,2024/1/1 3:20,20,2,57
401,2024/1/1 3:20,20,4,89.5
402,2024/1/1 3:20,20,5,103.4
403,2024/1/1 3:20,20,5,108.2
404,2024/1/1 3:20,20,1,
405,2024/1/1 3:20,20,0,
406,2024/1/1 3:20,20,1,78
407,2024/1/1 3:20,20,1,85
408,2024/1/1 3:20,20,2,105
409,2024/1/1 3:20,20,2,56
410,2024/1/1 3:20,20,2,66
411,2024/1/1 3:20,20,2,
412,2024/1/1 3:20,20,0,
413,2024/1/1 3:20,20,0,
414,2024/1/1 3:20,20,2,92
415,2024/1/1 3:20,20,15,81.67
416,2024/1/1 3:20,20,8.5,77.34
417,2024/1/1 3:20,20,2,73
418,2024/1/1 3:20,20,2,
419,2024/1/1 3:20,20,0,
420,2024/1/1 3:20,20,0,
421,2024/1/1 3:20,20,1,85
422,2024/1/1 3:20,20,1,119
423,2024/1/1 3:20,20,2,94.5
424,2024/1/1 3:20,20,1,105
425,2024/1/1 3:20,20,1,60
426,2024/1/1 3:20,20,2,
427,2024/1/1 3:20,20,0,
428,2024/1/1 3:20,20,0,
429,2024/1/1 3:20,20,2,75
430,2024/1/1 3:20,20,2,94
431,2024/1/1 3:20,20,1,
432,2024/1/1 3:20,20,0.5,
433,2024/1/1 3:20,20,0,
434,2024/1/1 3:20,20,35,
435,2024/1/1 3:20,20,70,
436,2024/1/1 3:20,20,105,77.69
437,2024/1/1 3:20,20,37,65.43
438,2024/1/1 3:20,20,30,80.47
439,2024/1/1 3:20,20,31.5,82.04
440,2024/1/1 3:20,20,33,83.61
441,2024/1/1 3:20,20,34,69.18
442,2024/1/1 3:20,20,85,72.47
443,2024/1/1 3:20,20,82.67,70.97
444,2024/1/1 3:20,20,80.33,69.46
445,2024/1/1 3:20,20,78,67.96
446,2024/1/1 3:20,20,73,62.45
447,2024/1/1 3:20,20,85,70.92
448,2024/1/1 3:20,20,101,78.77
449,2024/1/1 3:20,20,35,83.91
450,2024/1/1 3:20,20,32,76.09
451,2024/1/1 3:20,20,65,65.4
452,2024/1/1 3:20,20,54,83.7
453,2024/1/1 3:20,20,58,90.03
454,2024/1/1 3:20,20,77,78.79
455,2024/1/1 3:20,20,34,65.79
456,2024/1/1 3:20,20,67,73.78
457,2024/1/1 3:20,20,41,93.02
458,2024/1/1 3:20,20,61,76.1
459,2024/1/1 3:20,20,44,90.86
460,2024/1/1 3:20,20,54,98.76
461,2024/1/1 3:20,20,55,91.24
462,2024/1/1 3:20,20,50,92.44
463,2024/1/1 3:20,20,34,100.68
464,2024/1/1 3:20,20,13,80.15
465,2024/1/1 3:20,20,14,87.14
466,2024/1/1 3:20,20,50.5,89.22
467,2024/1/1 3:20,20,87,91.29
468,2024/1/1 3:20,20,91,80.78
469,2024/1/1 3:20,20,110,73.75
470,2024/1/1 3:20,20,114,79.77
471,2024/1/1 3:20,20,118,85.79
472,2024/1/1 3:20,20,45,90.96
473,2024/1/1 3:20,20,43,83.05
474,2024/1/1 3:20,20,36,81.86
475,2024/1/1 3:20,20,37,78.86
476,2024/1/1 3:20,20,47,72.43
477,2024/1/1 3:20,20,45,88.33
478,2024/1/1 3:20,20,80,71.5
479,2024/1/1 3:20,20,71,91.87
480,2024/1/1 3:20,20,74,77.2
481,2024/1/1 3:20,20,79,72.81
482,2024/1/1 3:20,20,81,81.85
483,2024/1/1 3:20,20,63,68.06
484,2024/1/1 3:20,20,55,71.11
485,2024/1/1 3:20,20,1288,8.83
486,2024/1/1 3:20,20,141,90.09
487,2024/1/1 3:20,20,141,79.84
488,2024/1/1 3:20,20,109,75.81
489,2024/1/1 3:20,20,101,82.68
490,2024/1/1 3:20,20,93,89.54
491,2024/1/1 3:20,20,97,86.11
492,2024/1/1 3:20,20,109,86.54
493,2024/1/1 3:20,20,120,78.72
494,2024/1/1 3:20,20,104,100.05
495,2024/1/1 3:20,20,106,85.69
496,2024/1/1 3:20,20,102,81.07
497,2024/1/1 3:20,20,104,91.9
498,2024/1/1 3:20,20,98,102.72
499,2024/1/1 3:20,20,99,82.79
500,2024/1/1 3:20,20,96.5,88.67
501,2024/1/1 3:20,20,94,94.55
502,2024/1/1 3:20,20,94,77.84
503,2024/1/1 3:20,20,83,86.04
504,2024/1/1 3:20,20,73,77.78
505,2024/1/1 3:20,20,83,79.61
506,2024/1/1 3:20,20,96,81.4
507,2024/1/1 3:20,20,111,77.31
508,2024/1/1 3:20,20,126,73.22
509,2024/1/1 3:20,20,141,69.12
510,2024/1/1 3:20,20,156,65.03
511,2024/1/1 3:20,20,125,74.27
512,2024/1/1 3:20,20,94,64.45
513,2024/1/1 3:20,20,107,76.19
514,2024/1/1 3:20,20,110,81.23
515,2024/1/1 3:20,20,105,73.94
516,2024/1/1 3:20,20,77,90.45
517,2024/1/1 3:20,20,80.5,90.87
518,2024/1/1 3:20,20,84,91.29
519,2024/1/1 3:20,20,92,86.92
520,2024/1/1 3:20,20,100,82.54
521,2024/1/1 3:20,20,92.5,84.47
522,2024/1/1 3:20,20,85,86.4
523,2024/1/1 3:20,20,82,89.68
524,2024/1/1 3:20,20,79,92.97
525,2024/1/1 3:20,20,76,81.3
526,2024/1/1 3:20,20,57,78.53
527,2024/1/1 3:20,20,39,79.9
528,2024/1/1 3:20,20,54.33,79.86
529,2024/1/1 3:20,20,69.67,79.82
530,2024/1/1 3:20,20,85,79.78
531,2024/1/1 3:20,20,80,95.14
532,2024/1/1 3:20,20,86,94.08
533,2024/1/1 3:20,20,92,93.01
534,2024/1/1 3:20,20,107,70.29
535,2024/1/1 3:20,20,73,94.18
536,2024/1/1 3:20,20,68,93.09
537,2024/1/1 3:20,20,53,91.96
538,2024/1/1 3:20,20,62,85.58
539,2024/1/1 3:20,20,83,94.29
540,2024/1/1 3:20,20,75.25,83.86
541,2024/1/1 3:20,20,67.5,73.43
542,2024/1/1 3:20,20,59.75,62.99
543,2024/1/1 3:20,20,52,52.56
544,2024/1/1 3:20,20,45.5,71.19
545,2024/1/1 3:20,20,39,89.82
546,2024/1/1 3:20,20,70.5,78.62
547,2024/1/1 3:20,20,102,67.42
548,2024/1/1 3:20,20,155,78.42
549,2024/1/1 3:20,20,177,88.13
550,2024/1/1 3:20,20,166,84.98
551,2024/1/1 3:20,20,156,65.12
552,2024/1/1 3:20,20,82,73.45
553,2024/1/1 3:20,20,58,80.91
554,2024/1/1 3:20,20,68,71.62
555,2024/1/1 3:20,20,57,76.19
556,2024/1/1 3:20,20,68,76.87
557,2024/1/1 3:20,20,83,74.37
558,2024/1/1 3:20,20,49,73.04
559,2024/1/1 3:20,20,53,84.87
560,2024/1/1 3:20,20,70,88.5
561,2024/1/1 3:20,20,71,90.66
562,2024/1/1 3:20,20,72,92.83
563,2024/1/1 3:20,20,70,90.7
564,2024/1/1 3:20,20,68,85.52
565,2024/1/1 3:20,20,66,80.35
566,2024/1/1 3:20,20,65,82.62
567,2024/1/1 3:20,20,64.5,84.44
568,2024/1/1 3:20,20,64,86.25
569,2024/1/1 3:20,20,78,79.86
570,2024/1/1 3:20,20,73.33,77.17
571,2024/1/1 3:20,20,68.67,74.49
572,2024/1/1 3:20,20,64,71.8
573,2024/1/1 3:20,20,64,72
574,2024/1/1 3:20,20,60.5,77.96
575,2024/1/1 3:20,20,57,83.91
576,2024/1/1 3:20,20,66,89.41
577,2024/1/1 3:20,20,70,77.94
578,2024/1/1 3:20,20,73,77.7
579,2024/1/1 3:20,20,76,77.46
580,2024/1/1 3:20,20,73,82.87
581,2024/1/1 3:20,20,70,88.28
582,2024/1/1 3:20,20,67,93.69
583,2024/1/1 3:20,20,89,84.72
584,2024/1/1 3:20,20,111,75.74
585,2024/1/1 3:20,20,134,60.36
586,2024/1/1 3:20,20,142,90.81
587,2024/1/1 3:20,20,109.5,88.22
588,2024/1/1 3:20,20,77,85.62
589,2024/1/1 3:20,20,84,89.57
590,2024/1/1 3:20,20,95,86.76
591,2024/1/1 3:20,20,106,83.96
592,2024/1/1 3:20,20,102,87.04
593,2024/1/1 3:20,20,98,90.13
594,2024/1/1 3:20,20,102.5,84.1
595,2024/1/1 3:20,20,107,78.06
596,2024/1/1 3:20,20,100,83.81
597,2024/1/1 3:20,20,103,83.56
598,2024/1/1 3:20,20,106,83.31
599,2024/1/1 3:20,20,63,78.08
600,2024/1/1 3:20,20,73,88.44
601,2024/1/1 3:20,20,69,81.68
602,2024/1/1 3:20,20,81,86.9
603,2024/1/1 3:20,20,73,60.33
604,2024/1/1 3:20,20,56,90.93
605,2024/1/1 3:20,20,77,91.66
606,2024/1/1 3:20,20,98,92.4
607,2024/1/1 3:20,20,118,88
608,2024/1/1 3:20,20,111,78.96
609,2024/1/1 3:20,20,74,92.15
610,2024/1/1 3:20,20,83,86.76
611,2024/1/1 3:20,20,87,88.03
612,2024/1/1 3:20,20,90.5,91.58
613,2024/1/1 3:20,20,94,95.13
614,2024/1/1 3:20,20,97,93.59
615,2024/1/1 3:20,20,81,88.17
616,2024/1/1 3:20,20,61,80.56
617,2024/1/1 3:20,20,55,81.24
618,2024/1/1 3:20,20,38,86.16
619,2024/1/1 3:20,20,62,82.2
620,2024/1/1 3:20,20,86,78.24
621,2024/1/1 3:20,20,108,78.72
622,2024/1/1 3:20,20,130,79.19
623,2024/1/1 3:20,20,130,84.38
624,2024/1/1 3:20,20,130,89.58
625,2024/1/1 3:20,20,40,46.6
626,2024/1/1 3:20,20,46,65.09
627,2024/1/1 3:20,20,25.5,52.94
628,2024/1/1 3:20,20,5,40.8
629,2024/1/1 3:20,20,19,58.89
630,2024/1/1 3:20,20,12,43.33
631,2024/1/1 3:20,20,19,74.32
632,2024/1/1 3:20,20,13,36.46
633,2024/1/1 3:20,20,10,44.2
634,2024/1/1 3:20,20,39,57.79
635,2024/1/1 3:20,20,35,83.4
636,2024/1/1 3:20,20,21,64.62
637,2024/1/1 3:20,20,26,56.96
638,2024/1/1 3:20,20,31,49.29
639,2024/1/1 3:20,20,50,50.76
640,2024/1/1 3:20,20,41,49.41
641,2024/1/1 3:20,20,25,71.36
642,2024/1/1 3:20,20,32,49.66
643,2024/1/1 3:20,20,27,51.3
644,2024/1/1 3:20,20,26,60.65
645,2024/1/1 3:20,20,24,75.62
646,2024/1/1 3:20,20,36,81.97
647,2024/1/1 3:20,20,25,71.09
648,2024/1/1 3:20,20,14,60.21
649,2024/1/1 3:20,20,19,92.89
650,2024/1/1 3:20,20,21,69.86
651,2024/1/1 3:20,20,18,69.39
652,2024/1/1 3:20,20,15,66.67
653,2024/1/1 3:20,20,21,63.36
654,2024/1/1 3:20,20,27,60.04
655,2024/1/1 3:20,20,109,40.09
656,2024/1/1 3:20,20,108.75,46.82
657,2024/1/1 3:20,20,108.5,53.54
658,2024/1/1 3:20,20,108.25,60.26
659,2024/1/1 3:20,20,108,66.99
660,2024/1/1 3:20,20,56.5,82.5
661,2024/1/1 3:20,20,5,98
662,2024/1/1 3:20,20,34,55.65
663,2024/1/1 3:20,20,6,73.83
664,2024/1/1 3:20,20,29.5,71.99
665,2024/1/1 3:20,20,53,70.15
666,2024/1/1 3:20,20,49.5,74.01
667,2024/1/1 3:20,20,46,77.87
668,2024/1/1 3:20,20,52,62.75
669,2024/1/1 3:20,20,76,66.59
670,2024/1/1 3:20,20,63,72.26
671,2024/1/1 3:20,20,50,77.92
672,2024/1/1 3:20,20,41,73.66
673,2024/1/1 3:20,20,62,81.42
674,2024/1/1 3:20,20,44,73.05
675,2024/1/1 3:20,20,70,72.37
676,2024/1/1 3:20,20,46,73.11
677,2024/1/1 3:20,20,38.33,78.15
678,2024/1/1 3:20,20,30.67,83.18
679,2024/1/1 3:20,20,23,88.22
680,2024/1/1 3:20,20,29,85.83
681,2024/1/1 3:20,20,26,66.88
682,2024/1/1 3:20,20,8,102.25
683,2024/1/1 3:20,20,30,92.07
684,2024/1/1 3:20,20,26,90.81
685,2024/1/1 3:20,20,19,83.16
686,2024/1/1 3:20,20,10,79.6
687,2024/1/1 3:20,20,18,76.24
688,2024/1/1 3:20,20,26,72.88
689,2024/1/1 3:20,20,86,78.44
690,2024/1/1 3:20,20,66,66.94
691,2024/1/1 3:20,20,34,68.21
692,2024/1/1 3:20,20,62,84.95
693,2024/1/1 3:20,20,49,74.18
694,2024/1/1 3:20,20,56,65.21
695,2024/1/1 3:20,20,12,48.75
696,2024/1/1 3:20,20,66,75.98
697,2024/1/1 3:20,20,13,70.38
698,2024/1/1 3:20,20,31.5,66.5
699,2024/1/1 3:20,20,50,62.62
700,2024/1/1 3:20,20,37,60.02
701,2024/1/1 3:20,20,24,57.42
702,2024/1/1 3:20,20,15.5,75.43
703,2024/1/1 3:20,20,7,93.43
704,2024/1/1 3:20,20,2,72
705,2024/1/1 3:20,20,8,88.25
706,2024/1/1 3:20,20,55,71.4
707,2024/1/1 3:20,20,49,84.45
708,2024/1/1 3:20,20,54,79.61
709,2024/1/1 3:20,20,43,81.11
710,2024/1/1 3:20,20,32,82.6
711,2024/1/1 3:20,20,21,84.1
712,2024/1/1 3:20,20,20,60.9
713,2024/1/1 3:20,20,24,54.27
714,2024/1/1 3:20,20,28,47.64
715,2024/1/1 3:20,20,27,69.81
716,2024/1/1 3:20,20,6,61.83
717,2024/1/1 3:20,20,4,56
718,2024/1/1 3:20,20,5,29
719,2024/1/1 3:20,20,24,51.42
720,2024/1/1 3:20,20,18,48.72
721,2024/1/1 3:20,20,11,60.18
722,2024/1/1 3:20,20,14.67,65.79
723,2024/1/1 3:20,20,18.33,71.39
724,2024/1/1 3:20,20,22,77
725,2024/1/1 3:20,20,23,61.61
726,2024/1/1 3:20,20,33,92.7
727,2024/1/1 3:20,20,31,93.13
728,2024/1/1 3:20,20,21,91.62
729,2024/1/1 3:20,20,24,71.17
730,2024/1/1 3:20,20,19,55.48
731,2024/1/1 3:20,20,14,39.79
732,2024/1/1 3:20,20,37,87.43
733,2024/1/1 3:20,20,25,63.56
734,2024/1/1 3:20,20,28,52.86
735,2024/1/1 3:20,20,42,97.88
736,2024/1/1 3:20,20,49,91.33
737,2024/1/1 3:20,20,42,69.95
738,2024/1/1 3:20,20,32,44.31
739,2024/1/1 3:20,20,23,49.48
740,2024/1/1 3:20,20,20,58.85
741,2024/1/1 3:20,20,12.5,71.92
742,2024/1/1 3:20,20,5,
743,2024/1/1 3:20,20,4.44,
744,2024/1/1 3:20,20,3.89,
745,2024/1/1 3:20,20,3.33,
746,2024/1/1 3:20,20,2.78,
747,2024/1/1 3:20,20,2.22,
748,2024/1/1 3:20,20,1.67,
749,2024/1/1 3:20,20,1.11,
750,2024/1/1 3:20,20,0.56,
751,2024/1/1 3:20,20,0,
752,2024/1/1 3:20,20,0.29,
753,2024/1/1 3:20,20,0.59,
754,2024/1/1 3:20,20,0.88,
755,2024/1/1 3:20,20,1.18,
756,2024/1/1 3:20,20,1.47,
757,2024/1/1 3:20,20,1.76,
758,2024/1/1 3:20,20,2.06,
759,2024/1/1 3:20,20,2.35,
760,2024/1/1 3:20,20,2.65,
761,2024/1/1 3:20,20,2.94,
762,2024/1/1 3:20,20,3.24,
763,2024/1/1 3:20,20,3.53,
764,2024/1/1 3:20,20,3.82,
765,2024/1/1 3:20,20,4.12,
766,2024/1/1 3:20,20,4.41,
767,2024/1/1 3:20,20,4.71,
768,2024/1/1 3:20,20,5,93.6
769,2024/1/1 3:20,20,1,65
770,2024/1/1 3:20,20,26,47.08
771,2024/1/1 3:20,20,23,50.84
772,2024/1/1 3:20,20,20,54.6
773,2024/1/1 3:20,20,11,64.45
774,2024/1/1 3:20,20,18,63.56
775,2024/1/1 3:20,20,25,62.67
776,2024/1/1 3:20,20,32,61.78
777,2024/1/1 3:20,20,25,75.64
778,2024/1/1 3:20,20,13,61.15
779,2024/1/1 3:20,20,35,50.4
780,2024/1/1 3:20,20,17,57.35
781,2024/1/1 3:20,20,4,
782,2024/1/1 3:20,20,0,
783,2024/1/1 3:20,20,10,55.2
784,2024/1/1 3:20,20,8,59.25
785,2024/1/1 3:20,20,8,47.88
786,2024/1/1 3:20,20,34,69.74
787,2024/1/1 3:20,20,41,96.8
788,2024/1/1 3:20,20,32,88.78
789,2024/1/1 3:20,20,41,63.54
790,2024/1/1 3:20,20,40,89.58
791,2024/1/1 3:20,20,37,59.89
792,2024/1/1 3:20,20,38,48.41
793,2024/1/1 3:20,20,19,24.2
794,2024/1/1 3:20,20,7,32.07
795,2024/1/1 3:20,20,3.5,16.03
796,2024/1/1 3:20,20,1.75,8.02
797,2024/1/1 3:20,20,0.88,4.01
798,2024/1/1 3:20,20,0.44,2
799,2024/1/1 3:20,20,0.22,1
800,2024/1/1 3:20,20,0.11,0.5
801,2024/1/1 3:20,20,0.05,0.25
802,2024/1/1 3:20,20,0.03,0.13
803,2024/1/1 3:20,20,0.01,0.06
804,2024/1/1 3:20,20,0,0.02
805,2024/1/1 3:20,20,0,0.01
806,2024/1/1 3:20,20,7.75,22.85
807,2024/1/1 3:20,20,15.5,45.68
808,2024/1/1 3:20,20,0,0.01
809,2024/1/1 3:20,20,3.95,5.01
810,2024/1/1 3:20,20,7.91,10.01
811,2024/1/1 3:20,20,11.86,15.01
812,2024/1/1 3:20,20,15.82,20.01
813,2024/1/1 3:20,20,19.77,25.01
814,2024/1/1 3:20,20,23.73,30.01
815,2024/1/1 3:20,20,27.68,35.01
816,2024/1/1 3:20,20,31.64,40.01
817,2024/1/1 3:20,20,35.59,45.01
818,2024/1/1 3:20,20,39.55,50.01
819,2024/1/1 3:20,20,43.5,55.01
820,2024/1/1 3:20,20,43.94,56.02
821,2024/1/1 3:20,20,44.38,57.02
822,2024/1/1 3:20,20,44.81,58.03
823,2024/1/1 3:20,20,45.25,59.03
824,2024/1/1 3:20,20,45.69,60.04
825,2024/1/1 3:20,20,46.12,61.05
826,2024/1/1 3:20,20,46.56,62.05
827,2024/1/1 3:20,20,47,63.06
828,2024/1/1 3:20,20,45.5,53.33
829,2024/1/1 3:20,20,22.75,26.66
830,2024/1/1 3:20,20,11.38,13.33
831,2024/1/1 3:20,20,5.69,6.67
832,2024/1/1 3:20,20,2.84,3.33
833,2024/1/1 3:20,20,1.42,1.67
834,2024/1/1 3:20,20,0.71,0.83
835,2024/1/1 3:20,20,0.36,0.42
836,2024/1/1 3:20,20,0.18,0.21
837,2024/1/1 3:20,20,0.04,0.05
838,2024/1/1 3:20,20,0.02,0.03
839,2024/1/1 3:20,20,0.01,0.01
840,2024/1/1 3:20,20,1.92,3.48
841,2024/1/1 3:20,20,3.83,6.95
842,2024/1/1 3:20,20,5.73,10.41
843,2024/1/1 3:20,20,7.64,13.88
844,2024/1/1 3:20,20,9.55,17.35
845,2024/1/1 3:20,20,11.46,20.82
846,2024/1/1 3:20,20,13.37,24.29
847,2024/1/1 3:20,20,15.28,27.76
848,2024/1/1 3:20,20,17.18,31.22
849,2024/1/1 3:20,20,19.09,34.69
850,2024/1/1 3:20,20,21,38.16
851,2024/1/1 3:20,20,28,60.91
852,2024/1/1 3:20,20,14,30.46
853,2024/1/1 3:20,20,7,15.23
854,2024/1/1 3:20,20,3.5,7.61
855,2024/1/1 3:20,20,1.75,3.81
856,2024/1/1 3:20,20,0.88,1.9
857,2024/1/1 3:20,20,0.44,0.95
858,2024/1/1 3:20,20,0.22,0.48
859,2024/1/1 3:20,20,0.11,0.24
860,2024/1/1 3:20,20,0.05,0.12
861,2024/1/1 3:20,20,0.03,0.06
862,2024/1/1 3:20,20,0.04,0.06
863,2024/1/1 3:20,20,0.02,0.03
864,2024/1/1 3:20,20,16.5,42.29
865,2024/1/1 3:20,20,8.25,21.14
866,2024/1/1 3:20,20,4.12,10.57
867,2024/1/1 3:20,20,1.38,3.52
868,2024/1/1 3:20,20,0.69,1.77
869,2024/1/1 3:20,20,0.69,1.76
870,2024/1/1 3:20,20,32.33,55.77
871,2024/1/1 3:20,20,16.17,27.89
872,2024/1/1 3:20,20,8.08,13.94
873,2024/1/1 3:20,20,4.04,6.97
874,2024/1/1 3:20,20,2.02,3.49
875,2024/1/1 3:20,20,1.01,1.74
876,2024/1/1 3:20,20,0.51,0.87
877,2024/1/1 3:20,20,0.25,0.44
878,2024/1/1 3:20,20,0.13,0.22
879,2024/1/1 3:20,20,21.06,49.1
880,2024/1/1 3:20,20,52.5,83.48
881,2024/1/1 3:20,20,30.5,38.05
882,2024/1/1 3:20,20,15.25,19.02
883,2024/1/1 3:20,20,7.62,9.51
884,2024/1/1 3:20,20,3.81,4.76
885,2024/1/1 3:20,20,1.91,2.38
886,2024/1/1 3:20,20,17.45,43.48
887,2024/1/1 3:20,20,23.5,36.7
888,2024/1/1 3:20,20,11.75,18.35
889,2024/1/1 3:20,20,5.88,9.18
890,2024/1/1 3:20,20,2.94,4.59
891,2024/1/1 3:20,20,29.97,43.48
892,2024/1/1 3:20,20,22.5,44.16
893,2024/1/1 3:20,20,11.25,22.08
894,2024/1/1 3:20,20,5.62,11.04
895,2024/1/1 3:20,20,2.81,5.52
896,2024/1/1 3:20,20,19.41,45.5
897,2024/1/1 3:20,20,48.5,29.19
898,2024/1/1 3:20,20,24.25,14.6
899,2024/1/1 3:20,20,12.12,7.3
900,2024/1/1 3:20,20,49.56,45.93
901,2024/1/1 3:20,20,50.5,39.38
902,2024/1/1 3:20,20,25.25,19.69
903,2024/1/1 3:20,20,12.62,9.85
904,2024/1/1 3:20,20,53.81,35.1
905,2024/1/1 3:20,20,30.75,37.79
906,2024/1/1 3:20,20,15.38,18.9
907,2024/1/1 3:20,20,7.69,9.45
908,2024/1/1 3:20,20,3.84,4.72
909,2024/1/1 3:20,20,1.92,2.36
910,2024/1/1 3:20,20,0.96,1.18
911,2024/1/1 3:20,20,0.48,0.59
912,2024/1/1 3:20,20,20.24,41.75
913,2024/1/1 3:20,20,11.67,27.97
914,2024/1/1 3:20,20,5.83,13.98
915,2024/1/1 3:20,20,2.92,6.99
916,2024/1/1 3:20,20,1.46,3.5
917,2024/1/1 3:20,20,0.73,1.75
918,2024/1/1 3:20,20,0.36,0.87
919,2024/1/1 3:20,20,0.18,0.44
920,2024/1/1 3:20,20,19.59,39.73
921,2024/1/1 3:20,20,32.67,30.04
922,2024/1/1 3:20,20,15.67,35.69
923,2024/1/1 3:20,20,7.83,17.85
924,2024/1/1 3:20,20,12.42,37.6
925,2024/1/1 3:20,20,5,27.6
926,2024/1/1 3:20,20,2.5,13.8
927,2024/1/1 3:20,20,6.62,29.55
928,2024/1/1 3:20,20,70.88,
929,2024/1/1 3:20,20,0,
930,2024/1/1 3:20,20,0,
931,2024/1/1 3:20,20,0,
932,2024/1/1 3:20,20,0,
933,2024/1/1 3:20,20,0,
934,2024/1/1 3:20,20,22,36.53
935,2024/1/1 3:20,20,11,18.26
936,2024/1/1 3:20,20,5.5,9.13
937,2024/1/1 3:20,20,6.75,28.51
938,2024/1/1 3:20,20,22.5,37.31
939,2024/1/1 3:20,20,11.25,18.66
940,2024/1/1 3:20,20,5.62,9.33
941,2024/1/1 3:20,20,20.81,46.48
942,2024/1/1 3:20,20,26,36.94
943,2024/1/1 3:20,20,13,18.47
944,2024/1/1 3:20,20,6.5,9.23
945,2024/1/1 3:20,20,31.25,44.64
946,2024/1/1 3:20,20,27,41.28
947,2024/1/1 3:20,20,13.5,20.64
948,2024/1/1 3:20,20,6.75,10.32
949,2024/1/1 3:20,20,3.38,5.16
950,2024/1/1 3:20,20,1.69,2.58
951,2024/1/1 3:20,20,0.84,1.29
952,2024/1/1 3:20,20,50.92,46.08
953,2024/1/1 3:20,20,50,48.6
954,2024/1/1 3:20,20,25,24.3
955,2024/1/1 3:20,20,12.5,12.15
956,2024/1/1 3:20,20,6.25,6.08
957,2024/1/1 3:20,20,3.12,3.04
958,2024/1/1 3:20,20,1.56,1.52
959,2024/1/1 3:20,20,52.28,44.35
960,2024/1/1 3:20,20,77.5,36.42
961,2024/1/1 3:20,20,38.75,18.21
962,2024/1/1 3:20,20,19.38,9.11
963,2024/1/1 3:20,20,9.69,4.55
964,2024/1/1 3:20,20,4.84,2.28
965,2024/1/1 3:20,20,2.42,1.14
966,2024/1/1 3:20,20,28.71,25.32
967,2024/1/1 3:20,20,30,32.74
968,2024/1/1 3:20,20,15,16.37
969,2024/1/1 3:20,20,7.5,8.18
970,2024/1/1 3:20,20,3.75,4.09
971,2024/1/1 3:20,20,1.88,2.05
972,2024/1/1 3:20,20,0.94,1.02
973,2024/1/1 3:20,20,0.47,0.51
974,2024/1/1 3:20,20,48.73,37.47
975,2024/1/1 3:20,20,4.33,19.56
976,2024/1/1 3:20,20,2.17,9.78
977,2024/1/1 3:20,20,1.08,4.89
978,2024/1/1 3:20,20,0.54,2.45
979,2024/1/1 3:20,20,0.27,1.22
980,2024/1/1 3:20,20,0.14,0.61
981,2024/1/1 3:20,20,8.71,31.68
982,2024/1/1 3:20,20,4.36,15.84
983,2024/1/1 3:20,20,2.18,7.92
984,2024/1/1 3:20,20,1.09,3.96
985,2024/1/1 3:20,20,27.36,57.99
986,2024/1/1 3:20,20,34,36.64
987,2024/1/1 3:20,20,17,18.32
988,2024/1/1 3:20,20,8.5,9.16
989,2024/1/1 3:20,20,4.25,4.58
990,2024/1/1 3:20,20,73.12,37.43
991,2024/1/1 3:20,20,65,32.34
992,2024/1/1 3:20,20,32.5,16.17
993,2024/1/1 3:20,20,16.25,8.08
994,2024/1/1 3:20,20,8.12,4.04
995,2024/1/1 3:20,20,36.71,17.05
996,2024/1/1 3:20,20,63,52.9
997,2024/1/1 3:20,20,31.5,26.45
998,2024/1/1 3:20,20,15.75,13.22
999,2024/1/1 3:20,20,8.58,36.61
1000,2024/1/1 3:20,20,13,32.07
1001,2024/1/1 3:20,20,6.5,16.04
1002,2024/1/1 3:20,20,3.25,8.02
1003,2024/1/1 3:20,20,1.62,4.01
1004,2024/1/1 3:20,20,0.81,2
1005,2024/1/1 3:20,20,52.94,57.19
1006,2024/1/1 3:20,20,65,72.57
2,2024/1/1 3:30,21,23,66.48
3,2024/1/1 3:30,21,40,75.8
4,2024/1/1 3:30,21,42,76.76
5,2024/1/1 3:30,21,22,71.64
6,2024/1/1 3:30,21,19,89.21
7,2024/1/1 3:30,21,23,56.61
8,2024/1/1 3:30,21,41,73.12
9,2024/1/1 3:30,21,32,79.03
10,2024/1/1 3:30,21,36,65.64
11,2024/1/1 3:30,21,52,68.38
12,2024/1/1 3:30,21,101,69.68
13,2024/1/1 3:30,21,112,61.55
14,2024/1/1 3:30,21,62,71.05
15,2024/1/1 3:30,21,72,74.42
16,2024/1/1 3:30,21,64,63.95
17,2024/1/1 3:30,21,45,73.73
18,2024/1/1 3:30,21,67,71.4
19,2024/1/1 3:30,21,56,71.79
20,2024/1/1 3:30,21,58,63.94
21,2024/1/1 3:30,21,60,56.08
22,2024/1/1 3:30,21,48,75.83
23,2024/1/1 3:30,21,53,74.77
24,2024/1/1 3:30,21,76,61.51
25,2024/1/1 3:30,21,71,86.46
26,2024/1/1 3:30,21,61,83.97
27,2024/1/1 3:30,21,85,94.06
28,2024/1/1 3:30,21,79,97.77
29,2024/1/1 3:30,21,64,86.81
30,2024/1/1 3:30,21,63,77.21
31,2024/1/1 3:30,21,51.5,84.56
32,2024/1/1 3:30,21,40,91.92
33,2024/1/1 3:30,21,50,95.36
34,2024/1/1 3:30,21,44,88.73
35,2024/1/1 3:30,21,41,81.12
36,2024/1/1 3:30,21,41,104
37,2024/1/1 3:30,21,50,90.12
38,2024/1/1 3:30,21,67,57.36
39,2024/1/1 3:30,21,57,63.01
40,2024/1/1 3:30,21,47,68.66
41,2024/1/1 3:30,21,50,40.62
42,2024/1/1 3:30,21,61,46.58
43,2024/1/1 3:30,21,72,52.53
44,2024/1/1 3:30,21,64,60.7
45,2024/1/1 3:30,21,50,70.04
46,2024/1/1 3:30,21,45,78.33
47,2024/1/1 3:30,21,52,70.9
48,2024/1/1 3:30,21,52,76.81
49,2024/1/1 3:30,21,42,80.98
50,2024/1/1 3:30,21,126,65.4
51,2024/1/1 3:30,21,59,47.69
52,2024/1/1 3:30,21,55,81.16
53,2024/1/1 3:30,21,41,73
54,2024/1/1 3:30,21,50,78.98
55,2024/1/1 3:30,21,47,60.96
56,2024/1/1 3:30,21,46,76.54
57,2024/1/1 3:30,21,53,80.98
58,2024/1/1 3:30,21,78,58.01
59,2024/1/1 3:30,21,61,75.54
60,2024/1/1 3:30,21,29,69.31
61,2024/1/1 3:30,21,13,97.69
62,2024/1/1 3:30,21,12,71.83
63,2024/1/1 3:30,21,48,95.42
64,2024/1/1 3:30,21,47,103.15
65,2024/1/1 3:30,21,84,96.07
66,2024/1/1 3:30,21,72,100.49
67,2024/1/1 3:30,21,71,95.28
68,2024/1/1 3:30,21,74,93.58
69,2024/1/1 3:30,21,27,97.41
70,2024/1/1 3:30,21,28,95.68
71,2024/1/1 3:30,21,28,91.57
72,2024/1/1 3:30,21,38,80.05
73,2024/1/1 3:30,21,17,86.29
74,2024/1/1 3:30,21,28,91.64
75,2024/1/1 3:30,21,35,83.23
76,2024/1/1 3:30,21,25,86.96
77,2024/1/1 3:30,21,49,104.59
78,2024/1/1 3:30,21,51,89.96
79,2024/1/1 3:30,21,63,99.19
80,2024/1/1 3:30,21,67,101.66
81,2024/1/1 3:30,21,26,74.27
82,2024/1/1 3:30,21,18,77.22
83,2024/1/1 3:30,21,29,97.38
84,2024/1/1 3:30,21,27,84.48
85,2024/1/1 3:30,21,23,81
86,2024/1/1 3:30,21,19.5,76.6
87,2024/1/1 3:30,21,16,72.19
88,2024/1/1 3:30,21,38,79.95
89,2024/1/1 3:30,21,39,101.72
90,2024/1/1 3:30,21,57.5,93.74
91,2024/1/1 3:30,21,76,85.75
92,2024/1/1 3:30,21,80,97.16
93,2024/1/1 3:30,21,76,96.24
94,2024/1/1 3:30,21,63,77.1
95,2024/1/1 3:30,21,65,80.92
96,2024/1/1 3:30,21,60,80.35
97,2024/1/1 3:30,21,57,69.63
98,2024/1/1 3:30,21,93,86.98
99,2024/1/1 3:30,21,36,98.81
100,2024/1/1 3:30,21,16,64.75
101,2024/1/1 3:30,21,4,65.25
102,2024/1/1 3:30,21,29,94.45
103,2024/1/1 3:30,21,33,105.22
104,2024/1/1 3:30,21,37,116
105,2024/1/1 3:30,21,35,104.63
106,2024/1/1 3:30,21,65,109.88
107,2024/1/1 3:30,21,68,97.72
108,2024/1/1 3:30,21,94,108.4
109,2024/1/1 3:30,21,92,105.9
110,2024/1/1 3:30,21,76,112.68
111,2024/1/1 3:30,21,45,98.13
112,2024/1/1 3:30,21,42,122.4
113,2024/1/1 3:30,21,32,101.28
114,2024/1/1 3:30,21,30,95.93
115,2024/1/1 3:30,21,42,85.6
116,2024/1/1 3:30,21,38,89.95
117,2024/1/1 3:30,21,38,108.39
118,2024/1/1 3:30,21,33,96.7
119,2024/1/1 3:30,21,31,98.87
120,2024/1/1 3:30,21,30,115.73
121,2024/1/1 3:30,21,29,107.97
122,2024/1/1 3:30,21,15,108.33
123,2024/1/1 3:30,21,14,117.07
124,2024/1/1 3:30,21,26,88.62
125,2024/1/1 3:30,21,65,107.49
126,2024/1/1 3:30,21,35,95.29
127,2024/1/1 3:30,21,49,98.1
128,2024/1/1 3:30,21,71,123.62
129,2024/1/1 3:30,21,62,120.74
130,2024/1/1 3:30,21,62,115.77
131,2024/1/1 3:30,21,71,115.82
132,2024/1/1 3:30,21,77,114.61
133,2024/1/1 3:30,21,23,92.96
134,2024/1/1 3:30,21,25,98.64
135,2024/1/1 3:30,21,12,69.08
136,2024/1/1 3:30,21,10,92.7
137,2024/1/1 3:30,21,11,73.82
138,2024/1/1 3:30,21,32,81.19
139,2024/1/1 3:30,21,28,89.18
140,2024/1/1 3:30,21,84,89.88
141,2024/1/1 3:30,21,83,90.2
142,2024/1/1 3:30,21,53,91.53
143,2024/1/1 3:30,21,50,84.46
144,2024/1/1 3:30,21,81,80.32
145,2024/1/1 3:30,21,46,69.52
146,2024/1/1 3:30,21,40,77.03
147,2024/1/1 3:30,21,49,87.84
148,2024/1/1 3:30,21,62,86.95
149,2024/1/1 3:30,21,24,73.96
150,2024/1/1 3:30,21,19,75.21
151,2024/1/1 3:30,21,30,62.73
152,2024/1/1 3:30,21,34,77.29
153,2024/1/1 3:30,21,16,78.81
154,2024/1/1 3:30,21,16,68.44
155,2024/1/1 3:30,21,31,93.06
156,2024/1/1 3:30,21,38,97.76
157,2024/1/1 3:30,21,5,53.2
158,2024/1/1 3:30,21,11,58.27
159,2024/1/1 3:30,21,23,71
160,2024/1/1 3:30,21,19,87.63
161,2024/1/1 3:30,21,21,41.95
162,2024/1/1 3:30,21,16,79.25
163,2024/1/1 3:30,21,15,78
164,2024/1/1 3:30,21,24,67.62
165,2024/1/1 3:30,21,24,80.79
166,2024/1/1 3:30,21,37,71.7
167,2024/1/1 3:30,21,7,73
168,2024/1/1 3:30,21,58,77.53
169,2024/1/1 3:30,21,48,77.44
170,2024/1/1 3:30,21,75,88.63
171,2024/1/1 3:30,21,62,87.66
172,2024/1/1 3:30,21,57,90.18
173,2024/1/1 3:30,21,58,92.1
174,2024/1/1 3:30,21,67,84.19
175,2024/1/1 3:30,21,41,74.27
176,2024/1/1 3:30,21,6,95.67
177,2024/1/1 3:30,21,12,89.42
178,2024/1/1 3:30,21,25,80.98
179,2024/1/1 3:30,21,38,72.55
180,2024/1/1 3:30,21,26,69.17
181,2024/1/1 3:30,21,14,65.79
182,2024/1/1 3:30,21,48,64.94
183,2024/1/1 3:30,21,95,73.68
184,2024/1/1 3:30,21,75,63.87
185,2024/1/1 3:30,21,67.33,66.45
186,2024/1/1 3:30,21,59.67,69.04
187,2024/1/1 3:30,21,52,71.62
188,2024/1/1 3:30,21,29,72.86
189,2024/1/1 3:30,21,36,66.31
190,2024/1/1 3:30,21,70,79.8
191,2024/1/1 3:30,21,68,67.53
192,2024/1/1 3:30,21,60.5,77.38
193,2024/1/1 3:30,21,53,87.23
194,2024/1/1 3:30,21,56,69.61
195,2024/1/1 3:30,21,58,61.91
196,2024/1/1 3:30,21,70,86.37
197,2024/1/1 3:30,21,66,92.64
198,2024/1/1 3:30,21,98,87.91
199,2024/1/1 3:30,21,71,91.13
200,2024/1/1 3:30,21,62,83.29
201,2024/1/1 3:30,21,98,83.71
202,2024/1/1 3:30,21,103,60.89
203,2024/1/1 3:30,21,61,63.87
204,2024/1/1 3:30,21,37,79.05
205,2024/1/1 3:30,21,43,94.72
206,2024/1/1 3:30,21,33,89.39
207,2024/1/1 3:30,21,47,81.66
208,2024/1/1 3:30,21,46,70
209,2024/1/1 3:30,21,59,86.88
210,2024/1/1 3:30,21,24,77.96
211,2024/1/1 3:30,21,20,77.45
212,2024/1/1 3:30,21,48,80.6
213,2024/1/1 3:30,21,46,85.41
214,2024/1/1 3:30,21,92,79.76
215,2024/1/1 3:30,21,65,80.78
216,2024/1/1 3:30,21,87,77.41
217,2024/1/1 3:30,21,88,88.2
218,2024/1/1 3:30,21,78,85.9
219,2024/1/1 3:30,21,89,82.46
220,2024/1/1 3:30,21,51,81.25
221,2024/1/1 3:30,21,45,80.02
222,2024/1/1 3:30,21,37,78.16
223,2024/1/1 3:30,21,51,65.51
224,2024/1/1 3:30,21,46,66.93
225,2024/1/1 3:30,21,50,84.98
226,2024/1/1 3:30,21,68,62.43
227,2024/1/1 3:30,21,43,69.79
228,2024/1/1 3:30,21,32,60.72
229,2024/1/1 3:30,21,32,64.75
230,2024/1/1 3:30,21,42,75.31
231,2024/1/1 3:30,21,47,86.45
232,2024/1/1 3:30,21,58,77.52
233,2024/1/1 3:30,21,69,68.59
234,2024/1/1 3:30,21,80,59.66
235,2024/1/1 3:30,21,120,71.72
236,2024/1/1 3:30,21,39,52.03
237,2024/1/1 3:30,21,11,64.45
238,2024/1/1 3:30,21,7,62.14
239,2024/1/1 3:30,21,10,58.11
240,2024/1/1 3:30,21,13,54.08
241,2024/1/1 3:30,21,3,16.67
242,2024/1/1 3:30,21,28,78.54
243,2024/1/1 3:30,21,57,80.46
244,2024/1/1 3:30,21,57,73.3
245,2024/1/1 3:30,21,88,65.43
246,2024/1/1 3:30,21,93,59.7
247,2024/1/1 3:30,21,77,54.9
248,2024/1/1 3:30,21,61,50.1
249,2024/1/1 3:30,21,39,68
250,2024/1/1 3:30,21,58,77.91
251,2024/1/1 3:30,21,51,68.78
252,2024/1/1 3:30,21,71,66.79
253,2024/1/1 3:30,21,132,72.63
254,2024/1/1 3:30,21,74,65.89
255,2024/1/1 3:30,21,78.5,69.66
256,2024/1/1 3:30,21,83,73.42
257,2024/1/1 3:30,21,85,62.8
258,2024/1/1 3:30,21,83,78.23
259,2024/1/1 3:30,21,83,71.67
260,2024/1/1 3:30,21,79,73.34
261,2024/1/1 3:30,21,57,61.33
262,2024/1/1 3:30,21,68,81.25
263,2024/1/1 3:30,21,78,57.31
264,2024/1/1 3:30,21,63,74.44
265,2024/1/1 3:30,21,64,63.89
266,2024/1/1 3:30,21,56,79.07
267,2024/1/1 3:30,21,63,55.52
268,2024/1/1 3:30,21,84,73.19
269,2024/1/1 3:30,21,92,83.86
270,2024/1/1 3:30,21,80,90.71
271,2024/1/1 3:30,21,72,87.19
272,2024/1/1 3:30,21,64,83.67
273,2024/1/1 3:30,21,32,69.44
274,2024/1/1 3:30,21,62,72.08
275,2024/1/1 3:30,21,51,70.22
276,2024/1/1 3:30,21,78,75.09
277,2024/1/1 3:30,21,75.5,73.8
278,2024/1/1 3:30,21,73,72.51
279,2024/1/1 3:30,21,67.5,72.41
280,2024/1/1 3:30,21,62,72.31
281,2024/1/1 3:30,21,61,65.43
282,2024/1/1 3:30,21,70,64.34
283,2024/1/1 3:30,21,62,68.02
284,2024/1/1 3:30,21,55,76.22
285,2024/1/1 3:30,21,81,70.27
286,2024/1/1 3:30,21,88,73.9
287,2024/1/1 3:30,21,82.5,73.82
288,2024/1/1 3:30,21,77,73.74
289,2024/1/1 3:30,21,58,64.66
290,2024/1/1 3:30,21,71,71.89
291,2024/1/1 3:30,21,85,74.69
292,2024/1/1 3:30,21,73,62.19
293,2024/1/1 3:30,21,78,79.73
294,2024/1/1 3:30,21,60,75.22
295,2024/1/1 3:30,21,69,69.32
296,2024/1/1 3:30,21,60,60.42
297,2024/1/1 3:30,21,67,64.73
298,2024/1/1 3:30,21,53,52.26
299,2024/1/1 3:30,21,58.5,55.36
300,2024/1/1 3:30,21,64,58.47
301,2024/1/1 3:30,21,134,73.81
302,2024/1/1 3:30,21,68,81.72
303,2024/1/1 3:30,21,71,81.87
304,2024/1/1 3:30,21,48.5,64.88
305,2024/1/1 3:30,21,26,47.88
306,2024/1/1 3:30,21,43,75.58
307,2024/1/1 3:30,21,40,109.3
308,2024/1/1 3:30,21,43,92.67
309,2024/1/1 3:30,21,55,114.07
310,2024/1/1 3:30,21,53,99.43
311,2024/1/1 3:30,21,47,104.79
312,2024/1/1 3:30,21,38,115.32
313,2024/1/1 3:30,21,30,113.37
314,2024/1/1 3:30,21,33,112.42
315,2024/1/1 3:30,21,44,105.39
316,2024/1/1 3:30,21,49,98.37
317,2024/1/1 3:30,21,33,90.97
318,2024/1/1 3:30,21,26,96.46
319,2024/1/1 3:30,21,26,105.88
320,2024/1/1 3:30,21,33,98.39
321,2024/1/1 3:30,21,33,112.64
322,2024/1/1 3:30,21,42,97.12
323,2024/1/1 3:30,21,41,97.98
324,2024/1/1 3:30,21,35,99.6
325,2024/1/1 3:30,21,13,78.85
326,2024/1/1 3:30,21,9,105
327,2024/1/1 3:30,21,11,109.73
328,2024/1/1 3:30,21,10,98.1
329,2024/1/1 3:30,21,6.5,55.88
330,2024/1/1 3:30,21,3,13.67
331,2024/1/1 3:30,21,14,100.36
332,2024/1/1 3:30,21,24,102.71
333,2024/1/1 3:30,21,26,110.35
334,2024/1/1 3:30,21,24,114.04
335,2024/1/1 3:30,21,36,110.89
336,2024/1/1 3:30,21,26,94.65
337,2024/1/1 3:30,21,23,96.04
338,2024/1/1 3:30,21,16,106.19
339,2024/1/1 3:30,21,16,100.94
340,2024/1/1 3:30,21,21,100.57
341,2024/1/1 3:30,21,33,99.52
342,2024/1/1 3:30,21,31,108.74
343,2024/1/1 3:30,21,34,113.94
344,2024/1/1 3:30,21,36,115.36
345,2024/1/1 3:30,21,52,112.25
346,2024/1/1 3:30,21,50,112.1
347,2024/1/1 3:30,21,47,108.51
348,2024/1/1 3:30,21,41,111.76
349,2024/1/1 3:30,21,39,89.85
350,2024/1/1 3:30,21,40,97.8
351,2024/1/1 3:30,21,21,85.95
352,2024/1/1 3:30,21,26,73.58
353,2024/1/1 3:30,21,16,81.44
354,2024/1/1 3:30,21,13,68.85
355,2024/1/1 3:30,21,6,92.67
356,2024/1/1 3:30,21,29,67.86
357,2024/1/1 3:30,21,30,76.23
358,2024/1/1 3:30,21,28,83.04
359,2024/1/1 3:30,21,39,72.69
360,2024/1/1 3:30,21,33,85
361,2024/1/1 3:30,21,34,89.29
362,2024/1/1 3:30,21,33,91.52
363,2024/1/1 3:30,21,53,80.44
364,2024/1/1 3:30,21,73,69.37
365,2024/1/1 3:30,21,64,75.33
366,2024/1/1 3:30,21,55,81.28
367,2024/1/1 3:30,21,46,87.24
368,2024/1/1 3:30,21,119,90.18
369,2024/1/1 3:30,21,108.5,88.7
370,2024/1/1 3:30,21,98,87.22
371,2024/1/1 3:30,21,85,75.91
372,2024/1/1 3:30,21,73,87.1
373,2024/1/1 3:30,21,131,94.97
374,2024/1/1 3:30,21,80,100.5
375,2024/1/1 3:30,21,84,91.87
376,2024/1/1 3:30,21,61,92.9
377,2024/1/1 3:30,21,69,106.26
378,2024/1/1 3:30,21,63,97.03
379,2024/1/1 3:30,21,60,84
380,2024/1/1 3:30,21,51,83.8
381,2024/1/1 3:30,21,25,95.2
382,2024/1/1 3:30,21,23,79.78
383,2024/1/1 3:30,21,5,77.6
384,2024/1/1 3:30,21,14,10.79
385,2024/1/1 3:30,21,20,78.55
386,2024/1/1 3:30,21,12,68.08
387,2024/1/1 3:30,21,14,63.14
388,2024/1/1 3:30,21,66,75.64
389,2024/1/1 3:30,21,57,92.46
390,2024/1/1 3:30,21,57,102.88
391,2024/1/1 3:30,21,50,77.56
392,2024/1/1 3:30,21,43,95.93
393,2024/1/1 3:30,21,51,110.22
394,2024/1/1 3:30,21,67,105.88
395,2024/1/1 3:30,21,98,97.63
396,2024/1/1 3:30,21,49.5,81.32
397,2024/1/1 3:30,21,1,
398,2024/1/1 3:30,21,0,
399,2024/1/1 3:30,21,1,
400,2024/1/1 3:30,21,0,
401,2024/1/1 3:30,21,0,
402,2024/1/1 3:30,21,0,
403,2024/1/1 3:30,21,1,78
404,2024/1/1 3:30,21,1,
405,2024/1/1 3:30,21,0,
406,2024/1/1 3:30,21,0,
407,2024/1/1 3:30,21,1,70
408,2024/1/1 3:30,21,2,90
409,2024/1/1 3:30,21,1,
410,2024/1/1 3:30,21,0,
411,2024/1/1 3:30,21,0,
412,2024/1/1 3:30,21,0,
413,2024/1/1 3:30,21,3,120.33
414,2024/1/1 3:30,21,1,121
415,2024/1/1 3:30,21,17,
416,2024/1/1 3:30,21,8.5,
417,2024/1/1 3:30,21,0,
418,2024/1/1 3:30,21,0,
419,2024/1/1 3:30,21,0,
420,2024/1/1 3:30,21,0,
421,2024/1/1 3:30,21,0,
422,2024/1/1 3:30,21,0,
423,2024/1/1 3:30,21,0,
424,2024/1/1 3:30,21,0,
425,2024/1/1 3:30,21,0,
426,2024/1/1 3:30,21,1,55
427,2024/1/1 3:30,21,1,91
428,2024/1/1 3:30,21,1,81
429,2024/1/1 3:30,21,2,70.5
430,2024/1/1 3:30,21,3,87.33
431,2024/1/1 3:30,21,4,73
432,2024/1/1 3:30,21,2.5,78.5
433,2024/1/1 3:30,21,1,84
434,2024/1/1 3:30,21,36.67,82.95
435,2024/1/1 3:30,21,72.33,81.9
436,2024/1/1 3:30,21,108,80.85
437,2024/1/1 3:30,21,47,69.15
438,2024/1/1 3:30,21,36,84.58
439,2024/1/1 3:30,21,39.5,86.71
440,2024/1/1 3:30,21,43,88.84
441,2024/1/1 3:30,21,33,69.06
442,2024/1/1 3:30,21,64,73.55
443,2024/1/1 3:30,21,69,71.7
444,2024/1/1 3:30,21,74,69.86
445,2024/1/1 3:30,21,79,68.01
446,2024/1/1 3:30,21,69,66.77
447,2024/1/1 3:30,21,70,70.91
448,2024/1/1 3:30,21,64,77.66
449,2024/1/1 3:30,21,19,84.58
450,2024/1/1 3:30,21,28,82.96
451,2024/1/1 3:30,21,63,66.25
452,2024/1/1 3:30,21,61,81.36
453,2024/1/1 3:30,21,54,88.61
454,2024/1/1 3:30,21,71,79.83
455,2024/1/1 3:30,21,26,70.27
456,2024/1/1 3:30,21,52,74.52
457,2024/1/1 3:30,21,35,90.91
458,2024/1/1 3:30,21,22,73.82
459,2024/1/1 3:30,21,22,72
460,2024/1/1 3:30,21,21,83.14
461,2024/1/1 3:30,21,23,87.96
462,2024/1/1 3:30,21,30,89.8
463,2024/1/1 3:30,21,31,87.55
464,2024/1/1 3:30,21,15,77.4
465,2024/1/1 3:30,21,13,81.69
466,2024/1/1 3:30,21,56,82.44
467,2024/1/1 3:30,21,99,83.18
468,2024/1/1 3:30,21,106,79.06
469,2024/1/1 3:30,21,105,71.98
470,2024/1/1 3:30,21,108.5,78.93
471,2024/1/1 3:30,21,112,85.88
472,2024/1/1 3:30,21,34,83.65
473,2024/1/1 3:30,21,26,85.85
474,2024/1/1 3:30,21,32,86.25
475,2024/1/1 3:30,21,36,80.72
476,2024/1/1 3:30,21,42,81.79
477,2024/1/1 3:30,21,45,82.51
478,2024/1/1 3:30,21,62,68.15
479,2024/1/1 3:30,21,67,90.69
480,2024/1/1 3:30,21,66,76.85
481,2024/1/1 3:30,21,57,75.09
482,2024/1/1 3:30,21,67,80.88
483,2024/1/1 3:30,21,71,70.32
484,2024/1/1 3:30,21,45,71.76
485,2024/1/1 3:30,21,1065,6.33
486,2024/1/1 3:30,21,85,99.4
487,2024/1/1 3:30,21,87,81.22
488,2024/1/1 3:30,21,87,77.59
489,2024/1/1 3:30,21,91.5,82.62
490,2024/1/1 3:30,21,96,87.65
491,2024/1/1 3:30,21,101,88.93
492,2024/1/1 3:30,21,87,85.77
493,2024/1/1 3:30,21,90,82.73
494,2024/1/1 3:30,21,89,101.57
495,2024/1/1 3:30,21,95,89.29
496,2024/1/1 3:30,21,87,76.23
497,2024/1/1 3:30,21,100,99.64
498,2024/1/1 3:30,21,98,104.85
499,2024/1/1 3:30,21,86,85.69
500,2024/1/1 3:30,21,79.5,91.86
501,2024/1/1 3:30,21,73,98.04
502,2024/1/1 3:30,21,78,79.4
503,2024/1/1 3:30,21,92,84.89
504,2024/1/1 3:30,21,74,78.42
505,2024/1/1 3:30,21,77,84.12
506,2024/1/1 3:30,21,76,81.38
507,2024/1/1 3:30,21,83.5,77.86
508,2024/1/1 3:30,21,91,74.34
509,2024/1/1 3:30,21,98.5,70.81
510,2024/1/1 3:30,21,106,67.29
511,2024/1/1 3:30,21,100,73.87
512,2024/1/1 3:30,21,68,72.84
513,2024/1/1 3:30,21,90,79.8
514,2024/1/1 3:30,21,80,83.15
515,2024/1/1 3:30,21,78,72.62
516,2024/1/1 3:30,21,79,89
517,2024/1/1 3:30,21,77.5,86.88
518,2024/1/1 3:30,21,76,84.75
519,2024/1/1 3:30,21,68,83.86
520,2024/1/1 3:30,21,60,82.97
521,2024/1/1 3:30,21,63,97.63
522,2024/1/1 3:30,21,64,80.78
523,2024/1/1 3:30,21,59,88.65
524,2024/1/1 3:30,21,54,96.52
525,2024/1/1 3:30,21,57,82.88
526,2024/1/1 3:30,21,53,77.06
527,2024/1/1 3:30,21,30,79.57
528,2024/1/1 3:30,21,36,79.98
529,2024/1/1 3:30,21,42,80.38
530,2024/1/1 3:30,21,48,80.79
531,2024/1/1 3:30,21,59,93.08
532,2024/1/1 3:30,21,58.5,89.79
533,2024/1/1 3:30,21,58,86.5
534,2024/1/1 3:30,21,51,74.18
535,2024/1/1 3:30,21,42,104.07
536,2024/1/1 3:30,21,54,93.52
537,2024/1/1 3:30,21,61,86.21
538,2024/1/1 3:30,21,51,91.41
539,2024/1/1 3:30,21,52,91.83
540,2024/1/1 3:30,21,54.5,87.51
541,2024/1/1 3:30,21,57,83.2
542,2024/1/1 3:30,21,59.5,78.88
543,2024/1/1 3:30,21,62,74.56
544,2024/1/1 3:30,21,48.5,81.96
545,2024/1/1 3:30,21,35,89.37
546,2024/1/1 3:30,21,66,77.54
547,2024/1/1 3:30,21,97,65.7
548,2024/1/1 3:30,21,120,83.57
549,2024/1/1 3:30,21,114,86.26
550,2024/1/1 3:30,21,128,84.31
551,2024/1/1 3:30,21,128,62.83
552,2024/1/1 3:30,21,58,75.36
553,2024/1/1 3:30,21,41,80.61
554,2024/1/1 3:30,21,46,75.65
555,2024/1/1 3:30,21,59,83.69
556,2024/1/1 3:30,21,66,74.42
557,2024/1/1 3:30,21,65,76.03
558,2024/1/1 3:30,21,41,77.24
559,2024/1/1 3:30,21,38,89.71
560,2024/1/1 3:30,21,79,91.23
561,2024/1/1 3:30,21,69.5,89.99
562,2024/1/1 3:30,21,60,88.75
563,2024/1/1 3:30,21,66,88.71
564,2024/1/1 3:30,21,69,84.9
565,2024/1/1 3:30,21,72,81.08
566,2024/1/1 3:30,21,65,94.38
567,2024/1/1 3:30,21,59,90.29
568,2024/1/1 3:30,21,53,86.21
569,2024/1/1 3:30,21,63,83.59
570,2024/1/1 3:30,21,57.67,80.97
571,2024/1/1 3:30,21,52.33,78.34
572,2024/1/1 3:30,21,47,75.72
573,2024/1/1 3:30,21,57,74.46
574,2024/1/1 3:30,21,62,76.22
575,2024/1/1 3:30,21,67,77.97
576,2024/1/1 3:30,21,51,91.02
577,2024/1/1 3:30,21,55,78.98
578,2024/1/1 3:30,21,55.5,80.31
579,2024/1/1 3:30,21,56,81.64
580,2024/1/1 3:30,21,55.67,85.94
581,2024/1/1 3:30,21,55.33,90.23
582,2024/1/1 3:30,21,55,94.53
583,2024/1/1 3:30,21,63,85.78
584,2024/1/1 3:30,21,71,77.03
585,2024/1/1 3:30,21,90,62.67
586,2024/1/1 3:30,21,88,83.93
587,2024/1/1 3:30,21,73,82.43
588,2024/1/1 3:30,21,58,80.93
589,2024/1/1 3:30,21,53,91.28
590,2024/1/1 3:30,21,56.5,85.58
591,2024/1/1 3:30,21,60,79.88
592,2024/1/1 3:30,21,67.5,90.32
593,2024/1/1 3:30,21,75,100.75
594,2024/1/1 3:30,21,81,89.76
595,2024/1/1 3:30,21,87,78.78
596,2024/1/1 3:30,21,83,81.45
597,2024/1/1 3:30,21,76,79.7
598,2024/1/1 3:30,21,69,77.96
599,2024/1/1 3:30,21,51,75.61
600,2024/1/1 3:30,21,58,91.91
601,2024/1/1 3:30,21,56,90.96
602,2024/1/1 3:30,21,59,93.97
603,2024/1/1 3:30,21,57,66.05
604,2024/1/1 3:30,21,44,99.73
605,2024/1/1 3:30,21,62,98.09
606,2024/1/1 3:30,21,80,96.45
607,2024/1/1 3:30,21,77,88.7
608,2024/1/1 3:30,21,83,81.31
609,2024/1/1 3:30,21,58,94.86
610,2024/1/1 3:30,21,80,89.39
611,2024/1/1 3:30,21,67,82.97
612,2024/1/1 3:30,21,61.5,89.62
613,2024/1/1 3:30,21,56,96.27
614,2024/1/1 3:30,21,53,99.72
615,2024/1/1 3:30,21,64,88.08
616,2024/1/1 3:30,21,71,85.11
617,2024/1/1 3:30,21,64,76.69
618,2024/1/1 3:30,21,38,85.92
619,2024/1/1 3:30,21,54,82.88
620,2024/1/1 3:30,21,70,79.84
621,2024/1/1 3:30,21,82,78.64
622,2024/1/1 3:30,21,94,77.44
623,2024/1/1 3:30,21,101,83.32
624,2024/1/1 3:30,21,108,89.21
625,2024/1/1 3:30,21,25,46.12
626,2024/1/1 3:30,21,33,65.45
627,2024/1/1 3:30,21,24,50.62
628,2024/1/1 3:30,21,15,35.8
629,2024/1/1 3:30,21,14,60.64
630,2024/1/1 3:30,21,14,56.57
631,2024/1/1 3:30,21,18,82.44
632,2024/1/1 3:30,21,14,32.64
633,2024/1/1 3:30,21,13,48.08
634,2024/1/1 3:30,21,30,58.43
635,2024/1/1 3:30,21,36,64.19
636,2024/1/1 3:30,21,19,57.68
637,2024/1/1 3:30,21,21.5,53.65
638,2024/1/1 3:30,21,24,49.62
639,2024/1/1 3:30,21,61,50.18
640,2024/1/1 3:30,21,57,54
641,2024/1/1 3:30,21,18,73.83
642,2024/1/1 3:30,21,13,49.15
643,2024/1/1 3:30,21,23,49.91
644,2024/1/1 3:30,21,25,56.44
645,2024/1/1 3:30,21,28,79.61
646,2024/1/1 3:30,21,25,83.64
647,2024/1/1 3:30,21,16.5,69.57
648,2024/1/1 3:30,21,8,55.5
649,2024/1/1 3:30,21,5,91.2
650,2024/1/1 3:30,21,12,60.58
651,2024/1/1 3:30,21,19,67.47
652,2024/1/1 3:30,21,8,62.75
653,2024/1/1 3:30,21,12,57.47
654,2024/1/1 3:30,21,16,52.19
655,2024/1/1 3:30,21,70,41.99
656,2024/1/1 3:30,21,76.25,48.08
657,2024/1/1 3:30,21,82.5,54.17
658,2024/1/1 3:30,21,88.75,60.25
659,2024/1/1 3:30,21,95,66.34
660,2024/1/1 3:30,21,53.5,72.38
661,2024/1/1 3:30,21,12,78.42
662,2024/1/1 3:30,21,29,51.93
663,2024/1/1 3:30,21,16,84.75
664,2024/1/1 3:30,21,27.5,79.03
665,2024/1/1 3:30,21,39,73.31
666,2024/1/1 3:30,21,44,74.32
667,2024/1/1 3:30,21,49,75.33
668,2024/1/1 3:30,21,34,58.97
669,2024/1/1 3:30,21,33,65.12
670,2024/1/1 3:30,21,35.5,69.24
671,2024/1/1 3:30,21,38,73.37
672,2024/1/1 3:30,21,25,71.84
673,2024/1/1 3:30,21,33,81.21
674,2024/1/1 3:30,21,27,71.81
675,2024/1/1 3:30,21,59,73.42
676,2024/1/1 3:30,21,26,71.5
677,2024/1/1 3:30,21,25,72.72
678,2024/1/1 3:30,21,24,73.95
679,2024/1/1 3:30,21,23,75.17
680,2024/1/1 3:30,21,21,79.62
681,2024/1/1 3:30,21,12,78.5
682,2024/1/1 3:30,21,4,76.75
683,2024/1/1 3:30,21,15,107.13
684,2024/1/1 3:30,21,17,97.88
685,2024/1/1 3:30,21,14,83.21
686,2024/1/1 3:30,21,12,80.5
687,2024/1/1 3:30,21,12,82.96
688,2024/1/1 3:30,21,12,85.42
689,2024/1/1 3:30,21,66,77.02
690,2024/1/1 3:30,21,54,68.22
691,2024/1/1 3:30,21,28,63.25
692,2024/1/1 3:30,21,37,85.7
693,2024/1/1 3:30,21,23,75.39
694,2024/1/1 3:30,21,31,65.71
695,2024/1/1 3:30,21,9,63.56
696,2024/1/1 3:30,21,29,82.1
697,2024/1/1 3:30,21,15,83.07
698,2024/1/1 3:30,21,19.5,71.41
699,2024/1/1 3:30,21,24,59.75
700,2024/1/1 3:30,21,20.5,59.7
701,2024/1/1 3:30,21,17,59.65
702,2024/1/1 3:30,21,11,77.32
703,2024/1/1 3:30,21,5,95
704,2024/1/1 3:30,21,2,69.5
705,2024/1/1 3:30,21,5,122
706,2024/1/1 3:30,21,40,71.2
707,2024/1/1 3:30,21,45,86.36
708,2024/1/1 3:30,21,33,85.27
709,2024/1/1 3:30,21,28.33,83.37
710,2024/1/1 3:30,21,23.67,81.48
711,2024/1/1 3:30,21,19,79.58
712,2024/1/1 3:30,21,15,49.73
713,2024/1/1 3:30,21,18.5,47.14
714,2024/1/1 3:30,21,22,44.55
715,2024/1/1 3:30,21,24,79.08
716,2024/1/1 3:30,21,9,56.22
717,2024/1/1 3:30,21,7,49.86
718,2024/1/1 3:30,21,6,29.83
719,2024/1/1 3:30,21,12,54.42
720,2024/1/1 3:30,21,11,48.73
721,2024/1/1 3:30,21,12,54.67
722,2024/1/1 3:30,21,15.67,61.26
723,2024/1/1 3:30,21,19.33,67.84
724,2024/1/1 3:30,21,23,74.43
725,2024/1/1 3:30,21,22,66.27
726,2024/1/1 3:30,21,24,100.83
727,2024/1/1 3:30,21,34,89.29
728,2024/1/1 3:30,21,25,91.32
729,2024/1/1 3:30,21,18,68.39
730,2024/1/1 3:30,21,17.5,52.66
731,2024/1/1 3:30,21,17,36.94
732,2024/1/1 3:30,21,15,73.33
733,2024/1/1 3:30,21,11,63
734,2024/1/1 3:30,21,10,55.8
735,2024/1/1 3:30,21,14,89.86
736,2024/1/1 3:30,21,14,89.21
737,2024/1/1 3:30,21,10,65.2
738,2024/1/1 3:30,21,28,47.14
739,2024/1/1 3:30,21,20,49.6
740,2024/1/1 3:30,21,12,64
741,2024/1/1 3:30,21,9,70.66
742,2024/1/1 3:30,21,6,77.33
743,2024/1/1 3:30,21,5.89,73.4
744,2024/1/1 3:30,21,5.78,69.48
745,2024/1/1 3:30,21,5.67,65.55
746,2024/1/1 3:30,21,5.56,61.63
747,2024/1/1 3:30,21,5.44,57.7
748,2024/1/1 3:30,21,5.33,53.78
749,2024/1/1 3:30,21,5.22,49.85
750,2024/1/1 3:30,21,5.11,45.93
751,2024/1/1 3:30,21,5,42
752,2024/1/1 3:30,21,5.06,43.54
753,2024/1/1 3:30,21,5.12,45.08
754,2024/1/1 3:30,21,5.18,46.62
755,2024/1/1 3:30,21,5.24,48.16
756,2024/1/1 3:30,21,5.29,49.7
757,2024/1/1 3:30,21,5.35,51.24
758,2024/1/1 3:30,21,5.41,52.78
759,2024/1/1 3:30,21,5.47,54.32
760,2024/1/1 3:30,21,5.53,55.85
761,2024/1/1 3:30,21,5.59,57.39
762,2024/1/1 3:30,21,5.65,58.93
763,2024/1/1 3:30,21,5.71,60.47
764,2024/1/1 3:30,21,5.76,62.01
765,2024/1/1 3:30,21,5.82,63.55
766,2024/1/1 3:30,21,5.88,65.09
767,2024/1/1 3:30,21,5.94,66.63
768,2024/1/1 3:30,21,6,68.17
769,2024/1/1 3:30,21,7,69.43
770,2024/1/1 3:30,21,24,62.62
771,2024/1/1 3:30,21,24,55.27
772,2024/1/1 3:30,21,24,47.92
773,2024/1/1 3:30,21,24,61.17
774,2024/1/1 3:30,21,25.67,59.19
775,2024/1/1 3:30,21,27.33,57.22
776,2024/1/1 3:30,21,29,55.24
777,2024/1/1 3:30,21,24,79
778,2024/1/1 3:30,21,24,67.12
779,2024/1/1 3:30,21,38,48.18
780,2024/1/1 3:30,21,15,51.87
781,2024/1/1 3:30,21,7,74.57
782,2024/1/1 3:30,21,2,71.5
783,2024/1/1 3:30,21,12,54
784,2024/1/1 3:30,21,4,81.5
785,2024/1/1 3:30,21,4,50.75
786,2024/1/1 3:30,21,39,72.51
787,2024/1/1 3:30,21,25,87.08
788,2024/1/1 3:30,21,16,77.56
789,2024/1/1 3:30,21,20,57.8
790,2024/1/1 3:30,21,19.5,59.84
791,2024/1/1 3:30,21,19,61.89
792,2024/1/1 3:30,21,20,48.9
793,2024/1/1 3:30,21,10,24.45
794,2024/1/1 3:30,21,4,31.32
795,2024/1/1 3:30,21,2,15.66
796,2024/1/1 3:30,21,1,7.83
797,2024/1/1 3:30,21,0.5,3.91
798,2024/1/1 3:30,21,0.25,1.96
799,2024/1/1 3:30,21,0.12,0.98
800,2024/1/1 3:30,21,0.06,0.49
801,2024/1/1 3:30,21,0.03,0.24
802,2024/1/1 3:30,21,0.02,0.12
803,2024/1/1 3:30,21,0.01,0.06
804,2024/1/1 3:30,21,0,0.02
805,2024/1/1 3:30,21,0,0.01
806,2024/1/1 3:30,21,8,25.32
807,2024/1/1 3:30,21,16,50.64
808,2024/1/1 3:30,21,0,0.01
809,2024/1/1 3:30,21,2.95,4.9
810,2024/1/1 3:30,21,5.91,9.78
811,2024/1/1 3:30,21,8.86,14.67
812,2024/1/1 3:30,21,11.82,19.55
813,2024/1/1 3:30,21,14.77,24.44
814,2024/1/1 3:30,21,17.73,29.32
815,2024/1/1 3:30,21,20.68,34.21
816,2024/1/1 3:30,21,23.64,39.09
817,2024/1/1 3:30,21,26.59,43.98
818,2024/1/1 3:30,21,29.55,48.86
819,2024/1/1 3:30,21,32.5,53.75
820,2024/1/1 3:30,21,32.88,54.76
821,2024/1/1 3:30,21,33.25,55.77
822,2024/1/1 3:30,21,33.62,56.77
823,2024/1/1 3:30,21,34,57.78
824,2024/1/1 3:30,21,34.38,58.79
825,2024/1/1 3:30,21,34.75,59.8
826,2024/1/1 3:30,21,35.12,60.8
827,2024/1/1 3:30,21,35.5,61.81
828,2024/1/1 3:30,21,38,56.34
829,2024/1/1 3:30,21,19,28.17
830,2024/1/1 3:30,21,9.5,14.08
831,2024/1/1 3:30,21,4.75,7.04
832,2024/1/1 3:30,21,2.38,3.52
833,2024/1/1 3:30,21,1.19,1.76
834,2024/1/1 3:30,21,0.59,0.88
835,2024/1/1 3:30,21,0.3,0.44
836,2024/1/1 3:30,21,0.15,0.22
837,2024/1/1 3:30,21,0.04,0.06
838,2024/1/1 3:30,21,0.02,0.03
839,2024/1/1 3:30,21,0.01,0.01
840,2024/1/1 3:30,21,1.96,3.44
841,2024/1/1 3:30,21,3.92,6.88
842,2024/1/1 3:30,21,5.87,10.31
843,2024/1/1 3:30,21,7.82,13.75
844,2024/1/1 3:30,21,9.78,17.18
845,2024/1/1 3:30,21,11.73,20.62
846,2024/1/1 3:30,21,13.69,24.05
847,2024/1/1 3:30,21,15.64,27.49
848,2024/1/1 3:30,21,17.59,30.92
849,2024/1/1 3:30,21,19.55,34.36
850,2024/1/1 3:30,21,21.5,37.79
851,2024/1/1 3:30,21,21,61.2
852,2024/1/1 3:30,21,10.5,30.6
853,2024/1/1 3:30,21,5.25,15.3
854,2024/1/1 3:30,21,2.62,7.65
855,2024/1/1 3:30,21,1.31,3.82
856,2024/1/1 3:30,21,0.66,1.91
857,2024/1/1 3:30,21,0.33,0.96
858,2024/1/1 3:30,21,0.16,0.48
859,2024/1/1 3:30,21,0.08,0.24
860,2024/1/1 3:30,21,0.04,0.12
861,2024/1/1 3:30,21,0.02,0.06
862,2024/1/1 3:30,21,0.03,0.06
863,2024/1/1 3:30,21,0.02,0.03
864,2024/1/1 3:30,21,13,44.31
865,2024/1/1 3:30,21,6.5,22.16
866,2024/1/1 3:30,21,3.25,11.08
867,2024/1/1 3:30,21,1.08,3.69
868,2024/1/1 3:30,21,0.54,1.85
869,2024/1/1 3:30,21,0.54,1.85
870,2024/1/1 3:30,21,33.67,55.42
871,2024/1/1 3:30,21,16.83,27.71
872,2024/1/1 3:30,21,8.42,13.85
873,2024/1/1 3:30,21,4.21,6.93
874,2024/1/1 3:30,21,2.1,3.46
875,2024/1/1 3:30,21,1.05,1.73
876,2024/1/1 3:30,21,0.53,0.87
877,2024/1/1 3:30,21,0.26,0.43
878,2024/1/1 3:30,21,0.13,0.22
879,2024/1/1 3:30,21,21.07,42.91
880,2024/1/1 3:30,21,22,72.91
881,2024/1/1 3:30,21,11,36.91
882,2024/1/1 3:30,21,5.5,18.46
883,2024/1/1 3:30,21,2.75,9.23
884,2024/1/1 3:30,21,1.38,4.61
885,2024/1/1 3:30,21,0.69,2.31
886,2024/1/1 3:30,21,13.34,45.46
887,2024/1/1 3:30,21,19.5,36.34
888,2024/1/1 3:30,21,9.75,18.17
889,2024/1/1 3:30,21,4.88,9.09
890,2024/1/1 3:30,21,2.44,4.54
891,2024/1/1 3:30,21,17.72,44.77
892,2024/1/1 3:30,21,22.5,41.26
893,2024/1/1 3:30,21,11.25,20.63
894,2024/1/1 3:30,21,5.62,10.31
895,2024/1/1 3:30,21,2.81,5.16
896,2024/1/1 3:30,21,26.91,44.48
897,2024/1/1 3:30,21,38,30.76
898,2024/1/1 3:30,21,19,15.38
899,2024/1/1 3:30,21,9.5,7.69
900,2024/1/1 3:30,21,40.25,47.07
901,2024/1/1 3:30,21,32,38.83
902,2024/1/1 3:30,21,16,19.42
903,2024/1/1 3:30,21,8,9.71
904,2024/1/1 3:30,21,37.5,33.53
905,2024/1/1 3:30,21,21.5,39.08
906,2024/1/1 3:30,21,10.75,19.54
907,2024/1/1 3:30,21,5.38,9.77
908,2024/1/1 3:30,21,2.69,4.88
909,2024/1/1 3:30,21,1.34,2.44
910,2024/1/1 3:30,21,0.67,1.22
911,2024/1/1 3:30,21,0.34,0.61
912,2024/1/1 3:30,21,17.67,41.92
913,2024/1/1 3:30,21,6.33,28.19
914,2024/1/1 3:30,21,3.17,14.1
915,2024/1/1 3:30,21,1.58,7.05
916,2024/1/1 3:30,21,0.79,3.52
917,2024/1/1 3:30,21,0.4,1.76
918,2024/1/1 3:30,21,0.2,0.88
919,2024/1/1 3:30,21,0.1,0.44
920,2024/1/1 3:30,21,11.55,40.72
921,2024/1/1 3:30,21,25,33.58
922,2024/1/1 3:30,21,14.5,39.41
923,2024/1/1 3:30,21,7.25,19.7
924,2024/1/1 3:30,21,11.12,35.79
925,2024/1/1 3:30,21,6,27
926,2024/1/1 3:30,21,3,13.5
927,2024/1/1 3:30,21,6,29.27
928,2024/1/1 3:30,21,42,64.04
929,2024/1/1 3:30,21,1,35.75
930,2024/1/1 3:30,21,0.5,17.88
931,2024/1/1 3:30,21,0.25,8.94
932,2024/1/1 3:30,21,0.12,4.47
933,2024/1/1 3:30,21,0.06,2.23
934,2024/1/1 3:30,21,13.5,35.9
935,2024/1/1 3:30,21,6.75,17.95
936,2024/1/1 3:30,21,3.38,8.98
937,2024/1/1 3:30,21,3.69,29.86
938,2024/1/1 3:30,21,20.5,36.56
939,2024/1/1 3:30,21,10.25,18.28
940,2024/1/1 3:30,21,5.12,9.14
941,2024/1/1 3:30,21,18.56,44.08
942,2024/1/1 3:30,21,20.5,36.5
943,2024/1/1 3:30,21,10.25,18.25
944,2024/1/1 3:30,21,5.12,9.12
945,2024/1/1 3:30,21,27.56,44.05
946,2024/1/1 3:30,21,14,44.59
947,2024/1/1 3:30,21,7,22.3
948,2024/1/1 3:30,21,3.5,11.15
949,2024/1/1 3:30,21,1.75,5.57
950,2024/1/1 3:30,21,0.88,2.79
951,2024/1/1 3:30,21,0.44,1.39
952,2024/1/1 3:30,21,42.22,45.64
953,2024/1/1 3:30,21,29,46.05
954,2024/1/1 3:30,21,14.5,23.02
955,2024/1/1 3:30,21,7.25,11.51
956,2024/1/1 3:30,21,3.62,5.76
957,2024/1/1 3:30,21,1.81,2.88
958,2024/1/1 3:30,21,0.91,1.44
959,2024/1/1 3:30,21,33.95,42.81
960,2024/1/1 3:30,21,60,35.86
961,2024/1/1 3:30,21,30,17.93
962,2024/1/1 3:30,21,15,8.96
963,2024/1/1 3:30,21,7.5,4.48
964,2024/1/1 3:30,21,3.75,2.24
965,2024/1/1 3:30,21,1.88,1.12
966,2024/1/1 3:30,21,20.44,26.58
967,2024/1/1 3:30,21,24,32.47
968,2024/1/1 3:30,21,12,16.24
969,2024/1/1 3:30,21,6,8.12
970,2024/1/1 3:30,21,3,4.06
971,2024/1/1 3:30,21,1.5,2.03
972,2024/1/1 3:30,21,0.75,1.01
973,2024/1/1 3:30,21,0.38,0.51
974,2024/1/1 3:30,21,47.69,37.09
975,2024/1/1 3:30,21,1.33,21.75
976,2024/1/1 3:30,21,0.67,10.88
977,2024/1/1 3:30,21,0.33,5.44
978,2024/1/1 3:30,21,0.17,2.72
979,2024/1/1 3:30,21,0.08,1.36
980,2024/1/1 3:30,21,0.04,0.68
981,2024/1/1 3:30,21,8.35,33.11
982,2024/1/1 3:30,21,4.17,16.55
983,2024/1/1 3:30,21,2.09,8.28
984,2024/1/1 3:30,21,1.04,4.14
985,2024/1/1 3:30,21,13.68,60.91
986,2024/1/1 3:30,21,26,34.19
987,2024/1/1 3:30,21,13,17.09
988,2024/1/1 3:30,21,6.5,8.55
989,2024/1/1 3:30,21,3.25,4.27
990,2024/1/1 3:30,21,52.12,36.98
991,2024/1/1 3:30,21,63,32.7
992,2024/1/1 3:30,21,31.5,16.35
993,2024/1/1 3:30,21,15.75,8.18
994,2024/1/1 3:30,21,7.88,4.09
995,2024/1/1 3:30,21,22.29,17.26
996,2024/1/1 3:30,21,46.33,52.62
997,2024/1/1 3:30,21,23.17,26.31
998,2024/1/1 3:30,21,11.58,13.15
999,2024/1/1 3:30,21,8.19,36.95
1000,2024/1/1 3:30,21,12,32.94
1001,2024/1/1 3:30,21,6,16.47
1002,2024/1/1 3:30,21,3,8.23
1003,2024/1/1 3:30,21,1.5,4.12
1004,2024/1/1 3:30,21,0.75,2.06
1005,2024/1/1 3:30,21,38.58,55.91
1006,2024/1/1 3:30,21,57,73.3
2,2024/1/1 3:40,22,18,67.06
3,2024/1/1 3:40,22,20,74.65
4,2024/1/1 3:40,22,41,75.17
5,2024/1/1 3:40,22,34,74.15
6,2024/1/1 3:40,22,28,96.89
7,2024/1/1 3:40,22,32,57.47
8,2024/1/1 3:40,22,35,67.57
9,2024/1/1 3:40,22,32,81.41
10,2024/1/1 3:40,22,54,71.15
11,2024/1/1 3:40,22,68,72.54
12,2024/1/1 3:40,22,120,67.88
13,2024/1/1 3:40,22,111,60
14,2024/1/1 3:40,22,57,71.16
15,2024/1/1 3:40,22,66,74.61
16,2024/1/1 3:40,22,70,65.49
17,2024/1/1 3:40,22,38,71.39
18,2024/1/1 3:40,22,69,65.33
19,2024/1/1 3:40,22,65,69.58
20,2024/1/1 3:40,22,70,61.5
21,2024/1/1 3:40,22,75,53.43
22,2024/1/1 3:40,22,56,79
23,2024/1/1 3:40,22,56,74.12
24,2024/1/1 3:40,22,84,58.92
25,2024/1/1 3:40,22,87,87.41
26,2024/1/1 3:40,22,82,81.74
27,2024/1/1 3:40,22,84,92.44
28,2024/1/1 3:40,22,70,96.63
29,2024/1/1 3:40,22,51,86.45
30,2024/1/1 3:40,22,70,76.57
31,2024/1/1 3:40,22,60,85.24
32,2024/1/1 3:40,22,50,93.9
33,2024/1/1 3:40,22,45,99.02
34,2024/1/1 3:40,22,32,91.25
35,2024/1/1 3:40,22,30,83.23
36,2024/1/1 3:40,22,30,105.93
37,2024/1/1 3:40,22,38,90.84
38,2024/1/1 3:40,22,78,56.58
39,2024/1/1 3:40,22,62.5,62.96
40,2024/1/1 3:40,22,47,69.34
41,2024/1/1 3:40,22,44,42.59
42,2024/1/1 3:40,22,53,46.58
43,2024/1/1 3:40,22,62,50.56
44,2024/1/1 3:40,22,55,58.24
45,2024/1/1 3:40,22,35,65.4
46,2024/1/1 3:40,22,40,70.22
47,2024/1/1 3:40,22,50,63.76
48,2024/1/1 3:40,22,46,68.28
49,2024/1/1 3:40,22,32,69.91
50,2024/1/1 3:40,22,86,68.67
51,2024/1/1 3:40,22,64,49.16
52,2024/1/1 3:40,22,37,84.32
53,2024/1/1 3:40,22,30,68.97
54,2024/1/1 3:40,22,49,87.22
55,2024/1/1 3:40,22,40,68.22
56,2024/1/1 3:40,22,32,80.72
57,2024/1/1 3:40,22,27,84.07
58,2024/1/1 3:40,22,40,58.73
59,2024/1/1 3:40,22,27,81.81
60,2024/1/1 3:40,22,21,78
61,2024/1/1 3:40,22,6,88
62,2024/1/1 3:40,22,6,68
63,2024/1/1 3:40,22,43,90.23
64,2024/1/1 3:40,22,41,103.1
65,2024/1/1 3:40,22,53,101.72
66,2024/1/1 3:40,22,56,95.36
67,2024/1/1 3:40,22,73,82
68,2024/1/1 3:40,22,80,85.58
69,2024/1/1 3:40,22,22,94.82
70,2024/1/1 3:40,22,21,93.52
71,2024/1/1 3:40,22,24,89.54
72,2024/1/1 3:40,22,30,85.37
73,2024/1/1 3:40,22,13,86.38
74,2024/1/1 3:40,22,24,94.04
75,2024/1/1 3:40,22,35,80.2
76,2024/1/1 3:40,22,22,99.77
77,2024/1/1 3:40,22,59,105.02
78,2024/1/1 3:40,22,64,92.92
79,2024/1/1 3:40,22,58,96.1
80,2024/1/1 3:40,22,56,106.18
81,2024/1/1 3:40,22,25,81.04
82,2024/1/1 3:40,22,16,77.94
83,2024/1/1 3:40,22,37,90.73
84,2024/1/1 3:40,22,25,82.24
85,2024/1/1 3:40,22,23,77.87
86,2024/1/1 3:40,22,21.5,77.39
87,2024/1/1 3:40,22,20,76.9
88,2024/1/1 3:40,22,32,80.31
89,2024/1/1 3:40,22,35,100.23
90,2024/1/1 3:40,22,59,91.64
91,2024/1/1 3:40,22,83,83.04
92,2024/1/1 3:40,22,91,97.26
93,2024/1/1 3:40,22,102,94.78
94,2024/1/1 3:40,22,89,79.85
95,2024/1/1 3:40,22,76,84.29
96,2024/1/1 3:40,22,61,79.95
97,2024/1/1 3:40,22,61,70.54
98,2024/1/1 3:40,22,85,83.92
99,2024/1/1 3:40,22,29,89.48
100,2024/1/1 3:40,22,16,73.44
101,2024/1/1 3:40,22,16,54.06
102,2024/1/1 3:40,22,32,92.91
103,2024/1/1 3:40,22,36,106.83
104,2024/1/1 3:40,22,40,120.75
105,2024/1/1 3:40,22,40,103.58
106,2024/1/1 3:40,22,86,109.45
107,2024/1/1 3:40,22,73,101.51
108,2024/1/1 3:40,22,72,111.4
109,2024/1/1 3:40,22,68,102.56
110,2024/1/1 3:40,22,75,108.07
111,2024/1/1 3:40,22,46,97.76
112,2024/1/1 3:40,22,48,125.29
113,2024/1/1 3:40,22,24,105.33
114,2024/1/1 3:40,22,30,101.37
115,2024/1/1 3:40,22,53,89.38
116,2024/1/1 3:40,22,49,96.78
117,2024/1/1 3:40,22,55,107.31
118,2024/1/1 3:40,22,51,92.33
119,2024/1/1 3:40,22,40,100.28
120,2024/1/1 3:40,22,37,119.24
121,2024/1/1 3:40,22,24,110.38
122,2024/1/1 3:40,22,13,96.77
123,2024/1/1 3:40,22,16,107.06
124,2024/1/1 3:40,22,21,81.1
125,2024/1/1 3:40,22,67,101.99
126,2024/1/1 3:40,22,34,92.68
127,2024/1/1 3:40,22,41,98.78
128,2024/1/1 3:40,22,68,118.56
129,2024/1/1 3:40,22,77,120.16
130,2024/1/1 3:40,22,68,115.75
131,2024/1/1 3:40,22,69,114.87
132,2024/1/1 3:40,22,61,111.66
133,2024/1/1 3:40,22,15,97.53
134,2024/1/1 3:40,22,32,87.75
135,2024/1/1 3:40,22,13,69.38
136,2024/1/1 3:40,22,11,87.82
137,2024/1/1 3:40,22,11,73
138,2024/1/1 3:40,22,31,87.1
139,2024/1/1 3:40,22,25,83.6
140,2024/1/1 3:40,22,72,90.54
141,2024/1/1 3:40,22,69,91.12
142,2024/1/1 3:40,22,57,91.16
143,2024/1/1 3:40,22,58,83.88
144,2024/1/1 3:40,22,92,81.88
145,2024/1/1 3:40,22,54,71.56
146,2024/1/1 3:40,22,54,78.22
147,2024/1/1 3:40,22,53,92.74
148,2024/1/1 3:40,22,57,88.95
149,2024/1/1 3:40,22,31,79.06
150,2024/1/1 3:40,22,28,78.14
151,2024/1/1 3:40,22,35,64.89
152,2024/1/1 3:40,22,34,77.38
153,2024/1/1 3:40,22,13,73.46
154,2024/1/1 3:40,22,11,77.55
155,2024/1/1 3:40,22,23,93.13
156,2024/1/1 3:40,22,46,94.96
157,2024/1/1 3:40,22,6,51
158,2024/1/1 3:40,22,10,52.1
159,2024/1/1 3:40,22,26,69.65
160,2024/1/1 3:40,22,30,82.07
161,2024/1/1 3:40,22,36,41.92
162,2024/1/1 3:40,22,40,79.92
163,2024/1/1 3:40,22,26,78.42
164,2024/1/1 3:40,22,44,63.77
165,2024/1/1 3:40,22,38,82.32
166,2024/1/1 3:40,22,52,76.38
167,2024/1/1 3:40,22,7,80.57
168,2024/1/1 3:40,22,64,79.3
169,2024/1/1 3:40,22,53,79.49
170,2024/1/1 3:40,22,79,91.47
171,2024/1/1 3:40,22,81,88.58
172,2024/1/1 3:40,22,55,97.07
173,2024/1/1 3:40,22,70,99.89
174,2024/1/1 3:40,22,77,85.08
175,2024/1/1 3:40,22,47,75.94
176,2024/1/1 3:40,22,11,89
177,2024/1/1 3:40,22,14,87.5
178,2024/1/1 3:40,22,27.5,79.75
179,2024/1/1 3:40,22,41,72
180,2024/1/1 3:40,22,27,72.62
181,2024/1/1 3:40,22,13,73.23
182,2024/1/1 3:40,22,31,69.32
183,2024/1/1 3:40,22,68,69.4
184,2024/1/1 3:40,22,57,62.77
185,2024/1/1 3:40,22,53.67,66.1
186,2024/1/1 3:40,22,50.33,69.44
187,2024/1/1 3:40,22,47,72.77
188,2024/1/1 3:40,22,23,73.91
189,2024/1/1 3:40,22,23,64.65
190,2024/1/1 3:40,22,45,79.47
191,2024/1/1 3:40,22,42,68.12
192,2024/1/1 3:40,22,46.5,77.02
193,2024/1/1 3:40,22,51,85.92
194,2024/1/1 3:40,22,56,71.38
195,2024/1/1 3:40,22,31,65.1
196,2024/1/1 3:40,22,53,89.6
197,2024/1/1 3:40,22,40,93.17
198,2024/1/1 3:40,22,80,86.69
199,2024/1/1 3:40,22,48,92.12
200,2024/1/1 3:40,22,39,83.1
201,2024/1/1 3:40,22,53,86.58
202,2024/1/1 3:40,22,68,64.07
203,2024/1/1 3:40,22,48,67.75
204,2024/1/1 3:40,22,40,81.33
205,2024/1/1 3:40,22,56,98.61
206,2024/1/1 3:40,22,37,90.54
207,2024/1/1 3:40,22,38,77.21
208,2024/1/1 3:40,22,37,72.97
209,2024/1/1 3:40,22,39,91.72
210,2024/1/1 3:40,22,23,88.83
211,2024/1/1 3:40,22,19,87.63
212,2024/1/1 3:40,22,47,88
213,2024/1/1 3:40,22,28,86.5
214,2024/1/1 3:40,22,74,85.65
215,2024/1/1 3:40,22,52,87.96
216,2024/1/1 3:40,22,75,79.97
217,2024/1/1 3:40,22,81,90.89
218,2024/1/1 3:40,22,66,93.58
219,2024/1/1 3:40,22,70,89.4
220,2024/1/1 3:40,22,58,85.33
221,2024/1/1 3:40,22,38,83.92
222,2024/1/1 3:40,22,28,84.43
223,2024/1/1 3:40,22,33,67.36
224,2024/1/1 3:40,22,36,66.42
225,2024/1/1 3:40,22,37,82.16
226,2024/1/1 3:40,22,49,62.37
227,2024/1/1 3:40,22,39,70.51
228,2024/1/1 3:40,22,21,61.43
229,2024/1/1 3:40,22,22,64.91
230,2024/1/1 3:40,22,36,77.47
231,2024/1/1 3:40,22,24,84.29
232,2024/1/1 3:40,22,43.67,76.44
233,2024/1/1 3:40,22,63.33,68.58
234,2024/1/1 3:40,22,83,60.73
235,2024/1/1 3:40,22,118,74.3
236,2024/1/1 3:40,22,45,48.73
237,2024/1/1 3:40,22,7,68.43
238,2024/1/1 3:40,22,5,60.4
239,2024/1/1 3:40,22,9,57.47
240,2024/1/1 3:40,22,13,
241,2024/1/1 3:40,22,0,
242,2024/1/1 3:40,22,16,77.88
243,2024/1/1 3:40,22,59,77.78
244,2024/1/1 3:40,22,39,74.64
245,2024/1/1 3:40,22,97,68.71
246,2024/1/1 3:40,22,100,59.89
247,2024/1/1 3:40,22,74.5,55.36
248,2024/1/1 3:40,22,49,50.84
249,2024/1/1 3:40,22,42,65.69
250,2024/1/1 3:40,22,47,81.74
251,2024/1/1 3:40,22,53,69.08
252,2024/1/1 3:40,22,63,67.87
253,2024/1/1 3:40,22,99,74.59
254,2024/1/1 3:40,22,67,69.97
255,2024/1/1 3:40,22,71,72.06
256,2024/1/1 3:40,22,75,74.15
257,2024/1/1 3:40,22,64,67.38
258,2024/1/1 3:40,22,72,80.28
259,2024/1/1 3:40,22,82,75.96
260,2024/1/1 3:40,22,72,72.81
261,2024/1/1 3:40,22,58,56.74
262,2024/1/1 3:40,22,66,79.41
263,2024/1/1 3:40,22,72,54.36
264,2024/1/1 3:40,22,45,73.16
265,2024/1/1 3:40,22,51,62.51
266,2024/1/1 3:40,22,52,74.1
267,2024/1/1 3:40,22,60,55.57
268,2024/1/1 3:40,22,84,71.93
269,2024/1/1 3:40,22,82,79.93
270,2024/1/1 3:40,22,68,85.97
271,2024/1/1 3:40,22,63,82.32
272,2024/1/1 3:40,22,58,78.66
273,2024/1/1 3:40,22,29,74.76
274,2024/1/1 3:40,22,45,78.33
275,2024/1/1 3:40,22,57,75.63
276,2024/1/1 3:40,22,70,78.91
277,2024/1/1 3:40,22,61.5,76.17
278,2024/1/1 3:40,22,53,73.43
279,2024/1/1 3:40,22,48.5,71.38
280,2024/1/1 3:40,22,44,69.32
281,2024/1/1 3:40,22,42,68.43
282,2024/1/1 3:40,22,66,63.79
283,2024/1/1 3:40,22,70,70.77
284,2024/1/1 3:40,22,44,84.64
285,2024/1/1 3:40,22,85,73.4
286,2024/1/1 3:40,22,83,76.19
287,2024/1/1 3:40,22,76,75.7
288,2024/1/1 3:40,22,69,75.22
289,2024/1/1 3:40,22,45,69.76
290,2024/1/1 3:40,22,58,77.26
291,2024/1/1 3:40,22,88,75.26
292,2024/1/1 3:40,22,75,68.83
293,2024/1/1 3:40,22,65,79.8
294,2024/1/1 3:40,22,56,75.8
295,2024/1/1 3:40,22,55,73.44
296,2024/1/1 3:40,22,48,62.94
297,2024/1/1 3:40,22,61,63.9
298,2024/1/1 3:40,22,58,52.66
299,2024/1/1 3:40,22,51,54.61
300,2024/1/1 3:40,22,44,56.57
301,2024/1/1 3:40,22,100,73.21
302,2024/1/1 3:40,22,67,82.09
303,2024/1/1 3:40,22,79,87.34
304,2024/1/1 3:40,22,47,68.34
305,2024/1/1 3:40,22,15,49.33
306,2024/1/1 3:40,22,34,76.44
307,2024/1/1 3:40,22,41,105.56
308,2024/1/1 3:40,22,48,89.4
309,2024/1/1 3:40,22,58,110.03
310,2024/1/1 3:40,22,46,101.41
311,2024/1/1 3:40,22,45,107.98
312,2024/1/1 3:40,22,38,115.11
313,2024/1/1 3:40,22,36,113.31
314,2024/1/1 3:40,22,39,109.41
315,2024/1/1 3:40,22,45,100.58
316,2024/1/1 3:40,22,51,97.65
317,2024/1/1 3:40,22,43,93.19
318,2024/1/1 3:40,22,40,105.8
319,2024/1/1 3:40,22,36,109
320,2024/1/1 3:40,22,36,99.28
321,2024/1/1 3:40,22,34,117.91
322,2024/1/1 3:40,22,50,101.22
323,2024/1/1 3:40,22,54,102.15
324,2024/1/1 3:40,22,45,97.56
325,2024/1/1 3:40,22,16,85.06
326,2024/1/1 3:40,22,7,110.43
327,2024/1/1 3:40,22,10,105.5
328,2024/1/1 3:40,22,9,90
329,2024/1/1 3:40,22,5.5,57.25
330,2024/1/1 3:40,22,2,24.5
331,2024/1/1 3:40,22,7,95.43
332,2024/1/1 3:40,22,26,93.46
333,2024/1/1 3:40,22,25,100.64
334,2024/1/1 3:40,22,21,107.1
335,2024/1/1 3:40,22,29,102.76
336,2024/1/1 3:40,22,27,93.96
337,2024/1/1 3:40,22,21,93.81
338,2024/1/1 3:40,22,19,106.11
339,2024/1/1 3:40,22,13,98.77
340,2024/1/1 3:40,22,16,104.44
341,2024/1/1 3:40,22,53,100.98
342,2024/1/1 3:40,22,48,110.67
343,2024/1/1 3:40,22,46,111.39
344,2024/1/1 3:40,22,31,114.23
345,2024/1/1 3:40,22,26,114.65
346,2024/1/1 3:40,22,34,120.24
347,2024/1/1 3:40,22,35,115.31
348,2024/1/1 3:40,22,48,116
349,2024/1/1 3:40,22,45,97.76
350,2024/1/1 3:40,22,44,102.66
351,2024/1/1 3:40,22,15,83.87
352,2024/1/1 3:40,22,15,68.6
353,2024/1/1 3:40,22,22,73.68
354,2024/1/1 3:40,22,12,64.83
355,2024/1/1 3:40,22,11,87.82
356,2024/1/1 3:40,22,31,82.58
357,2024/1/1 3:40,22,26,85.65
358,2024/1/1 3:40,22,27,88.44
359,2024/1/1 3:40,22,30,78.3
360,2024/1/1 3:40,22,33,87.27
361,2024/1/1 3:40,22,43,81.95
362,2024/1/1 3:40,22,34,96.85
363,2024/1/1 3:40,22,48,84.04
364,2024/1/1 3:40,22,62,71.23
365,2024/1/1 3:40,22,51.67,79.51
366,2024/1/1 3:40,22,41.33,87.78
367,2024/1/1 3:40,22,31,96.06
368,2024/1/1 3:40,22,98,89.84
369,2024/1/1 3:40,22,97,88.68
370,2024/1/1 3:40,22,96,87.53
371,2024/1/1 3:40,22,83,72.4
372,2024/1/1 3:40,22,60,85.55
373,2024/1/1 3:40,22,121,99.52
374,2024/1/1 3:40,22,71,105.49
375,2024/1/1 3:40,22,71,96.14
376,2024/1/1 3:40,22,56,89.8
377,2024/1/1 3:40,22,70,102.66
378,2024/1/1 3:40,22,62,95.03
379,2024/1/1 3:40,22,55,90.89
380,2024/1/1 3:40,22,35,80.63
381,2024/1/1 3:40,22,30,95.93
382,2024/1/1 3:40,22,27,78.96
383,2024/1/1 3:40,22,8,86.62
384,2024/1/1 3:40,22,12,25.58
385,2024/1/1 3:40,22,21,84.57
386,2024/1/1 3:40,22,13,75.69
387,2024/1/1 3:40,22,17,71.94
388,2024/1/1 3:40,22,62,75.27
389,2024/1/1 3:40,22,64,93.72
390,2024/1/1 3:40,22,61,100.26
391,2024/1/1 3:40,22,54,83.67
392,2024/1/1 3:40,22,36,105.72
393,2024/1/1 3:40,22,50,111.46
394,2024/1/1 3:40,22,51,106.04
395,2024/1/1 3:40,22,96,95.59
396,2024/1/1 3:40,22,49.5,86.3
397,2024/1/1 3:40,22,3,77
398,2024/1/1 3:40,22,1,72
399,2024/1/1 3:40,22,4,70.5
400,2024/1/1 3:40,22,2,98.5
401,2024/1/1 3:40,22,4,67.25
402,2024/1/1 3:40,22,3,80
403,2024/1/1 3:40,22,1,39
404,2024/1/1 3:40,22,1,
405,2024/1/1 3:40,22,0,
406,2024/1/1 3:40,22,1,61
407,2024/1/1 3:40,22,3,
408,2024/1/1 3:40,22,0,
409,2024/1/1 3:40,22,0,
410,2024/1/1 3:40,22,0,
411,2024/1/1 3:40,22,2,57
412,2024/1/1 3:40,22,2,52
413,2024/1/1 3:40,22,1,65
414,2024/1/1 3:40,22,1,91
415,2024/1/1 3:40,22,14,87.71
416,2024/1/1 3:40,22,9,93.1
417,2024/1/1 3:40,22,4,98.5
418,2024/1/1 3:40,22,2,116
419,2024/1/1 3:40,22,3,78
420,2024/1/1 3:40,22,1,119
421,2024/1/1 3:40,22,1,
422,2024/1/1 3:40,22,0,
423,2024/1/1 3:40,22,0,
424,2024/1/1 3:40,22,2,108
425,2024/1/1 3:40,22,1,89
426,2024/1/1 3:40,22,1,93
427,2024/1/1 3:40,22,1,
428,2024/1/1 3:40,22,0,
429,2024/1/1 3:40,22,1,81
430,2024/1/1 3:40,22,1,88
431,2024/1/1 3:40,22,3,
432,2024/1/1 3:40,22,1.5,
433,2024/1/1 3:40,22,0,
434,2024/1/1 3:40,22,21,
435,2024/1/1 3:40,22,42,
436,2024/1/1 3:40,22,63,79.38
437,2024/1/1 3:40,22,40,62.58
438,2024/1/1 3:40,22,35,80.69
439,2024/1/1 3:40,22,37,81.68
440,2024/1/1 3:40,22,39,82.67
441,2024/1/1 3:40,22,33,69.42
442,2024/1/1 3:40,22,75,72.57
443,2024/1/1 3:40,22,73.67,70.73
444,2024/1/1 3:40,22,72.33,68.9
445,2024/1/1 3:40,22,71,67.06
446,2024/1/1 3:40,22,81,59.02
447,2024/1/1 3:40,22,63,73.33
448,2024/1/1 3:40,22,75,79.52
449,2024/1/1 3:40,22,33,84.55
450,2024/1/1 3:40,22,31,73.45
451,2024/1/1 3:40,22,52,70.77
452,2024/1/1 3:40,22,42,77.1
453,2024/1/1 3:40,22,37,87.43
454,2024/1/1 3:40,22,45,78.18
455,2024/1/1 3:40,22,32,63.09
456,2024/1/1 3:40,22,65,70.62
457,2024/1/1 3:40,22,32,90.59
458,2024/1/1 3:40,22,36.4,89.57
459,2024/1/1 3:40,22,40.8,88.54
460,2024/1/1 3:40,22,45.2,87.52
461,2024/1/1 3:40,22,49.6,86.5
462,2024/1/1 3:40,22,54,85.48
463,2024/1/1 3:40,22,58.4,84.45
464,2024/1/1 3:40,22,62.8,83.43
465,2024/1/1 3:40,22,67.2,82.41
466,2024/1/1 3:40,22,71.6,81.38
467,2024/1/1 3:40,22,76,80.36
468,2024/1/1 3:40,22,84,74.24
469,2024/1/1 3:40,22,89,72.26
470,2024/1/1 3:40,22,76.5,78.12
471,2024/1/1 3:40,22,64,83.98
472,2024/1/1 3:40,22,62.86,82.69
473,2024/1/1 3:40,22,61.71,81.4
474,2024/1/1 3:40,22,60.57,80.11
475,2024/1/1 3:40,22,59.43,78.82
476,2024/1/1 3:40,22,58.29,77.53
477,2024/1/1 3:40,22,57.14,76.24
478,2024/1/1 3:40,22,56,74.95
479,2024/1/1 3:40,22,43,92
480,2024/1/1 3:40,22,67,78.46
481,2024/1/1 3:40,22,59,75.47
482,2024/1/1 3:40,22,71,84.25
483,2024/1/1 3:40,22,56,67.09
484,2024/1/1 3:40,22,39,71.26
485,2024/1/1 3:40,22,997,1.76
486,2024/1/1 3:40,22,83,96.64
487,2024/1/1 3:40,22,91,83.6
488,2024/1/1 3:40,22,87,85.14
489,2024/1/1 3:40,22,83,86.69
490,2024/1/1 3:40,22,79,88.23
491,2024/1/1 3:40,22,75,92.25
492,2024/1/1 3:40,22,76,83.51
493,2024/1/1 3:40,22,74,82.08
494,2024/1/1 3:40,22,77,87.33
495,2024/1/1 3:40,22,80,92.58
496,2024/1/1 3:40,22,82,86.44
497,2024/1/1 3:40,22,83,89.59
498,2024/1/1 3:40,22,82,104.79
499,2024/1/1 3:40,22,64,85.22
500,2024/1/1 3:40,22,60.5,93.8
501,2024/1/1 3:40,22,57,102.37
502,2024/1/1 3:40,22,76,80.11
503,2024/1/1 3:40,22,81,90.25
504,2024/1/1 3:40,22,72,76.26
505,2024/1/1 3:40,22,60,85.58
506,2024/1/1 3:40,22,58,80.24
507,2024/1/1 3:40,22,62.38,80.83
508,2024/1/1 3:40,22,66.75,81.42
509,2024/1/1 3:40,22,71.12,82.01
510,2024/1/1 3:40,22,75.5,82.6
511,2024/1/1 3:40,22,79.88,83.18
512,2024/1/1 3:40,22,84.25,83.77
513,2024/1/1 3:40,22,88.62,84.36
514,2024/1/1 3:40,22,93,84.95
515,2024/1/1 3:40,22,94,73.46
516,2024/1/1 3:40,22,91.67,73.71
517,2024/1/1 3:40,22,89.33,73.96
518,2024/1/1 3:40,22,87,74.22
519,2024/1/1 3:40,22,84.67,74.47
520,2024/1/1 3:40,22,82.33,74.72
521,2024/1/1 3:40,22,80,74.97
522,2024/1/1 3:40,22,77.67,75.22
523,2024/1/1 3:40,22,75.33,75.48
524,2024/1/1 3:40,22,73,75.73
525,2024/1/1 3:40,22,70.67,75.98
526,2024/1/1 3:40,22,68.33,76.23
527,2024/1/1 3:40,22,66,76.48
528,2024/1/1 3:40,22,63.67,76.74
529,2024/1/1 3:40,22,61.33,76.99
530,2024/1/1 3:40,22,59,77.24
531,2024/1/1 3:40,22,44,90.93
532,2024/1/1 3:40,22,53,88.12
533,2024/1/1 3:40,22,62,85.32
534,2024/1/1 3:40,22,70,72
535,2024/1/1 3:40,22,54,94.15
536,2024/1/1 3:40,22,54,92.46
537,2024/1/1 3:40,22,61,88.02
538,2024/1/1 3:40,22,61,85.49
539,2024/1/1 3:40,22,51,90.08
540,2024/1/1 3:40,22,49.5,90.65
541,2024/1/1 3:40,22,48,91.22
542,2024/1/1 3:40,22,46.5,91.79
543,2024/1/1 3:40,22,45,92.36
544,2024/1/1 3:40,22,36.5,88.48
545,2024/1/1 3:40,22,28,84.61
546,2024/1/1 3:40,22,48,77.05
547,2024/1/1 3:40,22,68,69.49
548,2024/1/1 3:40,22,105,83.34
549,2024/1/1 3:40,22,113,88.02
550,2024/1/1 3:40,22,124,82.57
551,2024/1/1 3:40,22,116,63.3
552,2024/1/1 3:40,22,48,75.54
553,2024/1/1 3:40,22,45,85.36
554,2024/1/1 3:40,22,47,72.72
555,2024/1/1 3:40,22,46,75.85
556,2024/1/1 3:40,22,33,79.82
557,2024/1/1 3:40,22,42,75.6
558,2024/1/1 3:40,22,30,75.47
559,2024/1/1 3:40,22,27,85.19
560,2024/1/1 3:40,22,54,96.35
561,2024/1/1 3:40,22,59.67,93.92
562,2024/1/1 3:40,22,65.33,91.5
563,2024/1/1 3:40,22,71,89.07
564,2024/1/1 3:40,22,72,84.91
565,2024/1/1 3:40,22,73,80.75
566,2024/1/1 3:40,22,57,85.93
567,2024/1/1 3:40,22,56.5,86.17
568,2024/1/1 3:40,22,56,86.41
569,2024/1/1 3:40,22,65,79.62
570,2024/1/1 3:40,22,58,78.25
571,2024/1/1 3:40,22,51,76.89
572,2024/1/1 3:40,22,44,75.52
573,2024/1/1 3:40,22,53,74.3
574,2024/1/1 3:40,22,57,78.66
575,2024/1/1 3:40,22,61,83.02
576,2024/1/1 3:40,22,55,88.07
577,2024/1/1 3:40,22,57,78.05
578,2024/1/1 3:40,22,55.5,81.18
579,2024/1/1 3:40,22,54,84.31
580,2024/1/1 3:40,22,53.33,85.92
581,2024/1/1 3:40,22,52.67,87.52
582,2024/1/1 3:40,22,52,89.13
583,2024/1/1 3:40,22,68.5,81.98
584,2024/1/1 3:40,22,85,74.84
585,2024/1/1 3:40,22,88,62.91
586,2024/1/1 3:40,22,104,89.73
587,2024/1/1 3:40,22,101.91,89.97
588,2024/1/1 3:40,22,99.83,90.2
589,2024/1/1 3:40,22,97.74,90.44
590,2024/1/1 3:40,22,95.65,90.68
591,2024/1/1 3:40,22,93.57,90.91
592,2024/1/1 3:40,22,91.48,91.15
593,2024/1/1 3:40,22,89.39,91.39
594,2024/1/1 3:40,22,87.3,91.63
595,2024/1/1 3:40,22,85.22,91.86
596,2024/1/1 3:40,22,83.13,92.1
597,2024/1/1 3:40,22,81.04,92.34
598,2024/1/1 3:40,22,78.96,92.57
599,2024/1/1 3:40,22,76.87,92.81
600,2024/1/1 3:40,22,74.78,93.05
601,2024/1/1 3:40,22,72.7,93.28
602,2024/1/1 3:40,22,70.61,93.52
603,2024/1/1 3:40,22,68.52,93.76
604,2024/1/1 3:40,22,66.43,94
605,2024/1/1 3:40,22,64.35,94.23
606,2024/1/1 3:40,22,62.26,94.47
607,2024/1/1 3:40,22,60.17,94.71
608,2024/1/1 3:40,22,58.09,94.94
609,2024/1/1 3:40,22,56,95.18
610,2024/1/1 3:40,22,66,90.23
611,2024/1/1 3:40,22,81,83.75
612,2024/1/1 3:40,22,78,89.2
613,2024/1/1 3:40,22,75,94.65
614,2024/1/1 3:40,22,72,98.12
615,2024/1/1 3:40,22,63,91.05
616,2024/1/1 3:40,22,67,85.97
617,2024/1/1 3:40,22,70,80.41
618,2024/1/1 3:40,22,43,81.65
619,2024/1/1 3:40,22,56,82.63
620,2024/1/1 3:40,22,69,83.61
621,2024/1/1 3:40,22,93,80.33
622,2024/1/1 3:40,22,117,77.05
623,2024/1/1 3:40,22,105,82.08
624,2024/1/1 3:40,22,93,87.11
625,2024/1/1 3:40,22,90.62,87.05
626,2024/1/1 3:40,22,88.24,87
627,2024/1/1 3:40,22,85.86,86.94
628,2024/1/1 3:40,22,83.49,86.88
629,2024/1/1 3:40,22,81.11,86.82
630,2024/1/1 3:40,22,78.73,86.77
631,2024/1/1 3:40,22,76.35,86.71
632,2024/1/1 3:40,22,73.97,86.65
633,2024/1/1 3:40,22,71.59,86.6
634,2024/1/1 3:40,22,69.22,86.54
635,2024/1/1 3:40,22,66.84,86.48
636,2024/1/1 3:40,22,64.46,86.43
637,2024/1/1 3:40,22,62.08,86.37
638,2024/1/1 3:40,22,59.7,86.31
639,2024/1/1 3:40,22,57.32,86.25
640,2024/1/1 3:40,22,54.95,86.2
641,2024/1/1 3:40,22,52.57,86.14
642,2024/1/1 3:40,22,50.19,86.08
643,2024/1/1 3:40,22,47.81,86.03
644,2024/1/1 3:40,22,45.43,85.97
645,2024/1/1 3:40,22,43.05,85.91
646,2024/1/1 3:40,22,40.68,85.86
647,2024/1/1 3:40,22,38.3,85.8
648,2024/1/1 3:40,22,35.92,85.74
649,2024/1/1 3:40,22,33.54,85.68
650,2024/1/1 3:40,22,31.16,85.63
651,2024/1/1 3:40,22,28.78,85.57
652,2024/1/1 3:40,22,26.41,85.51
653,2024/1/1 3:40,22,24.03,85.46
654,2024/1/1 3:40,22,21.65,85.4
655,2024/1/1 3:40,22,19.27,85.34
656,2024/1/1 3:40,22,16.89,85.29
657,2024/1/1 3:40,22,14.51,85.23
658,2024/1/1 3:40,22,12.14,85.17
659,2024/1/1 3:40,22,9.76,85.11
660,2024/1/1 3:40,22,7.38,85.06
661,2024/1/1 3:40,22,5,85
662,2024/1/1 3:40,22,6.5,77.94
663,2024/1/1 3:40,22,8,70.88
664,2024/1/1 3:40,22,8.88,70.91
665,2024/1/1 3:40,22,9.75,70.94
666,2024/1/1 3:40,22,10.62,70.96
667,2024/1/1 3:40,22,11.5,70.99
668,2024/1/1 3:40,22,12.38,71.02
669,2024/1/1 3:40,22,13.25,71.04
670,2024/1/1 3:40,22,14.12,71.07
671,2024/1/1 3:40,22,15,71.1
672,2024/1/1 3:40,22,15.88,71.13
673,2024/1/1 3:40,22,16.75,71.16
674,2024/1/1 3:40,22,17.62,71.18
675,2024/1/1 3:40,22,18.5,71.21
676,2024/1/1 3:40,22,19.38,71.24
677,2024/1/1 3:40,22,20.25,71.26
678,2024/1/1 3:40,22,21.12,71.29
679,2024/1/1 3:40,22,22,71.32
680,2024/1/1 3:40,22,19,80.21
681,2024/1/1 3:40,22,19,75.42
682,2024/1/1 3:40,22,7,85.29
683,2024/1/1 3:40,22,14,101.07
684,2024/1/1 3:40,22,13,90.23
685,2024/1/1 3:40,22,10,72.9
686,2024/1/1 3:40,22,8,73.62
687,2024/1/1 3:40,22,10.5,73.93
688,2024/1/1 3:40,22,13,74.23
689,2024/1/1 3:40,22,51,81.8
690,2024/1/1 3:40,22,58,71.53
691,2024/1/1 3:40,22,48.5,82.47
692,2024/1/1 3:40,22,39,93.41
693,2024/1/1 3:40,22,37.75,92.05
694,2024/1/1 3:40,22,36.5,90.69
695,2024/1/1 3:40,22,35.25,89.33
696,2024/1/1 3:40,22,34,87.97
697,2024/1/1 3:40,22,32.75,86.61
698,2024/1/1 3:40,22,31.5,85.25
699,2024/1/1 3:40,22,30.25,83.89
700,2024/1/1 3:40,22,29,82.53
701,2024/1/1 3:40,22,27.75,81.17
702,2024/1/1 3:40,22,26.5,79.81
703,2024/1/1 3:40,22,25.25,78.45
704,2024/1/1 3:40,22,24,77.1
705,2024/1/1 3:40,22,22.75,75.74
706,2024/1/1 3:40,22,21.5,74.38
707,2024/1/1 3:40,22,20.25,73.02
708,2024/1/1 3:40,22,19,71.66
709,2024/1/1 3:40,22,17.75,70.3
710,2024/1/1 3:40,22,16.5,68.94
711,2024/1/1 3:40,22,15.25,67.58
712,2024/1/1 3:40,22,14,66.22
713,2024/1/1 3:40,22,12.75,64.86
714,2024/1/1 3:40,22,11.5,63.5
715,2024/1/1 3:40,22,10.25,62.14
716,2024/1/1 3:40,22,9,60.78
717,2024/1/1 3:40,22,9.12,62.12
718,2024/1/1 3:40,22,9.25,63.46
719,2024/1/1 3:40,22,9.38,64.8
720,2024/1/1 3:40,22,9.5,66.14
721,2024/1/1 3:40,22,9.62,67.48
722,2024/1/1 3:40,22,9.75,68.82
723,2024/1/1 3:40,22,9.88,70.16
724,2024/1/1 3:40,22,10,71.5
725,2024/1/1 3:40,22,12,65.17
726,2024/1/1 3:40,22,24,105.58
727,2024/1/1 3:40,22,16,91.88
728,2024/1/1 3:40,22,23,84.3
729,2024/1/1 3:40,22,23.25,83.57
730,2024/1/1 3:40,22,23.5,82.84
731,2024/1/1 3:40,22,23.75,82.11
732,2024/1/1 3:40,22,24,81.38
733,2024/1/1 3:40,22,21,69.14
734,2024/1/1 3:40,22,27,51.74
735,2024/1/1 3:40,22,31,90.48
736,2024/1/1 3:40,22,24,94.12
737,2024/1/1 3:40,22,21.33,79.85
738,2024/1/1 3:40,22,18.67,65.58
739,2024/1/1 3:40,22,16,51.31
740,2024/1/1 3:40,22,14,67.86
741,2024/1/1 3:40,22,7.5,73.93
742,2024/1/1 3:40,22,1,80
743,2024/1/1 3:40,22,1.57,79.03
744,2024/1/1 3:40,22,2.13,78.06
745,2024/1/1 3:40,22,2.7,77.09
746,2024/1/1 3:40,22,3.27,76.13
747,2024/1/1 3:40,22,3.83,75.16
748,2024/1/1 3:40,22,4.4,74.19
749,2024/1/1 3:40,22,4.97,73.22
750,2024/1/1 3:40,22,5.53,72.25
751,2024/1/1 3:40,22,6.1,71.28
752,2024/1/1 3:40,22,6.67,70.31
753,2024/1/1 3:40,22,7.23,69.34
754,2024/1/1 3:40,22,7.8,68.38
755,2024/1/1 3:40,22,8.37,67.41
756,2024/1/1 3:40,22,8.93,66.44
757,2024/1/1 3:40,22,9.5,65.47
758,2024/1/1 3:40,22,10.07,64.5
759,2024/1/1 3:40,22,10.63,63.53
760,2024/1/1 3:40,22,11.2,62.56
761,2024/1/1 3:40,22,11.77,61.6
762,2024/1/1 3:40,22,12.33,60.63
763,2024/1/1 3:40,22,12.9,59.66
764,2024/1/1 3:40,22,13.47,58.69
765,2024/1/1 3:40,22,14.03,57.72
766,2024/1/1 3:40,22,14.6,56.75
767,2024/1/1 3:40,22,15.17,55.78
768,2024/1/1 3:40,22,15.73,54.81
769,2024/1/1 3:40,22,16.3,53.85
770,2024/1/1 3:40,22,16.87,52.88
771,2024/1/1 3:40,22,17.43,51.91
772,2024/1/1 3:40,22,18,50.94
773,2024/1/1 3:40,22,10,65.7
774,2024/1/1 3:40,22,11.46,66.12
775,2024/1/1 3:40,22,12.92,66.55
776,2024/1/1 3:40,22,14.38,66.97
777,2024/1/1 3:40,22,15.85,67.4
778,2024/1/1 3:40,22,17.31,67.82
779,2024/1/1 3:40,22,18.77,68.24
780,2024/1/1 3:40,22,20.23,68.67
781,2024/1/1 3:40,22,21.69,69.09
782,2024/1/1 3:40,22,23.15,69.51
783,2024/1/1 3:40,22,24.62,69.94
784,2024/1/1 3:40,22,26.08,70.36
785,2024/1/1 3:40,22,27.54,70.79
786,2024/1/1 3:40,22,29,71.21
787,2024/1/1 3:40,22,12,87.17
788,2024/1/1 3:40,22,10,95.9
789,2024/1/1 3:40,22,26,60
790,2024/1/1 3:40,22,17,79.88
791,2024/1/1 3:40,22,18,56.33
792,2024/1/1 3:40,22,22,51.33
793,2024/1/1 3:40,22,11,25.66
794,2024/1/1 3:40,22,3.67,8.56
795,2024/1/1 3:40,22,1.83,4.28
796,2024/1/1 3:40,22,0.92,2.14
797,2024/1/1 3:40,22,0.46,1.07
798,2024/1/1 3:40,22,0.23,0.53
799,2024/1/1 3:40,22,0.11,0.27
800,2024/1/1 3:40,22,0.06,0.13
801,2024/1/1 3:40,22,0.03,0.07
802,2024/1/1 3:40,22,0.01,0.03
803,2024/1/1 3:40,22,0.01,0.02
804,2024/1/1 3:40,22,0,0.01
805,2024/1/1 3:40,22,4,17.56
806,2024/1/1 3:40,22,8,35.12
807,2024/1/1 3:40,22,12,52.67
808,2024/1/1 3:40,22,13.79,52.53
809,2024/1/1 3:40,22,15.58,52.39
810,2024/1/1 3:40,22,17.38,52.25
811,2024/1/1 3:40,22,19.17,52.11
812,2024/1/1 3:40,22,20.96,51.97
813,2024/1/1 3:40,22,22.75,51.83
814,2024/1/1 3:40,22,24.54,51.7
815,2024/1/1 3:40,22,26.33,51.56
816,2024/1/1 3:40,22,28.12,51.42
817,2024/1/1 3:40,22,29.92,51.28
818,2024/1/1 3:40,22,31.71,51.14
819,2024/1/1 3:40,22,33.5,51
820,2024/1/1 3:40,22,33.56,52.03
821,2024/1/1 3:40,22,33.62,53.07
822,2024/1/1 3:40,22,33.69,54.1
823,2024/1/1 3:40,22,33.75,55.14
824,2024/1/1 3:40,22,33.81,56.17
825,2024/1/1 3:40,22,33.88,57.21
826,2024/1/1 3:40,22,33.94,58.24
827,2024/1/1 3:40,22,34,59.28
828,2024/1/1 3:40,22,37.5,54.04
829,2024/1/1 3:40,22,18.75,27.02
830,2024/1/1 3:40,22,9.38,13.51
831,2024/1/1 3:40,22,4.69,6.75
832,2024/1/1 3:40,22,2.34,3.38
833,2024/1/1 3:40,22,1.17,1.69
834,2024/1/1 3:40,22,0.59,0.84
835,2024/1/1 3:40,22,0.29,0.42
836,2024/1/1 3:40,22,0.15,0.21
837,2024/1/1 3:40,22,0.04,0.05
838,2024/1/1 3:40,22,0.02,0.03
839,2024/1/1 3:40,22,0.01,0.01
840,2024/1/1 3:40,22,1.55,3.48
841,2024/1/1 3:40,22,3.1,6.96
842,2024/1/1 3:40,22,4.64,10.43
843,2024/1/1 3:40,22,6.19,13.9
844,2024/1/1 3:40,22,7.73,17.38
845,2024/1/1 3:40,22,9.28,20.85
846,2024/1/1 3:40,22,10.82,24.33
847,2024/1/1 3:40,22,12.37,27.8
848,2024/1/1 3:40,22,13.91,31.27
849,2024/1/1 3:40,22,15.46,34.75
850,2024/1/1 3:40,22,17,38.22
851,2024/1/1 3:40,22,24,62.64
852,2024/1/1 3:40,22,12,31.32
853,2024/1/1 3:40,22,6,15.66
854,2024/1/1 3:40,22,3,7.83
855,2024/1/1 3:40,22,1.5,3.92
856,2024/1/1 3:40,22,0.75,1.96
857,2024/1/1 3:40,22,0.38,0.98
858,2024/1/1 3:40,22,0.19,0.49
859,2024/1/1 3:40,22,0.09,0.24
860,2024/1/1 3:40,22,0.05,0.12
861,2024/1/1 3:40,22,0.02,0.06
862,2024/1/1 3:40,22,0.03,0.06
863,2024/1/1 3:40,22,0.02,0.03
864,2024/1/1 3:40,22,10.5,40.55
865,2024/1/1 3:40,22,5.25,20.28
866,2024/1/1 3:40,22,2.62,10.14
867,2024/1/1 3:40,22,0.88,3.38
868,2024/1/1 3:40,22,0.44,1.69
869,2024/1/1 3:40,22,0.44,1.69
870,2024/1/1 3:40,22,28.67,56.15
871,2024/1/1 3:40,22,14.33,28.08
872,2024/1/1 3:40,22,7.17,14.04
873,2024/1/1 3:40,22,3.58,7.02
874,2024/1/1 3:40,22,1.79,3.51
875,2024/1/1 3:40,22,0.9,1.75
876,2024/1/1 3:40,22,0.45,0.88
877,2024/1/1 3:40,22,0.22,0.44
878,2024/1/1 3:40,22,0.11,0.22
879,2024/1/1 3:40,22,26.56,44.8
880,2024/1/1 3:40,22,24.27,44.19
881,2024/1/1 3:40,22,21.97,43.59
882,2024/1/1 3:40,22,19.68,42.98
883,2024/1/1 3:40,22,17.38,42.37
884,2024/1/1 3:40,22,15.09,41.76
885,2024/1/1 3:40,22,12.79,41.16
886,2024/1/1 3:40,22,10.5,40.55
887,2024/1/1 3:40,22,15,39.15
888,2024/1/1 3:40,22,7.5,19.58
889,2024/1/1 3:40,22,3.75,9.79
890,2024/1/1 3:40,22,1.88,4.89
891,2024/1/1 3:40,22,17.44,46.08
892,2024/1/1 3:40,22,17.45,44.93
893,2024/1/1 3:40,22,17.46,43.77
894,2024/1/1 3:40,22,17.48,42.62
895,2024/1/1 3:40,22,17.49,41.46
896,2024/1/1 3:40,22,17.5,40.31
897,2024/1/1 3:40,22,42,29.46
898,2024/1/1 3:40,22,21,14.73
899,2024/1/1 3:40,22,10.5,7.36
900,2024/1/1 3:40,22,48.75,47.39
901,2024/1/1 3:40,22,37.5,39.76
902,2024/1/1 3:40,22,18.75,19.88
903,2024/1/1 3:40,22,9.38,9.94
904,2024/1/1 3:40,22,43.69,33.26
905,2024/1/1 3:40,22,17.25,40.95
906,2024/1/1 3:40,22,8.62,20.48
907,2024/1/1 3:40,22,4.31,10.24
908,2024/1/1 3:40,22,2.16,5.12
909,2024/1/1 3:40,22,1.08,2.56
910,2024/1/1 3:40,22,0.54,1.28
911,2024/1/1 3:40,22,0.27,0.64
912,2024/1/1 3:40,22,17.63,40.42
913,2024/1/1 3:40,22,11,28.18
914,2024/1/1 3:40,22,5.5,14.09
915,2024/1/1 3:40,22,2.75,7.05
916,2024/1/1 3:40,22,1.38,3.52
917,2024/1/1 3:40,22,0.69,1.76
918,2024/1/1 3:40,22,0.34,0.88
919,2024/1/1 3:40,22,0.17,0.44
920,2024/1/1 3:40,22,11.59,39.16
921,2024/1/1 3:40,22,11.92,38.86
922,2024/1/1 3:40,22,12.25,38.56
923,2024/1/1 3:40,22,12.58,38.26
924,2024/1/1 3:40,22,12.9,37.96
925,2024/1/1 3:40,22,13.23,37.67
926,2024/1/1 3:40,22,13.56,37.37
927,2024/1/1 3:40,22,13.89,37.07
928,2024/1/1 3:40,22,14.22,36.77
929,2024/1/1 3:40,22,14.54,36.47
930,2024/1/1 3:40,22,14.87,36.17
931,2024/1/1 3:40,22,15.2,35.87
932,2024/1/1 3:40,22,15.53,35.57
933,2024/1/1 3:40,22,15.86,35.27
934,2024/1/1 3:40,22,16.19,34.98
935,2024/1/1 3:40,22,16.52,34.68
936,2024/1/1 3:40,22,16.84,34.38
937,2024/1/1 3:40,22,17.17,34.08
938,2024/1/1 3:40,22,17.5,33.78
939,2024/1/1 3:40,22,8.75,16.89
940,2024/1/1 3:40,22,4.38,8.45
941,2024/1/1 3:40,22,18.19,44.93
942,2024/1/1 3:40,22,15,34.48
943,2024/1/1 3:40,22,7.5,17.24
944,2024/1/1 3:40,22,3.75,8.62
945,2024/1/1 3:40,22,26.38,47.92
946,2024/1/1 3:40,22,12.5,41.8
947,2024/1/1 3:40,22,6.25,20.9
948,2024/1/1 3:40,22,3.12,10.45
949,2024/1/1 3:40,22,1.56,5.22
950,2024/1/1 3:40,22,0.78,2.61
951,2024/1/1 3:40,22,0.39,1.31
952,2024/1/1 3:40,22,36.2,45.92
953,2024/1/1 3:40,22,35,49.94
954,2024/1/1 3:40,22,17.5,24.97
955,2024/1/1 3:40,22,8.75,12.49
956,2024/1/1 3:40,22,4.38,6.24
957,2024/1/1 3:40,22,2.19,3.12
958,2024/1/1 3:40,22,1.09,1.56
959,2024/1/1 3:40,22,39.05,43.32
960,2024/1/1 3:40,22,59,37.15
961,2024/1/1 3:40,22,29.5,18.58
962,2024/1/1 3:40,22,14.75,9.29
963,2024/1/1 3:40,22,7.38,4.64
964,2024/1/1 3:40,22,3.69,2.32
965,2024/1/1 3:40,22,1.84,1.16
966,2024/1/1 3:40,22,23.42,24.95
967,2024/1/1 3:40,22,15.5,34.66
968,2024/1/1 3:40,22,7.75,17.33
969,2024/1/1 3:40,22,3.88,8.66
970,2024/1/1 3:40,22,1.94,4.33
971,2024/1/1 3:40,22,0.97,2.17
972,2024/1/1 3:40,22,0.48,1.08
973,2024/1/1 3:40,22,0.24,0.54
974,2024/1/1 3:40,22,34.12,34.97
975,2024/1/1 3:40,22,5.33,18.02
976,2024/1/1 3:40,22,2.67,9.01
977,2024/1/1 3:40,22,1.33,4.5
978,2024/1/1 3:40,22,0.67,2.25
979,2024/1/1 3:40,22,0.33,1.13
980,2024/1/1 3:40,22,0.17,0.56
981,2024/1/1 3:40,22,10.72,29.44
982,2024/1/1 3:40,22,5.36,14.72
983,2024/1/1 3:40,22,2.68,7.36
984,2024/1/1 3:40,22,1.34,3.68
985,2024/1/1 3:40,22,13.45,58.26
986,2024/1/1 3:40,22,34,36.27
987,2024/1/1 3:40,22,17,18.14
988,2024/1/1 3:40,22,8.5,9.07
989,2024/1/1 3:40,22,4.25,4.53
990,2024/1/1 3:40,22,62.12,36.21
991,2024/1/1 3:40,22,43,34.34
992,2024/1/1 3:40,22,21.5,17.17
993,2024/1/1 3:40,22,10.75,8.58
994,2024/1/1 3:40,22,5.38,4.29
995,2024/1/1 3:40,22,23.12,17.82
996,2024/1/1 3:40,22,52,53.73
997,2024/1/1 3:40,22,26,26.86
998,2024/1/1 3:40,22,13,13.43
999,2024/1/1 3:40,22,6.33,33.81
1000,2024/1/1 3:40,22,9.67,29.83
1001,2024/1/1 3:40,22,4.83,14.91
1002,2024/1/1 3:40,22,2.42,7.46
1003,2024/1/1 3:40,22,1.21,3.73
1004,2024/1/1 3:40,22,0.6,1.86
1005,2024/1/1 3:40,22,44.53,57.18
1006,2024/1/1 3:40,22,39,74.64
2,2024/1/1 3:50,23,13,63.85
3,2024/1/1 3:50,23,15,82.6
4,2024/1/1 3:50,23,30,79.23
5,2024/1/1 3:50,23,25,73.08
6,2024/1/1 3:50,23,23,88.48
7,2024/1/1 3:50,23,25,60.88
8,2024/1/1 3:50,23,19,77.42
9,2024/1/1 3:50,23,23,82.61
10,2024/1/1 3:50,23,33,69.33
11,2024/1/1 3:50,23,59,71.76
12,2024/1/1 3:50,23,125,68.58
13,2024/1/1 3:50,23,136,60.36
14,2024/1/1 3:50,23,63,69.87
15,2024/1/1 3:50,23,54,72.96
16,2024/1/1 3:50,23,59,63.08
17,2024/1/1 3:50,23,52,73.1
18,2024/1/1 3:50,23,82,65.57
19,2024/1/1 3:50,23,65,70.85
20,2024/1/1 3:50,23,63.5,63.16
21,2024/1/1 3:50,23,62,55.47
22,2024/1/1 3:50,23,37,68.89
23,2024/1/1 3:50,23,45,71.58
24,2024/1/1 3:50,23,85,60.47
25,2024/1/1 3:50,23,67,87.75
26,2024/1/1 3:50,23,60,85.87
27,2024/1/1 3:50,23,81,91.68
28,2024/1/1 3:50,23,76,96.32
29,2024/1/1 3:50,23,57,85.42
30,2024/1/1 3:50,23,57,76.25
31,2024/1/1 3:50,23,54,83.72
32,2024/1/1 3:50,23,51,91.2
33,2024/1/1 3:50,23,56,90.89
34,2024/1/1 3:50,23,35,87.03
35,2024/1/1 3:50,23,30,84.53
36,2024/1/1 3:50,23,29,102.69
37,2024/1/1 3:50,23,48,87.54
38,2024/1/1 3:50,23,68,57.69
39,2024/1/1 3:50,23,53.5,66.3
40,2024/1/1 3:50,23,39,74.9
41,2024/1/1 3:50,23,32,42.22
42,2024/1/1 3:50,23,51.5,48.06
43,2024/1/1 3:50,23,71,53.89
44,2024/1/1 3:50,23,59,62.61
45,2024/1/1 3:50,23,52,68.38
46,2024/1/1 3:50,23,60,76.25
47,2024/1/1 3:50,23,53,65.68
48,2024/1/1 3:50,23,58,71.26
49,2024/1/1 3:50,23,46,75.93
50,2024/1/1 3:50,23,104,67.14
51,2024/1/1 3:50,23,64,52.12
52,2024/1/1 3:50,23,43,83.81
53,2024/1/1 3:50,23,32,75.66
54,2024/1/1 3:50,23,56,83.12
55,2024/1/1 3:50,23,35,62.49
56,2024/1/1 3:50,23,34,83.09
57,2024/1/1 3:50,23,27,79.22
58,2024/1/1 3:50,23,50,61.36
59,2024/1/1 3:50,23,35,82.31
60,2024/1/1 3:50,23,31,70.87
61,2024/1/1 3:50,23,12,86.92
62,2024/1/1 3:50,23,12,56.33
63,2024/1/1 3:50,23,48,89.44
64,2024/1/1 3:50,23,51,97.59
65,2024/1/1 3:50,23,61,93.54
66,2024/1/1 3:50,23,53,89.11
67,2024/1/1 3:50,23,65,81.82
68,2024/1/1 3:50,23,67,86.21
69,2024/1/1 3:50,23,20,98.45
70,2024/1/1 3:50,23,21,93.24
71,2024/1/1 3:50,23,15,89.6
72,2024/1/1 3:50,23,25,79.4
73,2024/1/1 3:50,23,16,83.31
74,2024/1/1 3:50,23,23,84.7
75,2024/1/1 3:50,23,29,81.76
76,2024/1/1 3:50,23,20,88.85
77,2024/1/1 3:50,23,45,101.78
78,2024/1/1 3:50,23,50,85.88
79,2024/1/1 3:50,23,46,97.41
80,2024/1/1 3:50,23,38,102.03
81,2024/1/1 3:50,23,9,81.33
82,2024/1/1 3:50,23,20,79.2
83,2024/1/1 3:50,23,42,95.4
84,2024/1/1 3:50,23,39,86.46
85,2024/1/1 3:50,23,28,77.68
86,2024/1/1 3:50,23,26,76.03
87,2024/1/1 3:50,23,24,74.38
88,2024/1/1 3:50,23,33,80.18
89,2024/1/1 3:50,23,38,99.82
90,2024/1/1 3:50,23,45.5,91.55
91,2024/1/1 3:50,23,53,83.28
92,2024/1/1 3:50,23,64,94.77
93,2024/1/1 3:50,23,66,98.08
94,2024/1/1 3:50,23,67,92.66
95,2024/1/1 3:50,23,73,88.49
96,2024/1/1 3:50,23,61,81.87
97,2024/1/1 3:50,23,64,79
98,2024/1/1 3:50,23,84,84
99,2024/1/1 3:50,23,32,93.16
100,2024/1/1 3:50,23,14,70.5
101,2024/1/1 3:50,23,3,72
102,2024/1/1 3:50,23,37,89.51
103,2024/1/1 3:50,23,36,105.77
104,2024/1/1 3:50,23,35,122.03
105,2024/1/1 3:50,23,38,105.34
106,2024/1/1 3:50,23,53,111.83
107,2024/1/1 3:50,23,56,99.52
108,2024/1/1 3:50,23,73,112.07
109,2024/1/1 3:50,23,72,108.12
110,2024/1/1 3:50,23,61,112.93
111,2024/1/1 3:50,23,35,104.03
112,2024/1/1 3:50,23,26,130.42
113,2024/1/1 3:50,23,5,109.2
114,2024/1/1 3:50,23,6,112
115,2024/1/1 3:50,23,32,92.44
116,2024/1/1 3:50,23,35,90.6
117,2024/1/1 3:50,23,38,109.68
118,2024/1/1 3:50,23,28,88.36
119,2024/1/1 3:50,23,27,98.15
120,2024/1/1 3:50,23,24,113.83
121,2024/1/1 3:50,23,19,99.26
122,2024/1/1 3:50,23,10,88.6
123,2024/1/1 3:50,23,12,114.67
124,2024/1/1 3:50,23,28,80.07
125,2024/1/1 3:50,23,64,108.34
126,2024/1/1 3:50,23,29,98.52
127,2024/1/1 3:50,23,40,98.92
128,2024/1/1 3:50,23,67,120.79
129,2024/1/1 3:50,23,61,122.61
130,2024/1/1 3:50,23,63,114.84
131,2024/1/1 3:50,23,64,117.64
132,2024/1/1 3:50,23,63,114.49
133,2024/1/1 3:50,23,17,96.71
134,2024/1/1 3:50,23,28,94.43
135,2024/1/1 3:50,23,16,69.75
136,2024/1/1 3:50,23,9,92.78
137,2024/1/1 3:50,23,8,76.38
138,2024/1/1 3:50,23,20,80.3
139,2024/1/1 3:50,23,38,85.26
140,2024/1/1 3:50,23,71,91.11
141,2024/1/1 3:50,23,83,90.96
142,2024/1/1 3:50,23,49,91.82
143,2024/1/1 3:50,23,42,81.95
144,2024/1/1 3:50,23,72,82.03
145,2024/1/1 3:50,23,42,70.86
146,2024/1/1 3:50,23,36,79
147,2024/1/1 3:50,23,36,91.5
148,2024/1/1 3:50,23,35,87.91
149,2024/1/1 3:50,23,19,74.21
150,2024/1/1 3:50,23,27,73.11
151,2024/1/1 3:50,23,32,61.38
152,2024/1/1 3:50,23,26,76
153,2024/1/1 3:50,23,7,80
154,2024/1/1 3:50,23,7,75.14
155,2024/1/1 3:50,23,27,94.52
156,2024/1/1 3:50,23,30,99.53
157,2024/1/1 3:50,23,5,59
158,2024/1/1 3:50,23,12,52.58
159,2024/1/1 3:50,23,20,75.95
160,2024/1/1 3:50,23,29,84.62
161,2024/1/1 3:50,23,37,41.49
162,2024/1/1 3:50,23,47,80.85
163,2024/1/1 3:50,23,30,81.7
164,2024/1/1 3:50,23,40,65.28
165,2024/1/1 3:50,23,43,82.14
166,2024/1/1 3:50,23,63,73.81
167,2024/1/1 3:50,23,7,78.86
168,2024/1/1 3:50,23,88,77.56
169,2024/1/1 3:50,23,66,75.32
170,2024/1/1 3:50,23,85,89.87
171,2024/1/1 3:50,23,79,86.96
172,2024/1/1 3:50,23,60,91.87
173,2024/1/1 3:50,23,69,92.01
174,2024/1/1 3:50,23,69,87.33
175,2024/1/1 3:50,23,51,73.61
176,2024/1/1 3:50,23,8,89.12
177,2024/1/1 3:50,23,11,91.45
178,2024/1/1 3:50,23,24.5,84.15
179,2024/1/1 3:50,23,38,76.84
180,2024/1/1 3:50,23,25.5,72.26
181,2024/1/1 3:50,23,13,67.69
182,2024/1/1 3:50,23,47,64.19
183,2024/1/1 3:50,23,71,74.37
184,2024/1/1 3:50,23,52,60.35
185,2024/1/1 3:50,23,52,65.21
186,2024/1/1 3:50,23,52,70.08
187,2024/1/1 3:50,23,52,74.94
188,2024/1/1 3:50,23,27,75.3
189,2024/1/1 3:50,23,23,65.83
190,2024/1/1 3:50,23,53,76.23
191,2024/1/1 3:50,23,53,66.75
192,2024/1/1 3:50,23,52,77.84
193,2024/1/1 3:50,23,51,88.94
194,2024/1/1 3:50,23,47,72.26
195,2024/1/1 3:50,23,47,62.21
196,2024/1/1 3:50,23,59,83.78
197,2024/1/1 3:50,23,53,92.19
198,2024/1/1 3:50,23,104,84.88
199,2024/1/1 3:50,23,70,88.33
200,2024/1/1 3:50,23,45,79.89
201,2024/1/1 3:50,23,107,75.67
202,2024/1/1 3:50,23,111,59.5
203,2024/1/1 3:50,23,80,64.21
204,2024/1/1 3:50,23,61,81.49
205,2024/1/1 3:50,23,64,96.89
206,2024/1/1 3:50,23,46,94.72
207,2024/1/1 3:50,23,53,81.92
208,2024/1/1 3:50,23,62,72.05
209,2024/1/1 3:50,23,58,87.43
210,2024/1/1 3:50,23,24,83.25
211,2024/1/1 3:50,23,23,93.13
212,2024/1/1 3:50,23,43,87.19
213,2024/1/1 3:50,23,28,82.75
214,2024/1/1 3:50,23,59,81.12
215,2024/1/1 3:50,23,34,82.62
216,2024/1/1 3:50,23,55,76.44
217,2024/1/1 3:50,23,66,87.27
218,2024/1/1 3:50,23,67,90.93
219,2024/1/1 3:50,23,77,83.14
220,2024/1/1 3:50,23,44,82.98
221,2024/1/1 3:50,23,43,84.91
222,2024/1/1 3:50,23,45,77.04
223,2024/1/1 3:50,23,50,68.32
224,2024/1/1 3:50,23,36,68.19
225,2024/1/1 3:50,23,26,83.38
226,2024/1/1 3:50,23,49,66.55
227,2024/1/1 3:50,23,37,70.65
228,2024/1/1 3:50,23,28,58.04
229,2024/1/1 3:50,23,23,64.39
230,2024/1/1 3:50,23,39,75.31
231,2024/1/1 3:50,23,31,86.94
232,2024/1/1 3:50,23,49,77.35
233,2024/1/1 3:50,23,67,67.75
234,2024/1/1 3:50,23,85,58.16
235,2024/1/1 3:50,23,95,71.06
236,2024/1/1 3:50,23,57,49.93
237,2024/1/1 3:50,23,17,70.18
238,2024/1/1 3:50,23,12,62.5
239,2024/1/1 3:50,23,9,60.25
240,2024/1/1 3:50,23,6,
241,2024/1/1 3:50,23,0,
242,2024/1/1 3:50,23,20,81.05
243,2024/1/1 3:50,23,66,83.02
244,2024/1/1 3:50,23,64,75.12
245,2024/1/1 3:50,23,83,66.43
246,2024/1/1 3:50,23,75,61.44
247,2024/1/1 3:50,23,61,58.16
248,2024/1/1 3:50,23,47,54.89
249,2024/1/1 3:50,23,38,69.29
250,2024/1/1 3:50,23,55,80.27
251,2024/1/1 3:50,23,40,70.97
252,2024/1/1 3:50,23,64,68.69
253,2024/1/1 3:50,23,124,73.83
254,2024/1/1 3:50,23,76,68.45
255,2024/1/1 3:50,23,67,69.96
256,2024/1/1 3:50,23,58,71.47
257,2024/1/1 3:50,23,66,64.15
258,2024/1/1 3:50,23,75,78.75
259,2024/1/1 3:50,23,62,73.42
260,2024/1/1 3:50,23,60,74.72
261,2024/1/1 3:50,23,49,56.9
262,2024/1/1 3:50,23,49,79.39
263,2024/1/1 3:50,23,52,57.17
264,2024/1/1 3:50,23,48,76.6
265,2024/1/1 3:50,23,36,61.33
266,2024/1/1 3:50,23,37,74.97
267,2024/1/1 3:50,23,40,52.62
268,2024/1/1 3:50,23,58,72.07
269,2024/1/1 3:50,23,68,79.46
270,2024/1/1 3:50,23,70,84.36
271,2024/1/1 3:50,23,56.5,81.52
272,2024/1/1 3:50,23,43,78.67
273,2024/1/1 3:50,23,26,68.46
274,2024/1/1 3:50,23,45,71.78
275,2024/1/1 3:50,23,41,67.51
276,2024/1/1 3:50,23,51,73.08
277,2024/1/1 3:50,23,49.5,73.63
278,2024/1/1 3:50,23,48,74.19
279,2024/1/1 3:50,23,49.5,70.89
280,2024/1/1 3:50,23,51,67.59
281,2024/1/1 3:50,23,48,62.44
282,2024/1/1 3:50,23,53,64.28
283,2024/1/1 3:50,23,50,65.1
284,2024/1/1 3:50,23,53,74
285,2024/1/1 3:50,23,88,67.8
286,2024/1/1 3:50,23,87,71.26
287,2024/1/1 3:50,23,73.5,71.04
288,2024/1/1 3:50,23,60,70.83
289,2024/1/1 3:50,23,58,61.66
290,2024/1/1 3:50,23,65,71.05
291,2024/1/1 3:50,23,70,73.39
292,2024/1/1 3:50,23,78,64.21
293,2024/1/1 3:50,23,71,80.8
294,2024/1/1 3:50,23,59,79.8
295,2024/1/1 3:50,23,51,72.76
296,2024/1/1 3:50,23,60,62.8
297,2024/1/1 3:50,23,64,63.12
298,2024/1/1 3:50,23,48,53.71
299,2024/1/1 3:50,23,45,54.2
300,2024/1/1 3:50,23,42,54.69
301,2024/1/1 3:50,23,102,70.04
302,2024/1/1 3:50,23,55,81.04
303,2024/1/1 3:50,23,65,84.94
304,2024/1/1 3:50,23,41,66.41
305,2024/1/1 3:50,23,17,47.88
306,2024/1/1 3:50,23,31,74.29
307,2024/1/1 3:50,23,31,98.71
308,2024/1/1 3:50,23,32,86.66
309,2024/1/1 3:50,23,30,112.23
310,2024/1/1 3:50,23,19,100.16
311,2024/1/1 3:50,23,22,107.77
312,2024/1/1 3:50,23,30,112.63
313,2024/1/1 3:50,23,35,106.63
314,2024/1/1 3:50,23,34,108.06
315,2024/1/1 3:50,23,31,100.03
316,2024/1/1 3:50,23,25,99.24
317,2024/1/1 3:50,23,29,90.83
318,2024/1/1 3:50,23,31,105.58
319,2024/1/1 3:50,23,33,102.91
320,2024/1/1 3:50,23,34,97.65
321,2024/1/1 3:50,23,35,112.8
322,2024/1/1 3:50,23,33,105.09
323,2024/1/1 3:50,23,37,103.49
324,2024/1/1 3:50,23,40,103.28
325,2024/1/1 3:50,23,12,83.08
326,2024/1/1 3:50,23,17,110
327,2024/1/1 3:50,23,14,100
328,2024/1/1 3:50,23,7,101
329,2024/1/1 3:50,23,5,60
330,2024/1/1 3:50,23,3,19
331,2024/1/1 3:50,23,14,93.71
332,2024/1/1 3:50,23,29,105.34
333,2024/1/1 3:50,23,20,107.55
334,2024/1/1 3:50,23,14,112.29
335,2024/1/1 3:50,23,21,111.48
336,2024/1/1 3:50,23,11,100.45
337,2024/1/1 3:50,23,23,99.65
338,2024/1/1 3:50,23,16,111.94
339,2024/1/1 3:50,23,16,98.19
340,2024/1/1 3:50,23,13,102.92
341,2024/1/1 3:50,23,26,101.46
342,2024/1/1 3:50,23,24,105.75
343,2024/1/1 3:50,23,27,107.81
344,2024/1/1 3:50,23,34,110.26
345,2024/1/1 3:50,23,39,112.92
346,2024/1/1 3:50,23,40,118.1
347,2024/1/1 3:50,23,31,113.39
348,2024/1/1 3:50,23,34,111.03
349,2024/1/1 3:50,23,28,91.54
350,2024/1/1 3:50,23,21,89.24
351,2024/1/1 3:50,23,24,83.46
352,2024/1/1 3:50,23,24,71.21
353,2024/1/1 3:50,23,13,79.62
354,2024/1/1 3:50,23,14,64.43
355,2024/1/1 3:50,23,15,90.4
356,2024/1/1 3:50,23,26,85.46
357,2024/1/1 3:50,23,20,82.55
358,2024/1/1 3:50,23,18,88.33
359,2024/1/1 3:50,23,28,75.04
360,2024/1/1 3:50,23,29,88.14
361,2024/1/1 3:50,23,25,90.04
362,2024/1/1 3:50,23,23,101.3
363,2024/1/1 3:50,23,49,85.91
364,2024/1/1 3:50,23,75,70.52
365,2024/1/1 3:50,23,66.33,77.06
366,2024/1/1 3:50,23,57.67,83.6
367,2024/1/1 3:50,23,49,90.14
368,2024/1/1 3:50,23,101,87.83
369,2024/1/1 3:50,23,89,87.84
370,2024/1/1 3:50,23,77,87.84
371,2024/1/1 3:50,23,75,74.96
372,2024/1/1 3:50,23,55,86.13
373,2024/1/1 3:50,23,86,97.12
374,2024/1/1 3:50,23,65,103.92
375,2024/1/1 3:50,23,64,92.48
376,2024/1/1 3:50,23,57,88.19
377,2024/1/1 3:50,23,58,102.17
378,2024/1/1 3:50,23,60,93.8
379,2024/1/1 3:50,23,63,90.75
380,2024/1/1 3:50,23,32,81.44
381,2024/1/1 3:50,23,31,92.52
382,2024/1/1 3:50,23,26,83.08
383,2024/1/1 3:50,23,6,98.67
384,2024/1/1 3:50,23,9,18.67
385,2024/1/1 3:50,23,22,85.05
386,2024/1/1 3:50,23,10,71.8
387,2024/1/1 3:50,23,19,64.84
388,2024/1/1 3:50,23,59,75.37
389,2024/1/1 3:50,23,54,93.48
390,2024/1/1 3:50,23,47,100.64
391,2024/1/1 3:50,23,43,79.21
392,2024/1/1 3:50,23,30,100.3
393,2024/1/1 3:50,23,59,111.22
394,2024/1/1 3:50,23,58,103.4
395,2024/1/1 3:50,23,104,92.7
396,2024/1/1 3:50,23,53.5,79.02
397,2024/1/1 3:50,23,3,65.33
398,2024/1/1 3:50,23,1,71
399,2024/1/1 3:50,23,2,40.5
400,2024/1/1 3:50,23,1,
401,2024/1/1 3:50,23,0,
402,2024/1/1 3:50,23,2,82
403,2024/1/1 3:50,23,2,60.5
404,2024/1/1 3:50,23,2,68
405,2024/1/1 3:50,23,2,
406,2024/1/1 3:50,23,0,
407,2024/1/1 3:50,23,1,80
408,2024/1/1 3:50,23,5,99.8
409,2024/1/1 3:50,23,1,90
410,2024/1/1 3:50,23,1,
411,2024/1/1 3:50,23,0,
412,2024/1/1 3:50,23,1,65
413,2024/1/1 3:50,23,1,
414,2024/1/1 3:50,23,0,
415,2024/1/1 3:50,23,15,87.07
416,2024/1/1 3:50,23,8,81.04
417,2024/1/1 3:50,23,1,75
418,2024/1/1 3:50,23,2,
419,2024/1/1 3:50,23,0,
420,2024/1/1 3:50,23,0,
421,2024/1/1 3:50,23,1,108
422,2024/1/1 3:50,23,1,112
423,2024/1/1 3:50,23,2,68
424,2024/1/1 3:50,23,1,52
425,2024/1/1 3:50,23,1,68
426,2024/1/1 3:50,23,1,67
427,2024/1/1 3:50,23,1,105
428,2024/1/1 3:50,23,2,80
429,2024/1/1 3:50,23,3,70.67
430,2024/1/1 3:50,23,3,
431,2024/1/1 3:50,23,0,
432,2024/1/1 3:50,23,0.5,
433,2024/1/1 3:50,23,1,51
434,2024/1/1 3:50,23,21.33,60.98
435,2024/1/1 3:50,23,41.67,70.97
436,2024/1/1 3:50,23,62,80.95
437,2024/1/1 3:50,23,37,66.49
438,2024/1/1 3:50,23,22,78.18
439,2024/1/1 3:50,23,29.5,82.68
440,2024/1/1 3:50,23,37,87.19
441,2024/1/1 3:50,23,22,66.68
442,2024/1/1 3:50,23,56,67.61
443,2024/1/1 3:50,23,58.67,67.14
444,2024/1/1 3:50,23,61.33,66.66
445,2024/1/1 3:50,23,64,66.19
446,2024/1/1 3:50,23,65,61.02
447,2024/1/1 3:50,23,70,70.3
448,2024/1/1 3:50,23,68,80.66
449,2024/1/1 3:50,23,23,85.3
450,2024/1/1 3:50,23,24,81.96
451,2024/1/1 3:50,23,53,69.23
452,2024/1/1 3:50,23,51,78.84
453,2024/1/1 3:50,23,51,90.04
454,2024/1/1 3:50,23,58,77.79
455,2024/1/1 3:50,23,31,62.32
456,2024/1/1 3:50,23,51,73.06
457,2024/1/1 3:50,23,40,92.65
458,2024/1/1 3:50,23,34,81.24
459,2024/1/1 3:50,23,30,87.9
460,2024/1/1 3:50,23,31,90.23
461,2024/1/1 3:50,23,27,105.37
462,2024/1/1 3:50,23,26,95.69
463,2024/1/1 3:50,23,28,88.86
464,2024/1/1 3:50,23,12,95.08
465,2024/1/1 3:50,23,10,87.3
466,2024/1/1 3:50,23,32,87.26
467,2024/1/1 3:50,23,54,87.22
468,2024/1/1 3:50,23,67,76.84
469,2024/1/1 3:50,23,80,74.04
470,2024/1/1 3:50,23,72.5,78.71
471,2024/1/1 3:50,23,65,83.37
472,2024/1/1 3:50,23,22,88.05
473,2024/1/1 3:50,23,20,82.85
474,2024/1/1 3:50,23,19,81.37
475,2024/1/1 3:50,23,28,76.71
476,2024/1/1 3:50,23,32,81.97
477,2024/1/1 3:50,23,34,84.79
478,2024/1/1 3:50,23,87,71.82
479,2024/1/1 3:50,23,79,93.68
480,2024/1/1 3:50,23,80,78.14
481,2024/1/1 3:50,23,66,71.44
482,2024/1/1 3:50,23,62,81.52
483,2024/1/1 3:50,23,68,68.94
484,2024/1/1 3:50,23,63,76.1
485,2024/1/1 3:50,23,1133,3.74
486,2024/1/1 3:50,23,58,91.67
487,2024/1/1 3:50,23,59,85.71
488,2024/1/1 3:50,23,45,72.87
489,2024/1/1 3:50,23,54.5,78.77
490,2024/1/1 3:50,23,64,84.67
491,2024/1/1 3:50,23,64,81.19
492,2024/1/1 3:50,23,56,84.11
493,2024/1/1 3:50,23,54,87.04
494,2024/1/1 3:50,23,50,101.28
495,2024/1/1 3:50,23,68,85.66
496,2024/1/1 3:50,23,76,81.89
497,2024/1/1 3:50,23,56,98.64
498,2024/1/1 3:50,23,56,101.8
499,2024/1/1 3:50,23,53,82.06
500,2024/1/1 3:50,23,55,88.84
501,2024/1/1 3:50,23,57,95.61
502,2024/1/1 3:50,23,73,77.3
503,2024/1/1 3:50,23,63,87.3
504,2024/1/1 3:50,23,50,77.9
505,2024/1/1 3:50,23,54,86.72
506,2024/1/1 3:50,23,56,82.66
507,2024/1/1 3:50,23,65.75,78.7
508,2024/1/1 3:50,23,75.5,74.74
509,2024/1/1 3:50,23,85.25,70.77
510,2024/1/1 3:50,23,95,66.81
511,2024/1/1 3:50,23,102,75.65
512,2024/1/1 3:50,23,94,63.46
513,2024/1/1 3:50,23,98,79.41
514,2024/1/1 3:50,23,60,91.23
515,2024/1/1 3:50,23,75,74.35
516,2024/1/1 3:50,23,90,91.64
517,2024/1/1 3:50,23,84.5,90.15
518,2024/1/1 3:50,23,79,88.66
519,2024/1/1 3:50,23,70.5,85.72
520,2024/1/1 3:50,23,62,82.79
521,2024/1/1 3:50,23,59,82.19
522,2024/1/1 3:50,23,56,81.59
523,2024/1/1 3:50,23,59.5,85.88
524,2024/1/1 3:50,23,63,90.17
525,2024/1/1 3:50,23,67,78.57
526,2024/1/1 3:50,23,63,82.41
527,2024/1/1 3:50,23,39,88.41
528,2024/1/1 3:50,23,46.33,86.13
529,2024/1/1 3:50,23,53.67,83.85
530,2024/1/1 3:50,23,61,81.57
531,2024/1/1 3:50,23,59,95.2
532,2024/1/1 3:50,23,59.5,90.54
533,2024/1/1 3:50,23,60,85.88
534,2024/1/1 3:50,23,70,68.91
535,2024/1/1 3:50,23,48,98.54
536,2024/1/1 3:50,23,45,93.8
537,2024/1/1 3:50,23,54,88.72
538,2024/1/1 3:50,23,56,87.89
539,2024/1/1 3:50,23,62,86.18
540,2024/1/1 3:50,23,56.75,88.36
541,2024/1/1 3:50,23,51.5,90.53
542,2024/1/1 3:50,23,46.25,92.7
543,2024/1/1 3:50,23,41,94.88
544,2024/1/1 3:50,23,38.5,91.78
545,2024/1/1 3:50,23,36,88.69
546,2024/1/1 3:50,23,54.5,81.03
547,2024/1/1 3:50,23,73,73.36
548,2024/1/1 3:50,23,105,85.51
549,2024/1/1 3:50,23,114,87.42
550,2024/1/1 3:50,23,116,85.31
551,2024/1/1 3:50,23,103,62.09
552,2024/1/1 3:50,23,52,76.69
553,2024/1/1 3:50,23,44,88.82
554,2024/1/1 3:50,23,55,71.47
555,2024/1/1 3:50,23,48,83.46
556,2024/1/1 3:50,23,51,74.59
557,2024/1/1 3:50,23,49,77.14
558,2024/1/1 3:50,23,44,72.91
559,2024/1/1 3:50,23,33,99.82
560,2024/1/1 3:50,23,66,93.59
561,2024/1/1 3:50,23,61.5,92.78
562,2024/1/1 3:50,23,57,91.96
563,2024/1/1 3:50,23,66,89.74
564,2024/1/1 3:50,23,62.5,86.85
565,2024/1/1 3:50,23,59,83.97
566,2024/1/1 3:50,23,54,84
567,2024/1/1 3:50,23,53,82.88
568,2024/1/1 3:50,23,52,81.77
569,2024/1/1 3:50,23,61,79.25
570,2024/1/1 3:50,23,53.67,80.15
571,2024/1/1 3:50,23,46.33,81.05
572,2024/1/1 3:50,23,39,81.95
573,2024/1/1 3:50,23,42,73.9
574,2024/1/1 3:50,23,49.5,76.26
575,2024/1/1 3:50,23,57,78.63
576,2024/1/1 3:50,23,51,82.96
577,2024/1/1 3:50,23,53,76.57
578,2024/1/1 3:50,23,49.5,77.54
579,2024/1/1 3:50,23,46,78.52
580,2024/1/1 3:50,23,44.33,80.72
581,2024/1/1 3:50,23,42.67,82.92
582,2024/1/1 3:50,23,41,85.12
583,2024/1/1 3:50,23,60.5,80.14
584,2024/1/1 3:50,23,80,75.16
585,2024/1/1 3:50,23,94,61.69
586,2024/1/1 3:50,23,106,87.59
587,2024/1/1 3:50,23,86,85.56
588,2024/1/1 3:50,23,66,83.53
589,2024/1/1 3:50,23,62,92.19
590,2024/1/1 3:50,23,66,83.66
591,2024/1/1 3:50,23,70,75.13
592,2024/1/1 3:50,23,69.5,82.1
593,2024/1/1 3:50,23,69,89.07
594,2024/1/1 3:50,23,75.5,87.5
595,2024/1/1 3:50,23,82,85.93
596,2024/1/1 3:50,23,70,82.9
597,2024/1/1 3:50,23,67.5,82.68
598,2024/1/1 3:50,23,65,82.45
599,2024/1/1 3:50,23,45,76.18
600,2024/1/1 3:50,23,52,92.65
601,2024/1/1 3:50,23,50,83.86
602,2024/1/1 3:50,23,58,91.29
603,2024/1/1 3:50,23,47,65.02
604,2024/1/1 3:50,23,47,97.81
605,2024/1/1 3:50,23,61,101.93
606,2024/1/1 3:50,23,75,106.04
607,2024/1/1 3:50,23,74,89.35
608,2024/1/1 3:50,23,64,77.62
609,2024/1/1 3:50,23,47,93.34
610,2024/1/1 3:50,23,51,93.41
611,2024/1/1 3:50,23,53,84.42
612,2024/1/1 3:50,23,58,90.37
613,2024/1/1 3:50,23,63,96.32
614,2024/1/1 3:50,23,62,95.23
615,2024/1/1 3:50,23,59,93.51
616,2024/1/1 3:50,23,49,85.84
617,2024/1/1 3:50,23,51,81.22
618,2024/1/1 3:50,23,34,95.09
619,2024/1/1 3:50,23,51,88.68
620,2024/1/1 3:50,23,68,82.28
621,2024/1/1 3:50,23,84,80.19
622,2024/1/1 3:50,23,100,78.11
623,2024/1/1 3:50,23,101.5,83.28
624,2024/1/1 3:50,23,103,88.44
625,2024/1/1 3:50,23,18,44.06
626,2024/1/1 3:50,23,29,71.34
627,2024/1/1 3:50,23,26,53.34
628,2024/1/1 3:50,23,23,35.35
629,2024/1/1 3:50,23,19,65.95
630,2024/1/1 3:50,23,10,54.1
631,2024/1/1 3:50,23,16,86.06
632,2024/1/1 3:50,23,18,33.67
633,2024/1/1 3:50,23,11,47.09
634,2024/1/1 3:50,23,25,59.4
635,2024/1/1 3:50,23,41,69.44
636,2024/1/1 3:50,23,9,65.78
637,2024/1/1 3:50,23,15.5,59.36
638,2024/1/1 3:50,23,22,52.95
639,2024/1/1 3:50,23,37,48.86
640,2024/1/1 3:50,23,38,53.61
641,2024/1/1 3:50,23,7,70.14
642,2024/1/1 3:50,23,17,49.88
643,2024/1/1 3:50,23,22,50.5
644,2024/1/1 3:50,23,21,60.71
645,2024/1/1 3:50,23,14,64.14
646,2024/1/1 3:50,23,16,82.88
647,2024/1/1 3:50,23,10,73.06
648,2024/1/1 3:50,23,4,63.25
649,2024/1/1 3:50,23,7,88.43
650,2024/1/1 3:50,23,15,66.27
651,2024/1/1 3:50,23,11,62.55
652,2024/1/1 3:50,23,11,56.27
653,2024/1/1 3:50,23,14.5,55.72
654,2024/1/1 3:50,23,18,55.17
655,2024/1/1 3:50,23,64,41.78
656,2024/1/1 3:50,23,71,47.26
657,2024/1/1 3:50,23,78,52.74
658,2024/1/1 3:50,23,85,58.22
659,2024/1/1 3:50,23,92,63.7
660,2024/1/1 3:50,23,49,71.76
661,2024/1/1 3:50,23,6,79.83
662,2024/1/1 3:50,23,18,54.5
663,2024/1/1 3:50,23,8,84
664,2024/1/1 3:50,23,21.5,80.09
665,2024/1/1 3:50,23,35,76.17
666,2024/1/1 3:50,23,40.5,77.76
667,2024/1/1 3:50,23,46,79.35
668,2024/1/1 3:50,23,47,65
669,2024/1/1 3:50,23,46,66.59
670,2024/1/1 3:50,23,44,69.47
671,2024/1/1 3:50,23,42,72.36
672,2024/1/1 3:50,23,34,68.74
673,2024/1/1 3:50,23,48,81.46
674,2024/1/1 3:50,23,39,69.59
675,2024/1/1 3:50,23,58,70.4
676,2024/1/1 3:50,23,34,82.79
677,2024/1/1 3:50,23,27,81.4
678,2024/1/1 3:50,23,20,80.01
679,2024/1/1 3:50,23,13,78.62
680,2024/1/1 3:50,23,19,78.95
681,2024/1/1 3:50,23,16,68.12
682,2024/1/1 3:50,23,8,80.38
683,2024/1/1 3:50,23,12,100.67
684,2024/1/1 3:50,23,15,88.67
685,2024/1/1 3:50,23,13,81.46
686,2024/1/1 3:50,23,24,71.25
687,2024/1/1 3:50,23,20.5,70.5
688,2024/1/1 3:50,23,17,69.76
689,2024/1/1 3:50,23,36,89.86
690,2024/1/1 3:50,23,47,68.13
691,2024/1/1 3:50,23,32,58.5
692,2024/1/1 3:50,23,55,87.13
693,2024/1/1 3:50,23,33,76.39
694,2024/1/1 3:50,23,29,69.9
695,2024/1/1 3:50,23,10,53.4
696,2024/1/1 3:50,23,28,77.36
697,2024/1/1 3:50,23,7,80.57
698,2024/1/1 3:50,23,14.5,72.31
699,2024/1/1 3:50,23,22,64.05
700,2024/1/1 3:50,23,20,62.58
701,2024/1/1 3:50,23,18,61.11
702,2024/1/1 3:50,23,11,70.43
703,2024/1/1 3:50,23,4,79.75
704,2024/1/1 3:50,23,6,70.17
705,2024/1/1 3:50,23,2,112
706,2024/1/1 3:50,23,42,77.48
707,2024/1/1 3:50,23,32,85.25
708,2024/1/1 3:50,23,31,80.13
709,2024/1/1 3:50,23,30.67,82.32
710,2024/1/1 3:50,23,30.33,84.51
711,2024/1/1 3:50,23,30,86.7
712,2024/1/1 3:50,23,20,55.45
713,2024/1/1 3:50,23,20,51.1
714,2024/1/1 3:50,23,20,46.75
715,2024/1/1 3:50,23,22,77.91
716,2024/1/1 3:50,23,8,59.25
717,2024/1/1 3:50,23,6,50.83
718,2024/1/1 3:50,23,3,28.33
719,2024/1/1 3:50,23,20,51.05
720,2024/1/1 3:50,23,12,49.58
721,2024/1/1 3:50,23,14,53.71
722,2024/1/1 3:50,23,17,59.44
723,2024/1/1 3:50,23,20,65.18
724,2024/1/1 3:50,23,23,70.91
725,2024/1/1 3:50,23,18,65.61
726,2024/1/1 3:50,23,15,107.47
727,2024/1/1 3:50,23,18,92.72
728,2024/1/1 3:50,23,24,82.33
729,2024/1/1 3:50,23,29,63.1
730,2024/1/1 3:50,23,20.5,54.3
731,2024/1/1 3:50,23,12,45.5
732,2024/1/1 3:50,23,22,80
733,2024/1/1 3:50,23,9,63.22
734,2024/1/1 3:50,23,22,45.73
735,2024/1/1 3:50,23,14,102.86
736,2024/1/1 3:50,23,16,87.75
737,2024/1/1 3:50,23,24,68.92
738,2024/1/1 3:50,23,30,44.7
739,2024/1/1 3:50,23,14,53.5
740,2024/1/1 3:50,23,13,76.77
741,2024/1/1 3:50,23,9.5,95.64
742,2024/1/1 3:50,23,6,114.5
743,2024/1/1 3:50,23,5.56,107.83
744,2024/1/1 3:50,23,5.11,101.17
745,2024/1/1 3:50,23,4.67,94.5
746,2024/1/1 3:50,23,4.22,87.83
747,2024/1/1 3:50,23,3.78,81.17
748,2024/1/1 3:50,23,3.33,74.5
749,2024/1/1 3:50,23,2.89,67.83
750,2024/1/1 3:50,23,2.44,61.17
751,2024/1/1 3:50,23,2,54.5
752,2024/1/1 3:50,23,2.06,55.9
753,2024/1/1 3:50,23,2.12,57.3
754,2024/1/1 3:50,23,2.18,58.71
755,2024/1/1 3:50,23,2.24,60.11
756,2024/1/1 3:50,23,2.29,61.51
757,2024/1/1 3:50,23,2.35,62.91
758,2024/1/1 3:50,23,2.41,64.31
759,2024/1/1 3:50,23,2.47,65.71
760,2024/1/1 3:50,23,2.53,67.12
761,2024/1/1 3:50,23,2.59,68.52
762,2024/1/1 3:50,23,2.65,69.92
763,2024/1/1 3:50,23,2.71,71.32
764,2024/1/1 3:50,23,2.76,72.72
765,2024/1/1 3:50,23,2.82,74.12
766,2024/1/1 3:50,23,2.88,75.53
767,2024/1/1 3:50,23,2.94,76.93
768,2024/1/1 3:50,23,3,78.33
769,2024/1/1 3:50,23,3,93.33
770,2024/1/1 3:50,23,19,61.05
771,2024/1/1 3:50,23,17.5,54.65
772,2024/1/1 3:50,23,16,48.25
773,2024/1/1 3:50,23,10,67.4
774,2024/1/1 3:50,23,12,70.81
775,2024/1/1 3:50,23,14,74.21
776,2024/1/1 3:50,23,18,56.78
777,2024/1/1 3:50,23,11,70.91
778,2024/1/1 3:50,23,15,68.27
779,2024/1/1 3:50,23,31,49.32
780,2024/1/1 3:50,23,10,55.5
781,2024/1/1 3:50,23,1,
782,2024/1/1 3:50,23,0,
783,2024/1/1 3:50,23,11,45.55
784,2024/1/1 3:50,23,7,70.57
785,2024/1/1 3:50,23,6,50
786,2024/1/1 3:50,23,28,73.14
787,2024/1/1 3:50,23,22,105.41
788,2024/1/1 3:50,23,17,88.35
789,2024/1/1 3:50,23,16,61.5
790,2024/1/1 3:50,23,17,81.59
791,2024/1/1 3:50,23,12,63.67
792,2024/1/1 3:50,23,10.5,44.62
793,2024/1/1 3:50,23,5.25,22.31
794,2024/1/1 3:50,23,3.75,30.83
795,2024/1/1 3:50,23,1.88,15.41
796,2024/1/1 3:50,23,0.94,7.71
797,2024/1/1 3:50,23,0.47,3.85
798,2024/1/1 3:50,23,0.23,1.93
799,2024/1/1 3:50,23,0.12,0.96
800,2024/1/1 3:50,23,0.06,0.48
801,2024/1/1 3:50,23,0.03,0.24
802,2024/1/1 3:50,23,0.01,0.12
803,2024/1/1 3:50,23,0.01,0.06
804,2024/1/1 3:50,23,0,0.02
805,2024/1/1 3:50,23,0,0.01
806,2024/1/1 3:50,23,1.25,27.3
807,2024/1/1 3:50,23,2.5,54.6
808,2024/1/1 3:50,23,0,0.01
809,2024/1/1 3:50,23,2.91,4.93
810,2024/1/1 3:50,23,5.82,9.86
811,2024/1/1 3:50,23,8.73,14.78
812,2024/1/1 3:50,23,11.64,19.7
813,2024/1/1 3:50,23,14.55,24.63
814,2024/1/1 3:50,23,17.45,29.55
815,2024/1/1 3:50,23,20.36,34.48
816,2024/1/1 3:50,23,23.27,39.4
817,2024/1/1 3:50,23,26.18,44.32
818,2024/1/1 3:50,23,29.09,49.25
819,2024/1/1 3:50,23,32,54.17
820,2024/1/1 3:50,23,32.19,54.95
821,2024/1/1 3:50,23,32.38,55.73
822,2024/1/1 3:50,23,32.56,56.51
823,2024/1/1 3:50,23,32.75,57.28
824,2024/1/1 3:50,23,32.94,58.06
825,2024/1/1 3:50,23,33.12,58.84
826,2024/1/1 3:50,23,33.31,59.62
827,2024/1/1 3:50,23,33.5,60.4
828,2024/1/1 3:50,23,30.5,56.46
829,2024/1/1 3:50,23,15.25,28.23
830,2024/1/1 3:50,23,7.62,14.12
831,2024/1/1 3:50,23,3.81,7.06
832,2024/1/1 3:50,23,1.91,3.53
833,2024/1/1 3:50,23,0.95,1.76
834,2024/1/1 3:50,23,0.48,0.88
835,2024/1/1 3:50,23,0.24,0.44
836,2024/1/1 3:50,23,0.12,0.22
837,2024/1/1 3:50,23,0.03,0.06
838,2024/1/1 3:50,23,0.01,0.03
839,2024/1/1 3:50,23,0,0.01
840,2024/1/1 3:50,23,1.41,3.39
841,2024/1/1 3:50,23,2.82,6.76
842,2024/1/1 3:50,23,4.23,10.14
843,2024/1/1 3:50,23,5.64,13.52
844,2024/1/1 3:50,23,7.05,16.89
845,2024/1/1 3:50,23,8.45,20.27
846,2024/1/1 3:50,23,9.86,23.64
847,2024/1/1 3:50,23,11.27,27.02
848,2024/1/1 3:50,23,12.68,30.4
849,2024/1/1 3:50,23,14.09,33.77
850,2024/1/1 3:50,23,15.5,37.15
851,2024/1/1 3:50,23,13,65.21
852,2024/1/1 3:50,23,6.5,32.6
853,2024/1/1 3:50,23,3.25,16.3
854,2024/1/1 3:50,23,1.62,8.15
855,2024/1/1 3:50,23,0.81,4.08
856,2024/1/1 3:50,23,0.41,2.04
857,2024/1/1 3:50,23,0.2,1.02
858,2024/1/1 3:50,23,0.1,0.51
859,2024/1/1 3:50,23,0.05,0.25
860,2024/1/1 3:50,23,0.03,0.13
861,2024/1/1 3:50,23,0.01,0.06
862,2024/1/1 3:50,23,0.02,0.06
863,2024/1/1 3:50,23,0.02,0.03
864,2024/1/1 3:50,23,14,40.04
865,2024/1/1 3:50,23,7,20.02
866,2024/1/1 3:50,23,3.5,10.01
867,2024/1/1 3:50,23,1.17,3.34
868,2024/1/1 3:50,23,0.59,1.67
869,2024/1/1 3:50,23,0.58,1.67
870,2024/1/1 3:50,23,24.67,60.31
871,2024/1/1 3:50,23,12.33,30.16
872,2024/1/1 3:50,23,6.17,15.08
873,2024/1/1 3:50,23,3.08,7.54
874,2024/1/1 3:50,23,1.54,3.77
875,2024/1/1 3:50,23,0.77,1.88
876,2024/1/1 3:50,23,0.39,0.94
877,2024/1/1 3:50,23,0.19,0.47
878,2024/1/1 3:50,23,0.1,0.24
879,2024/1/1 3:50,23,16.05,46.34
880,2024/1/1 3:50,23,32,84.57
881,2024/1/1 3:50,23,17,40.62
882,2024/1/1 3:50,23,8.5,20.31
883,2024/1/1 3:50,23,4.25,10.16
884,2024/1/1 3:50,23,2.12,5.08
885,2024/1/1 3:50,23,1.06,2.54
886,2024/1/1 3:50,23,14.53,41.3
887,2024/1/1 3:50,23,14,37.52
888,2024/1/1 3:50,23,7,18.76
889,2024/1/1 3:50,23,3.5,9.38
890,2024/1/1 3:50,23,1.75,4.69
891,2024/1/1 3:50,23,15.38,46.42
892,2024/1/1 3:50,23,17,42.4
893,2024/1/1 3:50,23,8.5,21.2
894,2024/1/1 3:50,23,4.25,10.6
895,2024/1/1 3:50,23,2.12,5.3
896,2024/1/1 3:50,23,17.06,43.37
897,2024/1/1 3:50,23,42.5,30.24
898,2024/1/1 3:50,23,21.25,15.12
899,2024/1/1 3:50,23,10.62,7.56
900,2024/1/1 3:50,23,38.81,47.65
901,2024/1/1 3:50,23,34,40.33
902,2024/1/1 3:50,23,17,20.17
903,2024/1/1 3:50,23,8.5,10.08
904,2024/1/1 3:50,23,38.25,33.89
905,2024/1/1 3:50,23,20.25,36.59
906,2024/1/1 3:50,23,10.12,18.3
907,2024/1/1 3:50,23,5.06,9.15
908,2024/1/1 3:50,23,2.53,4.57
909,2024/1/1 3:50,23,1.27,2.29
910,2024/1/1 3:50,23,0.63,1.14
911,2024/1/1 3:50,23,0.32,0.57
912,2024/1/1 3:50,23,14.66,41.17
913,2024/1/1 3:50,23,7.67,28.43
914,2024/1/1 3:50,23,3.83,14.22
915,2024/1/1 3:50,23,1.92,7.11
916,2024/1/1 3:50,23,0.96,3.55
917,2024/1/1 3:50,23,0.48,1.78
918,2024/1/1 3:50,23,0.24,0.89
919,2024/1/1 3:50,23,0.12,0.44
920,2024/1/1 3:50,23,14.06,39.06
921,2024/1/1 3:50,23,23,29.69
922,2024/1/1 3:50,23,11,36.58
923,2024/1/1 3:50,23,5.5,18.29
924,2024/1/1 3:50,23,7.75,36.9
925,2024/1/1 3:50,23,5.5,22.78
926,2024/1/1 3:50,23,2.75,11.39
927,2024/1/1 3:50,23,4.44,30.43
928,2024/1/1 3:50,23,45.48,
929,2024/1/1 3:50,23,0,
930,2024/1/1 3:50,23,0,
931,2024/1/1 3:50,23,0,
932,2024/1/1 3:50,23,0,
933,2024/1/1 3:50,23,0,
934,2024/1/1 3:50,23,19.5,34.79
935,2024/1/1 3:50,23,9.75,17.4
936,2024/1/1 3:50,23,4.88,8.7
937,2024/1/1 3:50,23,5.44,29.35
938,2024/1/1 3:50,23,9.5,38.71
939,2024/1/1 3:50,23,4.75,19.36
940,2024/1/1 3:50,23,2.38,9.68
941,2024/1/1 3:50,23,12.69,46.14
942,2024/1/1 3:50,23,16,37.83
943,2024/1/1 3:50,23,8,18.92
944,2024/1/1 3:50,23,4,9.46
945,2024/1/1 3:50,23,30,46.29
946,2024/1/1 3:50,23,19,42.63
947,2024/1/1 3:50,23,9.5,21.32
948,2024/1/1 3:50,23,4.75,10.66
949,2024/1/1 3:50,23,2.38,5.33
950,2024/1/1 3:50,23,1.19,2.66
951,2024/1/1 3:50,23,0.59,1.33
952,2024/1/1 3:50,23,35.8,46.22
953,2024/1/1 3:50,23,34.5,46
954,2024/1/1 3:50,23,17.25,23
955,2024/1/1 3:50,23,8.62,11.5
956,2024/1/1 3:50,23,4.31,5.75
957,2024/1/1 3:50,23,2.16,2.88
958,2024/1/1 3:50,23,1.08,1.44
959,2024/1/1 3:50,23,35.04,44.38
960,2024/1/1 3:50,23,47.5,35.53
961,2024/1/1 3:50,23,23.75,17.76
962,2024/1/1 3:50,23,11.88,8.88
963,2024/1/1 3:50,23,5.94,4.44
964,2024/1/1 3:50,23,2.97,2.22
965,2024/1/1 3:50,23,1.48,1.11
966,2024/1/1 3:50,23,29.24,25.52
967,2024/1/1 3:50,23,23.5,32.1
968,2024/1/1 3:50,23,11.75,16.05
969,2024/1/1 3:50,23,5.88,8.02
970,2024/1/1 3:50,23,2.94,4.01
971,2024/1/1 3:50,23,1.47,2.01
972,2024/1/1 3:50,23,0.73,1
973,2024/1/1 3:50,23,0.37,0.5
974,2024/1/1 3:50,23,35.68,37.44
975,2024/1/1 3:50,23,1,24
976,2024/1/1 3:50,23,0.5,12
977,2024/1/1 3:50,23,0.25,6
978,2024/1/1 3:50,23,0.12,3
979,2024/1/1 3:50,23,0.06,1.5
980,2024/1/1 3:50,23,0.03,0.75
981,2024/1/1 3:50,23,9.34,31.73
982,2024/1/1 3:50,23,4.67,15.86
983,2024/1/1 3:50,23,2.34,7.93
984,2024/1/1 3:50,23,1.17,3.97
985,2024/1/1 3:50,23,16.72,60.23
986,2024/1/1 3:50,23,29.5,35.88
987,2024/1/1 3:50,23,14.75,17.94
988,2024/1/1 3:50,23,7.38,8.97
989,2024/1/1 3:50,23,3.69,4.48
990,2024/1/1 3:50,23,64.34,36.53
991,2024/1/1 3:50,23,52,33.57
992,2024/1/1 3:50,23,26,16.78
993,2024/1/1 3:50,23,13,8.39
994,2024/1/1 3:50,23,6.5,4.2
995,2024/1/1 3:50,23,23.5,18.77
996,2024/1/1 3:50,23,53.33,53.2
997,2024/1/1 3:50,23,26.67,26.6
998,2024/1/1 3:50,23,13.33,13.3
999,2024/1/1 3:50,23,8.44,33.41
1000,2024/1/1 3:50,23,10.67,31.05
1001,2024/1/1 3:50,23,5.33,15.53
1002,2024/1/1 3:50,23,2.67,7.76
1003,2024/1/1 3:50,23,1.33,3.88
1004,2024/1/1 3:50,23,0.67,1.94
1005,2024/1/1 3:50,23,40.56,56.94
1006,2024/1/1 3:50,23,64,75.12
2,2024/1/1 4:00,24,24,68.29
3,2024/1/1 4:00,24,20,78.95
4,2024/1/1 4:00,24,30,76.93
5,2024/1/1 4:00,24,29,75.41
6,2024/1/1 4:00,24,32,92.22
7,2024/1/1 4:00,24,36,59.06
8,2024/1/1 4:00,24,25,69.12
9,2024/1/1 4:00,24,19,83.16
10,2024/1/1 4:00,24,48,68.52
11,2024/1/1 4:00,24,79,71.62
12,2024/1/1 4:00,24,91,67.43
13,2024/1/1 4:00,24,97,60.11
14,2024/1/1 4:00,24,59,69.25
15,2024/1/1 4:00,24,56,73.12
16,2024/1/1 4:00,24,47,63.06
17,2024/1/1 4:00,24,31,71.71
18,2024/1/1 4:00,24,73,63.29
19,2024/1/1 4:00,24,61,72.59
20,2024/1/1 4:00,24,57.5,63.36
21,2024/1/1 4:00,24,54,54.13
22,2024/1/1 4:00,24,33,77.21
23,2024/1/1 4:00,24,41,73.32
24,2024/1/1 4:00,24,90,60.06
25,2024/1/1 4:00,24,78,87.1
26,2024/1/1 4:00,24,62,82.48
27,2024/1/1 4:00,24,64,95.83
28,2024/1/1 4:00,24,68,96.01
29,2024/1/1 4:00,24,65,84.65
30,2024/1/1 4:00,24,65,75.58
31,2024/1/1 4:00,24,43.5,81.5
32,2024/1/1 4:00,24,22,87.41
33,2024/1/1 4:00,24,22,92.68
34,2024/1/1 4:00,24,22,88.14
35,2024/1/1 4:00,24,25,83.56
36,2024/1/1 4:00,24,30,103.43
37,2024/1/1 4:00,24,41,92.15
38,2024/1/1 4:00,24,56,53.43
39,2024/1/1 4:00,24,41,64.31
40,2024/1/1 4:00,24,26,75.19
41,2024/1/1 4:00,24,44,42.41
42,2024/1/1 4:00,24,46.5,45.64
43,2024/1/1 4:00,24,49,48.88
44,2024/1/1 4:00,24,49,60.61
45,2024/1/1 4:00,24,33,68.3
46,2024/1/1 4:00,24,39,79.05
47,2024/1/1 4:00,24,42,69.26
48,2024/1/1 4:00,24,38,72.39
49,2024/1/1 4:00,24,28,77.57
50,2024/1/1 4:00,24,80,62.49
51,2024/1/1 4:00,24,58,53.72
52,2024/1/1 4:00,24,48,84.23
53,2024/1/1 4:00,24,32,71.94
54,2024/1/1 4:00,24,29,81.17
55,2024/1/1 4:00,24,31,63.84
56,2024/1/1 4:00,24,34,78.38
57,2024/1/1 4:00,24,37,82.16
58,2024/1/1 4:00,24,34,59.06
59,2024/1/1 4:00,24,20,70.85
60,2024/1/1 4:00,24,17,67.18
61,2024/1/1 4:00,24,5,96.4
62,2024/1/1 4:00,24,8,60
63,2024/1/1 4:00,24,46,88.74
64,2024/1/1 4:00,24,53,97.53
65,2024/1/1 4:00,24,66,100.55
66,2024/1/1 4:00,24,62,96.13
67,2024/1/1 4:00,24,74,89.95
68,2024/1/1 4:00,24,69,89.06
69,2024/1/1 4:00,24,30,104.2
70,2024/1/1 4:00,24,31,91.52
71,2024/1/1 4:00,24,28,87.07
72,2024/1/1 4:00,24,22,79.64
73,2024/1/1 4:00,24,15,78.67
74,2024/1/1 4:00,24,26,94.35
75,2024/1/1 4:00,24,33,82.64
76,2024/1/1 4:00,24,40,91.4
77,2024/1/1 4:00,24,79,104.42
78,2024/1/1 4:00,24,66,88.06
79,2024/1/1 4:00,24,53,95.47
80,2024/1/1 4:00,24,57,99.61
81,2024/1/1 4:00,24,30,78.67
82,2024/1/1 4:00,24,30,77.6
83,2024/1/1 4:00,24,51,97.73
84,2024/1/1 4:00,24,36,82.72
85,2024/1/1 4:00,24,15,75.67
86,2024/1/1 4:00,24,19.5,76.53
87,2024/1/1 4:00,24,24,77.38
88,2024/1/1 4:00,24,44,82.14
89,2024/1/1 4:00,24,33,103.61
90,2024/1/1 4:00,24,49.5,93.74
91,2024/1/1 4:00,24,66,83.88
92,2024/1/1 4:00,24,79,96.33
93,2024/1/1 4:00,24,89,105.66
94,2024/1/1 4:00,24,88,97.12
95,2024/1/1 4:00,24,90,93.91
96,2024/1/1 4:00,24,65,86.38
97,2024/1/1 4:00,24,61,80.64
98,2024/1/1 4:00,24,84,89.57
99,2024/1/1 4:00,24,23,96.52
100,2024/1/1 4:00,24,12,72.33
101,2024/1/1 4:00,24,7,65.71
102,2024/1/1 4:00,24,29,91.03
103,2024/1/1 4:00,24,31.5,105.25
104,2024/1/1 4:00,24,34,119.47
105,2024/1/1 4:00,24,32,103.59
106,2024/1/1 4:00,24,50,109.96
107,2024/1/1 4:00,24,53,97.32
108,2024/1/1 4:00,24,50,111.7
109,2024/1/1 4:00,24,61,98.93
110,2024/1/1 4:00,24,66,104.38
111,2024/1/1 4:00,24,32,96.97
112,2024/1/1 4:00,24,28,127.79
113,2024/1/1 4:00,24,29,103.83
114,2024/1/1 4:00,24,30,100
115,2024/1/1 4:00,24,35,95.4
116,2024/1/1 4:00,24,35,98.26
117,2024/1/1 4:00,24,32,121.5
118,2024/1/1 4:00,24,32,92.06
119,2024/1/1 4:00,24,26,99.96
120,2024/1/1 4:00,24,24,118.71
121,2024/1/1 4:00,24,27,115.11
122,2024/1/1 4:00,24,12,106.17
123,2024/1/1 4:00,24,12,127.08
124,2024/1/1 4:00,24,18,83.11
125,2024/1/1 4:00,24,50,109.38
126,2024/1/1 4:00,24,30,100.6
127,2024/1/1 4:00,24,36,102.81
128,2024/1/1 4:00,24,68,123.72
129,2024/1/1 4:00,24,63,124.27
130,2024/1/1 4:00,24,52,116.63
131,2024/1/1 4:00,24,54,115.67
132,2024/1/1 4:00,24,46,110.52
133,2024/1/1 4:00,24,9,96.67
134,2024/1/1 4:00,24,22,93.27
135,2024/1/1 4:00,24,16,70.5
136,2024/1/1 4:00,24,7,82.29
137,2024/1/1 4:00,24,5,83
138,2024/1/1 4:00,24,18,84.22
139,2024/1/1 4:00,24,23,85.61
140,2024/1/1 4:00,24,57,91.12
141,2024/1/1 4:00,24,66,93.06
142,2024/1/1 4:00,24,38,93.21
143,2024/1/1 4:00,24,54,84.39
144,2024/1/1 4:00,24,79,82.53
145,2024/1/1 4:00,24,50,69.36
146,2024/1/1 4:00,24,39,77.1
147,2024/1/1 4:00,24,37,91.65
148,2024/1/1 4:00,24,36,88.53
149,2024/1/1 4:00,24,35,75.74
150,2024/1/1 4:00,24,28,77.29
151,2024/1/1 4:00,24,27,61.59
152,2024/1/1 4:00,24,26,78.23
153,2024/1/1 4:00,24,10,79.4
154,2024/1/1 4:00,24,14,88.64
155,2024/1/1 4:00,24,21,93.48
156,2024/1/1 4:00,24,34,94.41
157,2024/1/1 4:00,24,4,56.5
158,2024/1/1 4:00,24,7,59.57
159,2024/1/1 4:00,24,23,76.39
160,2024/1/1 4:00,24,25,86.8
161,2024/1/1 4:00,24,29,43.48
162,2024/1/1 4:00,24,22,80.45
163,2024/1/1 4:00,24,20,76.6
164,2024/1/1 4:00,24,37,60.65
165,2024/1/1 4:00,24,37,77.32
166,2024/1/1 4:00,24,37,75.81
167,2024/1/1 4:00,24,5,80.4
168,2024/1/1 4:00,24,53,81.4
169,2024/1/1 4:00,24,45,76.49
170,2024/1/1 4:00,24,78,84.78
171,2024/1/1 4:00,24,84,83.79
172,2024/1/1 4:00,24,59,87.73
173,2024/1/1 4:00,24,73,94.29
174,2024/1/1 4:00,24,74,86.27
175,2024/1/1 4:00,24,48,74
176,2024/1/1 4:00,24,13,85.69
177,2024/1/1 4:00,24,13,86.08
178,2024/1/1 4:00,24,24,79.47
179,2024/1/1 4:00,24,35,72.86
180,2024/1/1 4:00,24,24.5,70
181,2024/1/1 4:00,24,14,67.14
182,2024/1/1 4:00,24,33,64.12
183,2024/1/1 4:00,24,93,72.09
184,2024/1/1 4:00,24,61,64.46
185,2024/1/1 4:00,24,56.33,67.43
186,2024/1/1 4:00,24,51.67,70.39
187,2024/1/1 4:00,24,47,73.36
188,2024/1/1 4:00,24,27,72.81
189,2024/1/1 4:00,24,32,65.59
190,2024/1/1 4:00,24,59,79.66
191,2024/1/1 4:00,24,50,65.6
192,2024/1/1 4:00,24,49.5,77.26
193,2024/1/1 4:00,24,49,88.92
194,2024/1/1 4:00,24,60,70.43
195,2024/1/1 4:00,24,39,63.62
196,2024/1/1 4:00,24,54,87.33
197,2024/1/1 4:00,24,45,93.4
198,2024/1/1 4:00,24,88,89.02
199,2024/1/1 4:00,24,56,90.05
200,2024/1/1 4:00,24,35,89.14
201,2024/1/1 4:00,24,70,86.4
202,2024/1/1 4:00,24,82,64.39
203,2024/1/1 4:00,24,55,66.35
204,2024/1/1 4:00,24,36,82.92
205,2024/1/1 4:00,24,51,96
206,2024/1/1 4:00,24,32,94.12
207,2024/1/1 4:00,24,41,82.61
208,2024/1/1 4:00,24,39,73.79
209,2024/1/1 4:00,24,35,79.17
210,2024/1/1 4:00,24,22,82.77
211,2024/1/1 4:00,24,18,83.56
212,2024/1/1 4:00,24,47,84.6
213,2024/1/1 4:00,24,27,81.26
214,2024/1/1 4:00,24,79,79.8
215,2024/1/1 4:00,24,56,82.82
216,2024/1/1 4:00,24,67,77.15
217,2024/1/1 4:00,24,74,87.88
218,2024/1/1 4:00,24,67,87.37
219,2024/1/1 4:00,24,64,83.23
220,2024/1/1 4:00,24,52,81.73
221,2024/1/1 4:00,24,46,84.61
222,2024/1/1 4:00,24,33,81.48
223,2024/1/1 4:00,24,39,66.08
224,2024/1/1 4:00,24,46,66.37
225,2024/1/1 4:00,24,37,82.78
226,2024/1/1 4:00,24,60,64.48
227,2024/1/1 4:00,24,43,70.84
228,2024/1/1 4:00,24,28,64.04
229,2024/1/1 4:00,24,27,66.26
230,2024/1/1 4:00,24,42,73.88
231,2024/1/1 4:00,24,29,88.97
232,2024/1/1 4:00,24,46.33,79.58
233,2024/1/1 4:00,24,63.67,70.19
234,2024/1/1 4:00,24,81,60.8
235,2024/1/1 4:00,24,107,74
236,2024/1/1 4:00,24,48,50.67
237,2024/1/1 4:00,24,10,60
238,2024/1/1 4:00,24,11,57.91
239,2024/1/1 4:00,24,13,57.76
240,2024/1/1 4:00,24,15,57.6
241,2024/1/1 4:00,24,5,17
242,2024/1/1 4:00,24,13,76.15
243,2024/1/1 4:00,24,57,80.54
244,2024/1/1 4:00,24,55,78.78
245,2024/1/1 4:00,24,90,68.9
246,2024/1/1 4:00,24,75,59.59
247,2024/1/1 4:00,24,64,55.41
248,2024/1/1 4:00,24,53,51.23
249,2024/1/1 4:00,24,36,67.64
250,2024/1/1 4:00,24,43,78.56
251,2024/1/1 4:00,24,43,73.56
252,2024/1/1 4:00,24,58,68.57
253,2024/1/1 4:00,24,104,75.12
254,2024/1/1 4:00,24,67,68.82
255,2024/1/1 4:00,24,75,71.32
256,2024/1/1 4:00,24,83,73.83
257,2024/1/1 4:00,24,62,65.24
258,2024/1/1 4:00,24,64,78.94
259,2024/1/1 4:00,24,59,75.86
260,2024/1/1 4:00,24,59,76.78
261,2024/1/1 4:00,24,45,61.2
262,2024/1/1 4:00,24,62,79.98
263,2024/1/1 4:00,24,56,56.89
264,2024/1/1 4:00,24,47,74.94
265,2024/1/1 4:00,24,52,62.83
266,2024/1/1 4:00,24,48,74.42
267,2024/1/1 4:00,24,43,56.44
268,2024/1/1 4:00,24,60,71.62
269,2024/1/1 4:00,24,65,77.45
270,2024/1/1 4:00,24,64,84.11
271,2024/1/1 4:00,24,52.5,82.69
272,2024/1/1 4:00,24,41,81.27
273,2024/1/1 4:00,24,20,71.45
274,2024/1/1 4:00,24,45,70.84
275,2024/1/1 4:00,24,47,68.87
276,2024/1/1 4:00,24,71,71.11
277,2024/1/1 4:00,24,63.5,72.82
278,2024/1/1 4:00,24,56,74.54
279,2024/1/1 4:00,24,49,71.9
280,2024/1/1 4:00,24,42,69.26
281,2024/1/1 4:00,24,44,63.59
282,2024/1/1 4:00,24,62,64.45
283,2024/1/1 4:00,24,47,66.89
284,2024/1/1 4:00,24,46,77.74
285,2024/1/1 4:00,24,64,68.88
286,2024/1/1 4:00,24,69,71.04
287,2024/1/1 4:00,24,62,71.1
288,2024/1/1 4:00,24,55,71.16
289,2024/1/1 4:00,24,52,64.88
290,2024/1/1 4:00,24,57,71.37
291,2024/1/1 4:00,24,69,71.9
292,2024/1/1 4:00,24,70,69.51
293,2024/1/1 4:00,24,72,81.11
294,2024/1/1 4:00,24,43,75.26
295,2024/1/1 4:00,24,46,68.78
296,2024/1/1 4:00,24,44,66.91
297,2024/1/1 4:00,24,60,66.28
298,2024/1/1 4:00,24,56,55.46
299,2024/1/1 4:00,24,53.5,56.04
300,2024/1/1 4:00,24,51,56.61
301,2024/1/1 4:00,24,127,71.18
302,2024/1/1 4:00,24,72,80.9
303,2024/1/1 4:00,24,60,89.65
304,2024/1/1 4:00,24,42.5,69.34
305,2024/1/1 4:00,24,25,49.04
306,2024/1/1 4:00,24,31,77.48
307,2024/1/1 4:00,24,30,108.33
308,2024/1/1 4:00,24,36,91.03
309,2024/1/1 4:00,24,34,108.91
310,2024/1/1 4:00,24,39,98.41
311,2024/1/1 4:00,24,36,110.06
312,2024/1/1 4:00,24,30,121.33
313,2024/1/1 4:00,24,31,110
314,2024/1/1 4:00,24,29,108.52
315,2024/1/1 4:00,24,30,100.7
316,2024/1/1 4:00,24,30,99.9
317,2024/1/1 4:00,24,32,88.12
318,2024/1/1 4:00,24,29,101.9
319,2024/1/1 4:00,24,27,103.96
320,2024/1/1 4:00,24,23,100.22
321,2024/1/1 4:00,24,23,110.91
322,2024/1/1 4:00,24,47,99.64
323,2024/1/1 4:00,24,43,95.91
324,2024/1/1 4:00,24,36,99.86
325,2024/1/1 4:00,24,12,85.5
326,2024/1/1 4:00,24,8,105.38
327,2024/1/1 4:00,24,9,97.56
328,2024/1/1 4:00,24,13,88.77
329,2024/1/1 4:00,24,8,55.38
330,2024/1/1 4:00,24,3,22
331,2024/1/1 4:00,24,12,99.67
332,2024/1/1 4:00,24,33,93.73
333,2024/1/1 4:00,24,27,98.56
334,2024/1/1 4:00,24,27,102.93
335,2024/1/1 4:00,24,31,109.19
336,2024/1/1 4:00,24,34,96.38
337,2024/1/1 4:00,24,33,96.24
338,2024/1/1 4:00,24,27,107.56
339,2024/1/1 4:00,24,22,93.64
340,2024/1/1 4:00,24,19,103.42
341,2024/1/1 4:00,24,29,105.55
342,2024/1/1 4:00,24,37,103.89
343,2024/1/1 4:00,24,39,108.41
344,2024/1/1 4:00,24,45,110.04
345,2024/1/1 4:00,24,37,113.38
346,2024/1/1 4:00,24,34,116.53
347,2024/1/1 4:00,24,29,118.48
348,2024/1/1 4:00,24,33,110.21
349,2024/1/1 4:00,24,29,97.86
350,2024/1/1 4:00,24,40,103.38
351,2024/1/1 4:00,24,11,78.27
352,2024/1/1 4:00,24,12,62.83
353,2024/1/1 4:00,24,12,82
354,2024/1/1 4:00,24,5,80.6
355,2024/1/1 4:00,24,4,87.5
356,2024/1/1 4:00,24,34,69.12
357,2024/1/1 4:00,24,29,73.69
358,2024/1/1 4:00,24,25,79.2
359,2024/1/1 4:00,24,36,75.19
360,2024/1/1 4:00,24,32,84
361,2024/1/1 4:00,24,33,89.06
362,2024/1/1 4:00,24,21,98.76
363,2024/1/1 4:00,24,38.5,84.93
364,2024/1/1 4:00,24,56,71.09
365,2024/1/1 4:00,24,50.67,77.42
366,2024/1/1 4:00,24,45.33,83.75
367,2024/1/1 4:00,24,40,90.08
368,2024/1/1 4:00,24,85,89.81
369,2024/1/1 4:00,24,79.5,90
370,2024/1/1 4:00,24,74,90.18
371,2024/1/1 4:00,24,61,73.36
372,2024/1/1 4:00,24,57,88.25
373,2024/1/1 4:00,24,83,98.57
374,2024/1/1 4:00,24,73,109.53
375,2024/1/1 4:00,24,69,95.78
376,2024/1/1 4:00,24,58,92.57
377,2024/1/1 4:00,24,49,102.04
378,2024/1/1 4:00,24,59,95.44
379,2024/1/1 4:00,24,50,93.04
380,2024/1/1 4:00,24,21,81.29
381,2024/1/1 4:00,24,19,92.68
382,2024/1/1 4:00,24,26,81.54
383,2024/1/1 4:00,24,5,92
384,2024/1/1 4:00,24,15,43.47
385,2024/1/1 4:00,24,15,89.53
386,2024/1/1 4:00,24,5,71
387,2024/1/1 4:00,24,16,66.44
388,2024/1/1 4:00,24,72,76.1
389,2024/1/1 4:00,24,72,94.26
390,2024/1/1 4:00,24,62,103.65
391,2024/1/1 4:00,24,47,79.74
392,2024/1/1 4:00,24,43,99.53
393,2024/1/1 4:00,24,62,113.52
394,2024/1/1 4:00,24,62,104.87
395,2024/1/1 4:00,24,91,99.34
396,2024/1/1 4:00,24,46.5,94.42
397,2024/1/1 4:00,24,2,89.5
398,2024/1/1 4:00,24,2,77
399,2024/1/1 4:00,24,2,50
400,2024/1/1 4:00,24,1,63
401,2024/1/1 4:00,24,3,66.33
402,2024/1/1 4:00,24,4,80.5
403,2024/1/1 4:00,24,3,50
404,2024/1/1 4:00,24,1,92
405,2024/1/1 4:00,24,1,98
406,2024/1/1 4:00,24,1,77
407,2024/1/1 4:00,24,1,99
408,2024/1/1 4:00,24,2,
409,2024/1/1 4:00,24,0,
410,2024/1/1 4:00,24,0,
411,2024/1/1 4:00,24,0,
412,2024/1/1 4:00,24,1,53
413,2024/1/1 4:00,24,2,107.5
414,2024/1/1 4:00,24,2,65.5
415,2024/1/1 4:00,24,15,
416,2024/1/1 4:00,24,7.5,
417,2024/1/1 4:00,24,0,
418,2024/1/1 4:00,24,0,
419,2024/1/1 4:00,24,0,
420,2024/1/1 4:00,24,0,
421,2024/1/1 4:00,24,1,
422,2024/1/1 4:00,24,0,
423,2024/1/1 4:00,24,2,74.5
424,2024/1/1 4:00,24,1,75
425,2024/1/1 4:00,24,2,100
426,2024/1/1 4:00,24,1,
427,2024/1/1 4:00,24,0,
428,2024/1/1 4:00,24,0,
429,2024/1/1 4:00,24,0,
430,2024/1/1 4:00,24,3,91
431,2024/1/1 4:00,24,3,
432,2024/1/1 4:00,24,1.5,
433,2024/1/1 4:00,24,0,
434,2024/1/1 4:00,24,27,
435,2024/1/1 4:00,24,54,
436,2024/1/1 4:00,24,81,80.86
437,2024/1/1 4:00,24,35,71.06
438,2024/1/1 4:00,24,36,80.75
439,2024/1/1 4:00,24,32,84.62
440,2024/1/1 4:00,24,28,88.5
441,2024/1/1 4:00,24,37,63.97
442,2024/1/1 4:00,24,54,71.46
443,2024/1/1 4:00,24,54.67,70.71
444,2024/1/1 4:00,24,55.33,69.95
445,2024/1/1 4:00,24,56,69.2
446,2024/1/1 4:00,24,68,64.63
447,2024/1/1 4:00,24,51,71.78
448,2024/1/1 4:00,24,57,78.6
449,2024/1/1 4:00,24,19,75.68
450,2024/1/1 4:00,24,18,78.56
451,2024/1/1 4:00,24,56,63.59
452,2024/1/1 4:00,24,44,79.57
453,2024/1/1 4:00,24,38,92.87
454,2024/1/1 4:00,24,66,72.61
455,2024/1/1 4:00,24,19,67.16
456,2024/1/1 4:00,24,44,75.45
457,2024/1/1 4:00,24,29,80.34
458,2024/1/1 4:00,24,24,81.62
459,2024/1/1 4:00,24,35,78.06
460,2024/1/1 4:00,24,23,91.43
461,2024/1/1 4:00,24,23,99.22
462,2024/1/1 4:00,24,27,89.93
463,2024/1/1 4:00,24,28,100.32
464,2024/1/1 4:00,24,17,82
465,2024/1/1 4:00,24,11,82.55
466,2024/1/1 4:00,24,44,83.94
467,2024/1/1 4:00,24,77,85.32
468,2024/1/1 4:00,24,103,77.45
469,2024/1/1 4:00,24,116,72.85
470,2024/1/1 4:00,24,100.5,80.04
471,2024/1/1 4:00,24,85,87.24
472,2024/1/1 4:00,24,21,81
473,2024/1/1 4:00,24,18,87.22
474,2024/1/1 4:00,24,24,81.17
475,2024/1/1 4:00,24,30,79.93
476,2024/1/1 4:00,24,36,78.67
477,2024/1/1 4:00,24,32,82.12
478,2024/1/1 4:00,24,52,76.88
479,2024/1/1 4:00,24,45,94.73
480,2024/1/1 4:00,24,45,78.04
481,2024/1/1 4:00,24,45,76.73
482,2024/1/1 4:00,24,65,78.78
483,2024/1/1 4:00,24,63,71.3
484,2024/1/1 4:00,24,44,71.86
485,2024/1/1 4:00,24,1111,2.5
486,2024/1/1 4:00,24,98,90.8
487,2024/1/1 4:00,24,93,83.77
488,2024/1/1 4:00,24,98,75.32
489,2024/1/1 4:00,24,102.5,81.71
490,2024/1/1 4:00,24,107,88.1
491,2024/1/1 4:00,24,91,88.18
492,2024/1/1 4:00,24,91,80.2
493,2024/1/1 4:00,24,86,82.23
494,2024/1/1 4:00,24,85,102.56
495,2024/1/1 4:00,24,89,88.38
496,2024/1/1 4:00,24,99,81.48
497,2024/1/1 4:00,24,101,108.08
498,2024/1/1 4:00,24,98,112.58
499,2024/1/1 4:00,24,85,81.82
500,2024/1/1 4:00,24,73.5,92.01
501,2024/1/1 4:00,24,62,102.21
502,2024/1/1 4:00,24,73,79.59
503,2024/1/1 4:00,24,74,85.93
504,2024/1/1 4:00,24,77,70.44
505,2024/1/1 4:00,24,64,83
506,2024/1/1 4:00,24,60,81.75
507,2024/1/1 4:00,24,66.25,77.61
508,2024/1/1 4:00,24,72.5,73.46
509,2024/1/1 4:00,24,78.75,69.32
510,2024/1/1 4:00,24,85,65.18
511,2024/1/1 4:00,24,85,78.52
512,2024/1/1 4:00,24,58,65.76
513,2024/1/1 4:00,24,78,79.42
514,2024/1/1 4:00,24,72,84.25
515,2024/1/1 4:00,24,64,73.39
516,2024/1/1 4:00,24,69,95.57
517,2024/1/1 4:00,24,68.5,90.48
518,2024/1/1 4:00,24,68,85.38
519,2024/1/1 4:00,24,59.5,86.77
520,2024/1/1 4:00,24,51,88.16
521,2024/1/1 4:00,24,55,98.42
522,2024/1/1 4:00,24,52,77.79
523,2024/1/1 4:00,24,52,86.46
524,2024/1/1 4:00,24,52,95.13
525,2024/1/1 4:00,24,52,79.38
526,2024/1/1 4:00,24,49,74.22
527,2024/1/1 4:00,24,24,84.83
528,2024/1/1 4:00,24,32.67,84.05
529,2024/1/1 4:00,24,41.33,83.26
530,2024/1/1 4:00,24,50,82.48
531,2024/1/1 4:00,24,54,97.24
532,2024/1/1 4:00,24,56,95.96
533,2024/1/1 4:00,24,58,94.69
534,2024/1/1 4:00,24,55,77.49
535,2024/1/1 4:00,24,43,98.58
536,2024/1/1 4:00,24,40,100.33
537,2024/1/1 4:00,24,60,86.15
538,2024/1/1 4:00,24,57,87.33
539,2024/1/1 4:00,24,60,88.1
540,2024/1/1 4:00,24,58.75,89.74
541,2024/1/1 4:00,24,57.5,91.38
542,2024/1/1 4:00,24,56.25,93.03
543,2024/1/1 4:00,24,55,94.67
544,2024/1/1 4:00,24,44,93.86
545,2024/1/1 4:00,24,33,93.06
546,2024/1/1 4:00,24,54.5,78.76
547,2024/1/1 4:00,24,76,64.47
548,2024/1/1 4:00,24,94,84.33
549,2024/1/1 4:00,24,98,92.92
550,2024/1/1 4:00,24,114,87.12
551,2024/1/1 4:00,24,104,64.12
552,2024/1/1 4:00,24,27,77.48
553,2024/1/1 4:00,24,31,82.32
554,2024/1/1 4:00,24,44,70.68
555,2024/1/1 4:00,24,39,81.31
556,2024/1/1 4:00,24,32,74.53
557,2024/1/1 4:00,24,24,71.71
558,2024/1/1 4:00,24,24,79.88
559,2024/1/1 4:00,24,32,96.75
560,2024/1/1 4:00,24,69,94.2
561,2024/1/1 4:00,24,68,95.62
562,2024/1/1 4:00,24,67,97.04
563,2024/1/1 4:00,24,63,90.75
564,2024/1/1 4:00,24,58.5,84.9
565,2024/1/1 4:00,24,54,79.04
566,2024/1/1 4:00,24,57,84
567,2024/1/1 4:00,24,57,86.9
568,2024/1/1 4:00,24,57,89.79
569,2024/1/1 4:00,24,52,82.63
570,2024/1/1 4:00,24,54,79.01
571,2024/1/1 4:00,24,56,75.4
572,2024/1/1 4:00,24,58,71.78
573,2024/1/1 4:00,24,64,73.45
574,2024/1/1 4:00,24,63,75.88
575,2024/1/1 4:00,24,62,78.31
576,2024/1/1 4:00,24,51,87.82
577,2024/1/1 4:00,24,62,80.53
578,2024/1/1 4:00,24,64,81.12
579,2024/1/1 4:00,24,66,81.71
580,2024/1/1 4:00,24,61.67,82.32
581,2024/1/1 4:00,24,57.33,82.92
582,2024/1/1 4:00,24,53,83.53
583,2024/1/1 4:00,24,62,80.35
584,2024/1/1 4:00,24,71,77.17
585,2024/1/1 4:00,24,80,61.95
586,2024/1/1 4:00,24,100,84.32
587,2024/1/1 4:00,24,77.5,83.64
588,2024/1/1 4:00,24,55,82.95
589,2024/1/1 4:00,24,52,88.35
590,2024/1/1 4:00,24,57,81.98
591,2024/1/1 4:00,24,62,75.61
592,2024/1/1 4:00,24,52.5,83.35
593,2024/1/1 4:00,24,43,91.09
594,2024/1/1 4:00,24,48.5,88.1
595,2024/1/1 4:00,24,54,85.11
596,2024/1/1 4:00,24,66,84.11
597,2024/1/1 4:00,24,71,82.6
598,2024/1/1 4:00,24,76,81.08
599,2024/1/1 4:00,24,31,81.61
600,2024/1/1 4:00,24,47,91.87
601,2024/1/1 4:00,24,55,88.27
602,2024/1/1 4:00,24,79,88.09
603,2024/1/1 4:00,24,65,64.86
604,2024/1/1 4:00,24,58,78.4
605,2024/1/1 4:00,24,69,84.42
606,2024/1/1 4:00,24,80,90.44
607,2024/1/1 4:00,24,89,87.99
608,2024/1/1 4:00,24,95,80.32
609,2024/1/1 4:00,24,66,95.59
610,2024/1/1 4:00,24,82,88.48
611,2024/1/1 4:00,24,73,80.48
612,2024/1/1 4:00,24,78.5,89.4
613,2024/1/1 4:00,24,84,98.32
614,2024/1/1 4:00,24,93,100.26
615,2024/1/1 4:00,24,76,90.78
616,2024/1/1 4:00,24,69,85.39
617,2024/1/1 4:00,24,64,80.47
618,2024/1/1 4:00,24,31,92.9
619,2024/1/1 4:00,24,48,86.61
620,2024/1/1 4:00,24,65,80.32
621,2024/1/1 4:00,24,83.5,78.85
622,2024/1/1 4:00,24,102,77.38
623,2024/1/1 4:00,24,92.5,82.92
624,2024/1/1 4:00,24,83,88.47
625,2024/1/1 4:00,24,27,49.15
626,2024/1/1 4:00,24,27,64.81
627,2024/1/1 4:00,24,22,51.08
628,2024/1/1 4:00,24,17,37.35
629,2024/1/1 4:00,24,19,56.26
630,2024/1/1 4:00,24,7,56.29
631,2024/1/1 4:00,24,25,82.64
632,2024/1/1 4:00,24,24,34.88
633,2024/1/1 4:00,24,20,41.15
634,2024/1/1 4:00,24,35,64.54
635,2024/1/1 4:00,24,34,66.21
636,2024/1/1 4:00,24,14,55.79
637,2024/1/1 4:00,24,21,53.32
638,2024/1/1 4:00,24,28,50.86
639,2024/1/1 4:00,24,46,44.87
640,2024/1/1 4:00,24,37,49.57
641,2024/1/1 4:00,24,14,75.43
642,2024/1/1 4:00,24,14,52
643,2024/1/1 4:00,24,21,41.05
644,2024/1/1 4:00,24,9,50
645,2024/1/1 4:00,24,15,72.93
646,2024/1/1 4:00,24,16,76.62
647,2024/1/1 4:00,24,11,70.47
648,2024/1/1 4:00,24,6,64.33
649,2024/1/1 4:00,24,9,92.89
650,2024/1/1 4:00,24,15,63.8
651,2024/1/1 4:00,24,15,62.87
652,2024/1/1 4:00,24,14,57.29
653,2024/1/1 4:00,24,16.5,56.3
654,2024/1/1 4:00,24,19,55.32
655,2024/1/1 4:00,24,76,43.96
656,2024/1/1 4:00,24,81.5,48.73
657,2024/1/1 4:00,24,87,53.5
658,2024/1/1 4:00,24,92.5,58.26
659,2024/1/1 4:00,24,98,63.03
660,2024/1/1 4:00,24,50.5,76.18
661,2024/1/1 4:00,24,3,89.33
662,2024/1/1 4:00,24,24,52.04
663,2024/1/1 4:00,24,8,83.62
664,2024/1/1 4:00,24,23,75.91
665,2024/1/1 4:00,24,38,68.21
666,2024/1/1 4:00,24,44,71.62
667,2024/1/1 4:00,24,50,75.04
668,2024/1/1 4:00,24,24,57.62
669,2024/1/1 4:00,24,34,64.97
670,2024/1/1 4:00,24,34.5,67.27
671,2024/1/1 4:00,24,35,69.57
672,2024/1/1 4:00,24,26,65.92
673,2024/1/1 4:00,24,33,85.03
674,2024/1/1 4:00,24,20,68.1
675,2024/1/1 4:00,24,24,74.54
676,2024/1/1 4:00,24,22,74.5
677,2024/1/1 4:00,24,20.33,73.49
678,2024/1/1 4:00,24,18.67,72.48
679,2024/1/1 4:00,24,17,71.47
680,2024/1/1 4:00,24,20,78.55
681,2024/1/1 4:00,24,20,75.8
682,2024/1/1 4:00,24,17,90.53
683,2024/1/1 4:00,24,12,87.58
684,2024/1/1 4:00,24,7,109.57
685,2024/1/1 4:00,24,6,83
686,2024/1/1 4:00,24,10,79.1
687,2024/1/1 4:00,24,10.5,74.64
688,2024/1/1 4:00,24,11,70.18
689,2024/1/1 4:00,24,58,85.45
690,2024/1/1 4:00,24,69,69.13
691,2024/1/1 4:00,24,44,63.02
692,2024/1/1 4:00,24,43,90.56
693,2024/1/1 4:00,24,25,68.92
694,2024/1/1 4:00,24,27,64.04
695,2024/1/1 4:00,24,8,40
696,2024/1/1 4:00,24,25,79.44
697,2024/1/1 4:00,24,11,81.82
698,2024/1/1 4:00,24,19,73.6
699,2024/1/1 4:00,24,27,65.37
700,2024/1/1 4:00,24,20.5,58.12
701,2024/1/1 4:00,24,14,50.86
702,2024/1/1 4:00,24,8.5,65.43
703,2024/1/1 4:00,24,3,80
704,2024/1/1 4:00,24,6,64.33
705,2024/1/1 4:00,24,7,94
706,2024/1/1 4:00,24,38,70.97
707,2024/1/1 4:00,24,47,80.96
708,2024/1/1 4:00,24,28,88.68
709,2024/1/1 4:00,24,25,86.94
710,2024/1/1 4:00,24,22,85.21
711,2024/1/1 4:00,24,19,83.47
712,2024/1/1 4:00,24,14,46.86
713,2024/1/1 4:00,24,17.5,47.26
714,2024/1/1 4:00,24,21,47.67
715,2024/1/1 4:00,24,19,89.58
716,2024/1/1 4:00,24,10,57.4
717,2024/1/1 4:00,24,6,54.83
718,2024/1/1 4:00,24,9,40.78
719,2024/1/1 4:00,24,19,51.26
720,2024/1/1 4:00,24,9,50.56
721,2024/1/1 4:00,24,9,54.56
722,2024/1/1 4:00,24,9.67,66.07
723,2024/1/1 4:00,24,10.33,77.58
724,2024/1/1 4:00,24,11,89.09
725,2024/1/1 4:00,24,10,72.3
726,2024/1/1 4:00,24,16,96.44
727,2024/1/1 4:00,24,14,92.79
728,2024/1/1 4:00,24,18,87.17
729,2024/1/1 4:00,24,23,61.35
730,2024/1/1 4:00,24,15,60.18
731,2024/1/1 4:00,24,7,59
732,2024/1/1 4:00,24,12,86.33
733,2024/1/1 4:00,24,15,71.53
734,2024/1/1 4:00,24,22,48.09
735,2024/1/1 4:00,24,21,96.38
736,2024/1/1 4:00,24,28,95.68
737,2024/1/1 4:00,24,20,71.15
738,2024/1/1 4:00,24,23,44.7
739,2024/1/1 4:00,24,9,50.89
740,2024/1/1 4:00,24,11,78.27
741,2024/1/1 4:00,24,7.5,72.76
742,2024/1/1 4:00,24,4,67.25
743,2024/1/1 4:00,24,3.67,66.56
744,2024/1/1 4:00,24,3.33,65.86
745,2024/1/1 4:00,24,3,65.17
746,2024/1/1 4:00,24,2.67,64.47
747,2024/1/1 4:00,24,2.33,63.78
748,2024/1/1 4:00,24,2,63.08
749,2024/1/1 4:00,24,1.67,62.39
750,2024/1/1 4:00,24,1.33,61.69
751,2024/1/1 4:00,24,1,61
752,2024/1/1 4:00,24,1.12,61.67
753,2024/1/1 4:00,24,1.24,62.33
754,2024/1/1 4:00,24,1.35,63
755,2024/1/1 4:00,24,1.47,63.67
756,2024/1/1 4:00,24,1.59,64.33
757,2024/1/1 4:00,24,1.71,65
758,2024/1/1 4:00,24,1.82,65.67
759,2024/1/1 4:00,24,1.94,66.33
760,2024/1/1 4:00,24,2.06,67
761,2024/1/1 4:00,24,2.18,67.66
762,2024/1/1 4:00,24,2.29,68.33
763,2024/1/1 4:00,24,2.41,69
764,2024/1/1 4:00,24,2.53,69.66
765,2024/1/1 4:00,24,2.65,70.33
766,2024/1/1 4:00,24,2.76,71
767,2024/1/1 4:00,24,2.88,71.66
768,2024/1/1 4:00,24,3,72.33
769,2024/1/1 4:00,24,1,110
770,2024/1/1 4:00,24,8,40.62
771,2024/1/1 4:00,24,13,43.22
772,2024/1/1 4:00,24,18,45.83
773,2024/1/1 4:00,24,14,66
774,2024/1/1 4:00,24,15,64.8
775,2024/1/1 4:00,24,16,63.61
776,2024/1/1 4:00,24,17,62.41
777,2024/1/1 4:00,24,9,95
778,2024/1/1 4:00,24,22,65.27
779,2024/1/1 4:00,24,29,50.55
780,2024/1/1 4:00,24,5,47.2
781,2024/1/1 4:00,24,3,78
782,2024/1/1 4:00,24,3,47
783,2024/1/1 4:00,24,8,48.12
784,2024/1/1 4:00,24,6,76.33
785,2024/1/1 4:00,24,3,55.33
786,2024/1/1 4:00,24,15,78.27
787,2024/1/1 4:00,24,23,97.57
788,2024/1/1 4:00,24,23,79.09
789,2024/1/1 4:00,24,18,61.61
790,2024/1/1 4:00,24,20,93.15
791,2024/1/1 4:00,24,24,62.04
792,2024/1/1 4:00,24,20,51.69
793,2024/1/1 4:00,24,10,25.84
794,2024/1/1 4:00,24,5.33,30.06
795,2024/1/1 4:00,24,2.67,15.03
796,2024/1/1 4:00,24,1.33,7.51
797,2024/1/1 4:00,24,0.67,3.76
798,2024/1/1 4:00,24,0.33,1.88
799,2024/1/1 4:00,24,0.17,0.94
800,2024/1/1 4:00,24,0.08,0.47
801,2024/1/1 4:00,24,0.04,0.23
802,2024/1/1 4:00,24,0.02,0.12
803,2024/1/1 4:00,24,0.01,0.06
804,2024/1/1 4:00,24,0,0.02
805,2024/1/1 4:00,24,0,0.01
806,2024/1/1 4:00,24,7.25,25.96
807,2024/1/1 4:00,24,14.5,51.92
808,2024/1/1 4:00,24,0,0.01
809,2024/1/1 4:00,24,2.27,4.98
810,2024/1/1 4:00,24,4.55,9.95
811,2024/1/1 4:00,24,6.82,14.92
812,2024/1/1 4:00,24,9.09,19.89
813,2024/1/1 4:00,24,11.36,24.86
814,2024/1/1 4:00,24,13.64,29.84
815,2024/1/1 4:00,24,15.91,34.81
816,2024/1/1 4:00,24,18.18,39.78
817,2024/1/1 4:00,24,20.45,44.75
818,2024/1/1 4:00,24,22.73,49.72
819,2024/1/1 4:00,24,25,54.69
820,2024/1/1 4:00,24,26.12,55.59
821,2024/1/1 4:00,24,27.25,56.48
822,2024/1/1 4:00,24,28.38,57.38
823,2024/1/1 4:00,24,29.5,58.27
824,2024/1/1 4:00,24,30.62,59.17
825,2024/1/1 4:00,24,31.75,60.07
826,2024/1/1 4:00,24,32.88,60.96
827,2024/1/1 4:00,24,34,61.86
828,2024/1/1 4:00,24,33,52.19
829,2024/1/1 4:00,24,16.5,26.1
830,2024/1/1 4:00,24,8.25,13.05
831,2024/1/1 4:00,24,4.12,6.52
832,2024/1/1 4:00,24,2.06,3.26
833,2024/1/1 4:00,24,1.03,1.63
834,2024/1/1 4:00,24,0.52,0.82
835,2024/1/1 4:00,24,0.26,0.41
836,2024/1/1 4:00,24,0.13,0.2
837,2024/1/1 4:00,24,0.03,0.05
838,2024/1/1 4:00,24,0.02,0.03
839,2024/1/1 4:00,24,0.01,0.01
840,2024/1/1 4:00,24,1.42,3.53
841,2024/1/1 4:00,24,2.83,7.05
842,2024/1/1 4:00,24,4.23,10.57
843,2024/1/1 4:00,24,5.64,14.09
844,2024/1/1 4:00,24,7.05,17.61
845,2024/1/1 4:00,24,8.46,21.14
846,2024/1/1 4:00,24,9.87,24.66
847,2024/1/1 4:00,24,11.28,28.18
848,2024/1/1 4:00,24,12.68,31.7
849,2024/1/1 4:00,24,14.09,35.22
850,2024/1/1 4:00,24,15.5,38.74
851,2024/1/1 4:00,24,14,63.9
852,2024/1/1 4:00,24,7,31.95
853,2024/1/1 4:00,24,3.5,15.97
854,2024/1/1 4:00,24,1.75,7.99
855,2024/1/1 4:00,24,0.88,3.99
856,2024/1/1 4:00,24,0.44,2
857,2024/1/1 4:00,24,0.22,1
858,2024/1/1 4:00,24,0.11,0.5
859,2024/1/1 4:00,24,0.05,0.25
860,2024/1/1 4:00,24,0.03,0.12
861,2024/1/1 4:00,24,0.01,0.06
862,2024/1/1 4:00,24,0.02,0.06
863,2024/1/1 4:00,24,0.02,0.03
864,2024/1/1 4:00,24,9,41.56
865,2024/1/1 4:00,24,4.5,20.78
866,2024/1/1 4:00,24,2.25,10.39
867,2024/1/1 4:00,24,0.75,3.46
868,2024/1/1 4:00,24,0.38,1.74
869,2024/1/1 4:00,24,0.38,1.73
870,2024/1/1 4:00,24,31,57.1
871,2024/1/1 4:00,24,15.5,28.55
872,2024/1/1 4:00,24,7.75,14.28
873,2024/1/1 4:00,24,3.88,7.14
874,2024/1/1 4:00,24,1.94,3.57
875,2024/1/1 4:00,24,0.97,1.78
876,2024/1/1 4:00,24,0.48,0.89
877,2024/1/1 4:00,24,0.24,0.45
878,2024/1/1 4:00,24,0.12,0.22
879,2024/1/1 4:00,24,17.56,47.81
880,2024/1/1 4:00,24,29.5,79.84
881,2024/1/1 4:00,24,12,40.81
882,2024/1/1 4:00,24,6,20.41
883,2024/1/1 4:00,24,3,10.2
884,2024/1/1 4:00,24,1.5,5.1
885,2024/1/1 4:00,24,0.75,2.55
886,2024/1/1 4:00,24,9.38,42.83
887,2024/1/1 4:00,24,18,37.6
888,2024/1/1 4:00,24,9,18.8
889,2024/1/1 4:00,24,4.5,9.4
890,2024/1/1 4:00,24,2.25,4.7
891,2024/1/1 4:00,24,17.12,44.35
892,2024/1/1 4:00,24,16,41.06
893,2024/1/1 4:00,24,8,20.53
894,2024/1/1 4:00,24,4,10.26
895,2024/1/1 4:00,24,2,5.13
896,2024/1/1 4:00,24,11.5,43.21
897,2024/1/1 4:00,24,45,30.03
898,2024/1/1 4:00,24,22.5,15.02
899,2024/1/1 4:00,24,11.25,7.51
900,2024/1/1 4:00,24,44.62,47.3
901,2024/1/1 4:00,24,28.5,39.3
902,2024/1/1 4:00,24,14.25,19.65
903,2024/1/1 4:00,24,7.12,9.82
904,2024/1/1 4:00,24,31.56,31.63
905,2024/1/1 4:00,24,19.5,39.81
906,2024/1/1 4:00,24,9.75,19.9
907,2024/1/1 4:00,24,4.88,9.95
908,2024/1/1 4:00,24,2.44,4.98
909,2024/1/1 4:00,24,1.22,2.49
910,2024/1/1 4:00,24,0.61,1.24
911,2024/1/1 4:00,24,0.3,0.62
912,2024/1/1 4:00,24,16.65,41.63
913,2024/1/1 4:00,24,6.33,25.23
914,2024/1/1 4:00,24,3.17,12.61
915,2024/1/1 4:00,24,1.58,6.31
916,2024/1/1 4:00,24,0.79,3.15
917,2024/1/1 4:00,24,0.4,1.58
918,2024/1/1 4:00,24,0.2,0.79
919,2024/1/1 4:00,24,0.1,0.39
920,2024/1/1 4:00,24,7.55,38.03
921,2024/1/1 4:00,24,14.33,30.36
922,2024/1/1 4:00,24,9.08,37.38
923,2024/1/1 4:00,24,4.54,18.69
924,2024/1/1 4:00,24,4.77,32.95
925,2024/1/1 4:00,24,4,24.06
926,2024/1/1 4:00,24,2,12.03
927,2024/1/1 4:00,24,7,29.38
928,2024/1/1 4:00,24,40,64.38
929,2024/1/1 4:00,24,1.5,23.5
930,2024/1/1 4:00,24,0.75,11.75
931,2024/1/1 4:00,24,0.38,5.88
932,2024/1/1 4:00,24,0.19,2.94
933,2024/1/1 4:00,24,0.09,1.47
934,2024/1/1 4:00,24,10,34.05
935,2024/1/1 4:00,24,5,17.02
936,2024/1/1 4:00,24,2.5,8.51
937,2024/1/1 4:00,24,2.75,31.92
938,2024/1/1 4:00,24,12.5,34.56
939,2024/1/1 4:00,24,6.25,17.28
940,2024/1/1 4:00,24,3.12,8.64
941,2024/1/1 4:00,24,11.06,45.9
942,2024/1/1 4:00,24,16,35.97
943,2024/1/1 4:00,24,8,17.98
944,2024/1/1 4:00,24,4,8.99
945,2024/1/1 4:00,24,16.5,45.08
946,2024/1/1 4:00,24,11.5,42.8
947,2024/1/1 4:00,24,5.75,21.4
948,2024/1/1 4:00,24,2.88,10.7
949,2024/1/1 4:00,24,1.44,5.35
950,2024/1/1 4:00,24,0.72,2.68
951,2024/1/1 4:00,24,0.36,1.34
952,2024/1/1 4:00,24,28.68,46.23
953,2024/1/1 4:00,24,36.5,47.14
954,2024/1/1 4:00,24,18.25,23.57
955,2024/1/1 4:00,24,9.12,11.79
956,2024/1/1 4:00,24,4.56,5.89
957,2024/1/1 4:00,24,2.28,2.95
958,2024/1/1 4:00,24,1.14,1.47
959,2024/1/1 4:00,24,37.57,43.87
960,2024/1/1 4:00,24,53.5,37
961,2024/1/1 4:00,24,26.75,18.5
962,2024/1/1 4:00,24,13.38,9.25
963,2024/1/1 4:00,24,6.69,4.62
964,2024/1/1 4:00,24,3.34,2.31
965,2024/1/1 4:00,24,1.67,1.16
966,2024/1/1 4:00,24,24.84,25.91
967,2024/1/1 4:00,24,16.5,32.06
968,2024/1/1 4:00,24,8.25,16.03
969,2024/1/1 4:00,24,4.12,8.02
970,2024/1/1 4:00,24,2.06,4.01
971,2024/1/1 4:00,24,1.03,2
972,2024/1/1 4:00,24,0.52,1
973,2024/1/1 4:00,24,0.26,0.5
974,2024/1/1 4:00,24,46.63,36.3
975,2024/1/1 4:00,24,2.33,21.9
976,2024/1/1 4:00,24,1.17,10.95
977,2024/1/1 4:00,24,0.58,5.48
978,2024/1/1 4:00,24,0.29,2.74
979,2024/1/1 4:00,24,0.15,1.37
980,2024/1/1 4:00,24,0.07,0.68
981,2024/1/1 4:00,24,7.36,31.32
982,2024/1/1 4:00,24,3.68,15.66
983,2024/1/1 4:00,24,1.84,7.83
984,2024/1/1 4:00,24,0.92,3.91
985,2024/1/1 4:00,24,12.31,58.53
986,2024/1/1 4:00,24,39.5,35.81
987,2024/1/1 4:00,24,19.75,17.91
988,2024/1/1 4:00,24,9.88,8.95
989,2024/1/1 4:00,24,4.94,4.48
990,2024/1/1 4:00,24,47.97,35.95
991,2024/1/1 4:00,24,40,31.24
992,2024/1/1 4:00,24,20,15.62
993,2024/1/1 4:00,24,10,7.81
994,2024/1/1 4:00,24,5,3.91
995,2024/1/1 4:00,24,21,19.21
996,2024/1/1 4:00,24,44,54.64
997,2024/1/1 4:00,24,22,27.32
998,2024/1/1 4:00,24,11,13.66
999,2024/1/1 4:00,24,5.33,36.69
1000,2024/1/1 4:00,24,7.67,32.17
1001,2024/1/1 4:00,24,3.83,16.09
1002,2024/1/1 4:00,24,1.92,8.04
1003,2024/1/1 4:00,24,0.96,4.02
1004,2024/1/1 4:00,24,0.48,2.01
1005,2024/1/1 4:00,24,39.16,54.63
1006,2024/1/1 4:00,24,55,78.78
2,2024/1/1 4:10,25,25,62.6
3,2024/1/1 4:10,25,42,72.88
4,2024/1/1 4:10,25,41,73.17
5,2024/1/1 4:10,25,28,78.36
6,2024/1/1 4:10,25,37,92.24
7,2024/1/1 4:10,25,47,57.26
8,2024/1/1 4:10,25,54,68.44
9,2024/1/1 4:10,25,34,82.79
10,2024/1/1 4:10,25,52,74.71
11,2024/1/1 4:10,25,82,69.28
12,2024/1/1 4:10,25,128,67.28
13,2024/1/1 4:10,25,139,60.01
14,2024/1/1 4:10,25,54,71.41
15,2024/1/1 4:10,25,51,72.02
16,2024/1/1 4:10,25,63,66.73
17,2024/1/1 4:10,25,42,77.69
18,2024/1/1 4:10,25,92,69.74
19,2024/1/1 4:10,25,72,72.85
20,2024/1/1 4:10,25,72.5,65.98
21,2024/1/1 4:10,25,73,59.12
22,2024/1/1 4:10,25,68,73.93
23,2024/1/1 4:10,25,69,71.45
24,2024/1/1 4:10,25,93,56.63
25,2024/1/1 4:10,25,90,84.57
26,2024/1/1 4:10,25,87,79.57
27,2024/1/1 4:10,25,72,92.38
28,2024/1/1 4:10,25,65,96.05
29,2024/1/1 4:10,25,50,84.9
30,2024/1/1 4:10,25,64,76.48
31,2024/1/1 4:10,25,59.5,85.12
32,2024/1/1 4:10,25,55,93.76
33,2024/1/1 4:10,25,43,95.09
34,2024/1/1 4:10,25,29,89.62
35,2024/1/1 4:10,25,27,83.19
36,2024/1/1 4:10,25,26,91.96
37,2024/1/1 4:10,25,42,91.5
38,2024/1/1 4:10,25,71,55.66
39,2024/1/1 4:10,25,60.5,63.97
40,2024/1/1 4:10,25,50,72.28
41,2024/1/1 4:10,25,41,41.12
42,2024/1/1 4:10,25,47.5,48.8
43,2024/1/1 4:10,25,54,56.48
44,2024/1/1 4:10,25,74,63.72
45,2024/1/1 4:10,25,70,70.27
46,2024/1/1 4:10,25,71,72.13
47,2024/1/1 4:10,25,49,66.49
48,2024/1/1 4:10,25,50,71.76
49,2024/1/1 4:10,25,32,80.19
50,2024/1/1 4:10,25,118,65.55
51,2024/1/1 4:10,25,71,51.44
52,2024/1/1 4:10,25,61,84.82
53,2024/1/1 4:10,25,33,76.39
54,2024/1/1 4:10,25,52,85.52
55,2024/1/1 4:10,25,35,63.03
56,2024/1/1 4:10,25,33,77.73
57,2024/1/1 4:10,25,28,78.61
58,2024/1/1 4:10,25,39,57.54
59,2024/1/1 4:10,25,31,74.45
60,2024/1/1 4:10,25,17,75.53
61,2024/1/1 4:10,25,10,89.3
62,2024/1/1 4:10,25,7,61.71
63,2024/1/1 4:10,25,42,90.67
64,2024/1/1 4:10,25,34,99.91
65,2024/1/1 4:10,25,47,101.72
66,2024/1/1 4:10,25,44,115.64
67,2024/1/1 4:10,25,50,102.06
68,2024/1/1 4:10,25,64,100.33
69,2024/1/1 4:10,25,31,99.74
70,2024/1/1 4:10,25,31,94.39
71,2024/1/1 4:10,25,26,90.46
72,2024/1/1 4:10,25,28,82.18
73,2024/1/1 4:10,25,20,81.35
74,2024/1/1 4:10,25,24,93.83
75,2024/1/1 4:10,25,48,80.62
76,2024/1/1 4:10,25,26,91.15
77,2024/1/1 4:10,25,65,106.75
78,2024/1/1 4:10,25,58,83.91
79,2024/1/1 4:10,25,61,93.93
80,2024/1/1 4:10,25,55,93.65
81,2024/1/1 4:10,25,18,71.67
82,2024/1/1 4:10,25,24,77.04
83,2024/1/1 4:10,25,58,96.79
84,2024/1/1 4:10,25,42,79.64
85,2024/1/1 4:10,25,13,74.85
86,2024/1/1 4:10,25,12,75.83
87,2024/1/1 4:10,25,11,76.82
88,2024/1/1 4:10,25,30,86.57
89,2024/1/1 4:10,25,36,109.53
90,2024/1/1 4:10,25,56.5,95.56
91,2024/1/1 4:10,25,77,81.58
92,2024/1/1 4:10,25,71,95.23
93,2024/1/1 4:10,25,79,109.41
94,2024/1/1 4:10,25,87,98.08
95,2024/1/1 4:10,25,97,89.97
96,2024/1/1 4:10,25,82,82.39
97,2024/1/1 4:10,25,76,72.09
98,2024/1/1 4:10,25,97,88.82
99,2024/1/1 4:10,25,26,88.08
100,2024/1/1 4:10,25,17,66
101,2024/1/1 4:10,25,3,63.67
102,2024/1/1 4:10,25,29,92.07
103,2024/1/1 4:10,25,36,105.32
104,2024/1/1 4:10,25,43,118.56
105,2024/1/1 4:10,25,42,104.43
106,2024/1/1 4:10,25,83,113.67
107,2024/1/1 4:10,25,66,100
108,2024/1/1 4:10,25,83,109.71
109,2024/1/1 4:10,25,99,103.86
110,2024/1/1 4:10,25,122,109.93
111,2024/1/1 4:10,25,61,98.77
112,2024/1/1 4:10,25,53,130.47
113,2024/1/1 4:10,25,18,107.06
114,2024/1/1 4:10,25,16,112.44
115,2024/1/1 4:10,25,38,87.03
116,2024/1/1 4:10,25,45,94.4
117,2024/1/1 4:10,25,37,103.51
118,2024/1/1 4:10,25,32,89.28
119,2024/1/1 4:10,25,24,97.38
120,2024/1/1 4:10,25,19,115.26
121,2024/1/1 4:10,25,22,111.95
122,2024/1/1 4:10,25,15,106.73
123,2024/1/1 4:10,25,17,108.94
124,2024/1/1 4:10,25,30,85.53
125,2024/1/1 4:10,25,92,107.54
126,2024/1/1 4:10,25,54,101.37
127,2024/1/1 4:10,25,51,100.2
128,2024/1/1 4:10,25,82,126.22
129,2024/1/1 4:10,25,90,123.91
130,2024/1/1 4:10,25,82,110.76
131,2024/1/1 4:10,25,82,113.99
132,2024/1/1 4:10,25,76,112.71
133,2024/1/1 4:10,25,32,91.03
134,2024/1/1 4:10,25,36,92.36
135,2024/1/1 4:10,25,17,70.82
136,2024/1/1 4:10,25,12,85.92
137,2024/1/1 4:10,25,13,68.69
138,2024/1/1 4:10,25,27,91.44
139,2024/1/1 4:10,25,30,86.37
140,2024/1/1 4:10,25,73,88.33
141,2024/1/1 4:10,25,81,90.37
142,2024/1/1 4:10,25,47,91.11
143,2024/1/1 4:10,25,44,86.09
144,2024/1/1 4:10,25,93,81.01
145,2024/1/1 4:10,25,62,70.81
146,2024/1/1 4:10,25,60,77.3
147,2024/1/1 4:10,25,70,88.71
148,2024/1/1 4:10,25,54,86.61
149,2024/1/1 4:10,25,31,78.61
150,2024/1/1 4:10,25,37,77.03
151,2024/1/1 4:10,25,41,65.15
152,2024/1/1 4:10,25,38,80.32
153,2024/1/1 4:10,25,2,65.5
154,2024/1/1 4:10,25,7,70.57
155,2024/1/1 4:10,25,28,94.89
156,2024/1/1 4:10,25,44,94.09
157,2024/1/1 4:10,25,1,71
158,2024/1/1 4:10,25,7,56.29
159,2024/1/1 4:10,25,25,73.68
160,2024/1/1 4:10,25,28,82.5
161,2024/1/1 4:10,25,33,41.55
162,2024/1/1 4:10,25,27,82.19
163,2024/1/1 4:10,25,23,77.87
164,2024/1/1 4:10,25,45,64.73
165,2024/1/1 4:10,25,38,79.47
166,2024/1/1 4:10,25,50,72
167,2024/1/1 4:10,25,4,77.5
168,2024/1/1 4:10,25,57,84.21
169,2024/1/1 4:10,25,69,80.16
170,2024/1/1 4:10,25,84,89.36
171,2024/1/1 4:10,25,82,82.49
172,2024/1/1 4:10,25,51,91.08
173,2024/1/1 4:10,25,75,96.48
174,2024/1/1 4:10,25,78,85.14
175,2024/1/1 4:10,25,52,73.02
176,2024/1/1 4:10,25,12,83.17
177,2024/1/1 4:10,25,18,84.94
178,2024/1/1 4:10,25,36,77.54
179,2024/1/1 4:10,25,54,70.15
180,2024/1/1 4:10,25,34.5,67.94
181,2024/1/1 4:10,25,15,65.73
182,2024/1/1 4:10,25,62,64.68
183,2024/1/1 4:10,25,91,79.76
184,2024/1/1 4:10,25,61,64.82
185,2024/1/1 4:10,25,63,66.1
186,2024/1/1 4:10,25,65,67.38
187,2024/1/1 4:10,25,67,68.66
188,2024/1/1 4:10,25,29,71.55
189,2024/1/1 4:10,25,20,59.1
190,2024/1/1 4:10,25,52,81.04
191,2024/1/1 4:10,25,55,67.18
192,2024/1/1 4:10,25,57.5,77.85
193,2024/1/1 4:10,25,60,88.52
194,2024/1/1 4:10,25,56,71.91
195,2024/1/1 4:10,25,33,67.39
196,2024/1/1 4:10,25,49,88.86
197,2024/1/1 4:10,25,85,96.85
198,2024/1/1 4:10,25,107,91.92
199,2024/1/1 4:10,25,55,95.62
200,2024/1/1 4:10,25,53,86.83
201,2024/1/1 4:10,25,87,84.47
202,2024/1/1 4:10,25,91,62.38
203,2024/1/1 4:10,25,60,66.78
204,2024/1/1 4:10,25,45,78.53
205,2024/1/1 4:10,25,57,91.09
206,2024/1/1 4:10,25,31,87.42
207,2024/1/1 4:10,25,36,80.53
208,2024/1/1 4:10,25,38,74.66
209,2024/1/1 4:10,25,62,87.56
210,2024/1/1 4:10,25,17,83.53
211,2024/1/1 4:10,25,28,84.46
212,2024/1/1 4:10,25,72,85.71
213,2024/1/1 4:10,25,47,89.26
214,2024/1/1 4:10,25,88,80.57
215,2024/1/1 4:10,25,79,85.9
216,2024/1/1 4:10,25,97,77.6
217,2024/1/1 4:10,25,118,89.26
218,2024/1/1 4:10,25,83,88.08
219,2024/1/1 4:10,25,71,81.17
220,2024/1/1 4:10,25,78,85.53
221,2024/1/1 4:10,25,53,85.49
222,2024/1/1 4:10,25,39,81.18
223,2024/1/1 4:10,25,35,62.14
224,2024/1/1 4:10,25,43,64.91
225,2024/1/1 4:10,25,43,79.35
226,2024/1/1 4:10,25,50,63.96
227,2024/1/1 4:10,25,41,72.85
228,2024/1/1 4:10,25,34,61.15
229,2024/1/1 4:10,25,43,65.53
230,2024/1/1 4:10,25,53,71.55
231,2024/1/1 4:10,25,27,89.74
232,2024/1/1 4:10,25,45.67,80.81
233,2024/1/1 4:10,25,64.33,71.88
234,2024/1/1 4:10,25,83,62.95
235,2024/1/1 4:10,25,118,76.81
236,2024/1/1 4:10,25,50,48.32
237,2024/1/1 4:10,25,7,71
238,2024/1/1 4:10,25,5,54.4
239,2024/1/1 4:10,25,14.5,56.01
240,2024/1/1 4:10,25,24,57.62
241,2024/1/1 4:10,25,2,19
242,2024/1/1 4:10,25,23,75.65
243,2024/1/1 4:10,25,53,80.98
244,2024/1/1 4:10,25,59,74.08
245,2024/1/1 4:10,25,105,67.9
246,2024/1/1 4:10,25,83,61
247,2024/1/1 4:10,25,69,56.68
248,2024/1/1 4:10,25,55,52.35
249,2024/1/1 4:10,25,54,65.85
250,2024/1/1 4:10,25,52,71.77
251,2024/1/1 4:10,25,51,68.98
252,2024/1/1 4:10,25,65,60.52
253,2024/1/1 4:10,25,113,70.67
254,2024/1/1 4:10,25,66,66.12
255,2024/1/1 4:10,25,75.5,70.28
256,2024/1/1 4:10,25,85,74.45
257,2024/1/1 4:10,25,80,66.91
258,2024/1/1 4:10,25,85,80.85
259,2024/1/1 4:10,25,74,73.43
260,2024/1/1 4:10,25,65,74.6
261,2024/1/1 4:10,25,57,56.79
262,2024/1/1 4:10,25,63,82.05
263,2024/1/1 4:10,25,46,56.43
264,2024/1/1 4:10,25,42,75.48
265,2024/1/1 4:10,25,35,65
266,2024/1/1 4:10,25,41,71.05
267,2024/1/1 4:10,25,49,56.61
268,2024/1/1 4:10,25,79,74.86
269,2024/1/1 4:10,25,79,82.72
270,2024/1/1 4:10,25,84,85.74
271,2024/1/1 4:10,25,69.5,83.19
272,2024/1/1 4:10,25,55,80.64
273,2024/1/1 4:10,25,31,71
274,2024/1/1 4:10,25,60,71.48
275,2024/1/1 4:10,25,65,68.23
276,2024/1/1 4:10,25,59,73.78
277,2024/1/1 4:10,25,56.5,72.61
278,2024/1/1 4:10,25,54,71.44
279,2024/1/1 4:10,25,57,69.6
280,2024/1/1 4:10,25,60,67.77
281,2024/1/1 4:10,25,58,66.53
282,2024/1/1 4:10,25,64,66.73
283,2024/1/1 4:10,25,61,64.44
284,2024/1/1 4:10,25,60,74.53
285,2024/1/1 4:10,25,94,69.29
286,2024/1/1 4:10,25,94,73.16
287,2024/1/1 4:10,25,92.5,70.92
288,2024/1/1 4:10,25,91,68.68
289,2024/1/1 4:10,25,69,59.8
290,2024/1/1 4:10,25,83,71.05
291,2024/1/1 4:10,25,97,71.25
292,2024/1/1 4:10,25,80,63.66
293,2024/1/1 4:10,25,80,84.25
294,2024/1/1 4:10,25,57,76.14
295,2024/1/1 4:10,25,59,71.29
296,2024/1/1 4:10,25,63,63.83
297,2024/1/1 4:10,25,76,61.03
298,2024/1/1 4:10,25,54,52.06
299,2024/1/1 4:10,25,50.5,52.94
300,2024/1/1 4:10,25,47,53.81
301,2024/1/1 4:10,25,106,72.85
302,2024/1/1 4:10,25,67,82.6
303,2024/1/1 4:10,25,62,80.79
304,2024/1/1 4:10,25,41.5,61.54
305,2024/1/1 4:10,25,21,42.29
306,2024/1/1 4:10,25,47,76.34
307,2024/1/1 4:10,25,52,109.12
308,2024/1/1 4:10,25,51,90.24
309,2024/1/1 4:10,25,37,105.97
310,2024/1/1 4:10,25,27,98.26
311,2024/1/1 4:10,25,33,105.36
312,2024/1/1 4:10,25,47,115.74
313,2024/1/1 4:10,25,50,111.82
314,2024/1/1 4:10,25,62,110.55
315,2024/1/1 4:10,25,63,101.1
316,2024/1/1 4:10,25,50,98.46
317,2024/1/1 4:10,25,41,89.12
318,2024/1/1 4:10,25,37,99.03
319,2024/1/1 4:10,25,37,101.3
320,2024/1/1 4:10,25,47,96.57
321,2024/1/1 4:10,25,48,111.25
322,2024/1/1 4:10,25,54,100.65
323,2024/1/1 4:10,25,48,100.06
324,2024/1/1 4:10,25,38,101.63
325,2024/1/1 4:10,25,19,91.79
326,2024/1/1 4:10,25,25,113.12
327,2024/1/1 4:10,25,30,101.73
328,2024/1/1 4:10,25,10,100.6
329,2024/1/1 4:10,25,6,76.55
330,2024/1/1 4:10,25,2,52.5
331,2024/1/1 4:10,25,7,97
332,2024/1/1 4:10,25,28,94.5
333,2024/1/1 4:10,25,31,101.52
334,2024/1/1 4:10,25,29,107.41
335,2024/1/1 4:10,25,40,103.97
336,2024/1/1 4:10,25,32,97.66
337,2024/1/1 4:10,25,20,100.35
338,2024/1/1 4:10,25,16,109.94
339,2024/1/1 4:10,25,18,97.83
340,2024/1/1 4:10,25,31,99.48
341,2024/1/1 4:10,25,63,99.14
342,2024/1/1 4:10,25,53,106.96
343,2024/1/1 4:10,25,35,109.17
344,2024/1/1 4:10,25,48,114.08
345,2024/1/1 4:10,25,46,112.33
346,2024/1/1 4:10,25,56,111.7
347,2024/1/1 4:10,25,59,116.76
348,2024/1/1 4:10,25,53,109.66
349,2024/1/1 4:10,25,56,95.38
350,2024/1/1 4:10,25,54,99.87
351,2024/1/1 4:10,25,25,82.68
352,2024/1/1 4:10,25,26,70.54
353,2024/1/1 4:10,25,18,82
354,2024/1/1 4:10,25,8,66
355,2024/1/1 4:10,25,6,76.5
356,2024/1/1 4:10,25,26,67.96
357,2024/1/1 4:10,25,17,77.88
358,2024/1/1 4:10,25,11,87.55
359,2024/1/1 4:10,25,29,80.69
360,2024/1/1 4:10,25,29,83.45
361,2024/1/1 4:10,25,27,80
362,2024/1/1 4:10,25,29,94.69
363,2024/1/1 4:10,25,55.5,81.63
364,2024/1/1 4:10,25,82,68.57
365,2024/1/1 4:10,25,70,74.45
366,2024/1/1 4:10,25,58,80.32
367,2024/1/1 4:10,25,46,86.2
368,2024/1/1 4:10,25,85,89.76
369,2024/1/1 4:10,25,80.5,90.82
370,2024/1/1 4:10,25,76,91.87
371,2024/1/1 4:10,25,77,75.23
372,2024/1/1 4:10,25,66,87.39
373,2024/1/1 4:10,25,156,103.37
374,2024/1/1 4:10,25,84,110.83
375,2024/1/1 4:10,25,84,98.38
376,2024/1/1 4:10,25,62,94.9
377,2024/1/1 4:10,25,70,103.24
378,2024/1/1 4:10,25,86,95.26
379,2024/1/1 4:10,25,89,90.44
380,2024/1/1 4:10,25,43,81.81
381,2024/1/1 4:10,25,37,91.32
382,2024/1/1 4:10,25,20,78.85
383,2024/1/1 4:10,25,4,98.25
384,2024/1/1 4:10,25,15,27.13
385,2024/1/1 4:10,25,17,87.24
386,2024/1/1 4:10,25,8,89.12
387,2024/1/1 4:10,25,17,75.88
388,2024/1/1 4:10,25,69,77.96
389,2024/1/1 4:10,25,54,95.5
390,2024/1/1 4:10,25,59,102.31
391,2024/1/1 4:10,25,63,78.87
392,2024/1/1 4:10,25,49,97.86
393,2024/1/1 4:10,25,65,108.45
394,2024/1/1 4:10,25,69,99.48
395,2024/1/1 4:10,25,98,96.88
396,2024/1/1 4:10,25,50,90.94
397,2024/1/1 4:10,25,2,
398,2024/1/1 4:10,25,0,
399,2024/1/1 4:10,25,4,72
400,2024/1/1 4:10,25,1,
401,2024/1/1 4:10,25,0,
402,2024/1/1 4:10,25,0,
403,2024/1/1 4:10,25,3,29
404,2024/1/1 4:10,25,1,67
405,2024/1/1 4:10,25,1,76
406,2024/1/1 4:10,25,2,61
407,2024/1/1 4:10,25,3,73.33
408,2024/1/1 4:10,25,2,
409,2024/1/1 4:10,25,0,
410,2024/1/1 4:10,25,1,75
411,2024/1/1 4:10,25,1,69
412,2024/1/1 4:10,25,2,43
413,2024/1/1 4:10,25,1,
414,2024/1/1 4:10,25,0,
415,2024/1/1 4:10,25,24,83.83
416,2024/1/1 4:10,25,13,98.92
417,2024/1/1 4:10,25,2,114
418,2024/1/1 4:10,25,1,90
419,2024/1/1 4:10,25,2,
420,2024/1/1 4:10,25,0,
421,2024/1/1 4:10,25,0,
422,2024/1/1 4:10,25,0,
423,2024/1/1 4:10,25,0,
424,2024/1/1 4:10,25,1,89
425,2024/1/1 4:10,25,1,91
426,2024/1/1 4:10,25,1,
427,2024/1/1 4:10,25,0,
428,2024/1/1 4:10,25,0,
429,2024/1/1 4:10,25,0,
430,2024/1/1 4:10,25,0,
431,2024/1/1 4:10,25,0,
432,2024/1/1 4:10,25,0,
433,2024/1/1 4:10,25,0,
434,2024/1/1 4:10,25,31.33,
435,2024/1/1 4:10,25,62.67,
436,2024/1/1 4:10,25,94,78.68
437,2024/1/1 4:10,25,30,71.43
438,2024/1/1 4:10,25,28,86.14
439,2024/1/1 4:10,25,29,86.88
440,2024/1/1 4:10,25,30,87.63
441,2024/1/1 4:10,25,29,70.21
442,2024/1/1 4:10,25,49,68.92
443,2024/1/1 4:10,25,49.67,70.1
444,2024/1/1 4:10,25,50.33,71.29
445,2024/1/1 4:10,25,51,72.47
446,2024/1/1 4:10,25,78,65.77
447,2024/1/1 4:10,25,85,62.68
448,2024/1/1 4:10,25,73,78.81
449,2024/1/1 4:10,25,39,80.85
450,2024/1/1 4:10,25,36,70.64
451,2024/1/1 4:10,25,67,67.37
452,2024/1/1 4:10,25,53,78.55
453,2024/1/1 4:10,25,46,89.22
454,2024/1/1 4:10,25,73,81.1
455,2024/1/1 4:10,25,39,67.26
456,2024/1/1 4:10,25,51,74.69
457,2024/1/1 4:10,25,45,96.44
458,2024/1/1 4:10,25,37,84.76
459,2024/1/1 4:10,25,32,83.56
460,2024/1/1 4:10,25,40,93.92
461,2024/1/1 4:10,25,43,101.6
462,2024/1/1 4:10,25,37,88.89
463,2024/1/1 4:10,25,29,92.52
464,2024/1/1 4:10,25,15,94.47
465,2024/1/1 4:10,25,24,90.33
466,2024/1/1 4:10,25,45.5,87.32
467,2024/1/1 4:10,25,67,84.3
468,2024/1/1 4:10,25,84,87.73
469,2024/1/1 4:10,25,104,75.05
470,2024/1/1 4:10,25,98.5,79.41
471,2024/1/1 4:10,25,93,83.78
472,2024/1/1 4:10,25,29,90
473,2024/1/1 4:10,25,35,81.89
474,2024/1/1 4:10,25,36,78.22
475,2024/1/1 4:10,25,39,83.21
476,2024/1/1 4:10,25,34,75.88
477,2024/1/1 4:10,25,34,83.88
478,2024/1/1 4:10,25,57,77.6
479,2024/1/1 4:10,25,67,91.18
480,2024/1/1 4:10,25,64,78.8
481,2024/1/1 4:10,25,63,72.3
482,2024/1/1 4:10,25,63,76.76
483,2024/1/1 4:10,25,58,69.03
484,2024/1/1 4:10,25,52,70.87
485,2024/1/1 4:10,25,1359,3.34
486,2024/1/1 4:10,25,80,92.75
487,2024/1/1 4:10,25,78,81.1
488,2024/1/1 4:10,25,82,73.29
489,2024/1/1 4:10,25,79,81.65
490,2024/1/1 4:10,25,76,90
491,2024/1/1 4:10,25,65,84.29
492,2024/1/1 4:10,25,68,82.87
493,2024/1/1 4:10,25,75,80.97
494,2024/1/1 4:10,25,80,100.59
495,2024/1/1 4:10,25,78,86.68
496,2024/1/1 4:10,25,77,82.79
497,2024/1/1 4:10,25,78,93.32
498,2024/1/1 4:10,25,78,110.47
499,2024/1/1 4:10,25,81,84.58
500,2024/1/1 4:10,25,79.5,93.74
501,2024/1/1 4:10,25,78,102.9
502,2024/1/1 4:10,25,71,82.45
503,2024/1/1 4:10,25,73,86.08
504,2024/1/1 4:10,25,94,63.83
505,2024/1/1 4:10,25,106,84.22
506,2024/1/1 4:10,25,104,82.92
507,2024/1/1 4:10,25,111,78.59
508,2024/1/1 4:10,25,118,74.26
509,2024/1/1 4:10,25,125,69.92
510,2024/1/1 4:10,25,132,65.59
511,2024/1/1 4:10,25,114,77.65
512,2024/1/1 4:10,25,87,64.41
513,2024/1/1 4:10,25,124,76.27
514,2024/1/1 4:10,25,101,80.69
515,2024/1/1 4:10,25,101,73.81
516,2024/1/1 4:10,25,93,89.16
517,2024/1/1 4:10,25,90.5,89.49
518,2024/1/1 4:10,25,88,89.82
519,2024/1/1 4:10,25,84.5,87.98
520,2024/1/1 4:10,25,81,86.14
521,2024/1/1 4:10,25,84,102.43
522,2024/1/1 4:10,25,92,85.74
523,2024/1/1 4:10,25,87,89.16
524,2024/1/1 4:10,25,82,92.57
525,2024/1/1 4:10,25,77,80.27
526,2024/1/1 4:10,25,72,70.07
527,2024/1/1 4:10,25,43,82.93
528,2024/1/1 4:10,25,52,82.87
529,2024/1/1 4:10,25,61,82.82
530,2024/1/1 4:10,25,70,82.76
531,2024/1/1 4:10,25,75,89.29
532,2024/1/1 4:10,25,71,88.54
533,2024/1/1 4:10,25,67,87.78
534,2024/1/1 4:10,25,66,75.23
535,2024/1/1 4:10,25,54,91.8
536,2024/1/1 4:10,25,56,94.12
537,2024/1/1 4:10,25,72,94.88
538,2024/1/1 4:10,25,69,92.87
539,2024/1/1 4:10,25,76,88.5
540,2024/1/1 4:10,25,70,91.02
541,2024/1/1 4:10,25,64,93.55
542,2024/1/1 4:10,25,58,96.07
543,2024/1/1 4:10,25,52,98.6
544,2024/1/1 4:10,25,44,98.26
545,2024/1/1 4:10,25,36,97.92
546,2024/1/1 4:10,25,62,84.22
547,2024/1/1 4:10,25,88,70.52
548,2024/1/1 4:10,25,108,82.11
549,2024/1/1 4:10,25,126,88.01
550,2024/1/1 4:10,25,119,89.73
551,2024/1/1 4:10,25,151,61.19
552,2024/1/1 4:10,25,65,81.23
553,2024/1/1 4:10,25,50,86.22
554,2024/1/1 4:10,25,68,71.57
555,2024/1/1 4:10,25,57,78.02
556,2024/1/1 4:10,25,60,75.88
557,2024/1/1 4:10,25,61,77.8
558,2024/1/1 4:10,25,46,79.87
559,2024/1/1 4:10,25,45,93.53
560,2024/1/1 4:10,25,86,94
561,2024/1/1 4:10,25,81,96.74
562,2024/1/1 4:10,25,76,99.49
563,2024/1/1 4:10,25,78,90.9
564,2024/1/1 4:10,25,76,85.27
565,2024/1/1 4:10,25,74,79.64
566,2024/1/1 4:10,25,68,85.15
567,2024/1/1 4:10,25,68,86.12
568,2024/1/1 4:10,25,68,87.09
569,2024/1/1 4:10,25,68,82
570,2024/1/1 4:10,25,66.33,81.59
571,2024/1/1 4:10,25,64.67,81.17
572,2024/1/1 4:10,25,63,80.76
573,2024/1/1 4:10,25,77,76.71
574,2024/1/1 4:10,25,68,78.79
575,2024/1/1 4:10,25,59,80.88
576,2024/1/1 4:10,25,47,97.77
577,2024/1/1 4:10,25,60,77.87
578,2024/1/1 4:10,25,65,82.46
579,2024/1/1 4:10,25,70,87.04
580,2024/1/1 4:10,25,68,88.21
581,2024/1/1 4:10,25,66,89.38
582,2024/1/1 4:10,25,64,90.55
583,2024/1/1 4:10,25,82,82.33
584,2024/1/1 4:10,25,100,74.11
585,2024/1/1 4:10,25,124,63.56
586,2024/1/1 4:10,25,120,89.33
587,2024/1/1 4:10,25,95,86.74
588,2024/1/1 4:10,25,70,84.14
589,2024/1/1 4:10,25,72,92.35
590,2024/1/1 4:10,25,75,85.74
591,2024/1/1 4:10,25,78,79.13
592,2024/1/1 4:10,25,84,86.76
593,2024/1/1 4:10,25,90,94.4
594,2024/1/1 4:10,25,92,87.36
595,2024/1/1 4:10,25,94,80.33
596,2024/1/1 4:10,25,76,79.33
597,2024/1/1 4:10,25,77,82.55
598,2024/1/1 4:10,25,78,85.77
599,2024/1/1 4:10,25,68,80.85
600,2024/1/1 4:10,25,64,91.39
601,2024/1/1 4:10,25,61,89.07
602,2024/1/1 4:10,25,76,95.21
603,2024/1/1 4:10,25,78,65.51
604,2024/1/1 4:10,25,72,80.42
605,2024/1/1 4:10,25,78.5,89.37
606,2024/1/1 4:10,25,85,98.32
607,2024/1/1 4:10,25,68,88.56
608,2024/1/1 4:10,25,80,78.51
609,2024/1/1 4:10,25,84,92.43
610,2024/1/1 4:10,25,104,89.91
611,2024/1/1 4:10,25,101,79.8
612,2024/1/1 4:10,25,89,90.24
613,2024/1/1 4:10,25,77,100.68
614,2024/1/1 4:10,25,78,96.88
615,2024/1/1 4:10,25,79,89.05
616,2024/1/1 4:10,25,80,87.08
617,2024/1/1 4:10,25,84,78.43
618,2024/1/1 4:10,25,41,87.78
619,2024/1/1 4:10,25,54,86.76
620,2024/1/1 4:10,25,67,85.75
621,2024/1/1 4:10,25,88,82.28
622,2024/1/1 4:10,25,109,78.81
623,2024/1/1 4:10,25,99.5,84.02
624,2024/1/1 4:10,25,90,89.22
625,2024/1/1 4:10,25,24,52.08
626,2024/1/1 4:10,25,29,61.69
627,2024/1/1 4:10,25,21.5,49.78
628,2024/1/1 4:10,25,14,37.86
629,2024/1/1 4:10,25,8,56
630,2024/1/1 4:10,25,11,50.45
631,2024/1/1 4:10,25,19,76.26
632,2024/1/1 4:10,25,25,36.64
633,2024/1/1 4:10,25,21,44.1
634,2024/1/1 4:10,25,33,62.82
635,2024/1/1 4:10,25,55,62.95
636,2024/1/1 4:10,25,23,63.61
637,2024/1/1 4:10,25,25,56.92
638,2024/1/1 4:10,25,27,50.22
639,2024/1/1 4:10,25,51,44.76
640,2024/1/1 4:10,25,42,55.5
641,2024/1/1 4:10,25,10,68.9
642,2024/1/1 4:10,25,17,54.24
643,2024/1/1 4:10,25,35,38.74
644,2024/1/1 4:10,25,22,51.5
645,2024/1/1 4:10,25,29,75.93
646,2024/1/1 4:10,25,35,83.17
647,2024/1/1 4:10,25,25,74.25
648,2024/1/1 4:10,25,15,65.33
649,2024/1/1 4:10,25,8,79.75
650,2024/1/1 4:10,25,22,57.55
651,2024/1/1 4:10,25,14,63.07
652,2024/1/1 4:10,25,19,56.26
653,2024/1/1 4:10,25,24.5,55.44
654,2024/1/1 4:10,25,30,54.63
655,2024/1/1 4:10,25,73,40.11
656,2024/1/1 4:10,25,76,46.63
657,2024/1/1 4:10,25,79,53.16
658,2024/1/1 4:10,25,82,59.68
659,2024/1/1 4:10,25,85,66.2
660,2024/1/1 4:10,25,48,78.96
661,2024/1/1 4:10,25,11,91.73
662,2024/1/1 4:10,25,33,55.61
663,2024/1/1 4:10,25,14,85.71
664,2024/1/1 4:10,25,27,76.82
665,2024/1/1 4:10,25,40,67.92
666,2024/1/1 4:10,25,50.5,72.29
667,2024/1/1 4:10,25,61,76.66
668,2024/1/1 4:10,25,52,62.08
669,2024/1/1 4:10,25,51,67.86
670,2024/1/1 4:10,25,47.5,71.22
671,2024/1/1 4:10,25,44,74.59
672,2024/1/1 4:10,25,43,69.98
673,2024/1/1 4:10,25,83,81.81
674,2024/1/1 4:10,25,53,70.75
675,2024/1/1 4:10,25,91,64.98
676,2024/1/1 4:10,25,56,71.79
677,2024/1/1 4:10,25,45.67,70.79
678,2024/1/1 4:10,25,35.33,69.8
679,2024/1/1 4:10,25,25,68.8
680,2024/1/1 4:10,25,17,74.12
681,2024/1/1 4:10,25,14,76.64
682,2024/1/1 4:10,25,11,71.64
683,2024/1/1 4:10,25,14,108.43
684,2024/1/1 4:10,25,13,78.15
685,2024/1/1 4:10,25,10,62.8
686,2024/1/1 4:10,25,16,87.06
687,2024/1/1 4:10,25,17,82.67
688,2024/1/1 4:10,25,18,78.28
689,2024/1/1 4:10,25,56,87.5
690,2024/1/1 4:10,25,52,67.94
691,2024/1/1 4:10,25,30,69.53
692,2024/1/1 4:10,25,52,84.31
693,2024/1/1 4:10,25,29,73
694,2024/1/1 4:10,25,36,64.67
695,2024/1/1 4:10,25,15,51.07
696,2024/1/1 4:10,25,34,75.06
697,2024/1/1 4:10,25,18,86.94
698,2024/1/1 4:10,25,19.5,74.4
699,2024/1/1 4:10,25,21,61.86
700,2024/1/1 4:10,25,23,64.29
701,2024/1/1 4:10,25,25,66.72
702,2024/1/1 4:10,25,13,73.36
703,2024/1/1 4:10,25,1,80
704,2024/1/1 4:10,25,7,75.71
705,2024/1/1 4:10,25,2,92
706,2024/1/1 4:10,25,61,73.38
707,2024/1/1 4:10,25,50,83.38
708,2024/1/1 4:10,25,31,91.77
709,2024/1/1 4:10,25,26.33,90.96
710,2024/1/1 4:10,25,21.67,90.16
711,2024/1/1 4:10,25,17,89.35
712,2024/1/1 4:10,25,22,51.45
713,2024/1/1 4:10,25,20,50.78
714,2024/1/1 4:10,25,18,50.11
715,2024/1/1 4:10,25,19,76.26
716,2024/1/1 4:10,25,9,55.44
717,2024/1/1 4:10,25,8,44.5
718,2024/1/1 4:10,25,4,23.25
719,2024/1/1 4:10,25,24,50.96
720,2024/1/1 4:10,25,18,48.78
721,2024/1/1 4:10,25,8,59.12
722,2024/1/1 4:10,25,13.67,62.36
723,2024/1/1 4:10,25,19.33,65.6
724,2024/1/1 4:10,25,25,68.84
725,2024/1/1 4:10,25,23,68.96
726,2024/1/1 4:10,25,16,94.75
727,2024/1/1 4:10,25,26,78.31
728,2024/1/1 4:10,25,24,77.5
729,2024/1/1 4:10,25,15,67.53
730,2024/1/1 4:10,25,15,58.36
731,2024/1/1 4:10,25,15,49.2
732,2024/1/1 4:10,25,15,81.67
733,2024/1/1 4:10,25,7,55.57
734,2024/1/1 4:10,25,17,52
735,2024/1/1 4:10,25,23,105.7
736,2024/1/1 4:10,25,25,95.8
737,2024/1/1 4:10,25,19,66.11
738,2024/1/1 4:10,25,20,41.65
739,2024/1/1 4:10,25,20,57.4
740,2024/1/1 4:10,25,20,76.8
741,2024/1/1 4:10,25,10.5,82.4
742,2024/1/1 4:10,25,1,88
743,2024/1/1 4:10,25,1.78,85.06
744,2024/1/1 4:10,25,2.56,82.11
745,2024/1/1 4:10,25,3.33,79.17
746,2024/1/1 4:10,25,4.11,76.22
747,2024/1/1 4:10,25,4.89,73.28
748,2024/1/1 4:10,25,5.67,70.33
749,2024/1/1 4:10,25,6.44,67.39
750,2024/1/1 4:10,25,7.22,64.44
751,2024/1/1 4:10,25,8,61.5
752,2024/1/1 4:10,25,7.65,62.26
753,2024/1/1 4:10,25,7.29,63.03
754,2024/1/1 4:10,25,6.94,63.79
755,2024/1/1 4:10,25,6.59,64.56
756,2024/1/1 4:10,25,6.24,65.32
757,2024/1/1 4:10,25,5.88,66.09
758,2024/1/1 4:10,25,5.53,66.85
759,2024/1/1 4:10,25,5.18,67.62
760,2024/1/1 4:10,25,4.82,68.38
761,2024/1/1 4:10,25,4.47,69.15
762,2024/1/1 4:10,25,4.12,69.91
763,2024/1/1 4:10,25,3.76,70.68
764,2024/1/1 4:10,25,3.41,71.44
765,2024/1/1 4:10,25,3.06,72.21
766,2024/1/1 4:10,25,2.71,72.97
767,2024/1/1 4:10,25,2.35,73.74
768,2024/1/1 4:10,25,2,74.5
769,2024/1/1 4:10,25,4,
770,2024/1/1 4:10,25,0,
771,2024/1/1 4:10,25,13.5,
772,2024/1/1 4:10,25,27,49.78
773,2024/1/1 4:10,25,18,70.94
774,2024/1/1 4:10,25,21,66.81
775,2024/1/1 4:10,25,24,62.69
776,2024/1/1 4:10,25,27,58.56
777,2024/1/1 4:10,25,16,84.56
778,2024/1/1 4:10,25,22,65.27
779,2024/1/1 4:10,25,41,50.63
780,2024/1/1 4:10,25,10,53.5
781,2024/1/1 4:10,25,5,51.4
782,2024/1/1 4:10,25,4,63
783,2024/1/1 4:10,25,11,51.73
784,2024/1/1 4:10,25,6,67.33
785,2024/1/1 4:10,25,12,53.08
786,2024/1/1 4:10,25,27,71.59
787,2024/1/1 4:10,25,23,95.13
788,2024/1/1 4:10,25,15,86.6
789,2024/1/1 4:10,25,18,57.83
790,2024/1/1 4:10,25,12,88.67
791,2024/1/1 4:10,25,12,59.67
792,2024/1/1 4:10,25,27,49.94
793,2024/1/1 4:10,25,13.5,24.97
794,2024/1/1 4:10,25,6.83,33.56
795,2024/1/1 4:10,25,3.42,16.78
796,2024/1/1 4:10,25,1.71,8.39
797,2024/1/1 4:10,25,0.85,4.19
798,2024/1/1 4:10,25,0.43,2.1
799,2024/1/1 4:10,25,0.21,1.05
800,2024/1/1 4:10,25,0.11,0.52
801,2024/1/1 4:10,25,0.05,0.26
802,2024/1/1 4:10,25,0.03,0.13
803,2024/1/1 4:10,25,0.01,0.07
804,2024/1/1 4:10,25,0,0.02
805,2024/1/1 4:10,25,0,0.01
806,2024/1/1 4:10,25,4.5,26.77
807,2024/1/1 4:10,25,9,53.53
808,2024/1/1 4:10,25,0,0.01
809,2024/1/1 4:10,25,4.18,4.9
810,2024/1/1 4:10,25,8.36,9.78
811,2024/1/1 4:10,25,12.55,14.67
812,2024/1/1 4:10,25,16.73,19.56
813,2024/1/1 4:10,25,20.91,24.45
814,2024/1/1 4:10,25,25.09,29.33
815,2024/1/1 4:10,25,29.27,34.22
816,2024/1/1 4:10,25,33.45,39.11
817,2024/1/1 4:10,25,37.64,44
818,2024/1/1 4:10,25,41.82,48.88
819,2024/1/1 4:10,25,46,53.77
820,2024/1/1 4:10,25,45.38,54.94
821,2024/1/1 4:10,25,44.75,56.11
822,2024/1/1 4:10,25,44.12,57.27
823,2024/1/1 4:10,25,43.5,58.44
824,2024/1/1 4:10,25,42.88,59.61
825,2024/1/1 4:10,25,42.25,60.78
826,2024/1/1 4:10,25,41.62,61.94
827,2024/1/1 4:10,25,41,63.11
828,2024/1/1 4:10,25,61,54.96
829,2024/1/1 4:10,25,30.5,27.48
830,2024/1/1 4:10,25,15.25,13.74
831,2024/1/1 4:10,25,7.62,6.87
832,2024/1/1 4:10,25,3.81,3.44
833,2024/1/1 4:10,25,1.91,1.72
834,2024/1/1 4:10,25,0.95,0.86
835,2024/1/1 4:10,25,0.48,0.43
836,2024/1/1 4:10,25,0.24,0.21
837,2024/1/1 4:10,25,0.06,0.05
838,2024/1/1 4:10,25,0.03,0.03
839,2024/1/1 4:10,25,0.01,0.01
840,2024/1/1 4:10,25,2.15,3.48
841,2024/1/1 4:10,25,4.28,6.95
842,2024/1/1 4:10,25,6.42,10.42
843,2024/1/1 4:10,25,8.55,13.89
844,2024/1/1 4:10,25,10.69,17.36
845,2024/1/1 4:10,25,12.82,20.82
846,2024/1/1 4:10,25,14.96,24.29
847,2024/1/1 4:10,25,17.09,27.76
848,2024/1/1 4:10,25,19.23,31.23
849,2024/1/1 4:10,25,21.36,34.7
850,2024/1/1 4:10,25,23.5,38.17
851,2024/1/1 4:10,25,26.5,65.24
852,2024/1/1 4:10,25,13.25,32.62
853,2024/1/1 4:10,25,6.62,16.31
854,2024/1/1 4:10,25,3.31,8.15
855,2024/1/1 4:10,25,1.66,4.08
856,2024/1/1 4:10,25,0.83,2.04
857,2024/1/1 4:10,25,0.41,1.02
858,2024/1/1 4:10,25,0.21,0.51
859,2024/1/1 4:10,25,0.1,0.25
860,2024/1/1 4:10,25,0.05,0.13
861,2024/1/1 4:10,25,0.03,0.06
862,2024/1/1 4:10,25,0.04,0.06
863,2024/1/1 4:10,25,0.03,0.03
864,2024/1/1 4:10,25,15,42.76
865,2024/1/1 4:10,25,7.5,21.38
866,2024/1/1 4:10,25,3.75,10.69
867,2024/1/1 4:10,25,1.25,3.56
868,2024/1/1 4:10,25,0.63,1.79
869,2024/1/1 4:10,25,0.63,1.78
870,2024/1/1 4:10,25,24.67,60.49
871,2024/1/1 4:10,25,12.33,30.24
872,2024/1/1 4:10,25,6.17,15.12
873,2024/1/1 4:10,25,3.08,7.56
874,2024/1/1 4:10,25,1.54,3.78
875,2024/1/1 4:10,25,0.77,1.89
876,2024/1/1 4:10,25,0.39,0.95
877,2024/1/1 4:10,25,0.19,0.47
878,2024/1/1 4:10,25,0.1,0.24
879,2024/1/1 4:10,25,19.05,43.63
880,2024/1/1 4:10,25,34.5,84.16
881,2024/1/1 4:10,25,18.5,42.38
882,2024/1/1 4:10,25,9.25,21.19
883,2024/1/1 4:10,25,4.62,10.6
884,2024/1/1 4:10,25,2.31,5.3
885,2024/1/1 4:10,25,1.16,2.65
886,2024/1/1 4:10,25,15.58,44.09
887,2024/1/1 4:10,25,14.5,40.34
888,2024/1/1 4:10,25,7.25,20.17
889,2024/1/1 4:10,25,3.62,10.09
890,2024/1/1 4:10,25,1.81,5.04
891,2024/1/1 4:10,25,15.41,44.25
892,2024/1/1 4:10,25,17,41.94
893,2024/1/1 4:10,25,8.5,20.97
894,2024/1/1 4:10,25,4.25,10.48
895,2024/1/1 4:10,25,2.12,5.24
896,2024/1/1 4:10,25,22.56,43.53
897,2024/1/1 4:10,25,46.5,28.32
898,2024/1/1 4:10,25,23.25,14.16
899,2024/1/1 4:10,25,11.62,7.08
900,2024/1/1 4:10,25,50.81,45.82
901,2024/1/1 4:10,25,36.5,39.4
902,2024/1/1 4:10,25,18.25,19.7
903,2024/1/1 4:10,25,9.12,9.85
904,2024/1/1 4:10,25,40.06,32.76
905,2024/1/1 4:10,25,23.25,38.41
906,2024/1/1 4:10,25,11.62,19.2
907,2024/1/1 4:10,25,5.81,9.6
908,2024/1/1 4:10,25,2.91,4.8
909,2024/1/1 4:10,25,1.45,2.4
910,2024/1/1 4:10,25,0.73,1.2
911,2024/1/1 4:10,25,0.36,0.6
912,2024/1/1 4:10,25,24.18,40.61
913,2024/1/1 4:10,25,13,26.95
914,2024/1/1 4:10,25,6.5,13.48
915,2024/1/1 4:10,25,3.25,6.74
916,2024/1/1 4:10,25,1.62,3.37
917,2024/1/1 4:10,25,0.81,1.68
918,2024/1/1 4:10,25,0.41,0.84
919,2024/1/1 4:10,25,0.2,0.42
920,2024/1/1 4:10,25,6.6,37.64
921,2024/1/1 4:10,25,30,31.47
922,2024/1/1 4:10,25,13.75,36.25
923,2024/1/1 4:10,25,6.88,18.12
924,2024/1/1 4:10,25,8.44,35.81
925,2024/1/1 4:10,25,5.5,25.86
926,2024/1/1 4:10,25,2.75,12.93
927,2024/1/1 4:10,25,9.69,30.59
928,2024/1/1 4:10,25,56.23,65.29
929,2024/1/1 4:10,25,2,31.5
930,2024/1/1 4:10,25,1,15.75
931,2024/1/1 4:10,25,0.5,7.88
932,2024/1/1 4:10,25,0.25,3.94
933,2024/1/1 4:10,25,0.12,1.97
934,2024/1/1 4:10,25,26.5,35.38
935,2024/1/1 4:10,25,13.25,17.69
936,2024/1/1 4:10,25,6.62,8.84
937,2024/1/1 4:10,25,9.31,30.96
938,2024/1/1 4:10,25,27,34.22
939,2024/1/1 4:10,25,13.5,17.11
940,2024/1/1 4:10,25,6.75,8.56
941,2024/1/1 4:10,25,20.38,45.67
942,2024/1/1 4:10,25,16.5,38.2
943,2024/1/1 4:10,25,8.25,19.1
944,2024/1/1 4:10,25,4.12,9.55
945,2024/1/1 4:10,25,28.06,47.53
946,2024/1/1 4:10,25,15,43.18
947,2024/1/1 4:10,25,7.5,21.59
948,2024/1/1 4:10,25,3.75,10.8
949,2024/1/1 4:10,25,1.88,5.4
950,2024/1/1 4:10,25,0.94,2.7
951,2024/1/1 4:10,25,0.47,1.35
952,2024/1/1 4:10,25,36.73,44.84
953,2024/1/1 4:10,25,37.5,48.24
954,2024/1/1 4:10,25,18.75,24.12
955,2024/1/1 4:10,25,9.38,12.06
956,2024/1/1 4:10,25,4.69,6.03
957,2024/1/1 4:10,25,2.34,3.02
958,2024/1/1 4:10,25,1.17,1.51
959,2024/1/1 4:10,25,39.59,43.32
960,2024/1/1 4:10,25,59,38.4
961,2024/1/1 4:10,25,29.5,19.2
962,2024/1/1 4:10,25,14.75,9.6
963,2024/1/1 4:10,25,7.38,4.8
964,2024/1/1 4:10,25,3.69,2.4
965,2024/1/1 4:10,25,1.84,1.2
966,2024/1/1 4:10,25,25.92,24.76
967,2024/1/1 4:10,25,31,32.34
968,2024/1/1 4:10,25,15.5,16.17
969,2024/1/1 4:10,25,7.75,8.08
970,2024/1/1 4:10,25,3.88,4.04
971,2024/1/1 4:10,25,1.94,2.02
972,2024/1/1 4:10,25,0.97,1.01
973,2024/1/1 4:10,25,0.48,0.51
974,2024/1/1 4:10,25,45.74,40.13
975,2024/1/1 4:10,25,1,21.22
976,2024/1/1 4:10,25,0.5,10.61
977,2024/1/1 4:10,25,0.25,5.31
978,2024/1/1 4:10,25,0.12,2.65
979,2024/1/1 4:10,25,0.06,1.33
980,2024/1/1 4:10,25,0.03,0.66
981,2024/1/1 4:10,25,12.01,31.01
982,2024/1/1 4:10,25,6.01,15.5
983,2024/1/1 4:10,25,3,7.75
984,2024/1/1 4:10,25,1.5,3.88
985,2024/1/1 4:10,25,16.5,58.4
986,2024/1/1 4:10,25,41,34.64
987,2024/1/1 4:10,25,20.5,17.32
988,2024/1/1 4:10,25,10.25,8.66
989,2024/1/1 4:10,25,5.12,4.33
990,2024/1/1 4:10,25,66.56,35.8
991,2024/1/1 4:10,25,59,32.78
992,2024/1/1 4:10,25,29.5,16.39
993,2024/1/1 4:10,25,14.75,8.19
994,2024/1/1 4:10,25,7.38,4.1
995,2024/1/1 4:10,25,26.12,18.51
996,2024/1/1 4:10,25,50,55.07
997,2024/1/1 4:10,25,25,27.54
998,2024/1/1 4:10,25,12.5,13.77
999,2024/1/1 4:10,25,7.5,34.36
1000,2024/1/1 4:10,25,8.67,29.36
1001,2024/1/1 4:10,25,4.33,14.68
1002,2024/1/1 4:10,25,2.17,7.34
1003,2024/1/1 4:10,25,1.08,3.67
1004,2024/1/1 4:10,25,0.54,1.84
1005,2024/1/1 4:10,25,48.18,56.16
1006,2024/1/1 4:10,25,59,74.08
2,2024/1/1 4:20,26,12,56.58
3,2024/1/1 4:20,26,22,72.59
4,2024/1/1 4:20,26,27,73.93
5,2024/1/1 4:20,26,20,73.2
6,2024/1/1 4:20,26,15,95.73
7,2024/1/1 4:20,26,24,57.83
8,2024/1/1 4:20,26,32,71.59
9,2024/1/1 4:20,26,19,85.79
10,2024/1/1 4:20,26,39,69.03
11,2024/1/1 4:20,26,63,67.25
12,2024/1/1 4:20,26,92,67.41
13,2024/1/1 4:20,26,112,61.12
14,2024/1/1 4:20,26,56,68.02
15,2024/1/1 4:20,26,61,71.72
16,2024/1/1 4:20,26,56,61.62
17,2024/1/1 4:20,26,35,76.8
18,2024/1/1 4:20,26,65,64.86
19,2024/1/1 4:20,26,49,69.53
20,2024/1/1 4:20,26,47,68.68
21,2024/1/1 4:20,26,45,67.82
22,2024/1/1 4:20,26,24,79.46
23,2024/1/1 4:20,26,28,72.25
24,2024/1/1 4:20,26,63,62.84
25,2024/1/1 4:20,26,61,81.38
26,2024/1/1 4:20,26,49,81.31
27,2024/1/1 4:20,26,71,92.93
28,2024/1/1 4:20,26,63,96.24
29,2024/1/1 4:20,26,40,85.33
30,2024/1/1 4:20,26,41,80
31,2024/1/1 4:20,26,42.5,87.06
32,2024/1/1 4:20,26,44,94.11
33,2024/1/1 4:20,26,46,93.61
34,2024/1/1 4:20,26,39,87.46
35,2024/1/1 4:20,26,33,86.91
36,2024/1/1 4:20,26,33,100.39
37,2024/1/1 4:20,26,52,91.38
38,2024/1/1 4:20,26,52,59.62
39,2024/1/1 4:20,26,43.5,65.24
40,2024/1/1 4:20,26,35,70.86
41,2024/1/1 4:20,26,41,41.22
42,2024/1/1 4:20,26,50.5,45.31
43,2024/1/1 4:20,26,60,49.4
44,2024/1/1 4:20,26,76,60.58
45,2024/1/1 4:20,26,53,65.66
46,2024/1/1 4:20,26,45,72.11
47,2024/1/1 4:20,26,45,66.13
48,2024/1/1 4:20,26,48,71.19
49,2024/1/1 4:20,26,42,80.81
50,2024/1/1 4:20,26,76,64.88
51,2024/1/1 4:20,26,58,52.47
52,2024/1/1 4:20,26,45,81.78
53,2024/1/1 4:20,26,31,68.45
54,2024/1/1 4:20,26,29,84.34
55,2024/1/1 4:20,26,28,67.57
56,2024/1/1 4:20,26,32,78.12
57,2024/1/1 4:20,26,38,82.05
58,2024/1/1 4:20,26,36,59.36
59,2024/1/1 4:20,26,31,76.29
60,2024/1/1 4:20,26,16,72.12
61,2024/1/1 4:20,26,2,91
62,2024/1/1 4:20,26,6,68
63,2024/1/1 4:20,26,47,91.34
64,2024/1/1 4:20,26,51,100.35
65,2024/1/1 4:20,26,48,103.17
66,2024/1/1 4:20,26,45,105.13
67,2024/1/1 4:20,26,53,108.25
68,2024/1/1 4:20,26,54,93.48
69,2024/1/1 4:20,26,19,102.58
70,2024/1/1 4:20,26,19,98.05
71,2024/1/1 4:20,26,18,93.72
72,2024/1/1 4:20,26,21,82.24
73,2024/1/1 4:20,26,8,82.38
74,2024/1/1 4:20,26,16,92.94
75,2024/1/1 4:20,26,38,82.63
76,2024/1/1 4:20,26,15,88.6
77,2024/1/1 4:20,26,41,104.68
78,2024/1/1 4:20,26,37,91.3
79,2024/1/1 4:20,26,34,98.79
80,2024/1/1 4:20,26,47,114.6
81,2024/1/1 4:20,26,22,82
82,2024/1/1 4:20,26,20,78.5
83,2024/1/1 4:20,26,29,93.59
84,2024/1/1 4:20,26,20,83.2
85,2024/1/1 4:20,26,26,77.27
86,2024/1/1 4:20,26,22.5,76.4
87,2024/1/1 4:20,26,19,75.53
88,2024/1/1 4:20,26,37,81.7
89,2024/1/1 4:20,26,42,102.81
90,2024/1/1 4:20,26,51.5,92.24
91,2024/1/1 4:20,26,61,81.67
92,2024/1/1 4:20,26,66,94.85
93,2024/1/1 4:20,26,55,112.15
94,2024/1/1 4:20,26,49,97.88
95,2024/1/1 4:20,26,58,94.69
96,2024/1/1 4:20,26,47,84.6
97,2024/1/1 4:20,26,50,73.56
98,2024/1/1 4:20,26,63,85.41
99,2024/1/1 4:20,26,19,98.79
100,2024/1/1 4:20,26,13,72.31
101,2024/1/1 4:20,26,11,62.09
102,2024/1/1 4:20,26,33,85.97
103,2024/1/1 4:20,26,31,103.19
104,2024/1/1 4:20,26,29,120.41
105,2024/1/1 4:20,26,28,103.93
106,2024/1/1 4:20,26,66,114.94
107,2024/1/1 4:20,26,74,101.72
108,2024/1/1 4:20,26,79,114.42
109,2024/1/1 4:20,26,65,107.08
110,2024/1/1 4:20,26,62,110.9
111,2024/1/1 4:20,26,32,98.62
112,2024/1/1 4:20,26,24,128.46
113,2024/1/1 4:20,26,23,97.04
114,2024/1/1 4:20,26,23,110.35
115,2024/1/1 4:20,26,34,93.41
116,2024/1/1 4:20,26,27,92.78
117,2024/1/1 4:20,26,25,115.04
118,2024/1/1 4:20,26,19,101.21
119,2024/1/1 4:20,26,17,94.59
120,2024/1/1 4:20,26,15,116.07
121,2024/1/1 4:20,26,17,107.18
122,2024/1/1 4:20,26,5,106.6
123,2024/1/1 4:20,26,6,102.5
124,2024/1/1 4:20,26,28,77.71
125,2024/1/1 4:20,26,79,110.2
126,2024/1/1 4:20,26,53,98
127,2024/1/1 4:20,26,51,96.98
128,2024/1/1 4:20,26,71,125.51
129,2024/1/1 4:20,26,75,127.51
130,2024/1/1 4:20,26,78,118.29
131,2024/1/1 4:20,26,80,114.66
132,2024/1/1 4:20,26,76,113.49
133,2024/1/1 4:20,26,29,95.97
134,2024/1/1 4:20,26,33,95.42
135,2024/1/1 4:20,26,13,67.38
136,2024/1/1 4:20,26,6,99.5
137,2024/1/1 4:20,26,15,77
138,2024/1/1 4:20,26,37,81.78
139,2024/1/1 4:20,26,45,82.27
140,2024/1/1 4:20,26,59,90.8
141,2024/1/1 4:20,26,58,91.22
142,2024/1/1 4:20,26,31,87.48
143,2024/1/1 4:20,26,37,77.22
144,2024/1/1 4:20,26,57,78.04
145,2024/1/1 4:20,26,49,70.88
146,2024/1/1 4:20,26,42,75.26
147,2024/1/1 4:20,26,37,91.14
148,2024/1/1 4:20,26,44,88.16
149,2024/1/1 4:20,26,27,75.44
150,2024/1/1 4:20,26,25,79.08
151,2024/1/1 4:20,26,34,64.03
152,2024/1/1 4:20,26,38,75.95
153,2024/1/1 4:20,26,7,70.71
154,2024/1/1 4:20,26,11,72.64
155,2024/1/1 4:20,26,15,91.73
156,2024/1/1 4:20,26,22,94.77
157,2024/1/1 4:20,26,3,44.33
158,2024/1/1 4:20,26,7,48.29
159,2024/1/1 4:20,26,24,71.17
160,2024/1/1 4:20,26,25,82.68
161,2024/1/1 4:20,26,24,42.42
162,2024/1/1 4:20,26,17,85.94
163,2024/1/1 4:20,26,25,78.36
164,2024/1/1 4:20,26,35,64.46
165,2024/1/1 4:20,26,36,79.56
166,2024/1/1 4:20,26,36,72.67
167,2024/1/1 4:20,26,7,72.86
168,2024/1/1 4:20,26,57,79.39
169,2024/1/1 4:20,26,54,79.87
170,2024/1/1 4:20,26,68,91.16
171,2024/1/1 4:20,26,86,87.69
172,2024/1/1 4:20,26,60,89.78
173,2024/1/1 4:20,26,72,95.49
174,2024/1/1 4:20,26,76,86.71
175,2024/1/1 4:20,26,36,72.5
176,2024/1/1 4:20,26,4,88
177,2024/1/1 4:20,26,15,85.73
178,2024/1/1 4:20,26,30.5,79.56
179,2024/1/1 4:20,26,46,73.39
180,2024/1/1 4:20,26,31.5,70.78
181,2024/1/1 4:20,26,17,68.18
182,2024/1/1 4:20,26,47,63.06
183,2024/1/1 4:20,26,78,72.54
184,2024/1/1 4:20,26,72,61.39
185,2024/1/1 4:20,26,67,64.97
186,2024/1/1 4:20,26,62,68.54
187,2024/1/1 4:20,26,57,72.12
188,2024/1/1 4:20,26,30,76.17
189,2024/1/1 4:20,26,23,63.22
190,2024/1/1 4:20,26,45,79.62
191,2024/1/1 4:20,26,56,68.95
192,2024/1/1 4:20,26,51,79.62
193,2024/1/1 4:20,26,46,90.3
194,2024/1/1 4:20,26,45,70.8
195,2024/1/1 4:20,26,34,66.47
196,2024/1/1 4:20,26,44,88.18
197,2024/1/1 4:20,26,51,93.88
198,2024/1/1 4:20,26,82,90.11
199,2024/1/1 4:20,26,46,94.39
200,2024/1/1 4:20,26,47,85.96
201,2024/1/1 4:20,26,74,84.97
202,2024/1/1 4:20,26,66,62.53
203,2024/1/1 4:20,26,34,68.53
204,2024/1/1 4:20,26,27,88.37
205,2024/1/1 4:20,26,40,97
206,2024/1/1 4:20,26,32,90.69
207,2024/1/1 4:20,26,40,84.92
208,2024/1/1 4:20,26,37,72.86
209,2024/1/1 4:20,26,32,90.66
210,2024/1/1 4:20,26,21,88
211,2024/1/1 4:20,26,24,85.71
212,2024/1/1 4:20,26,53,87.62
213,2024/1/1 4:20,26,32,84.19
214,2024/1/1 4:20,26,66,84.3
215,2024/1/1 4:20,26,50,88.74
216,2024/1/1 4:20,26,70,81.59
217,2024/1/1 4:20,26,75,89
218,2024/1/1 4:20,26,59,89.1
219,2024/1/1 4:20,26,61,83.56
220,2024/1/1 4:20,26,41,84.66
221,2024/1/1 4:20,26,29,90.69
222,2024/1/1 4:20,26,21,80.76
223,2024/1/1 4:20,26,41,64.32
224,2024/1/1 4:20,26,40,66.22
225,2024/1/1 4:20,26,32,84.34
226,2024/1/1 4:20,26,49,64.04
227,2024/1/1 4:20,26,32,69.72
228,2024/1/1 4:20,26,22,59.18
229,2024/1/1 4:20,26,20,69.45
230,2024/1/1 4:20,26,37,73.86
231,2024/1/1 4:20,26,28,86.79
232,2024/1/1 4:20,26,46.33,77.46
233,2024/1/1 4:20,26,64.67,68.14
234,2024/1/1 4:20,26,83,58.81
235,2024/1/1 4:20,26,128,70.06
236,2024/1/1 4:20,26,36,48.58
237,2024/1/1 4:20,26,5,61.2
238,2024/1/1 4:20,26,4,65
239,2024/1/1 4:20,26,6,58.31
240,2024/1/1 4:20,26,8,51.62
241,2024/1/1 4:20,26,1,8
242,2024/1/1 4:20,26,14,72
243,2024/1/1 4:20,26,61,78.93
244,2024/1/1 4:20,26,48,77.98
245,2024/1/1 4:20,26,86,66.91
246,2024/1/1 4:20,26,84,63
247,2024/1/1 4:20,26,61.5,57.86
248,2024/1/1 4:20,26,39,52.72
249,2024/1/1 4:20,26,44,68.14
250,2024/1/1 4:20,26,48,77.6
251,2024/1/1 4:20,26,21,75.33
252,2024/1/1 4:20,26,54,67.17
253,2024/1/1 4:20,26,110,72.43
254,2024/1/1 4:20,26,61,68.11
255,2024/1/1 4:20,26,58.5,70.08
256,2024/1/1 4:20,26,56,72.05
257,2024/1/1 4:20,26,66,61.36
258,2024/1/1 4:20,26,75,78.81
259,2024/1/1 4:20,26,68,70.76
260,2024/1/1 4:20,26,63,75.16
261,2024/1/1 4:20,26,34,57.47
262,2024/1/1 4:20,26,48,77.5
263,2024/1/1 4:20,26,53,57.66
264,2024/1/1 4:20,26,54,75.19
265,2024/1/1 4:20,26,46,63.74
266,2024/1/1 4:20,26,43,76.63
267,2024/1/1 4:20,26,39,55.92
268,2024/1/1 4:20,26,51,70.37
269,2024/1/1 4:20,26,54,77.35
270,2024/1/1 4:20,26,66,82.85
271,2024/1/1 4:20,26,55.5,82
272,2024/1/1 4:20,26,45,81.16
273,2024/1/1 4:20,26,21,68.62
274,2024/1/1 4:20,26,58,73.69
275,2024/1/1 4:20,26,46,71.26
276,2024/1/1 4:20,26,51,73.53
277,2024/1/1 4:20,26,56,72.79
278,2024/1/1 4:20,26,61,72.05
279,2024/1/1 4:20,26,50.5,70.3
280,2024/1/1 4:20,26,40,68.55
281,2024/1/1 4:20,26,44,61.41
282,2024/1/1 4:20,26,49,64.53
283,2024/1/1 4:20,26,51,68.59
284,2024/1/1 4:20,26,45,74.82
285,2024/1/1 4:20,26,62,73.21
286,2024/1/1 4:20,26,73,71.63
287,2024/1/1 4:20,26,70.5,70.18
288,2024/1/1 4:20,26,68,68.72
289,2024/1/1 4:20,26,55,62.07
290,2024/1/1 4:20,26,50,74.42
291,2024/1/1 4:20,26,75,69.23
292,2024/1/1 4:20,26,85,65.73
293,2024/1/1 4:20,26,71,81.87
294,2024/1/1 4:20,26,38,78.24
295,2024/1/1 4:20,26,47,67.7
296,2024/1/1 4:20,26,49,63.73
297,2024/1/1 4:20,26,59,63.95
298,2024/1/1 4:20,26,56,49.91
299,2024/1/1 4:20,26,45.5,51.78
300,2024/1/1 4:20,26,35,53.66
301,2024/1/1 4:20,26,101,72.53
302,2024/1/1 4:20,26,53,82.26
303,2024/1/1 4:20,26,63,86.56
304,2024/1/1 4:20,26,42,66.14
305,2024/1/1 4:20,26,21,45.71
306,2024/1/1 4:20,26,42,76.81
307,2024/1/1 4:20,26,45,110.56
308,2024/1/1 4:20,26,54,91.61
309,2024/1/1 4:20,26,50,109.68
310,2024/1/1 4:20,26,49,97.14
311,2024/1/1 4:20,26,34,104.5
312,2024/1/1 4:20,26,37,119.65
313,2024/1/1 4:20,26,46,113.74
314,2024/1/1 4:20,26,49,110.67
315,2024/1/1 4:20,26,52,103.98
316,2024/1/1 4:20,26,45,103.09
317,2024/1/1 4:20,26,28,92.64
318,2024/1/1 4:20,26,28,101.96
319,2024/1/1 4:20,26,34,105.26
320,2024/1/1 4:20,26,37,97.73
321,2024/1/1 4:20,26,40,118.12
322,2024/1/1 4:20,26,47,111.32
323,2024/1/1 4:20,26,42,110.12
324,2024/1/1 4:20,26,42,103.86
325,2024/1/1 4:20,26,21,85.62
326,2024/1/1 4:20,26,17,106.59
327,2024/1/1 4:20,26,22,105.05
328,2024/1/1 4:20,26,11,99.27
329,2024/1/1 4:20,26,6,60.64
330,2024/1/1 4:20,26,1,22
331,2024/1/1 4:20,26,10,91.7
332,2024/1/1 4:20,26,23,98.43
333,2024/1/1 4:20,26,16,109.44
334,2024/1/1 4:20,26,18,108.61
335,2024/1/1 4:20,26,28,102.86
336,2024/1/1 4:20,26,20,94.55
337,2024/1/1 4:20,26,23,100.04
338,2024/1/1 4:20,26,16,106.81
339,2024/1/1 4:20,26,19,88
340,2024/1/1 4:20,26,15,97.47
341,2024/1/1 4:20,26,37,91.03
342,2024/1/1 4:20,26,33,103.39
343,2024/1/1 4:20,26,31,107.1
344,2024/1/1 4:20,26,37,111
345,2024/1/1 4:20,26,38,115.37
346,2024/1/1 4:20,26,43,114.07
347,2024/1/1 4:20,26,43,110.81
348,2024/1/1 4:20,26,36,109.33
349,2024/1/1 4:20,26,40,91.95
350,2024/1/1 4:20,26,35,94.54
351,2024/1/1 4:20,26,14,81.93
352,2024/1/1 4:20,26,12,70.33
353,2024/1/1 4:20,26,17,78.06
354,2024/1/1 4:20,26,11,60.73
355,2024/1/1 4:20,26,4,94.25
356,2024/1/1 4:20,26,22,78.64
357,2024/1/1 4:20,26,19,75.42
358,2024/1/1 4:20,26,19,84.42
359,2024/1/1 4:20,26,28,75.89
360,2024/1/1 4:20,26,33,78.3
361,2024/1/1 4:20,26,19,77.89
362,2024/1/1 4:20,26,17,95.41
363,2024/1/1 4:20,26,38,81.76
364,2024/1/1 4:20,26,59,68.1
365,2024/1/1 4:20,26,51,75.6
366,2024/1/1 4:20,26,43,83.1
367,2024/1/1 4:20,26,35,90.6
368,2024/1/1 4:20,26,96,89.95
369,2024/1/1 4:20,26,87,89.63
370,2024/1/1 4:20,26,78,89.31
371,2024/1/1 4:20,26,63,73.95
372,2024/1/1 4:20,26,67,87.13
373,2024/1/1 4:20,26,94,102.62
374,2024/1/1 4:20,26,69,107.78
375,2024/1/1 4:20,26,78,95.5
376,2024/1/1 4:20,26,59,92.51
377,2024/1/1 4:20,26,42,107.62
378,2024/1/1 4:20,26,52,97.19
379,2024/1/1 4:20,26,61,86.66
380,2024/1/1 4:20,26,24,84.17
381,2024/1/1 4:20,26,19,94.05
382,2024/1/1 4:20,26,26,80.04
383,2024/1/1 4:20,26,5,92.6
384,2024/1/1 4:20,26,10,27.1
385,2024/1/1 4:20,26,17,87.82
386,2024/1/1 4:20,26,12,72.58
387,2024/1/1 4:20,26,17,64.71
388,2024/1/1 4:20,26,38,73.58
389,2024/1/1 4:20,26,35,94.71
390,2024/1/1 4:20,26,53,101.94
391,2024/1/1 4:20,26,45,78.47
392,2024/1/1 4:20,26,40,101.05
393,2024/1/1 4:20,26,52,110.35
394,2024/1/1 4:20,26,52,103.23
395,2024/1/1 4:20,26,74,
396,2024/1/1 4:20,26,37,
397,2024/1/1 4:20,26,0,
398,2024/1/1 4:20,26,1,
399,2024/1/1 4:20,26,0,
400,2024/1/1 4:20,26,0,
401,2024/1/1 4:20,26,1,78
402,2024/1/1 4:20,26,3,88
403,2024/1/1 4:20,26,1,54
404,2024/1/1 4:20,26,1,74
405,2024/1/1 4:20,26,3,64.67
406,2024/1/1 4:20,26,1,69
407,2024/1/1 4:20,26,3,
408,2024/1/1 4:20,26,0,
409,2024/1/1 4:20,26,0,
410,2024/1/1 4:20,26,0,
411,2024/1/1 4:20,26,1,79
412,2024/1/1 4:20,26,1,70
413,2024/1/1 4:20,26,1,
414,2024/1/1 4:20,26,0,
415,2024/1/1 4:20,26,18,
416,2024/1/1 4:20,26,9,
417,2024/1/1 4:20,26,0,
418,2024/1/1 4:20,26,0,
419,2024/1/1 4:20,26,0,
420,2024/1/1 4:20,26,0,
421,2024/1/1 4:20,26,0,
422,2024/1/1 4:20,26,0,
423,2024/1/1 4:20,26,0,
424,2024/1/1 4:20,26,0,
425,2024/1/1 4:20,26,0,
426,2024/1/1 4:20,26,0,
427,2024/1/1 4:20,26,0,
428,2024/1/1 4:20,26,1,100
429,2024/1/1 4:20,26,2,70.5
430,2024/1/1 4:20,26,2,79
431,2024/1/1 4:20,26,1,
432,2024/1/1 4:20,26,0.5,
433,2024/1/1 4:20,26,0,
434,2024/1/1 4:20,26,22.67,
435,2024/1/1 4:20,26,45.33,
436,2024/1/1 4:20,26,68,78.91
437,2024/1/1 4:20,26,35,64.26
438,2024/1/1 4:20,26,42,82.45
439,2024/1/1 4:20,26,37,84.34
440,2024/1/1 4:20,26,32,86.22
441,2024/1/1 4:20,26,45,63.04
442,2024/1/1 4:20,26,53,71.74
443,2024/1/1 4:20,26,52.67,70.13
444,2024/1/1 4:20,26,52.33,68.51
445,2024/1/1 4:20,26,52,66.9
446,2024/1/1 4:20,26,54,59.63
447,2024/1/1 4:20,26,45,71.56
448,2024/1/1 4:20,26,58,78.43
449,2024/1/1 4:20,26,22,78.05
450,2024/1/1 4:20,26,36,87.08
451,2024/1/1 4:20,26,54,66.94
452,2024/1/1 4:20,26,55,77.29
453,2024/1/1 4:20,26,43,93.51
454,2024/1/1 4:20,26,58,77.16
455,2024/1/1 4:20,26,31,74.32
456,2024/1/1 4:20,26,61,80.23
457,2024/1/1 4:20,26,52,91.81
458,2024/1/1 4:20,26,24,78.83
459,2024/1/1 4:20,26,20,90.5
460,2024/1/1 4:20,26,19,92.74
461,2024/1/1 4:20,26,22,97.91
462,2024/1/1 4:20,26,27,95.63
463,2024/1/1 4:20,26,21,96.19
464,2024/1/1 4:20,26,12,76.5
465,2024/1/1 4:20,26,10,99.4
466,2024/1/1 4:20,26,35,93.41
467,2024/1/1 4:20,26,60,87.42
468,2024/1/1 4:20,26,62,79.66
469,2024/1/1 4:20,26,72,69.92
470,2024/1/1 4:20,26,68,79.45
471,2024/1/1 4:20,26,64,88.98
472,2024/1/1 4:20,26,21,88.71
473,2024/1/1 4:20,26,22,86.09
474,2024/1/1 4:20,26,20,73.95
475,2024/1/1 4:20,26,30,74.1
476,2024/1/1 4:20,26,27,76.81
477,2024/1/1 4:20,26,30,89.97
478,2024/1/1 4:20,26,52,72.4
479,2024/1/1 4:20,26,47,94.96
480,2024/1/1 4:20,26,47,78.89
481,2024/1/1 4:20,26,43,68.74
482,2024/1/1 4:20,26,48,81.44
483,2024/1/1 4:20,26,46,76.02
484,2024/1/1 4:20,26,38,72.34
485,2024/1/1 4:20,26,944,0.91
486,2024/1/1 4:20,26,66,93.71
487,2024/1/1 4:20,26,73,82.84
488,2024/1/1 4:20,26,73,76.3
489,2024/1/1 4:20,26,73.5,81.13
490,2024/1/1 4:20,26,74,85.96
491,2024/1/1 4:20,26,72,87.61
492,2024/1/1 4:20,26,63,90.7
493,2024/1/1 4:20,26,65,85.2
494,2024/1/1 4:20,26,64,103.2
495,2024/1/1 4:20,26,64,86.03
496,2024/1/1 4:20,26,67,83.79
497,2024/1/1 4:20,26,77,94.56
498,2024/1/1 4:20,26,85,103.71
499,2024/1/1 4:20,26,62,84.76
500,2024/1/1 4:20,26,55.5,94.08
501,2024/1/1 4:20,26,49,103.39
502,2024/1/1 4:20,26,71,82.35
503,2024/1/1 4:20,26,73,84.48
504,2024/1/1 4:20,26,65,72.83
505,2024/1/1 4:20,26,49,82.94
506,2024/1/1 4:20,26,65,81.8
507,2024/1/1 4:20,26,72.5,76.54
508,2024/1/1 4:20,26,80,71.29
509,2024/1/1 4:20,26,87.5,66.04
510,2024/1/1 4:20,26,95,60.78
511,2024/1/1 4:20,26,96,74.88
512,2024/1/1 4:20,26,63,66.79
513,2024/1/1 4:20,26,77,75.42
514,2024/1/1 4:20,26,66,84.62
515,2024/1/1 4:20,26,67,72.84
516,2024/1/1 4:20,26,64,93.64
517,2024/1/1 4:20,26,68.5,90.16
518,2024/1/1 4:20,26,73,86.67
519,2024/1/1 4:20,26,63.5,83.74
520,2024/1/1 4:20,26,54,80.81
521,2024/1/1 4:20,26,54,80.47
522,2024/1/1 4:20,26,54,80.13
523,2024/1/1 4:20,26,56.5,87.35
524,2024/1/1 4:20,26,59,94.58
525,2024/1/1 4:20,26,59,77.29
526,2024/1/1 4:20,26,57,76.37
527,2024/1/1 4:20,26,28,81.93
528,2024/1/1 4:20,26,32.67,81.45
529,2024/1/1 4:20,26,37.33,80.96
530,2024/1/1 4:20,26,42,80.48
531,2024/1/1 4:20,26,43,108.35
532,2024/1/1 4:20,26,47,97.31
533,2024/1/1 4:20,26,51,86.27
534,2024/1/1 4:20,26,58,77.45
535,2024/1/1 4:20,26,41,96.61
536,2024/1/1 4:20,26,38,90.79
537,2024/1/1 4:20,26,47,89.72
538,2024/1/1 4:20,26,41,83.34
539,2024/1/1 4:20,26,46,88.24
540,2024/1/1 4:20,26,45.25,90.27
541,2024/1/1 4:20,26,44.5,92.29
542,2024/1/1 4:20,26,43.75,94.32
543,2024/1/1 4:20,26,43,96.35
544,2024/1/1 4:20,26,41.5,95.82
545,2024/1/1 4:20,26,40,95.3
546,2024/1/1 4:20,26,58,82.66
547,2024/1/1 4:20,26,76,70.03
548,2024/1/1 4:20,26,106,84.12
549,2024/1/1 4:20,26,111,90.62
550,2024/1/1 4:20,26,124,84.4
551,2024/1/1 4:20,26,102,61.58
552,2024/1/1 4:20,26,41,82.44
553,2024/1/1 4:20,26,39,86.44
554,2024/1/1 4:20,26,43,76.65
555,2024/1/1 4:20,26,39,80.28
556,2024/1/1 4:20,26,32,81.53
557,2024/1/1 4:20,26,39,76.77
558,2024/1/1 4:20,26,31,82.39
559,2024/1/1 4:20,26,31,84.65
560,2024/1/1 4:20,26,70,95.26
561,2024/1/1 4:20,26,65.5,94.92
562,2024/1/1 4:20,26,61,94.57
563,2024/1/1 4:20,26,56,89.61
564,2024/1/1 4:20,26,51,85.94
565,2024/1/1 4:20,26,46,82.26
566,2024/1/1 4:20,26,60,83.6
567,2024/1/1 4:20,26,54.5,86.66
568,2024/1/1 4:20,26,49,89.73
569,2024/1/1 4:20,26,58,82.9
570,2024/1/1 4:20,26,52,79.18
571,2024/1/1 4:20,26,46,75.47
572,2024/1/1 4:20,26,40,71.75
573,2024/1/1 4:20,26,53,74.74
574,2024/1/1 4:20,26,61.5,73.24
575,2024/1/1 4:20,26,70,71.73
576,2024/1/1 4:20,26,39,89.44
577,2024/1/1 4:20,26,43,77.23
578,2024/1/1 4:20,26,48.5,78.26
579,2024/1/1 4:20,26,54,79.28
580,2024/1/1 4:20,26,53.67,82.38
581,2024/1/1 4:20,26,53.33,85.47
582,2024/1/1 4:20,26,53,88.57
583,2024/1/1 4:20,26,61.5,82.13
584,2024/1/1 4:20,26,70,75.69
585,2024/1/1 4:20,26,78,62.27
586,2024/1/1 4:20,26,102,91.66
587,2024/1/1 4:20,26,74,89.38
588,2024/1/1 4:20,26,46,87.09
589,2024/1/1 4:20,26,47,90.89
590,2024/1/1 4:20,26,62,85.76
591,2024/1/1 4:20,26,77,80.62
592,2024/1/1 4:20,26,69.5,87.51
593,2024/1/1 4:20,26,62,94.4
594,2024/1/1 4:20,26,61.5,89.74
595,2024/1/1 4:20,26,61,85.07
596,2024/1/1 4:20,26,58,82.81
597,2024/1/1 4:20,26,56,84.16
598,2024/1/1 4:20,26,54,85.52
599,2024/1/1 4:20,26,38,81.03
600,2024/1/1 4:20,26,40,91.75
601,2024/1/1 4:20,26,45,87.16
602,2024/1/1 4:20,26,57,87.39
603,2024/1/1 4:20,26,50,65.56
604,2024/1/1 4:20,26,32,80.62
605,2024/1/1 4:20,26,50,89.06
606,2024/1/1 4:20,26,68,97.49
607,2024/1/1 4:20,26,74,86.84
608,2024/1/1 4:20,26,72,78.03
609,2024/1/1 4:20,26,37,98.24
610,2024/1/1 4:20,26,43,92.42
611,2024/1/1 4:20,26,48,81.06
612,2024/1/1 4:20,26,60,89.03
613,2024/1/1 4:20,26,72,97
614,2024/1/1 4:20,26,78,96.15
615,2024/1/1 4:20,26,58,91.48
616,2024/1/1 4:20,26,50,84.72
617,2024/1/1 4:20,26,38,82.47
618,2024/1/1 4:20,26,30,87.77
619,2024/1/1 4:20,26,45.5,88.3
620,2024/1/1 4:20,26,61,88.84
621,2024/1/1 4:20,26,73.5,84.54
622,2024/1/1 4:20,26,86,80.24
623,2024/1/1 4:20,26,79.5,84.1
624,2024/1/1 4:20,26,73,87.97
625,2024/1/1 4:20,26,16,45.12
626,2024/1/1 4:20,26,20,76.75
627,2024/1/1 4:20,26,16.5,56.6
628,2024/1/1 4:20,26,13,36.46
629,2024/1/1 4:20,26,11,59.91
630,2024/1/1 4:20,26,9,59
631,2024/1/1 4:20,26,16,84.31
632,2024/1/1 4:20,26,19,35.37
633,2024/1/1 4:20,26,16,41.12
634,2024/1/1 4:20,26,40,61.98
635,2024/1/1 4:20,26,40,66.9
636,2024/1/1 4:20,26,17,62.53
637,2024/1/1 4:20,26,24,57.91
638,2024/1/1 4:20,26,31,53.29
639,2024/1/1 4:20,26,48,48.23
640,2024/1/1 4:20,26,42,52.83
641,2024/1/1 4:20,26,14,79.36
642,2024/1/1 4:20,26,19,45.79
643,2024/1/1 4:20,26,23,49.35
644,2024/1/1 4:20,26,24,61
645,2024/1/1 4:20,26,21,76.1
646,2024/1/1 4:20,26,22,80.05
647,2024/1/1 4:20,26,16,73.47
648,2024/1/1 4:20,26,10,66.9
649,2024/1/1 4:20,26,9,75.78
650,2024/1/1 4:20,26,15,68.67
651,2024/1/1 4:20,26,7,74.71
652,2024/1/1 4:20,26,15,48.73
653,2024/1/1 4:20,26,18,51.1
654,2024/1/1 4:20,26,21,53.48
655,2024/1/1 4:20,26,73,41.3
656,2024/1/1 4:20,26,78.75,47.52
657,2024/1/1 4:20,26,84.5,53.75
658,2024/1/1 4:20,26,90.25,59.98
659,2024/1/1 4:20,26,96,66.2
660,2024/1/1 4:20,26,54.5,75.29
661,2024/1/1 4:20,26,13,84.38
662,2024/1/1 4:20,26,23,55.87
663,2024/1/1 4:20,26,10,78.1
664,2024/1/1 4:20,26,26.5,74.19
665,2024/1/1 4:20,26,43,70.28
666,2024/1/1 4:20,26,42,74.72
667,2024/1/1 4:20,26,41,79.15
668,2024/1/1 4:20,26,27,64.89
669,2024/1/1 4:20,26,27,71.3
670,2024/1/1 4:20,26,33,73.85
671,2024/1/1 4:20,26,39,76.41
672,2024/1/1 4:20,26,32,74.22
673,2024/1/1 4:20,26,46,86.3
674,2024/1/1 4:20,26,23,72.83
675,2024/1/1 4:20,26,37,74.14
676,2024/1/1 4:20,26,22,71.45
677,2024/1/1 4:20,26,19.67,69.34
678,2024/1/1 4:20,26,17.33,67.24
679,2024/1/1 4:20,26,15,65.13
680,2024/1/1 4:20,26,13,82.38
681,2024/1/1 4:20,26,13,77.85
682,2024/1/1 4:20,26,8,106.25
683,2024/1/1 4:20,26,14,103.21
684,2024/1/1 4:20,26,12,89.4
685,2024/1/1 4:20,26,10,75.6
686,2024/1/1 4:20,26,11,77.09
687,2024/1/1 4:20,26,12.5,76.44
688,2024/1/1 4:20,26,14,75.79
689,2024/1/1 4:20,26,43,87.88
690,2024/1/1 4:20,26,59,75.95
691,2024/1/1 4:20,26,32,69.97
692,2024/1/1 4:20,26,35,83.71
693,2024/1/1 4:20,26,34,74.65
694,2024/1/1 4:20,26,29,62.28
695,2024/1/1 4:20,26,13,45.77
696,2024/1/1 4:20,26,25,68.8
697,2024/1/1 4:20,26,11,84.36
698,2024/1/1 4:20,26,15,74.44
699,2024/1/1 4:20,26,19,64.53
700,2024/1/1 4:20,26,17.5,62.42
701,2024/1/1 4:20,26,16,60.31
702,2024/1/1 4:20,26,10,65.16
703,2024/1/1 4:20,26,4,70
704,2024/1/1 4:20,26,2,77.5
705,2024/1/1 4:20,26,2,84
706,2024/1/1 4:20,26,30,75.13
707,2024/1/1 4:20,26,38,90.32
708,2024/1/1 4:20,26,36,82.39
709,2024/1/1 4:20,26,26.67,84.39
710,2024/1/1 4:20,26,17.33,86.38
711,2024/1/1 4:20,26,8,88.38
712,2024/1/1 4:20,26,12,51.33
713,2024/1/1 4:20,26,20,48.54
714,2024/1/1 4:20,26,28,45.75
715,2024/1/1 4:20,26,19,80.11
716,2024/1/1 4:20,26,5,54.4
717,2024/1/1 4:20,26,2,48.5
718,2024/1/1 4:20,26,5,37.2
719,2024/1/1 4:20,26,17,52.65
720,2024/1/1 4:20,26,14,45.93
721,2024/1/1 4:20,26,9,52.22
722,2024/1/1 4:20,26,8,56.81
723,2024/1/1 4:20,26,7,61.41
724,2024/1/1 4:20,26,6,66
725,2024/1/1 4:20,26,5,74.8
726,2024/1/1 4:20,26,14,93.07
727,2024/1/1 4:20,26,12,102.33
728,2024/1/1 4:20,26,10,87.1
729,2024/1/1 4:20,26,10,81.5
730,2024/1/1 4:20,26,10,63.7
731,2024/1/1 4:20,26,10,45.9
732,2024/1/1 4:20,26,10,84.8
733,2024/1/1 4:20,26,7,66.29
734,2024/1/1 4:20,26,17,47.76
735,2024/1/1 4:20,26,20,85.35
736,2024/1/1 4:20,26,13,88.31
737,2024/1/1 4:20,26,9,59.44
738,2024/1/1 4:20,26,16,43.12
739,2024/1/1 4:20,26,15,52.67
740,2024/1/1 4:20,26,10,75.1
741,2024/1/1 4:20,26,6,71.55
742,2024/1/1 4:20,26,2,68
743,2024/1/1 4:20,26,2.22,67.19
744,2024/1/1 4:20,26,2.44,66.39
745,2024/1/1 4:20,26,2.67,65.58
746,2024/1/1 4:20,26,2.89,64.78
747,2024/1/1 4:20,26,3.11,63.97
748,2024/1/1 4:20,26,3.33,63.17
749,2024/1/1 4:20,26,3.56,62.36
750,2024/1/1 4:20,26,3.78,61.56
751,2024/1/1 4:20,26,4,60.75
752,2024/1/1 4:20,26,3.88,62.29
753,2024/1/1 4:20,26,3.76,63.84
754,2024/1/1 4:20,26,3.65,65.38
755,2024/1/1 4:20,26,3.53,66.93
756,2024/1/1 4:20,26,3.41,68.47
757,2024/1/1 4:20,26,3.29,70.01
758,2024/1/1 4:20,26,3.18,71.56
759,2024/1/1 4:20,26,3.06,73.1
760,2024/1/1 4:20,26,2.94,74.65
761,2024/1/1 4:20,26,2.82,76.19
762,2024/1/1 4:20,26,2.71,77.74
763,2024/1/1 4:20,26,2.59,79.28
764,2024/1/1 4:20,26,2.47,80.82
765,2024/1/1 4:20,26,2.35,82.37
766,2024/1/1 4:20,26,2.24,83.91
767,2024/1/1 4:20,26,2.12,85.46
768,2024/1/1 4:20,26,2,87
769,2024/1/1 4:20,26,7,77.43
770,2024/1/1 4:20,26,8,63.38
771,2024/1/1 4:20,26,16,58.34
772,2024/1/1 4:20,26,24,53.29
773,2024/1/1 4:20,26,8,73.25
774,2024/1/1 4:20,26,11,74.69
775,2024/1/1 4:20,26,14,76.14
776,2024/1/1 4:20,26,22,55.36
777,2024/1/1 4:20,26,16,67.56
778,2024/1/1 4:20,26,16,62.75
779,2024/1/1 4:20,26,22,48.86
780,2024/1/1 4:20,26,12,63.25
781,2024/1/1 4:20,26,1,68
782,2024/1/1 4:20,26,1,62
783,2024/1/1 4:20,26,7,48.71
784,2024/1/1 4:20,26,5,88.6
785,2024/1/1 4:20,26,5,55.6
786,2024/1/1 4:20,26,16,73.44
787,2024/1/1 4:20,26,24,103.42
788,2024/1/1 4:20,26,19,88.32
789,2024/1/1 4:20,26,17,62.53
790,2024/1/1 4:20,26,16,95.06
791,2024/1/1 4:20,26,10,58.1
792,2024/1/1 4:20,26,17.5,47.27
793,2024/1/1 4:20,26,8.75,23.64
794,2024/1/1 4:20,26,3.58,33.71
795,2024/1/1 4:20,26,1.79,16.86
796,2024/1/1 4:20,26,0.9,8.43
797,2024/1/1 4:20,26,0.45,4.21
798,2024/1/1 4:20,26,0.22,2.11
799,2024/1/1 4:20,26,0.11,1.05
800,2024/1/1 4:20,26,0.06,0.53
801,2024/1/1 4:20,26,0.03,0.26
802,2024/1/1 4:20,26,0.01,0.13
803,2024/1/1 4:20,26,0.01,0.07
804,2024/1/1 4:20,26,0,0.02
805,2024/1/1 4:20,26,0,0.01
806,2024/1/1 4:20,26,5.75,24.27
807,2024/1/1 4:20,26,11.5,48.52
808,2024/1/1 4:20,26,0,0.01
809,2024/1/1 4:20,26,3.59,5.02
810,2024/1/1 4:20,26,7.18,10.03
811,2024/1/1 4:20,26,10.77,15.03
812,2024/1/1 4:20,26,14.36,20.04
813,2024/1/1 4:20,26,17.95,25.05
814,2024/1/1 4:20,26,21.55,30.06
815,2024/1/1 4:20,26,25.14,35.07
816,2024/1/1 4:20,26,28.73,40.08
817,2024/1/1 4:20,26,32.32,45.08
818,2024/1/1 4:20,26,35.91,50.09
819,2024/1/1 4:20,26,39.5,55.1
820,2024/1/1 4:20,26,39,56.06
821,2024/1/1 4:20,26,38.5,57.01
822,2024/1/1 4:20,26,38,57.97
823,2024/1/1 4:20,26,37.5,58.93
824,2024/1/1 4:20,26,37,59.89
825,2024/1/1 4:20,26,36.5,60.84
826,2024/1/1 4:20,26,36,61.8
827,2024/1/1 4:20,26,35.5,62.76
828,2024/1/1 4:20,26,31,55.45
829,2024/1/1 4:20,26,15.5,27.72
830,2024/1/1 4:20,26,7.75,13.86
831,2024/1/1 4:20,26,3.88,6.93
832,2024/1/1 4:20,26,1.94,3.47
833,2024/1/1 4:20,26,0.97,1.73
834,2024/1/1 4:20,26,0.48,0.87
835,2024/1/1 4:20,26,0.24,0.43
836,2024/1/1 4:20,26,0.12,0.22
837,2024/1/1 4:20,26,0.03,0.05
838,2024/1/1 4:20,26,0.02,0.03
839,2024/1/1 4:20,26,0.01,0.01
840,2024/1/1 4:20,26,1.92,3.5
841,2024/1/1 4:20,26,3.83,6.99
842,2024/1/1 4:20,26,5.73,10.48
843,2024/1/1 4:20,26,7.64,13.97
844,2024/1/1 4:20,26,9.55,17.46
845,2024/1/1 4:20,26,11.46,20.96
846,2024/1/1 4:20,26,13.37,24.45
847,2024/1/1 4:20,26,15.28,27.94
848,2024/1/1 4:20,26,17.18,31.43
849,2024/1/1 4:20,26,19.09,34.92
850,2024/1/1 4:20,26,21,38.41
851,2024/1/1 4:20,26,12,64.23
852,2024/1/1 4:20,26,6,32.12
853,2024/1/1 4:20,26,3,16.06
854,2024/1/1 4:20,26,1.5,8.03
855,2024/1/1 4:20,26,0.75,4.01
856,2024/1/1 4:20,26,0.38,2.01
857,2024/1/1 4:20,26,0.19,1
858,2024/1/1 4:20,26,0.09,0.5
859,2024/1/1 4:20,26,0.05,0.25
860,2024/1/1 4:20,26,0.02,0.13
861,2024/1/1 4:20,26,0.01,0.06
862,2024/1/1 4:20,26,0.02,0.06
863,2024/1/1 4:20,26,0.02,0.03
864,2024/1/1 4:20,26,14,38.86
865,2024/1/1 4:20,26,7,19.43
866,2024/1/1 4:20,26,3.5,9.71
867,2024/1/1 4:20,26,1.17,3.24
868,2024/1/1 4:20,26,0.59,1.62
869,2024/1/1 4:20,26,0.58,1.62
870,2024/1/1 4:20,26,23,62.12
871,2024/1/1 4:20,26,11.5,31.06
872,2024/1/1 4:20,26,5.75,15.53
873,2024/1/1 4:20,26,2.88,7.77
874,2024/1/1 4:20,26,1.44,3.88
875,2024/1/1 4:20,26,0.72,1.94
876,2024/1/1 4:20,26,0.36,0.97
877,2024/1/1 4:20,26,0.18,0.49
878,2024/1/1 4:20,26,0.09,0.24
879,2024/1/1 4:20,26,17.04,46.83
880,2024/1/1 4:20,26,22,84.66
881,2024/1/1 4:20,26,12,39.42
882,2024/1/1 4:20,26,6,19.71
883,2024/1/1 4:20,26,3,9.85
884,2024/1/1 4:20,26,1.5,4.93
885,2024/1/1 4:20,26,0.75,2.46
886,2024/1/1 4:20,26,14.38,40.09
887,2024/1/1 4:20,26,14,37.94
888,2024/1/1 4:20,26,7,18.97
889,2024/1/1 4:20,26,3.5,9.49
890,2024/1/1 4:20,26,1.75,4.74
891,2024/1/1 4:20,26,17.38,41.52
892,2024/1/1 4:20,26,15,44.98
893,2024/1/1 4:20,26,7.5,22.49
894,2024/1/1 4:20,26,3.75,11.25
895,2024/1/1 4:20,26,1.88,5.62
896,2024/1/1 4:20,26,12.94,44.9
897,2024/1/1 4:20,26,31.5,31.42
898,2024/1/1 4:20,26,15.75,15.71
899,2024/1/1 4:20,26,7.88,7.86
900,2024/1/1 4:20,26,34.44,44.62
901,2024/1/1 4:20,26,29,39.22
902,2024/1/1 4:20,26,14.5,19.61
903,2024/1/1 4:20,26,7.25,9.8
904,2024/1/1 4:20,26,29.62,34.71
905,2024/1/1 4:20,26,17.75,38.75
906,2024/1/1 4:20,26,8.88,19.38
907,2024/1/1 4:20,26,4.44,9.69
908,2024/1/1 4:20,26,2.22,4.84
909,2024/1/1 4:20,26,1.11,2.42
910,2024/1/1 4:20,26,0.55,1.21
911,2024/1/1 4:20,26,0.28,0.61
912,2024/1/1 4:20,26,19.14,41.62
913,2024/1/1 4:20,26,7.33,26.02
914,2024/1/1 4:20,26,3.67,13.01
915,2024/1/1 4:20,26,1.83,6.5
916,2024/1/1 4:20,26,0.92,3.25
917,2024/1/1 4:20,26,0.46,1.63
918,2024/1/1 4:20,26,0.23,0.81
919,2024/1/1 4:20,26,0.11,0.41
920,2024/1/1 4:20,26,13.06,38.84
921,2024/1/1 4:20,26,20.67,31.47
922,2024/1/1 4:20,26,9.17,41.29
923,2024/1/1 4:20,26,4.58,20.65
924,2024/1/1 4:20,26,8.29,41.95
925,2024/1/1 4:20,26,3.5,24.36
926,2024/1/1 4:20,26,1.75,12.18
927,2024/1/1 4:20,26,6.94,30.05
928,2024/1/1 4:20,26,45.98,63.83
929,2024/1/1 4:20,26,0.5,31
930,2024/1/1 4:20,26,0.25,15.5
931,2024/1/1 4:20,26,0.12,7.75
932,2024/1/1 4:20,26,0.06,3.88
933,2024/1/1 4:20,26,0.03,1.94
934,2024/1/1 4:20,26,11.5,36.42
935,2024/1/1 4:20,26,5.75,18.21
936,2024/1/1 4:20,26,2.88,9.1
937,2024/1/1 4:20,26,3.94,32.35
938,2024/1/1 4:20,26,16,35.79
939,2024/1/1 4:20,26,8,17.9
940,2024/1/1 4:20,26,4,8.95
941,2024/1/1 4:20,26,11.5,47.37
942,2024/1/1 4:20,26,15.5,34.22
943,2024/1/1 4:20,26,7.75,17.11
944,2024/1/1 4:20,26,3.88,8.56
945,2024/1/1 4:20,26,16.44,46.45
946,2024/1/1 4:20,26,22.5,41.14
947,2024/1/1 4:20,26,11.25,20.57
948,2024/1/1 4:20,26,5.62,10.28
949,2024/1/1 4:20,26,2.81,5.14
950,2024/1/1 4:20,26,1.41,2.57
951,2024/1/1 4:20,26,0.7,1.29
952,2024/1/1 4:20,26,29.85,46.04
953,2024/1/1 4:20,26,36,47.74
954,2024/1/1 4:20,26,18,23.87
955,2024/1/1 4:20,26,9,11.94
956,2024/1/1 4:20,26,4.5,5.97
957,2024/1/1 4:20,26,2.25,2.98
958,2024/1/1 4:20,26,1.12,1.49
959,2024/1/1 4:20,26,38.56,44.1
960,2024/1/1 4:20,26,64,35.03
961,2024/1/1 4:20,26,32,17.52
962,2024/1/1 4:20,26,16,8.76
963,2024/1/1 4:20,26,8,4.38
964,2024/1/1 4:20,26,4,2.19
965,2024/1/1 4:20,26,2,1.09
966,2024/1/1 4:20,26,19,24.84
967,2024/1/1 4:20,26,23.5,31.53
968,2024/1/1 4:20,26,11.75,15.76
969,2024/1/1 4:20,26,5.88,7.88
970,2024/1/1 4:20,26,2.94,3.94
971,2024/1/1 4:20,26,1.47,1.97
972,2024/1/1 4:20,26,0.73,0.99
973,2024/1/1 4:20,26,0.37,0.49
974,2024/1/1 4:20,26,39.18,36.52
975,2024/1/1 4:20,26,3.67,20.7
976,2024/1/1 4:20,26,1.83,10.35
977,2024/1/1 4:20,26,0.92,5.17
978,2024/1/1 4:20,26,0.46,2.59
979,2024/1/1 4:20,26,0.23,1.29
980,2024/1/1 4:20,26,0.11,0.65
981,2024/1/1 4:20,26,11.04,32.02
982,2024/1/1 4:20,26,5.52,16.01
983,2024/1/1 4:20,26,2.76,8.01
984,2024/1/1 4:20,26,1.38,4
985,2024/1/1 4:20,26,20.46,57.33
986,2024/1/1 4:20,26,31.5,33.62
987,2024/1/1 4:20,26,15.75,16.81
988,2024/1/1 4:20,26,7.88,8.41
989,2024/1/1 4:20,26,3.94,4.2
990,2024/1/1 4:20,26,47.97,35.81
991,2024/1/1 4:20,26,38,32.44
992,2024/1/1 4:20,26,19,16.22
993,2024/1/1 4:20,26,9.5,8.11
994,2024/1/1 4:20,26,4.75,4.05
995,2024/1/1 4:20,26,20.92,18.84
996,2024/1/1 4:20,26,38,52.48
997,2024/1/1 4:20,26,19,26.24
998,2024/1/1 4:20,26,9.5,13.12
999,2024/1/1 4:20,26,3.83,34.71
1000,2024/1/1 4:20,26,6.33,32.93
1001,2024/1/1 4:20,26,3.17,16.46
1002,2024/1/1 4:20,26,1.58,8.23
1003,2024/1/1 4:20,26,0.79,4.12
1004,2024/1/1 4:20,26,0.4,2.06
1005,2024/1/1 4:20,26,36.8,56.16
1006,2024/1/1 4:20,26,48,77.98
2,2024/1/1 4:30,27,26,65.54
3,2024/1/1 4:30,27,30,75.9
4,2024/1/1 4:30,27,44,69.23
5,2024/1/1 4:30,27,34,76.26
6,2024/1/1 4:30,27,33,94.48
7,2024/1/1 4:30,27,41,58.93
8,2024/1/1 4:30,27,44,73.5
9,2024/1/1 4:30,27,26,90.54
10,2024/1/1 4:30,27,51,63.31
11,2024/1/1 4:30,27,55,69
12,2024/1/1 4:30,27,131,70.21
13,2024/1/1 4:30,27,133,62.6
14,2024/1/1 4:30,27,48,70.12
15,2024/1/1 4:30,27,47,73.3
16,2024/1/1 4:30,27,58,59.14
17,2024/1/1 4:30,27,34,69.03
18,2024/1/1 4:30,27,74,73.26
19,2024/1/1 4:30,27,90,70.08
20,2024/1/1 4:30,27,76,65.52
21,2024/1/1 4:30,27,62,60.95
22,2024/1/1 4:30,27,58,77.93
23,2024/1/1 4:30,27,70,77.2
24,2024/1/1 4:30,27,99,59.03
25,2024/1/1 4:30,27,78,79.47
26,2024/1/1 4:30,27,55,84.6
27,2024/1/1 4:30,27,66,92.94
28,2024/1/1 4:30,27,62,101.4
29,2024/1/1 4:30,27,65,84.26
30,2024/1/1 4:30,27,58,76.71
31,2024/1/1 4:30,27,47,86.44
32,2024/1/1 4:30,27,36,96.17
33,2024/1/1 4:30,27,45,89.47
34,2024/1/1 4:30,27,37,90.65
35,2024/1/1 4:30,27,32,82
36,2024/1/1 4:30,27,34,97.82
37,2024/1/1 4:30,27,35,93.71
38,2024/1/1 4:30,27,63,61.46
39,2024/1/1 4:30,27,54,68
40,2024/1/1 4:30,27,45,74.53
41,2024/1/1 4:30,27,42,44.45
42,2024/1/1 4:30,27,52,49.89
43,2024/1/1 4:30,27,62,55.32
44,2024/1/1 4:30,27,64,63.92
45,2024/1/1 4:30,27,52,66.08
46,2024/1/1 4:30,27,55,69.53
47,2024/1/1 4:30,27,44,63.39
48,2024/1/1 4:30,27,46,70.54
49,2024/1/1 4:30,27,43,81.07
50,2024/1/1 4:30,27,113,67.76
51,2024/1/1 4:30,27,64,54.45
52,2024/1/1 4:30,27,66,86.95
53,2024/1/1 4:30,27,30,77.67
54,2024/1/1 4:30,27,63,87.25
55,2024/1/1 4:30,27,63,67.02
56,2024/1/1 4:30,27,68,82.32
57,2024/1/1 4:30,27,51,80.45
58,2024/1/1 4:30,27,61,54.82
59,2024/1/1 4:30,27,39,76.28
60,2024/1/1 4:30,27,24,69.96
61,2024/1/1 4:30,27,8,93
62,2024/1/1 4:30,27,7,66.29
63,2024/1/1 4:30,27,62,95.39
64,2024/1/1 4:30,27,66,105.58
65,2024/1/1 4:30,27,77,101.49
66,2024/1/1 4:30,27,57,113.86
67,2024/1/1 4:30,27,52,108.42
68,2024/1/1 4:30,27,51,101.08
69,2024/1/1 4:30,27,30,101.2
70,2024/1/1 4:30,27,30,93.67
71,2024/1/1 4:30,27,26,94.5
72,2024/1/1 4:30,27,28,88.04
73,2024/1/1 4:30,27,19,81.05
74,2024/1/1 4:30,27,32,97.34
75,2024/1/1 4:30,27,28,86.61
76,2024/1/1 4:30,27,25,92.6
77,2024/1/1 4:30,27,53,104.66
78,2024/1/1 4:30,27,49,85.98
79,2024/1/1 4:30,27,54,95.43
80,2024/1/1 4:30,27,50,98.3
81,2024/1/1 4:30,27,17,77.76
82,2024/1/1 4:30,27,25,76.8
83,2024/1/1 4:30,27,33,93.64
84,2024/1/1 4:30,27,20,83.1
85,2024/1/1 4:30,27,31,75.23
86,2024/1/1 4:30,27,22.5,72.08
87,2024/1/1 4:30,27,14,68.93
88,2024/1/1 4:30,27,34,83.5
89,2024/1/1 4:30,27,30,109.17
90,2024/1/1 4:30,27,56,96.44
91,2024/1/1 4:30,27,82,83.71
92,2024/1/1 4:30,27,87,96.9
93,2024/1/1 4:30,27,83,108.11
94,2024/1/1 4:30,27,76,94.74
95,2024/1/1 4:30,27,84,92.56
96,2024/1/1 4:30,27,59,83.56
97,2024/1/1 4:30,27,65,74.75
98,2024/1/1 4:30,27,124,84.6
99,2024/1/1 4:30,27,17,93.65
100,2024/1/1 4:30,27,7,63.86
101,2024/1/1 4:30,27,7,59.29
102,2024/1/1 4:30,27,34,92.76
103,2024/1/1 4:30,27,26.5,107.38
104,2024/1/1 4:30,27,19,122
105,2024/1/1 4:30,27,26,101.92
106,2024/1/1 4:30,27,88,112.52
107,2024/1/1 4:30,27,84,102.77
108,2024/1/1 4:30,27,66,114.26
109,2024/1/1 4:30,27,53,101.89
110,2024/1/1 4:30,27,62,105.55
111,2024/1/1 4:30,27,33,99.12
112,2024/1/1 4:30,27,39,120.92
113,2024/1/1 4:30,27,22,108.95
114,2024/1/1 4:30,27,22,105.5
115,2024/1/1 4:30,27,34,85.88
116,2024/1/1 4:30,27,42,90.02
117,2024/1/1 4:30,27,35,111.49
118,2024/1/1 4:30,27,39,98.03
119,2024/1/1 4:30,27,36,108.25
120,2024/1/1 4:30,27,30,115.2
121,2024/1/1 4:30,27,30,100.03
122,2024/1/1 4:30,27,6,93.33
123,2024/1/1 4:30,27,6,98.5
124,2024/1/1 4:30,27,22,81.27
125,2024/1/1 4:30,27,67,105.33
126,2024/1/1 4:30,27,38,99.42
127,2024/1/1 4:30,27,53,102.26
128,2024/1/1 4:30,27,72,123.68
129,2024/1/1 4:30,27,75,123.29
130,2024/1/1 4:30,27,64,113.78
131,2024/1/1 4:30,27,68,112.31
132,2024/1/1 4:30,27,49,111.84
133,2024/1/1 4:30,27,26,91.42
134,2024/1/1 4:30,27,34,94.53
135,2024/1/1 4:30,27,13,70.92
136,2024/1/1 4:30,27,7,86.71
137,2024/1/1 4:30,27,10,65.2
138,2024/1/1 4:30,27,30,82.03
139,2024/1/1 4:30,27,44,86.64
140,2024/1/1 4:30,27,71,94.18
141,2024/1/1 4:30,27,75,94.25
142,2024/1/1 4:30,27,58,94.03
143,2024/1/1 4:30,27,51,83.86
144,2024/1/1 4:30,27,85,80.54
145,2024/1/1 4:30,27,51,69.73
146,2024/1/1 4:30,27,34,75.82
147,2024/1/1 4:30,27,46,92.17
148,2024/1/1 4:30,27,63,86.19
149,2024/1/1 4:30,27,33,73.42
150,2024/1/1 4:30,27,28,79.18
151,2024/1/1 4:30,27,35,63.09
152,2024/1/1 4:30,27,37,74.57
153,2024/1/1 4:30,27,8,66.75
154,2024/1/1 4:30,27,15,72.87
155,2024/1/1 4:30,27,21,100.48
156,2024/1/1 4:30,27,30,95.5
157,2024/1/1 4:30,27,8,59.75
158,2024/1/1 4:30,27,13,59.92
159,2024/1/1 4:30,27,29,78.31
160,2024/1/1 4:30,27,24,87.71
161,2024/1/1 4:30,27,32,41.38
162,2024/1/1 4:30,27,29,80.34
163,2024/1/1 4:30,27,29,77.66
164,2024/1/1 4:30,27,48,73.17
165,2024/1/1 4:30,27,49,87.73
166,2024/1/1 4:30,27,66,76.15
167,2024/1/1 4:30,27,7,71.14
168,2024/1/1 4:30,27,79,81.78
169,2024/1/1 4:30,27,55,83.84
170,2024/1/1 4:30,27,74,91.49
171,2024/1/1 4:30,27,77,86.99
172,2024/1/1 4:30,27,61,90.66
173,2024/1/1 4:30,27,84,98.01
174,2024/1/1 4:30,27,59,89.27
175,2024/1/1 4:30,27,39,76.82
176,2024/1/1 4:30,27,6,91.17
177,2024/1/1 4:30,27,12,89.92
178,2024/1/1 4:30,27,24.5,83.52
179,2024/1/1 4:30,27,37,77.11
180,2024/1/1 4:30,27,27.5,69.69
181,2024/1/1 4:30,27,18,62.28
182,2024/1/1 4:30,27,49,66.18
183,2024/1/1 4:30,27,97,71.03
184,2024/1/1 4:30,27,74,65.49
185,2024/1/1 4:30,27,66.33,67.57
186,2024/1/1 4:30,27,58.67,69.65
187,2024/1/1 4:30,27,51,71.73
188,2024/1/1 4:30,27,18,78.5
189,2024/1/1 4:30,27,20,64.85
190,2024/1/1 4:30,27,50,82.26
191,2024/1/1 4:30,27,60,69.33
192,2024/1/1 4:30,27,52,81.39
193,2024/1/1 4:30,27,44,93.45
194,2024/1/1 4:30,27,54,71.93
195,2024/1/1 4:30,27,52,66.46
196,2024/1/1 4:30,27,62,87.55
197,2024/1/1 4:30,27,51,94.12
198,2024/1/1 4:30,27,77,87.61
199,2024/1/1 4:30,27,60,91.03
200,2024/1/1 4:30,27,57,87.23
201,2024/1/1 4:30,27,77,89.55
202,2024/1/1 4:30,27,83,62
203,2024/1/1 4:30,27,49,64.02
204,2024/1/1 4:30,27,29,75.34
205,2024/1/1 4:30,27,27,98.96
206,2024/1/1 4:30,27,31,83.1
207,2024/1/1 4:30,27,33,81.67
208,2024/1/1 4:30,27,42,73.43
209,2024/1/1 4:30,27,51,91.12
210,2024/1/1 4:30,27,23,83.17
211,2024/1/1 4:30,27,17,88.18
212,2024/1/1 4:30,27,46,91.11
213,2024/1/1 4:30,27,27,87.19
214,2024/1/1 4:30,27,67,87.16
215,2024/1/1 4:30,27,55,85.25
216,2024/1/1 4:30,27,69,86.3
217,2024/1/1 4:30,27,94,91.66
218,2024/1/1 4:30,27,90,89.03
219,2024/1/1 4:30,27,80,82.39
220,2024/1/1 4:30,27,49,86.24
221,2024/1/1 4:30,27,44,88.16
222,2024/1/1 4:30,27,47,83.83
223,2024/1/1 4:30,27,41,65.46
224,2024/1/1 4:30,27,51,67.61
225,2024/1/1 4:30,27,34,80.56
226,2024/1/1 4:30,27,64,67
227,2024/1/1 4:30,27,53,71.49
228,2024/1/1 4:30,27,35,62.29
229,2024/1/1 4:30,27,29,62.69
230,2024/1/1 4:30,27,57,72.05
231,2024/1/1 4:30,27,42,87.14
232,2024/1/1 4:30,27,60.33,78.56
233,2024/1/1 4:30,27,78.67,69.98
234,2024/1/1 4:30,27,97,61.4
235,2024/1/1 4:30,27,123,69.93
236,2024/1/1 4:30,27,40,50.25
237,2024/1/1 4:30,27,11,62.73
238,2024/1/1 4:30,27,12,61.42
239,2024/1/1 4:30,27,19,58.02
240,2024/1/1 4:30,27,26,54.62
241,2024/1/1 4:30,27,1,12
242,2024/1/1 4:30,27,21,74.67
243,2024/1/1 4:30,27,65,80.31
244,2024/1/1 4:30,27,63,71.9
245,2024/1/1 4:30,27,99,65.92
246,2024/1/1 4:30,27,84,61.63
247,2024/1/1 4:30,27,66.5,56.22
248,2024/1/1 4:30,27,49,50.8
249,2024/1/1 4:30,27,36,74.5
250,2024/1/1 4:30,27,56,77.7
251,2024/1/1 4:30,27,39,70.72
252,2024/1/1 4:30,27,52,70.12
253,2024/1/1 4:30,27,119,75.71
254,2024/1/1 4:30,27,74,72.53
255,2024/1/1 4:30,27,79.5,72.84
256,2024/1/1 4:30,27,85,73.15
257,2024/1/1 4:30,27,66,60.58
258,2024/1/1 4:30,27,77,78.16
259,2024/1/1 4:30,27,71,72.42
260,2024/1/1 4:30,27,72,76.89
261,2024/1/1 4:30,27,44,56.57
262,2024/1/1 4:30,27,47,77
263,2024/1/1 4:30,27,54,58.17
264,2024/1/1 4:30,27,51,77.37
265,2024/1/1 4:30,27,40,63.48
266,2024/1/1 4:30,27,42,74.67
267,2024/1/1 4:30,27,44,53.89
268,2024/1/1 4:30,27,57,70.44
269,2024/1/1 4:30,27,57,79.79
270,2024/1/1 4:30,27,67,84.99
271,2024/1/1 4:30,27,67,82.19
272,2024/1/1 4:30,27,67,79.39
273,2024/1/1 4:30,27,23,73.96
274,2024/1/1 4:30,27,44,72.82
275,2024/1/1 4:30,27,44,65.45
276,2024/1/1 4:30,27,54,75.78
277,2024/1/1 4:30,27,59.5,77.1
278,2024/1/1 4:30,27,65,78.42
279,2024/1/1 4:30,27,48.5,76.54
280,2024/1/1 4:30,27,32,74.66
281,2024/1/1 4:30,27,39,62.31
282,2024/1/1 4:30,27,68,61.04
283,2024/1/1 4:30,27,58,66.71
284,2024/1/1 4:30,27,51,76.24
285,2024/1/1 4:30,27,102,68.22
286,2024/1/1 4:30,27,88,70.45
287,2024/1/1 4:30,27,85,70.53
288,2024/1/1 4:30,27,82,70.6
289,2024/1/1 4:30,27,63,63.21
290,2024/1/1 4:30,27,79,71.89
291,2024/1/1 4:30,27,82,73.56
292,2024/1/1 4:30,27,84,68.98
293,2024/1/1 4:30,27,90,78.06
294,2024/1/1 4:30,27,58,74.84
295,2024/1/1 4:30,27,53,67.42
296,2024/1/1 4:30,27,64,61.25
297,2024/1/1 4:30,27,76,60.91
298,2024/1/1 4:30,27,55,53.84
299,2024/1/1 4:30,27,49,54.04
300,2024/1/1 4:30,27,43,54.23
301,2024/1/1 4:30,27,130,71.46
302,2024/1/1 4:30,27,72,78.64
303,2024/1/1 4:30,27,63,86.35
304,2024/1/1 4:30,27,39.5,65.7
305,2024/1/1 4:30,27,16,45.06
306,2024/1/1 4:30,27,47,78.23
307,2024/1/1 4:30,27,57,107.79
308,2024/1/1 4:30,27,72,92.26
309,2024/1/1 4:30,27,75,109
310,2024/1/1 4:30,27,66,99.27
311,2024/1/1 4:30,27,53,107.43
312,2024/1/1 4:30,27,53,115.06
313,2024/1/1 4:30,27,48,113.79
314,2024/1/1 4:30,27,55,105.85
315,2024/1/1 4:30,27,64,99.41
316,2024/1/1 4:30,27,62,96.56
317,2024/1/1 4:30,27,56,88.39
318,2024/1/1 4:30,27,47,104.83
319,2024/1/1 4:30,27,46,105.41
320,2024/1/1 4:30,27,48,97.46
321,2024/1/1 4:30,27,54,114.11
322,2024/1/1 4:30,27,57,102.16
323,2024/1/1 4:30,27,59,106.1
324,2024/1/1 4:30,27,55,102.29
325,2024/1/1 4:30,27,23,83.43
326,2024/1/1 4:30,27,30,110.4
327,2024/1/1 4:30,27,33,96.79
328,2024/1/1 4:30,27,14,96
329,2024/1/1 4:30,27,8,72
330,2024/1/1 4:30,27,2,48
331,2024/1/1 4:30,27,15,90.93
332,2024/1/1 4:30,27,29,94.38
333,2024/1/1 4:30,27,31,98.19
334,2024/1/1 4:30,27,25,98.2
335,2024/1/1 4:30,27,31,104.32
336,2024/1/1 4:30,27,26,93.42
337,2024/1/1 4:30,27,25,92.04
338,2024/1/1 4:30,27,13,101.31
339,2024/1/1 4:30,27,14,93.79
340,2024/1/1 4:30,27,20,94.95
341,2024/1/1 4:30,27,47,93.68
342,2024/1/1 4:30,27,32,107.66
343,2024/1/1 4:30,27,43,110.07
344,2024/1/1 4:30,27,36,111.78
345,2024/1/1 4:30,27,43,110.3
346,2024/1/1 4:30,27,48,108.35
347,2024/1/1 4:30,27,46,108.54
348,2024/1/1 4:30,27,44,103.18
349,2024/1/1 4:30,27,41,89.9
350,2024/1/1 4:30,27,45,99.67
351,2024/1/1 4:30,27,23,88.35
352,2024/1/1 4:30,27,22,73.86
353,2024/1/1 4:30,27,24,82.96
354,2024/1/1 4:30,27,9,61.22
355,2024/1/1 4:30,27,18,96.94
356,2024/1/1 4:30,27,32,75.62
357,2024/1/1 4:30,27,27,74.44
358,2024/1/1 4:30,27,34,82.59
359,2024/1/1 4:30,27,39,75.44
360,2024/1/1 4:30,27,30,85.57
361,2024/1/1 4:30,27,31,87.13
362,2024/1/1 4:30,27,17,97.18
363,2024/1/1 4:30,27,55,82.96
364,2024/1/1 4:30,27,93,68.74
365,2024/1/1 4:30,27,79,74.36
366,2024/1/1 4:30,27,65,79.97
367,2024/1/1 4:30,27,51,85.59
368,2024/1/1 4:30,27,92,91.13
369,2024/1/1 4:30,27,77.5,89.71
370,2024/1/1 4:30,27,63,88.29
371,2024/1/1 4:30,27,54,74.17
372,2024/1/1 4:30,27,45,84.69
373,2024/1/1 4:30,27,144,93.93
374,2024/1/1 4:30,27,72,103.89
375,2024/1/1 4:30,27,78,93.72
376,2024/1/1 4:30,27,49,90.39
377,2024/1/1 4:30,27,60,103.25
378,2024/1/1 4:30,27,75,94.36
379,2024/1/1 4:30,27,82,87.43
380,2024/1/1 4:30,27,41,82.29
381,2024/1/1 4:30,27,28,89.39
382,2024/1/1 4:30,27,31,80.61
383,2024/1/1 4:30,27,7,79.71
384,2024/1/1 4:30,27,7,10.57
385,2024/1/1 4:30,27,18,86.61
386,2024/1/1 4:30,27,14,74.5
387,2024/1/1 4:30,27,28,69.68
388,2024/1/1 4:30,27,44,75.2
389,2024/1/1 4:30,27,46,94.41
390,2024/1/1 4:30,27,48,99.27
391,2024/1/1 4:30,27,49,77.86
392,2024/1/1 4:30,27,33,99.06
393,2024/1/1 4:30,27,46,106.11
394,2024/1/1 4:30,27,47,99.17
395,2024/1/1 4:30,27,99,95.46
396,2024/1/1 4:30,27,51,89.06
397,2024/1/1 4:30,27,3,82.67
398,2024/1/1 4:30,27,2,77
399,2024/1/1 4:30,27,3,55.33
400,2024/1/1 4:30,27,3,70
401,2024/1/1 4:30,27,1,
402,2024/1/1 4:30,27,0,
403,2024/1/1 4:30,27,2,36
404,2024/1/1 4:30,27,2,34
405,2024/1/1 4:30,27,3,
406,2024/1/1 4:30,27,0,
407,2024/1/1 4:30,27,0,
408,2024/1/1 4:30,27,0,
409,2024/1/1 4:30,27,0,
410,2024/1/1 4:30,27,0,
411,2024/1/1 4:30,27,0,
412,2024/1/1 4:30,27,0,
413,2024/1/1 4:30,27,0,
414,2024/1/1 4:30,27,0,
415,2024/1/1 4:30,27,17,
416,2024/1/1 4:30,27,8.5,
417,2024/1/1 4:30,27,0,
418,2024/1/1 4:30,27,0,
419,2024/1/1 4:30,27,0,
420,2024/1/1 4:30,27,0,
421,2024/1/1 4:30,27,0,
422,2024/1/1 4:30,27,0,
423,2024/1/1 4:30,27,0,
424,2024/1/1 4:30,27,0,
425,2024/1/1 4:30,27,0,
426,2024/1/1 4:30,27,0,
427,2024/1/1 4:30,27,2,83
428,2024/1/1 4:30,27,4,78
429,2024/1/1 4:30,27,2,75
430,2024/1/1 4:30,27,2,
431,2024/1/1 4:30,27,0,
432,2024/1/1 4:30,27,0,
433,2024/1/1 4:30,27,0,
434,2024/1/1 4:30,27,24.67,
435,2024/1/1 4:30,27,49.33,
436,2024/1/1 4:30,27,74,82.91
437,2024/1/1 4:30,27,31,68
438,2024/1/1 4:30,27,32,94.47
439,2024/1/1 4:30,27,28,91.7
440,2024/1/1 4:30,27,24,88.92
441,2024/1/1 4:30,27,35,70.29
442,2024/1/1 4:30,27,52,70.1
443,2024/1/1 4:30,27,54.33,68.39
444,2024/1/1 4:30,27,56.67,66.69
445,2024/1/1 4:30,27,59,64.98
446,2024/1/1 4:30,27,62,59.13
447,2024/1/1 4:30,27,55,71.15
448,2024/1/1 4:30,27,60,84.67
449,2024/1/1 4:30,27,30,93.67
450,2024/1/1 4:30,27,29,83.21
451,2024/1/1 4:30,27,63,69.59
452,2024/1/1 4:30,27,66,73.79
453,2024/1/1 4:30,27,48,91.46
454,2024/1/1 4:30,27,40,84.42
455,2024/1/1 4:30,27,20,70
456,2024/1/1 4:30,27,43,74.98
457,2024/1/1 4:30,27,41,94.88
458,2024/1/1 4:30,27,23,69.43
459,2024/1/1 4:30,27,25,96.2
460,2024/1/1 4:30,27,24,92.29
461,2024/1/1 4:30,27,25,97.04
462,2024/1/1 4:30,27,23,89.48
463,2024/1/1 4:30,27,33,98.85
464,2024/1/1 4:30,27,19,70.68
465,2024/1/1 4:30,27,16,91.19
466,2024/1/1 4:30,27,45.5,88.52
467,2024/1/1 4:30,27,75,85.84
468,2024/1/1 4:30,27,85,83.28
469,2024/1/1 4:30,27,86,80.07
470,2024/1/1 4:30,27,82.5,82.9
471,2024/1/1 4:30,27,79,85.72
472,2024/1/1 4:30,27,31,80.13
473,2024/1/1 4:30,27,29,79.72
474,2024/1/1 4:30,27,32,76.88
475,2024/1/1 4:30,27,48,75.52
476,2024/1/1 4:30,27,39,76.95
477,2024/1/1 4:30,27,37,90.73
478,2024/1/1 4:30,27,61,74.62
479,2024/1/1 4:30,27,45,92.27
480,2024/1/1 4:30,27,50,77.92
481,2024/1/1 4:30,27,50,73.26
482,2024/1/1 4:30,27,55,76.42
483,2024/1/1 4:30,27,51,74.65
484,2024/1/1 4:30,27,29,70.86
485,2024/1/1 4:30,27,1111,2.79
486,2024/1/1 4:30,27,93,89.52
487,2024/1/1 4:30,27,94,80.76
488,2024/1/1 4:30,27,76,74.03
489,2024/1/1 4:30,27,68.5,80.63
490,2024/1/1 4:30,27,61,87.23
491,2024/1/1 4:30,27,80,90.25
492,2024/1/1 4:30,27,93,85.16
493,2024/1/1 4:30,27,77,81
494,2024/1/1 4:30,27,64,100.53
495,2024/1/1 4:30,27,67,90.16
496,2024/1/1 4:30,27,58,88.36
497,2024/1/1 4:30,27,67,95.9
498,2024/1/1 4:30,27,59,102.85
499,2024/1/1 4:30,27,55,81.6
500,2024/1/1 4:30,27,51.5,91.33
501,2024/1/1 4:30,27,48,101.06
502,2024/1/1 4:30,27,56,82.96
503,2024/1/1 4:30,27,69,85.35
504,2024/1/1 4:30,27,65,70.54
505,2024/1/1 4:30,27,55,76.56
506,2024/1/1 4:30,27,51,82.53
507,2024/1/1 4:30,27,66.75,78.49
508,2024/1/1 4:30,27,82.5,74.46
509,2024/1/1 4:30,27,98.25,70.42
510,2024/1/1 4:30,27,114,66.38
511,2024/1/1 4:30,27,106,74.12
512,2024/1/1 4:30,27,68,71.93
513,2024/1/1 4:30,27,88,81.51
514,2024/1/1 4:30,27,79,84.27
515,2024/1/1 4:30,27,89,75.3
516,2024/1/1 4:30,27,70,91.16
517,2024/1/1 4:30,27,70,89.4
518,2024/1/1 4:30,27,70,87.63
519,2024/1/1 4:30,27,73,86.58
520,2024/1/1 4:30,27,76,85.53
521,2024/1/1 4:30,27,72.5,85.75
522,2024/1/1 4:30,27,69,85.97
523,2024/1/1 4:30,27,62.5,88.82
524,2024/1/1 4:30,27,56,91.68
525,2024/1/1 4:30,27,34,80.94
526,2024/1/1 4:30,27,54,68.35
527,2024/1/1 4:30,27,24,79.5
528,2024/1/1 4:30,27,34.67,80.48
529,2024/1/1 4:30,27,45.33,81.47
530,2024/1/1 4:30,27,56,82.45
531,2024/1/1 4:30,27,48,94.6
532,2024/1/1 4:30,27,56.5,92.21
533,2024/1/1 4:30,27,65,89.82
534,2024/1/1 4:30,27,72,69.96
535,2024/1/1 4:30,27,51,96.86
536,2024/1/1 4:30,27,46,99.83
537,2024/1/1 4:30,27,53,88.19
538,2024/1/1 4:30,27,54,88.98
539,2024/1/1 4:30,27,48,86.65
540,2024/1/1 4:30,27,50.25,87.18
541,2024/1/1 4:30,27,52.5,87.72
542,2024/1/1 4:30,27,54.75,88.26
543,2024/1/1 4:30,27,57,88.79
544,2024/1/1 4:30,27,47.5,91.7
545,2024/1/1 4:30,27,38,94.61
546,2024/1/1 4:30,27,74.5,82.54
547,2024/1/1 4:30,27,111,70.46
548,2024/1/1 4:30,27,121,85.93
549,2024/1/1 4:30,27,122,89.3
550,2024/1/1 4:30,27,110,81.92
551,2024/1/1 4:30,27,118,63.67
552,2024/1/1 4:30,27,52,76.96
553,2024/1/1 4:30,27,48,83.54
554,2024/1/1 4:30,27,41,72.49
555,2024/1/1 4:30,27,55,84.4
556,2024/1/1 4:30,27,46,79.37
557,2024/1/1 4:30,27,68,71.6
558,2024/1/1 4:30,27,45,82.93
559,2024/1/1 4:30,27,42,94.36
560,2024/1/1 4:30,27,70,89.86
561,2024/1/1 4:30,27,68,99.1
562,2024/1/1 4:30,27,66,108.33
563,2024/1/1 4:30,27,82,96.15
564,2024/1/1 4:30,27,76,91.27
565,2024/1/1 4:30,27,70,86.39
566,2024/1/1 4:30,27,58,84.72
567,2024/1/1 4:30,27,57,83.32
568,2024/1/1 4:30,27,56,81.91
569,2024/1/1 4:30,27,71,85.87
570,2024/1/1 4:30,27,70.33,83.35
571,2024/1/1 4:30,27,69.67,80.84
572,2024/1/1 4:30,27,69,78.32
573,2024/1/1 4:30,27,74,79.15
574,2024/1/1 4:30,27,66,77.62
575,2024/1/1 4:30,27,58,76.09
576,2024/1/1 4:30,27,45,85.62
577,2024/1/1 4:30,27,71,78.01
578,2024/1/1 4:30,27,69.5,84.26
579,2024/1/1 4:30,27,68,90.51
580,2024/1/1 4:30,27,59.33,88.56
581,2024/1/1 4:30,27,50.67,86.62
582,2024/1/1 4:30,27,42,84.67
583,2024/1/1 4:30,27,72.5,78.61
584,2024/1/1 4:30,27,103,72.55
585,2024/1/1 4:30,27,88,62.26
586,2024/1/1 4:30,27,114,89.09
587,2024/1/1 4:30,27,92,89.64
588,2024/1/1 4:30,27,70,90.19
589,2024/1/1 4:30,27,70,98.04
590,2024/1/1 4:30,27,82,89.16
591,2024/1/1 4:30,27,94,80.28
592,2024/1/1 4:30,27,82.5,87.4
593,2024/1/1 4:30,27,71,94.52
594,2024/1/1 4:30,27,73,89.9
595,2024/1/1 4:30,27,75,85.27
596,2024/1/1 4:30,27,73,85.44
597,2024/1/1 4:30,27,72,83.54
598,2024/1/1 4:30,27,71,81.63
599,2024/1/1 4:30,27,48,78.92
600,2024/1/1 4:30,27,45,89
601,2024/1/1 4:30,27,50,95.74
602,2024/1/1 4:30,27,73,94.64
603,2024/1/1 4:30,27,60,69.1
604,2024/1/1 4:30,27,65,86.45
605,2024/1/1 4:30,27,65,94.62
606,2024/1/1 4:30,27,65,102.8
607,2024/1/1 4:30,27,54,97.61
608,2024/1/1 4:30,27,68,80.56
609,2024/1/1 4:30,27,55,95.51
610,2024/1/1 4:30,27,79,94.53
611,2024/1/1 4:30,27,70,83.2
612,2024/1/1 4:30,27,68.5,88.08
613,2024/1/1 4:30,27,67,92.97
614,2024/1/1 4:30,27,64,90.33
615,2024/1/1 4:30,27,67,89.57
616,2024/1/1 4:30,27,75,83.76
617,2024/1/1 4:30,27,83,84.57
618,2024/1/1 4:30,27,35,85.46
619,2024/1/1 4:30,27,49.5,81.46
620,2024/1/1 4:30,27,64,77.45
621,2024/1/1 4:30,27,75.5,77.69
622,2024/1/1 4:30,27,87,77.93
623,2024/1/1 4:30,27,95.5,82.15
624,2024/1/1 4:30,27,104,86.37
625,2024/1/1 4:30,27,24,50.79
626,2024/1/1 4:30,27,30,68.4
627,2024/1/1 4:30,27,24,53.36
628,2024/1/1 4:30,27,18,38.33
629,2024/1/1 4:30,27,12,63.25
630,2024/1/1 4:30,27,25,57
631,2024/1/1 4:30,27,18,83.5
632,2024/1/1 4:30,27,13,33.31
633,2024/1/1 4:30,27,18,40.94
634,2024/1/1 4:30,27,24,61.92
635,2024/1/1 4:30,27,31,62.29
636,2024/1/1 4:30,27,21,56.57
637,2024/1/1 4:30,27,21.5,55.17
638,2024/1/1 4:30,27,22,53.77
639,2024/1/1 4:30,27,50,51.7
640,2024/1/1 4:30,27,51,52.08
641,2024/1/1 4:30,27,12,72.33
642,2024/1/1 4:30,27,21,53.67
643,2024/1/1 4:30,27,22,53.05
644,2024/1/1 4:30,27,33,57.39
645,2024/1/1 4:30,27,29,82.07
646,2024/1/1 4:30,27,25,94.32
647,2024/1/1 4:30,27,20,79.62
648,2024/1/1 4:30,27,15,64.93
649,2024/1/1 4:30,27,5,65.6
650,2024/1/1 4:30,27,12,70.5
651,2024/1/1 4:30,27,16,66.19
652,2024/1/1 4:30,27,22,58
653,2024/1/1 4:30,27,19,62.34
654,2024/1/1 4:30,27,16,66.69
655,2024/1/1 4:30,27,80,42.49
656,2024/1/1 4:30,27,82,48.05
657,2024/1/1 4:30,27,84,53.61
658,2024/1/1 4:30,27,86,59.17
659,2024/1/1 4:30,27,88,64.73
660,2024/1/1 4:30,27,49,71.02
661,2024/1/1 4:30,27,10,77.3
662,2024/1/1 4:30,27,29,59
663,2024/1/1 4:30,27,8,71.25
664,2024/1/1 4:30,27,19.5,67.12
665,2024/1/1 4:30,27,31,63
666,2024/1/1 4:30,27,46,72.14
667,2024/1/1 4:30,27,61,81.28
668,2024/1/1 4:30,27,56,53.14
669,2024/1/1 4:30,27,39,65.08
670,2024/1/1 4:30,27,39,67.68
671,2024/1/1 4:30,27,39,70.28
672,2024/1/1 4:30,27,26,69.81
673,2024/1/1 4:30,27,39,88.87
674,2024/1/1 4:30,27,29,75.79
675,2024/1/1 4:30,27,64,73.64
676,2024/1/1 4:30,27,31,68.06
677,2024/1/1 4:30,27,25.33,71.3
678,2024/1/1 4:30,27,19.67,74.55
679,2024/1/1 4:30,27,14,77.79
680,2024/1/1 4:30,27,10,87.1
681,2024/1/1 4:30,27,10,73.8
682,2024/1/1 4:30,27,4,90.5
683,2024/1/1 4:30,27,9,106.11
684,2024/1/1 4:30,27,17,97.35
685,2024/1/1 4:30,27,14,77
686,2024/1/1 4:30,27,10,78.2
687,2024/1/1 4:30,27,13,78.19
688,2024/1/1 4:30,27,16,78.19
689,2024/1/1 4:30,27,45,81.71
690,2024/1/1 4:30,27,44,66.3
691,2024/1/1 4:30,27,27,58.59
692,2024/1/1 4:30,27,49,88.88
693,2024/1/1 4:30,27,25,84.48
694,2024/1/1 4:30,27,34,66.65
695,2024/1/1 4:30,27,11,44.73
696,2024/1/1 4:30,27,31,70.45
697,2024/1/1 4:30,27,9,85.22
698,2024/1/1 4:30,27,19.5,77.71
699,2024/1/1 4:30,27,30,70.2
700,2024/1/1 4:30,27,25,62.95
701,2024/1/1 4:30,27,20,55.7
702,2024/1/1 4:30,27,12.5,70.05
703,2024/1/1 4:30,27,5,84.4
704,2024/1/1 4:30,27,4,70
705,2024/1/1 4:30,27,5,104.8
706,2024/1/1 4:30,27,56,73.84
707,2024/1/1 4:30,27,31,79.65
708,2024/1/1 4:30,27,24,82.58
709,2024/1/1 4:30,27,25,83.31
710,2024/1/1 4:30,27,26,84.05
711,2024/1/1 4:30,27,27,84.78
712,2024/1/1 4:30,27,22,50.45
713,2024/1/1 4:30,27,19,48.67
714,2024/1/1 4:30,27,16,46.88
715,2024/1/1 4:30,27,21,77.1
716,2024/1/1 4:30,27,10,60.7
717,2024/1/1 4:30,27,7,46.43
718,2024/1/1 4:30,27,10,34.4
719,2024/1/1 4:30,27,18,50.33
720,2024/1/1 4:30,27,13,47
721,2024/1/1 4:30,27,8,23.12
722,2024/1/1 4:30,27,11,39.26
723,2024/1/1 4:30,27,14,55.39
724,2024/1/1 4:30,27,17,71.53
725,2024/1/1 4:30,27,13,70.23
726,2024/1/1 4:30,27,18,94.06
727,2024/1/1 4:30,27,25,88.12
728,2024/1/1 4:30,27,19,84.74
729,2024/1/1 4:30,27,20,62.85
730,2024/1/1 4:30,27,13,52.18
731,2024/1/1 4:30,27,6,41.5
732,2024/1/1 4:30,27,14,91.57
733,2024/1/1 4:30,27,15,68.2
734,2024/1/1 4:30,27,15,59
735,2024/1/1 4:30,27,22,95.27
736,2024/1/1 4:30,27,15,87
737,2024/1/1 4:30,27,16,76.44
738,2024/1/1 4:30,27,21,47.05
739,2024/1/1 4:30,27,16,59.44
740,2024/1/1 4:30,27,13,84
741,2024/1/1 4:30,27,9.5,81.41
742,2024/1/1 4:30,27,6,78.83
743,2024/1/1 4:30,27,5.56,76.68
744,2024/1/1 4:30,27,5.11,74.53
745,2024/1/1 4:30,27,4.67,72.39
746,2024/1/1 4:30,27,4.22,70.24
747,2024/1/1 4:30,27,3.78,68.09
748,2024/1/1 4:30,27,3.33,65.94
749,2024/1/1 4:30,27,2.89,63.8
750,2024/1/1 4:30,27,2.44,61.65
751,2024/1/1 4:30,27,2,59.5
752,2024/1/1 4:30,27,2.18,60.74
753,2024/1/1 4:30,27,2.35,61.98
754,2024/1/1 4:30,27,2.53,63.22
755,2024/1/1 4:30,27,2.71,64.46
756,2024/1/1 4:30,27,2.88,65.71
757,2024/1/1 4:30,27,3.06,66.95
758,2024/1/1 4:30,27,3.24,68.19
759,2024/1/1 4:30,27,3.41,69.43
760,2024/1/1 4:30,27,3.59,70.67
761,2024/1/1 4:30,27,3.76,71.91
762,2024/1/1 4:30,27,3.94,73.15
763,2024/1/1 4:30,27,4.12,74.39
764,2024/1/1 4:30,27,4.29,75.64
765,2024/1/1 4:30,27,4.47,76.88
766,2024/1/1 4:30,27,4.65,78.12
767,2024/1/1 4:30,27,4.82,79.36
768,2024/1/1 4:30,27,5,80.6
769,2024/1/1 4:30,27,3,72.33
770,2024/1/1 4:30,27,50,49.26
771,2024/1/1 4:30,27,31,49.72
772,2024/1/1 4:30,27,12,50.17
773,2024/1/1 4:30,27,15,77.33
774,2024/1/1 4:30,27,12.5,77.76
775,2024/1/1 4:30,27,10,78.2
776,2024/1/1 4:30,27,12,56.33
777,2024/1/1 4:30,27,12,79.08
778,2024/1/1 4:30,27,17,64.59
779,2024/1/1 4:30,27,38,52.37
780,2024/1/1 4:30,27,10,50.7
781,2024/1/1 4:30,27,1,88
782,2024/1/1 4:30,27,3,71.67
783,2024/1/1 4:30,27,16,60.56
784,2024/1/1 4:30,27,8,77.75
785,2024/1/1 4:30,27,13,57.15
786,2024/1/1 4:30,27,17,79
787,2024/1/1 4:30,27,15,91.93
788,2024/1/1 4:30,27,25,87.84
789,2024/1/1 4:30,27,34,57.97
790,2024/1/1 4:30,27,34,84.12
791,2024/1/1 4:30,27,14,54.86
792,2024/1/1 4:30,27,22.5,49.84
793,2024/1/1 4:30,27,11.25,24.92
794,2024/1/1 4:30,27,5.08,31.64
795,2024/1/1 4:30,27,2.54,15.82
796,2024/1/1 4:30,27,1.27,7.91
797,2024/1/1 4:30,27,0.64,3.95
798,2024/1/1 4:30,27,0.32,1.98
799,2024/1/1 4:30,27,0.16,0.99
800,2024/1/1 4:30,27,0.08,0.49
801,2024/1/1 4:30,27,0.04,0.25
802,2024/1/1 4:30,27,0.02,0.12
803,2024/1/1 4:30,27,0.01,0.06
804,2024/1/1 4:30,27,0,0.02
805,2024/1/1 4:30,27,0,0.01
806,2024/1/1 4:30,27,5.5,27.24
807,2024/1/1 4:30,27,11,54.48
808,2024/1/1 4:30,27,0,0.01
809,2024/1/1 4:30,27,3.05,4.8
810,2024/1/1 4:30,27,6.09,9.58
811,2024/1/1 4:30,27,9.14,14.37
812,2024/1/1 4:30,27,12.18,19.16
813,2024/1/1 4:30,27,15.23,23.95
814,2024/1/1 4:30,27,18.27,28.73
815,2024/1/1 4:30,27,21.32,33.52
816,2024/1/1 4:30,27,24.36,38.31
817,2024/1/1 4:30,27,27.41,43.1
818,2024/1/1 4:30,27,30.45,47.88
819,2024/1/1 4:30,27,33.5,52.67
820,2024/1/1 4:30,27,33.81,53.82
821,2024/1/1 4:30,27,34.12,54.96
822,2024/1/1 4:30,27,34.44,56.11
823,2024/1/1 4:30,27,34.75,57.25
824,2024/1/1 4:30,27,35.06,58.4
825,2024/1/1 4:30,27,35.38,59.55
826,2024/1/1 4:30,27,35.69,60.69
827,2024/1/1 4:30,27,36,61.84
828,2024/1/1 4:30,27,31,52.78
829,2024/1/1 4:30,27,15.5,26.39
830,2024/1/1 4:30,27,7.75,13.19
831,2024/1/1 4:30,27,3.88,6.6
832,2024/1/1 4:30,27,1.94,3.3
833,2024/1/1 4:30,27,0.97,1.65
834,2024/1/1 4:30,27,0.48,0.82
835,2024/1/1 4:30,27,0.24,0.41
836,2024/1/1 4:30,27,0.12,0.21
837,2024/1/1 4:30,27,0.03,0.05
838,2024/1/1 4:30,27,0.02,0.03
839,2024/1/1 4:30,27,0.01,0.01
840,2024/1/1 4:30,27,2.15,3.57
841,2024/1/1 4:30,27,4.28,7.12
842,2024/1/1 4:30,27,6.42,10.68
843,2024/1/1 4:30,27,8.55,14.23
844,2024/1/1 4:30,27,10.69,17.79
845,2024/1/1 4:30,27,12.82,21.34
846,2024/1/1 4:30,27,14.96,24.9
847,2024/1/1 4:30,27,17.09,28.45
848,2024/1/1 4:30,27,19.23,32.01
849,2024/1/1 4:30,27,21.36,35.56
850,2024/1/1 4:30,27,23.5,39.12
851,2024/1/1 4:30,27,19.5,60.46
852,2024/1/1 4:30,27,9.75,30.23
853,2024/1/1 4:30,27,4.88,15.12
854,2024/1/1 4:30,27,2.44,7.56
855,2024/1/1 4:30,27,1.22,3.78
856,2024/1/1 4:30,27,0.61,1.89
857,2024/1/1 4:30,27,0.3,0.94
858,2024/1/1 4:30,27,0.15,0.47
859,2024/1/1 4:30,27,0.08,0.24
860,2024/1/1 4:30,27,0.04,0.12
861,2024/1/1 4:30,27,0.02,0.06
862,2024/1/1 4:30,27,0.02,0.06
863,2024/1/1 4:30,27,0.02,0.03
864,2024/1/1 4:30,27,11,40.63
865,2024/1/1 4:30,27,5.5,20.32
866,2024/1/1 4:30,27,2.75,10.16
867,2024/1/1 4:30,27,0.92,3.39
868,2024/1/1 4:30,27,0.46,1.7
869,2024/1/1 4:30,27,0.46,1.69
870,2024/1/1 4:30,27,24.33,60.05
871,2024/1/1 4:30,27,12.17,30.02
872,2024/1/1 4:30,27,6.08,15.01
873,2024/1/1 4:30,27,3.04,7.51
874,2024/1/1 4:30,27,1.52,3.75
875,2024/1/1 4:30,27,0.76,1.88
876,2024/1/1 4:30,27,0.38,0.94
877,2024/1/1 4:30,27,0.19,0.47
878,2024/1/1 4:30,27,0.1,0.23
879,2024/1/1 4:30,27,17.05,43.06
880,2024/1/1 4:30,27,24,82.82
881,2024/1/1 4:30,27,11.5,34.72
882,2024/1/1 4:30,27,5.75,17.36
883,2024/1/1 4:30,27,2.88,8.68
884,2024/1/1 4:30,27,1.44,4.34
885,2024/1/1 4:30,27,0.72,2.17
886,2024/1/1 4:30,27,11.36,41.72
887,2024/1/1 4:30,27,19.5,37.72
888,2024/1/1 4:30,27,9.75,18.86
889,2024/1/1 4:30,27,4.88,9.43
890,2024/1/1 4:30,27,2.44,4.72
891,2024/1/1 4:30,27,16.22,45.14
892,2024/1/1 4:30,27,18.5,45.36
893,2024/1/1 4:30,27,9.25,22.68
894,2024/1/1 4:30,27,4.62,11.34
895,2024/1/1 4:30,27,2.31,5.67
896,2024/1/1 4:30,27,21.66,43.98
897,2024/1/1 4:30,27,49.5,29.52
898,2024/1/1 4:30,27,24.75,14.76
899,2024/1/1 4:30,27,12.38,7.38
900,2024/1/1 4:30,27,45.19,43.42
901,2024/1/1 4:30,27,30,42.34
902,2024/1/1 4:30,27,15,21.17
903,2024/1/1 4:30,27,7.5,10.58
904,2024/1/1 4:30,27,35.25,36.02
905,2024/1/1 4:30,27,23.75,40.14
906,2024/1/1 4:30,27,11.88,20.07
907,2024/1/1 4:30,27,5.94,10.03
908,2024/1/1 4:30,27,2.97,5.02
909,2024/1/1 4:30,27,1.48,2.51
910,2024/1/1 4:30,27,0.74,1.25
911,2024/1/1 4:30,27,0.37,0.63
912,2024/1/1 4:30,27,14.19,43.62
913,2024/1/1 4:30,27,10,31.22
914,2024/1/1 4:30,27,5,15.61
915,2024/1/1 4:30,27,2.5,7.81
916,2024/1/1 4:30,27,1.25,3.9
917,2024/1/1 4:30,27,0.62,1.95
918,2024/1/1 4:30,27,0.31,0.98
919,2024/1/1 4:30,27,0.16,0.49
920,2024/1/1 4:30,27,15.58,37.86
921,2024/1/1 4:30,27,23.67,31.51
922,2024/1/1 4:30,27,16.17,38.67
923,2024/1/1 4:30,27,8.08,19.34
924,2024/1/1 4:30,27,9.04,35.02
925,2024/1/1 4:30,27,8,30.28
926,2024/1/1 4:30,27,4,15.14
927,2024/1/1 4:30,27,9.25,30.25
928,2024/1/1 4:30,27,59.75,65.35
929,2024/1/1 4:30,27,1.5,35.84
930,2024/1/1 4:30,27,0.75,17.92
931,2024/1/1 4:30,27,0.38,8.96
932,2024/1/1 4:30,27,0.19,4.48
933,2024/1/1 4:30,27,0.09,2.24
934,2024/1/1 4:30,27,14.5,37.9
935,2024/1/1 4:30,27,7.25,18.95
936,2024/1/1 4:30,27,3.62,9.47
937,2024/1/1 4:30,27,8.31,33.31
938,2024/1/1 4:30,27,22,36.75
939,2024/1/1 4:30,27,11,18.38
940,2024/1/1 4:30,27,5.5,9.19
941,2024/1/1 4:30,27,15.75,49.86
942,2024/1/1 4:30,27,15,38.84
943,2024/1/1 4:30,27,7.5,19.42
944,2024/1/1 4:30,27,3.75,9.71
945,2024/1/1 4:30,27,33.38,48.48
946,2024/1/1 4:30,27,22,43.32
947,2024/1/1 4:30,27,11,21.66
948,2024/1/1 4:30,27,5.5,10.83
949,2024/1/1 4:30,27,2.75,5.42
950,2024/1/1 4:30,27,1.38,2.71
951,2024/1/1 4:30,27,0.69,1.35
952,2024/1/1 4:30,27,35.84,47.77
953,2024/1/1 4:30,27,42,49
954,2024/1/1 4:30,27,21,24.5
955,2024/1/1 4:30,27,10.5,12.25
956,2024/1/1 4:30,27,5.25,6.13
957,2024/1/1 4:30,27,2.62,3.06
958,2024/1/1 4:30,27,1.31,1.53
959,2024/1/1 4:30,27,30.16,45.4
960,2024/1/1 4:30,27,61.5,34.96
961,2024/1/1 4:30,27,30.75,17.48
962,2024/1/1 4:30,27,15.38,8.74
963,2024/1/1 4:30,27,7.69,4.37
964,2024/1/1 4:30,27,3.84,2.19
965,2024/1/1 4:30,27,1.92,1.09
966,2024/1/1 4:30,27,20.96,25.67
967,2024/1/1 4:30,27,24.5,33.09
968,2024/1/1 4:30,27,12.25,16.54
969,2024/1/1 4:30,27,6.12,8.27
970,2024/1/1 4:30,27,3.06,4.14
971,2024/1/1 4:30,27,1.53,2.07
972,2024/1/1 4:30,27,0.77,1.03
973,2024/1/1 4:30,27,0.38,0.52
974,2024/1/1 4:30,27,48.69,35.77
975,2024/1/1 4:30,27,2.33,19.76
976,2024/1/1 4:30,27,1.17,9.88
977,2024/1/1 4:30,27,0.58,4.94
978,2024/1/1 4:30,27,0.29,2.47
979,2024/1/1 4:30,27,0.15,1.24
980,2024/1/1 4:30,27,0.07,0.62
981,2024/1/1 4:30,27,11.36,31.72
982,2024/1/1 4:30,27,5.68,15.86
983,2024/1/1 4:30,27,2.84,7.93
984,2024/1/1 4:30,27,1.42,3.96
985,2024/1/1 4:30,27,19.14,60.17
986,2024/1/1 4:30,27,27.5,34.5
987,2024/1/1 4:30,27,13.75,17.25
988,2024/1/1 4:30,27,6.88,8.62
989,2024/1/1 4:30,27,3.44,4.31
990,2024/1/1 4:30,27,67.22,37.26
991,2024/1/1 4:30,27,56.5,33.88
992,2024/1/1 4:30,27,28.25,16.94
993,2024/1/1 4:30,27,14.12,8.47
994,2024/1/1 4:30,27,7.06,4.24
995,2024/1/1 4:30,27,23.69,19.56
996,2024/1/1 4:30,27,54.67,54.11
997,2024/1/1 4:30,27,27.33,27.05
998,2024/1/1 4:30,27,13.67,13.53
999,2024/1/1 4:30,27,7.22,35.51
1000,2024/1/1 4:30,27,5.67,31.22
1001,2024/1/1 4:30,27,2.83,15.61
1002,2024/1/1 4:30,27,1.42,7.8
1003,2024/1/1 4:30,27,0.71,3.9
1004,2024/1/1 4:30,27,0.35,1.95
1005,2024/1/1 4:30,27,36.12,56.42
1006,2024/1/1 4:30,27,63,71.9
2,2024/1/1 4:40,28,20,65.85
3,2024/1/1 4:40,28,20,73.3
4,2024/1/1 4:40,28,28,71.07
5,2024/1/1 4:40,28,25,74.52
6,2024/1/1 4:40,28,29,95.31
7,2024/1/1 4:40,28,36,61.53
8,2024/1/1 4:40,28,30,79.83
9,2024/1/1 4:40,28,30,84.57
10,2024/1/1 4:40,28,28,70.46
11,2024/1/1 4:40,28,56,72.41
12,2024/1/1 4:40,28,96,72.36
13,2024/1/1 4:40,28,102,63.36
14,2024/1/1 4:40,28,44,69.36
15,2024/1/1 4:40,28,43,76.02
16,2024/1/1 4:40,28,44,61.57
17,2024/1/1 4:40,28,35,69.29
18,2024/1/1 4:40,28,70,66.29
19,2024/1/1 4:40,28,52,69.6
20,2024/1/1 4:40,28,57,67.54
21,2024/1/1 4:40,28,62,65.47
22,2024/1/1 4:40,28,37,76.62
23,2024/1/1 4:40,28,39,71.59
24,2024/1/1 4:40,28,70,61.41
25,2024/1/1 4:40,28,70,86.27
26,2024/1/1 4:40,28,55,83.4
27,2024/1/1 4:40,28,77,94.32
28,2024/1/1 4:40,28,65,99.37
29,2024/1/1 4:40,28,52,83.33
30,2024/1/1 4:40,28,59,76.22
31,2024/1/1 4:40,28,44.5,84.42
32,2024/1/1 4:40,28,30,92.63
33,2024/1/1 4:40,28,37,94.57
34,2024/1/1 4:40,28,24,86.75
35,2024/1/1 4:40,28,29,79.38
36,2024/1/1 4:40,28,29,106.41
37,2024/1/1 4:40,28,40,87.92
38,2024/1/1 4:40,28,53,59.34
39,2024/1/1 4:40,28,39,68.03
40,2024/1/1 4:40,28,25,76.72
41,2024/1/1 4:40,28,27,49.15
42,2024/1/1 4:40,28,37.5,51.74
43,2024/1/1 4:40,28,48,54.33
44,2024/1/1 4:40,28,54,65.65
45,2024/1/1 4:40,28,41,69.1
46,2024/1/1 4:40,28,39,77.9
47,2024/1/1 4:40,28,44,65.23
48,2024/1/1 4:40,28,35,72.74
49,2024/1/1 4:40,28,28,81.61
50,2024/1/1 4:40,28,93,68.3
51,2024/1/1 4:40,28,58,48.55
52,2024/1/1 4:40,28,35,83.37
53,2024/1/1 4:40,28,28,73.32
54,2024/1/1 4:40,28,36,89.33
55,2024/1/1 4:40,28,39,69.15
56,2024/1/1 4:40,28,33,80.82
57,2024/1/1 4:40,28,34,82.38
58,2024/1/1 4:40,28,29,55.55
59,2024/1/1 4:40,28,27,74.59
60,2024/1/1 4:40,28,30,68
61,2024/1/1 4:40,28,7,91.43
62,2024/1/1 4:40,28,7,71.57
63,2024/1/1 4:40,28,37,89.57
64,2024/1/1 4:40,28,43,98.49
65,2024/1/1 4:40,28,55,96.96
66,2024/1/1 4:40,28,47,103.87
67,2024/1/1 4:40,28,50,101.76
68,2024/1/1 4:40,28,45,98.96
69,2024/1/1 4:40,28,23,96.61
70,2024/1/1 4:40,28,20,91.95
71,2024/1/1 4:40,28,28,90.64
72,2024/1/1 4:40,28,20,79.8
73,2024/1/1 4:40,28,9,82.44
74,2024/1/1 4:40,28,11,95.09
75,2024/1/1 4:40,28,37,83.08
76,2024/1/1 4:40,28,17,90.41
77,2024/1/1 4:40,28,43,102.74
78,2024/1/1 4:40,28,41,88.12
79,2024/1/1 4:40,28,55,93.98
80,2024/1/1 4:40,28,52,98.96
81,2024/1/1 4:40,28,21,73.95
82,2024/1/1 4:40,28,14,77.29
83,2024/1/1 4:40,28,37,94.59
84,2024/1/1 4:40,28,30,76.7
85,2024/1/1 4:40,28,15,82.27
86,2024/1/1 4:40,28,12.5,77.44
87,2024/1/1 4:40,28,10,72.6
88,2024/1/1 4:40,28,31,83.03
89,2024/1/1 4:40,28,34,106.85
90,2024/1/1 4:40,28,49,96.87
91,2024/1/1 4:40,28,64,86.89
92,2024/1/1 4:40,28,71,98.52
93,2024/1/1 4:40,28,68,115.44
94,2024/1/1 4:40,28,53,102.15
95,2024/1/1 4:40,28,61,96.28
96,2024/1/1 4:40,28,52,86.73
97,2024/1/1 4:40,28,54,81.81
98,2024/1/1 4:40,28,80,90.96
99,2024/1/1 4:40,28,33,90.64
100,2024/1/1 4:40,28,8,72.38
101,2024/1/1 4:40,28,10,55.8
102,2024/1/1 4:40,28,28,88.68
103,2024/1/1 4:40,28,31.5,97.96
104,2024/1/1 4:40,28,35,107.23
105,2024/1/1 4:40,28,36,103.5
106,2024/1/1 4:40,28,61,108
107,2024/1/1 4:40,28,57,98.54
108,2024/1/1 4:40,28,58,111.21
109,2024/1/1 4:40,28,50,105.44
110,2024/1/1 4:40,28,44,110.64
111,2024/1/1 4:40,28,14,106.21
112,2024/1/1 4:40,28,20,119.7
113,2024/1/1 4:40,28,16,102.69
114,2024/1/1 4:40,28,20,99.4
115,2024/1/1 4:40,28,19,91.89
116,2024/1/1 4:40,28,17,84.82
117,2024/1/1 4:40,28,18,99.61
118,2024/1/1 4:40,28,17,91.41
119,2024/1/1 4:40,28,17,103.71
120,2024/1/1 4:40,28,15,122.4
121,2024/1/1 4:40,28,9,111.11
122,2024/1/1 4:40,28,2,100
123,2024/1/1 4:40,28,2,148
124,2024/1/1 4:40,28,15,80.4
125,2024/1/1 4:40,28,53,111.57
126,2024/1/1 4:40,28,40,101.97
127,2024/1/1 4:40,28,49,99.8
128,2024/1/1 4:40,28,63,126.37
129,2024/1/1 4:40,28,59,127.9
130,2024/1/1 4:40,28,52,114.56
131,2024/1/1 4:40,28,59,113.02
132,2024/1/1 4:40,28,49,110.14
133,2024/1/1 4:40,28,21,87.71
134,2024/1/1 4:40,28,28,89.14
135,2024/1/1 4:40,28,13,65.08
136,2024/1/1 4:40,28,9,85.56
137,2024/1/1 4:40,28,5,74.2
138,2024/1/1 4:40,28,19,78.42
139,2024/1/1 4:40,28,28,79.46
140,2024/1/1 4:40,28,73,87.16
141,2024/1/1 4:40,28,71,93.59
142,2024/1/1 4:40,28,33,93.52
143,2024/1/1 4:40,28,32,83.75
144,2024/1/1 4:40,28,69,80.78
145,2024/1/1 4:40,28,57,66.56
146,2024/1/1 4:40,28,52,74.17
147,2024/1/1 4:40,28,44,86.25
148,2024/1/1 4:40,28,39,85.15
149,2024/1/1 4:40,28,27,76.7
150,2024/1/1 4:40,28,33,78.7
151,2024/1/1 4:40,28,35,65.09
152,2024/1/1 4:40,28,28,76.21
153,2024/1/1 4:40,28,4,68.75
154,2024/1/1 4:40,28,11,72.82
155,2024/1/1 4:40,28,9,99.56
156,2024/1/1 4:40,28,28,88.39
157,2024/1/1 4:40,28,4,24
158,2024/1/1 4:40,28,8,54.75
159,2024/1/1 4:40,28,24,77.21
160,2024/1/1 4:40,28,21,87.57
161,2024/1/1 4:40,28,18,42.78
162,2024/1/1 4:40,28,16,84.38
163,2024/1/1 4:40,28,20,77.95
164,2024/1/1 4:40,28,29,65.79
165,2024/1/1 4:40,28,21,77.71
166,2024/1/1 4:40,28,24,76.75
167,2024/1/1 4:40,28,2,89.5
168,2024/1/1 4:40,28,43,83.93
169,2024/1/1 4:40,28,49,82.9
170,2024/1/1 4:40,28,64,92.84
171,2024/1/1 4:40,28,60,90.43
172,2024/1/1 4:40,28,46,92.8
173,2024/1/1 4:40,28,51,99.71
174,2024/1/1 4:40,28,63,89.08
175,2024/1/1 4:40,28,40,73.15
176,2024/1/1 4:40,28,6,90.17
177,2024/1/1 4:40,28,15,90.8
178,2024/1/1 4:40,28,21,83.48
179,2024/1/1 4:40,28,27,76.15
180,2024/1/1 4:40,28,21,70.04
181,2024/1/1 4:40,28,15,63.93
182,2024/1/1 4:40,28,42,70.62
183,2024/1/1 4:40,28,73,72.77
184,2024/1/1 4:40,28,51,67.71
185,2024/1/1 4:40,28,48.67,69.69
186,2024/1/1 4:40,28,46.33,71.66
187,2024/1/1 4:40,28,44,73.64
188,2024/1/1 4:40,28,20,73.9
189,2024/1/1 4:40,28,21,65.43
190,2024/1/1 4:40,28,49,79.24
191,2024/1/1 4:40,28,50,67.66
192,2024/1/1 4:40,28,45.5,78.74
193,2024/1/1 4:40,28,41,89.83
194,2024/1/1 4:40,28,46,74.07
195,2024/1/1 4:40,28,45,66.27
196,2024/1/1 4:40,28,67,88.91
197,2024/1/1 4:40,28,56,92.57
198,2024/1/1 4:40,28,80,92.01
199,2024/1/1 4:40,28,64,94.56
200,2024/1/1 4:40,28,48,86.48
201,2024/1/1 4:40,28,56,81.8
202,2024/1/1 4:40,28,52,63.96
203,2024/1/1 4:40,28,44,65.57
204,2024/1/1 4:40,28,23,84.26
205,2024/1/1 4:40,28,38,99.42
206,2024/1/1 4:40,28,19,89.42
207,2024/1/1 4:40,28,25,88.84
208,2024/1/1 4:40,28,29,74.72
209,2024/1/1 4:40,28,51,87.69
210,2024/1/1 4:40,28,27,90.7
211,2024/1/1 4:40,28,23,96.17
212,2024/1/1 4:40,28,39,90.97
213,2024/1/1 4:40,28,33,89.94
214,2024/1/1 4:40,28,76,83.32
215,2024/1/1 4:40,28,55,89.09
216,2024/1/1 4:40,28,59,80.37
217,2024/1/1 4:40,28,79,89.52
218,2024/1/1 4:40,28,52,92.48
219,2024/1/1 4:40,28,52,87.15
220,2024/1/1 4:40,28,51,88.14
221,2024/1/1 4:40,28,45,85.49
222,2024/1/1 4:40,28,43,80.79
223,2024/1/1 4:40,28,43,64.37
224,2024/1/1 4:40,28,31,67.81
225,2024/1/1 4:40,28,27,90.04
226,2024/1/1 4:40,28,56,63.64
227,2024/1/1 4:40,28,39,69.13
228,2024/1/1 4:40,28,31,65.1
229,2024/1/1 4:40,28,33,65.97
230,2024/1/1 4:40,28,42,76.14
231,2024/1/1 4:40,28,35,89.63
232,2024/1/1 4:40,28,56,79.22
233,2024/1/1 4:40,28,77,68.8
234,2024/1/1 4:40,28,98,58.39
235,2024/1/1 4:40,28,106,75.95
236,2024/1/1 4:40,28,52,49.75
237,2024/1/1 4:40,28,9,65.11
238,2024/1/1 4:40,28,6,60
239,2024/1/1 4:40,28,10,57.43
240,2024/1/1 4:40,28,14,
241,2024/1/1 4:40,28,0,
242,2024/1/1 4:40,28,12,82
243,2024/1/1 4:40,28,44,77.77
244,2024/1/1 4:40,28,37,73.68
245,2024/1/1 4:40,28,82,65.89
246,2024/1/1 4:40,28,81,58.9
247,2024/1/1 4:40,28,67,55
248,2024/1/1 4:40,28,53,51.11
249,2024/1/1 4:40,28,27,69.3
250,2024/1/1 4:40,28,36,79.67
251,2024/1/1 4:40,28,47,72.85
252,2024/1/1 4:40,28,67,66.03
253,2024/1/1 4:40,28,98,73.93
254,2024/1/1 4:40,28,55,69.51
255,2024/1/1 4:40,28,67,70.16
256,2024/1/1 4:40,28,79,70.82
257,2024/1/1 4:40,28,55,64.8
258,2024/1/1 4:40,28,63,79.22
259,2024/1/1 4:40,28,75,74.15
260,2024/1/1 4:40,28,75,76.39
261,2024/1/1 4:40,28,46,60.07
262,2024/1/1 4:40,28,62,80.39
263,2024/1/1 4:40,28,68,56.19
264,2024/1/1 4:40,28,56,74.5
265,2024/1/1 4:40,28,46,64.54
266,2024/1/1 4:40,28,46,80.48
267,2024/1/1 4:40,28,47,57.6
268,2024/1/1 4:40,28,59,75.05
269,2024/1/1 4:40,28,52,79.23
270,2024/1/1 4:40,28,53,84.11
271,2024/1/1 4:40,28,48,82.48
272,2024/1/1 4:40,28,43,80.86
273,2024/1/1 4:40,28,30,72.67
274,2024/1/1 4:40,28,32,73.25
275,2024/1/1 4:40,28,41,68.8
276,2024/1/1 4:40,28,41,74.78
277,2024/1/1 4:40,28,37.5,71.39
278,2024/1/1 4:40,28,34,68
279,2024/1/1 4:40,28,36.5,67.62
280,2024/1/1 4:40,28,39,67.23
281,2024/1/1 4:40,28,33,67.82
282,2024/1/1 4:40,28,36,64.61
283,2024/1/1 4:40,28,44,64.68
284,2024/1/1 4:40,28,35,75.03
285,2024/1/1 4:40,28,54,72.57
286,2024/1/1 4:40,28,59,70.93
287,2024/1/1 4:40,28,48.5,71.11
288,2024/1/1 4:40,28,38,71.29
289,2024/1/1 4:40,28,27,60
290,2024/1/1 4:40,28,56,70.77
291,2024/1/1 4:40,28,71,70.75
292,2024/1/1 4:40,28,43,62.19
293,2024/1/1 4:40,28,60,80.65
294,2024/1/1 4:40,28,53,75.42
295,2024/1/1 4:40,28,48,72.77
296,2024/1/1 4:40,28,45,59.98
297,2024/1/1 4:40,28,52,62.21
298,2024/1/1 4:40,28,60,51.42
299,2024/1/1 4:40,28,45.5,50.28
300,2024/1/1 4:40,28,31,49.13
301,2024/1/1 4:40,28,94,72.16
302,2024/1/1 4:40,28,43,85.44
303,2024/1/1 4:40,28,52,85.25
304,2024/1/1 4:40,28,33,68.09
305,2024/1/1 4:40,28,14,50.93
306,2024/1/1 4:40,28,45,74.11
307,2024/1/1 4:40,28,47,106.81
308,2024/1/1 4:40,28,58,91.16
309,2024/1/1 4:40,28,59,109.34
310,2024/1/1 4:40,28,53,95.4
311,2024/1/1 4:40,28,50,104.18
312,2024/1/1 4:40,28,38,113.82
313,2024/1/1 4:40,28,38,106.79
314,2024/1/1 4:40,28,48,105.15
315,2024/1/1 4:40,28,56,102.43
316,2024/1/1 4:40,28,54,100.81
317,2024/1/1 4:40,28,44,91.73
318,2024/1/1 4:40,28,33,100.24
319,2024/1/1 4:40,28,38,105.45
320,2024/1/1 4:40,28,35,96.46
321,2024/1/1 4:40,28,42,113.83
322,2024/1/1 4:40,28,55,103.09
323,2024/1/1 4:40,28,58,104.9
324,2024/1/1 4:40,28,53,101.23
325,2024/1/1 4:40,28,23,81.91
326,2024/1/1 4:40,28,13,99.15
327,2024/1/1 4:40,28,17,101.94
328,2024/1/1 4:40,28,21,105.38
329,2024/1/1 4:40,28,13,66.29
330,2024/1/1 4:40,28,5,27.2
331,2024/1/1 4:40,28,27,100.59
332,2024/1/1 4:40,28,41,99.85
333,2024/1/1 4:40,28,40,107.1
334,2024/1/1 4:40,28,38,113.55
335,2024/1/1 4:40,28,43,114.88
336,2024/1/1 4:40,28,47,97.17
337,2024/1/1 4:40,28,36,94.61
338,2024/1/1 4:40,28,33,110.39
339,2024/1/1 4:40,28,29,102.31
340,2024/1/1 4:40,28,34,110.62
341,2024/1/1 4:40,28,52,102.19
342,2024/1/1 4:40,28,48,104.1
343,2024/1/1 4:40,28,42,113.86
344,2024/1/1 4:40,28,36,113.89
345,2024/1/1 4:40,28,31,110.45
346,2024/1/1 4:40,28,44,112.18
347,2024/1/1 4:40,28,43,110.6
348,2024/1/1 4:40,28,49,106.73
349,2024/1/1 4:40,28,40,96.67
350,2024/1/1 4:40,28,38,100.76
351,2024/1/1 4:40,28,18,85.33
352,2024/1/1 4:40,28,17,68.59
353,2024/1/1 4:40,28,17,81.88
354,2024/1/1 4:40,28,9,65.78
355,2024/1/1 4:40,28,4,85.25
356,2024/1/1 4:40,28,10,77.3
357,2024/1/1 4:40,28,15,78.73
358,2024/1/1 4:40,28,13,71.54
359,2024/1/1 4:40,28,18,73.72
360,2024/1/1 4:40,28,30,85.9
361,2024/1/1 4:40,28,32,88.94
362,2024/1/1 4:40,28,22,99.45
363,2024/1/1 4:40,28,38.5,85.16
364,2024/1/1 4:40,28,55,70.87
365,2024/1/1 4:40,28,47,76.98
366,2024/1/1 4:40,28,39,83.08
367,2024/1/1 4:40,28,31,89.19
368,2024/1/1 4:40,28,81,91.3
369,2024/1/1 4:40,28,68,92.63
370,2024/1/1 4:40,28,55,93.96
371,2024/1/1 4:40,28,66,76.39
372,2024/1/1 4:40,28,60,85.38
373,2024/1/1 4:40,28,85,99.19
374,2024/1/1 4:40,28,76,107.47
375,2024/1/1 4:40,28,77,94.55
376,2024/1/1 4:40,28,38,93.26
377,2024/1/1 4:40,28,45,102.84
378,2024/1/1 4:40,28,53,95.83
379,2024/1/1 4:40,28,65,87.18
380,2024/1/1 4:40,28,23,87
381,2024/1/1 4:40,28,15,94.73
382,2024/1/1 4:40,28,20,82.95
383,2024/1/1 4:40,28,1,121
384,2024/1/1 4:40,28,6,23.67
385,2024/1/1 4:40,28,17,80
386,2024/1/1 4:40,28,9,78.89
387,2024/1/1 4:40,28,13,68.92
388,2024/1/1 4:40,28,29,74.14
389,2024/1/1 4:40,28,34,91.85
390,2024/1/1 4:40,28,28,101.89
391,2024/1/1 4:40,28,32,80.78
392,2024/1/1 4:40,28,17,100.18
393,2024/1/1 4:40,28,23,112.78
394,2024/1/1 4:40,28,30,98.4
395,2024/1/1 4:40,28,78,95.13
396,2024/1/1 4:40,28,39.5,80.06
397,2024/1/1 4:40,28,1,
398,2024/1/1 4:40,28,0,
399,2024/1/1 4:40,28,1,
400,2024/1/1 4:40,28,0,
401,2024/1/1 4:40,28,0,
402,2024/1/1 4:40,28,0,
403,2024/1/1 4:40,28,2,50
404,2024/1/1 4:40,28,2,50.5
405,2024/1/1 4:40,28,2,
406,2024/1/1 4:40,28,0,
407,2024/1/1 4:40,28,0,
408,2024/1/1 4:40,28,1,96
409,2024/1/1 4:40,28,1,82
410,2024/1/1 4:40,28,1,
411,2024/1/1 4:40,28,0,
412,2024/1/1 4:40,28,0,
413,2024/1/1 4:40,28,0,
414,2024/1/1 4:40,28,2,47
415,2024/1/1 4:40,28,12,93.42
416,2024/1/1 4:40,28,7,80.21
417,2024/1/1 4:40,28,2,67
418,2024/1/1 4:40,28,1,54
419,2024/1/1 4:40,28,1,
420,2024/1/1 4:40,28,0,
421,2024/1/1 4:40,28,0,
422,2024/1/1 4:40,28,0,
423,2024/1/1 4:40,28,0,
424,2024/1/1 4:40,28,0,
425,2024/1/1 4:40,28,0,
426,2024/1/1 4:40,28,0,
427,2024/1/1 4:40,28,0,
428,2024/1/1 4:40,28,0,
429,2024/1/1 4:40,28,1,91
430,2024/1/1 4:40,28,1,105
431,2024/1/1 4:40,28,1,69
432,2024/1/1 4:40,28,1,91
433,2024/1/1 4:40,28,1,113
434,2024/1/1 4:40,28,26.67,101.85
435,2024/1/1 4:40,28,52.33,90.7
436,2024/1/1 4:40,28,78,79.55
437,2024/1/1 4:40,28,30,71.57
438,2024/1/1 4:40,28,28,78.71
439,2024/1/1 4:40,28,28.5,82.2
440,2024/1/1 4:40,28,29,85.69
441,2024/1/1 4:40,28,29,63.59
442,2024/1/1 4:40,28,60,70.02
443,2024/1/1 4:40,28,58.67,68.22
444,2024/1/1 4:40,28,57.33,66.42
445,2024/1/1 4:40,28,56,64.62
446,2024/1/1 4:40,28,60,56.23
447,2024/1/1 4:40,28,51,67.39
448,2024/1/1 4:40,28,65,76.29
449,2024/1/1 4:40,28,22,83.82
450,2024/1/1 4:40,28,19,85.63
451,2024/1/1 4:40,28,55,70.98
452,2024/1/1 4:40,28,46,80.3
453,2024/1/1 4:40,28,41,87.61
454,2024/1/1 4:40,28,56,75.5
455,2024/1/1 4:40,28,21,69.67
456,2024/1/1 4:40,28,49,77.14
457,2024/1/1 4:40,28,37,89.16
458,2024/1/1 4:40,28,32,77.44
459,2024/1/1 4:40,28,25,81.96
460,2024/1/1 4:40,28,26,89.65
461,2024/1/1 4:40,28,33,92
462,2024/1/1 4:40,28,30,82.77
463,2024/1/1 4:40,28,25,96.84
464,2024/1/1 4:40,28,15,84.13
465,2024/1/1 4:40,28,10,88.5
466,2024/1/1 4:40,28,34,86.57
467,2024/1/1 4:40,28,58,84.64
468,2024/1/1 4:40,28,57,79.93
469,2024/1/1 4:40,28,75,72.64
470,2024/1/1 4:40,28,76,79.32
471,2024/1/1 4:40,28,77,86
472,2024/1/1 4:40,28,15,79.73
473,2024/1/1 4:40,28,17,86.94
474,2024/1/1 4:40,28,19,82.32
475,2024/1/1 4:40,28,27,82.85
476,2024/1/1 4:40,28,35,81.26
477,2024/1/1 4:40,28,29,87.48
478,2024/1/1 4:40,28,51,72.31
479,2024/1/1 4:40,28,47,94.83
480,2024/1/1 4:40,28,47,79.04
481,2024/1/1 4:40,28,38,71.05
482,2024/1/1 4:40,28,37,78.22
483,2024/1/1 4:40,28,42,70.55
484,2024/1/1 4:40,28,44,68.68
485,2024/1/1 4:40,28,1111,2.8
486,2024/1/1 4:40,28,56,84.93
487,2024/1/1 4:40,28,53,79.68
488,2024/1/1 4:40,28,44,74.66
489,2024/1/1 4:40,28,50,78.67
490,2024/1/1 4:40,28,56,82.68
491,2024/1/1 4:40,28,64,92.56
492,2024/1/1 4:40,28,49,88.98
493,2024/1/1 4:40,28,55,86.11
494,2024/1/1 4:40,28,58,96.69
495,2024/1/1 4:40,28,60,82.43
496,2024/1/1 4:40,28,59,78.1
497,2024/1/1 4:40,28,59,92.86
498,2024/1/1 4:40,28,66,104.7
499,2024/1/1 4:40,28,67,86.07
500,2024/1/1 4:40,28,56.5,93
501,2024/1/1 4:40,28,46,99.93
502,2024/1/1 4:40,28,47,84.32
503,2024/1/1 4:40,28,47,85.02
504,2024/1/1 4:40,28,54,67.3
505,2024/1/1 4:40,28,46,83.85
506,2024/1/1 4:40,28,52,84.13
507,2024/1/1 4:40,28,56.5,79.55
508,2024/1/1 4:40,28,61,74.97
509,2024/1/1 4:40,28,65.5,70.39
510,2024/1/1 4:40,28,70,65.81
511,2024/1/1 4:40,28,87,74.05
512,2024/1/1 4:40,28,58,68.57
513,2024/1/1 4:40,28,79,75.85
514,2024/1/1 4:40,28,55,85.8
515,2024/1/1 4:40,28,53,73.98
516,2024/1/1 4:40,28,59,92.02
517,2024/1/1 4:40,28,51.5,91.5
518,2024/1/1 4:40,28,44,90.98
519,2024/1/1 4:40,28,48,86.99
520,2024/1/1 4:40,28,52,83
521,2024/1/1 4:40,28,47,104.79
522,2024/1/1 4:40,28,36,87.14
523,2024/1/1 4:40,28,39,90.5
524,2024/1/1 4:40,28,42,93.86
525,2024/1/1 4:40,28,46,76.04
526,2024/1/1 4:40,28,40,70.45
527,2024/1/1 4:40,28,24,85.17
528,2024/1/1 4:40,28,32.33,81.83
529,2024/1/1 4:40,28,40.67,78.48
530,2024/1/1 4:40,28,49,75.14
531,2024/1/1 4:40,28,40,97
532,2024/1/1 4:40,28,43,91.9
533,2024/1/1 4:40,28,46,86.8
534,2024/1/1 4:40,28,52,72.94
535,2024/1/1 4:40,28,43,99.05
536,2024/1/1 4:40,28,39,104.44
537,2024/1/1 4:40,28,43,89.07
538,2024/1/1 4:40,28,35,91.57
539,2024/1/1 4:40,28,42,79.5
540,2024/1/1 4:40,28,42,84.1
541,2024/1/1 4:40,28,42,88.7
542,2024/1/1 4:40,28,42,93.3
543,2024/1/1 4:40,28,42,97.9
544,2024/1/1 4:40,28,31.5,94.95
545,2024/1/1 4:40,28,21,92
546,2024/1/1 4:40,28,42,81.26
547,2024/1/1 4:40,28,63,70.52
548,2024/1/1 4:40,28,91,84.02
549,2024/1/1 4:40,28,97,87.06
550,2024/1/1 4:40,28,87,88.08
551,2024/1/1 4:40,28,75,65.29
552,2024/1/1 4:40,28,47,76.51
553,2024/1/1 4:40,28,33,85.06
554,2024/1/1 4:40,28,49,71.39
555,2024/1/1 4:40,28,61,85.23
556,2024/1/1 4:40,28,59,73.1
557,2024/1/1 4:40,28,48,75.27
558,2024/1/1 4:40,28,36,75.36
559,2024/1/1 4:40,28,40,84.88
560,2024/1/1 4:40,28,62,89.45
561,2024/1/1 4:40,28,52,93.28
562,2024/1/1 4:40,28,42,97.12
563,2024/1/1 4:40,28,45,86.82
564,2024/1/1 4:40,28,49.5,83.05
565,2024/1/1 4:40,28,54,79.28
566,2024/1/1 4:40,28,56,84.88
567,2024/1/1 4:40,28,48,81.89
568,2024/1/1 4:40,28,40,78.9
569,2024/1/1 4:40,28,45,76.58
570,2024/1/1 4:40,28,41,76.11
571,2024/1/1 4:40,28,37,75.65
572,2024/1/1 4:40,28,33,75.18
573,2024/1/1 4:40,28,45,75.51
574,2024/1/1 4:40,28,47,75.72
575,2024/1/1 4:40,28,49,75.92
576,2024/1/1 4:40,28,46,88.7
577,2024/1/1 4:40,28,45,73.84
578,2024/1/1 4:40,28,47.5,78.48
579,2024/1/1 4:40,28,50,83.12
580,2024/1/1 4:40,28,49.67,83.93
581,2024/1/1 4:40,28,49.33,84.74
582,2024/1/1 4:40,28,49,85.55
583,2024/1/1 4:40,28,63,79.96
584,2024/1/1 4:40,28,77,74.36
585,2024/1/1 4:40,28,86,66.13
586,2024/1/1 4:40,28,88,89.01
587,2024/1/1 4:40,28,65,88.34
588,2024/1/1 4:40,28,42,87.67
589,2024/1/1 4:40,28,54,91.81
590,2024/1/1 4:40,28,49,87.28
591,2024/1/1 4:40,28,44,82.75
592,2024/1/1 4:40,28,45,88.72
593,2024/1/1 4:40,28,46,94.7
594,2024/1/1 4:40,28,52.5,90.56
595,2024/1/1 4:40,28,59,86.41
596,2024/1/1 4:40,28,63,85.06
597,2024/1/1 4:40,28,57.5,85.27
598,2024/1/1 4:40,28,52,85.48
599,2024/1/1 4:40,28,25,85.28
600,2024/1/1 4:40,28,49,90.24
601,2024/1/1 4:40,28,42,82.95
602,2024/1/1 4:40,28,42,97.36
603,2024/1/1 4:40,28,32,68
604,2024/1/1 4:40,28,29,89.31
605,2024/1/1 4:40,28,44,92.69
606,2024/1/1 4:40,28,59,96.07
607,2024/1/1 4:40,28,62,88.55
608,2024/1/1 4:40,28,66,83.55
609,2024/1/1 4:40,28,47,102.45
610,2024/1/1 4:40,28,53,89.62
611,2024/1/1 4:40,28,57,82.21
612,2024/1/1 4:40,28,54,87.94
613,2024/1/1 4:40,28,51,93.67
614,2024/1/1 4:40,28,51,93.45
615,2024/1/1 4:40,28,56,89.54
616,2024/1/1 4:40,28,47,88.34
617,2024/1/1 4:40,28,44,85.39
618,2024/1/1 4:40,28,16,84.62
619,2024/1/1 4:40,28,38.5,84.1
620,2024/1/1 4:40,28,61,83.57
621,2024/1/1 4:40,28,60,81.32
622,2024/1/1 4:40,28,59,79.08
623,2024/1/1 4:40,28,61.5,83.65
624,2024/1/1 4:40,28,64,88.22
625,2024/1/1 4:40,28,27,52.78
626,2024/1/1 4:40,28,41,66.05
627,2024/1/1 4:40,28,28.5,51.93
628,2024/1/1 4:40,28,16,37.81
629,2024/1/1 4:40,28,19,64.11
630,2024/1/1 4:40,28,14,56.36
631,2024/1/1 4:40,28,16,73.75
632,2024/1/1 4:40,28,14,33.43
633,2024/1/1 4:40,28,12,42.08
634,2024/1/1 4:40,28,31,64.35
635,2024/1/1 4:40,28,43,56.19
636,2024/1/1 4:40,28,10,51.4
637,2024/1/1 4:40,28,17.5,52.48
638,2024/1/1 4:40,28,25,53.56
639,2024/1/1 4:40,28,44,48.23
640,2024/1/1 4:40,28,31,59.65
641,2024/1/1 4:40,28,18,74
642,2024/1/1 4:40,28,27,52.33
643,2024/1/1 4:40,28,15,53
644,2024/1/1 4:40,28,15,55.93
645,2024/1/1 4:40,28,29,62.21
646,2024/1/1 4:40,28,19,79.05
647,2024/1/1 4:40,28,18,73.62
648,2024/1/1 4:40,28,17,68.18
649,2024/1/1 4:40,28,11,81.73
650,2024/1/1 4:40,28,10,65.3
651,2024/1/1 4:40,28,10,68
652,2024/1/1 4:40,28,14,51.71
653,2024/1/1 4:40,28,17,56.26
654,2024/1/1 4:40,28,20,60.8
655,2024/1/1 4:40,28,65,43.11
656,2024/1/1 4:40,28,69.25,49.32
657,2024/1/1 4:40,28,73.5,55.53
658,2024/1/1 4:40,28,77.75,61.74
659,2024/1/1 4:40,28,82,67.95
660,2024/1/1 4:40,28,43.5,78.97
661,2024/1/1 4:40,28,5,90
662,2024/1/1 4:40,28,16,57.38
663,2024/1/1 4:40,28,9,74.67
664,2024/1/1 4:40,28,22.5,71.5
665,2024/1/1 4:40,28,36,68.33
666,2024/1/1 4:40,28,32,74.38
667,2024/1/1 4:40,28,28,80.43
668,2024/1/1 4:40,28,31,60.77
669,2024/1/1 4:40,28,46,65.5
670,2024/1/1 4:40,28,36,69.08
671,2024/1/1 4:40,28,26,72.65
672,2024/1/1 4:40,28,21,70.9
673,2024/1/1 4:40,28,41,77.61
674,2024/1/1 4:40,28,25,66.32
675,2024/1/1 4:40,28,37,68.92
676,2024/1/1 4:40,28,27,71.11
677,2024/1/1 4:40,28,21.33,72.27
678,2024/1/1 4:40,28,15.67,73.44
679,2024/1/1 4:40,28,10,74.6
680,2024/1/1 4:40,28,10,80.9
681,2024/1/1 4:40,28,14,87.79
682,2024/1/1 4:40,28,12,80.67
683,2024/1/1 4:40,28,9,119.22
684,2024/1/1 4:40,28,9,81.11
685,2024/1/1 4:40,28,6,78.17
686,2024/1/1 4:40,28,9,79
687,2024/1/1 4:40,28,10,75.87
688,2024/1/1 4:40,28,11,72.73
689,2024/1/1 4:40,28,46,81.3
690,2024/1/1 4:40,28,68,66.43
691,2024/1/1 4:40,28,39,55.67
692,2024/1/1 4:40,28,52,88.27
693,2024/1/1 4:40,28,25,80.76
694,2024/1/1 4:40,28,27,67.74
695,2024/1/1 4:40,28,11,43.18
696,2024/1/1 4:40,28,21,71.48
697,2024/1/1 4:40,28,10,67.1
698,2024/1/1 4:40,28,14.5,64.1
699,2024/1/1 4:40,28,19,61.11
700,2024/1/1 4:40,28,19,60.61
701,2024/1/1 4:40,28,19,60.11
702,2024/1/1 4:40,28,12.5,70.22
703,2024/1/1 4:40,28,6,80.33
704,2024/1/1 4:40,28,6,85.33
705,2024/1/1 4:40,28,5,104.4
706,2024/1/1 4:40,28,34,72.44
707,2024/1/1 4:40,28,31,87.68
708,2024/1/1 4:40,28,34,81.24
709,2024/1/1 4:40,28,28.33,81.41
710,2024/1/1 4:40,28,22.67,81.59
711,2024/1/1 4:40,28,17,81.76
712,2024/1/1 4:40,28,17,49
713,2024/1/1 4:40,28,17.5,47.28
714,2024/1/1 4:40,28,18,45.56
715,2024/1/1 4:40,28,20,101.25
716,2024/1/1 4:40,28,10,53.6
717,2024/1/1 4:40,28,6,50
718,2024/1/1 4:40,28,5,53.2
719,2024/1/1 4:40,28,19,53.21
720,2024/1/1 4:40,28,17,48.29
721,2024/1/1 4:40,28,10,57.7
722,2024/1/1 4:40,28,11.67,62.16
723,2024/1/1 4:40,28,13.33,66.61
724,2024/1/1 4:40,28,15,71.07
725,2024/1/1 4:40,28,18,67.61
726,2024/1/1 4:40,28,15,93.87
727,2024/1/1 4:40,28,11,85.27
728,2024/1/1 4:40,28,17,90.35
729,2024/1/1 4:40,28,18,72.78
730,2024/1/1 4:40,28,11.5,59.49
731,2024/1/1 4:40,28,5,46.2
732,2024/1/1 4:40,28,15,78.53
733,2024/1/1 4:40,28,8,69.88
734,2024/1/1 4:40,28,14,49.71
735,2024/1/1 4:40,28,11,88.09
736,2024/1/1 4:40,28,13,89.77
737,2024/1/1 4:40,28,14,67.64
738,2024/1/1 4:40,28,15,45.27
739,2024/1/1 4:40,28,12,55.08
740,2024/1/1 4:40,28,10,68.1
741,2024/1/1 4:40,28,6.5,71.72
742,2024/1/1 4:40,28,3,75.33
743,2024/1/1 4:40,28,3.11,75.71
744,2024/1/1 4:40,28,3.22,76.09
745,2024/1/1 4:40,28,3.33,76.47
746,2024/1/1 4:40,28,3.44,76.85
747,2024/1/1 4:40,28,3.56,77.23
748,2024/1/1 4:40,28,3.67,77.61
749,2024/1/1 4:40,28,3.78,77.99
750,2024/1/1 4:40,28,3.89,78.37
751,2024/1/1 4:40,28,4,78.75
752,2024/1/1 4:40,28,3.94,79.18
753,2024/1/1 4:40,28,3.88,79.6
754,2024/1/1 4:40,28,3.82,80.03
755,2024/1/1 4:40,28,3.76,80.46
756,2024/1/1 4:40,28,3.71,80.88
757,2024/1/1 4:40,28,3.65,81.31
758,2024/1/1 4:40,28,3.59,81.74
759,2024/1/1 4:40,28,3.53,82.16
760,2024/1/1 4:40,28,3.47,82.59
761,2024/1/1 4:40,28,3.41,83.01
762,2024/1/1 4:40,28,3.35,83.44
763,2024/1/1 4:40,28,3.29,83.87
764,2024/1/1 4:40,28,3.24,84.29
765,2024/1/1 4:40,28,3.18,84.72
766,2024/1/1 4:40,28,3.12,85.15
767,2024/1/1 4:40,28,3.06,85.57
768,2024/1/1 4:40,28,3,86
769,2024/1/1 4:40,28,5,85.4
770,2024/1/1 4:40,28,21,62.05
771,2024/1/1 4:40,28,18.5,55.52
772,2024/1/1 4:40,28,16,49
773,2024/1/1 4:40,28,11,79.55
774,2024/1/1 4:40,28,17.33,70.73
775,2024/1/1 4:40,28,23.67,61.92
776,2024/1/1 4:40,28,30,53.1
777,2024/1/1 4:40,28,21,76.43
778,2024/1/1 4:40,28,12,68.92
779,2024/1/1 4:40,28,21,48.57
780,2024/1/1 4:40,28,11,46.82
781,2024/1/1 4:40,28,1,
782,2024/1/1 4:40,28,0,
783,2024/1/1 4:40,28,5,55.2
784,2024/1/1 4:40,28,9,80
785,2024/1/1 4:40,28,10,48.5
786,2024/1/1 4:40,28,16,72.38
787,2024/1/1 4:40,28,26,98.73
788,2024/1/1 4:40,28,15,87.8
789,2024/1/1 4:40,28,17,61.35
790,2024/1/1 4:40,28,15,84.07
791,2024/1/1 4:40,28,16,64.12
792,2024/1/1 4:40,28,19,50.38
793,2024/1/1 4:40,28,9.5,25.19
794,2024/1/1 4:40,28,5.17,36.84
795,2024/1/1 4:40,28,2.58,18.42
796,2024/1/1 4:40,28,1.29,9.21
797,2024/1/1 4:40,28,0.65,4.6
798,2024/1/1 4:40,28,0.32,2.3
799,2024/1/1 4:40,28,0.16,1.15
800,2024/1/1 4:40,28,0.08,0.58
801,2024/1/1 4:40,28,0.04,0.29
802,2024/1/1 4:40,28,0.02,0.14
803,2024/1/1 4:40,28,0.01,0.07
804,2024/1/1 4:40,28,0,0.02
805,2024/1/1 4:40,28,0,0.01
806,2024/1/1 4:40,28,4,25.68
807,2024/1/1 4:40,28,8,51.35
808,2024/1/1 4:40,28,0,0.01
809,2024/1/1 4:40,28,2.41,5.08
810,2024/1/1 4:40,28,4.82,10.15
811,2024/1/1 4:40,28,7.23,15.22
812,2024/1/1 4:40,28,9.64,20.29
813,2024/1/1 4:40,28,12.05,25.36
814,2024/1/1 4:40,28,14.45,30.44
815,2024/1/1 4:40,28,16.86,35.51
816,2024/1/1 4:40,28,19.27,40.58
817,2024/1/1 4:40,28,21.68,45.65
818,2024/1/1 4:40,28,24.09,50.72
819,2024/1/1 4:40,28,26.5,55.79
820,2024/1/1 4:40,28,27.12,56.72
821,2024/1/1 4:40,28,27.75,57.64
822,2024/1/1 4:40,28,28.38,58.57
823,2024/1/1 4:40,28,29,59.49
824,2024/1/1 4:40,28,29.62,60.41
825,2024/1/1 4:40,28,30.25,61.34
826,2024/1/1 4:40,28,30.88,62.26
827,2024/1/1 4:40,28,31.5,63.19
828,2024/1/1 4:40,28,22,55.32
829,2024/1/1 4:40,28,11,27.66
830,2024/1/1 4:40,28,5.5,13.83
831,2024/1/1 4:40,28,2.75,6.92
832,2024/1/1 4:40,28,1.38,3.46
833,2024/1/1 4:40,28,0.69,1.73
834,2024/1/1 4:40,28,0.34,0.86
835,2024/1/1 4:40,28,0.17,0.43
836,2024/1/1 4:40,28,0.09,0.22
837,2024/1/1 4:40,28,0.02,0.05
838,2024/1/1 4:40,28,0.01,0.03
839,2024/1/1 4:40,28,0,0.01
840,2024/1/1 4:40,28,2.05,3.38
841,2024/1/1 4:40,28,4.09,6.75
842,2024/1/1 4:40,28,6.14,10.11
843,2024/1/1 4:40,28,8.18,13.48
844,2024/1/1 4:40,28,10.23,16.85
845,2024/1/1 4:40,28,12.27,20.22
846,2024/1/1 4:40,28,14.32,23.59
847,2024/1/1 4:40,28,16.36,26.96
848,2024/1/1 4:40,28,18.41,30.32
849,2024/1/1 4:40,28,20.45,33.69
850,2024/1/1 4:40,28,22.5,37.06
851,2024/1/1 4:40,28,10,59.85
852,2024/1/1 4:40,28,5,29.92
853,2024/1/1 4:40,28,2.5,14.96
854,2024/1/1 4:40,28,1.25,7.48
855,2024/1/1 4:40,28,0.62,3.74
856,2024/1/1 4:40,28,0.31,1.87
857,2024/1/1 4:40,28,0.16,0.94
858,2024/1/1 4:40,28,0.08,0.47
859,2024/1/1 4:40,28,0.04,0.23
860,2024/1/1 4:40,28,0.02,0.12
861,2024/1/1 4:40,28,0.01,0.06
862,2024/1/1 4:40,28,0.02,0.06
863,2024/1/1 4:40,28,0.01,0.03
864,2024/1/1 4:40,28,7.5,40.2
865,2024/1/1 4:40,28,3.75,20.1
866,2024/1/1 4:40,28,1.88,10.05
867,2024/1/1 4:40,28,0.62,3.35
868,2024/1/1 4:40,28,0.31,1.68
869,2024/1/1 4:40,28,0.31,1.68
870,2024/1/1 4:40,28,20.67,56.65
871,2024/1/1 4:40,28,10.33,28.33
872,2024/1/1 4:40,28,5.17,14.16
873,2024/1/1 4:40,28,2.58,7.08
874,2024/1/1 4:40,28,1.29,3.54
875,2024/1/1 4:40,28,0.65,1.77
876,2024/1/1 4:40,28,0.32,0.89
877,2024/1/1 4:40,28,0.16,0.44
878,2024/1/1 4:40,28,0.08,0.22
879,2024/1/1 4:40,28,9.54,46.06
880,2024/1/1 4:40,28,28.5,79.7
881,2024/1/1 4:40,28,16,38.72
882,2024/1/1 4:40,28,8,19.36
883,2024/1/1 4:40,28,4,9.68
884,2024/1/1 4:40,28,2,4.84
885,2024/1/1 4:40,28,1,2.42
886,2024/1/1 4:40,28,8,41.41
887,2024/1/1 4:40,28,9,36.86
888,2024/1/1 4:40,28,4.5,18.43
889,2024/1/1 4:40,28,2.25,9.22
890,2024/1/1 4:40,28,1.12,4.61
891,2024/1/1 4:40,28,15.56,45.25
892,2024/1/1 4:40,28,14.5,43.74
893,2024/1/1 4:40,28,7.25,21.87
894,2024/1/1 4:40,28,3.62,10.94
895,2024/1/1 4:40,28,1.81,5.47
896,2024/1/1 4:40,28,12.41,46.23
897,2024/1/1 4:40,28,35,30.7
898,2024/1/1 4:40,28,17.5,15.35
899,2024/1/1 4:40,28,8.75,7.68
900,2024/1/1 4:40,28,39.38,46.97
901,2024/1/1 4:40,28,32.5,38.14
902,2024/1/1 4:40,28,16.25,19.07
903,2024/1/1 4:40,28,8.12,9.54
904,2024/1/1 4:40,28,30.56,34.44
905,2024/1/1 4:40,28,9.5,38.77
906,2024/1/1 4:40,28,4.75,19.39
907,2024/1/1 4:40,28,2.38,9.69
908,2024/1/1 4:40,28,1.19,4.85
909,2024/1/1 4:40,28,0.59,2.42
910,2024/1/1 4:40,28,0.3,1.21
911,2024/1/1 4:40,28,0.15,0.61
912,2024/1/1 4:40,28,18.57,41.84
913,2024/1/1 4:40,28,7.33,27.94
914,2024/1/1 4:40,28,3.67,13.97
915,2024/1/1 4:40,28,1.83,6.98
916,2024/1/1 4:40,28,0.92,3.49
917,2024/1/1 4:40,28,0.46,1.75
918,2024/1/1 4:40,28,0.23,0.87
919,2024/1/1 4:40,28,0.11,0.44
920,2024/1/1 4:40,28,7.56,41.35
921,2024/1/1 4:40,28,15.33,31.57
922,2024/1/1 4:40,28,9.83,38.98
923,2024/1/1 4:40,28,4.92,19.49
924,2024/1/1 4:40,28,7.96,33.16
925,2024/1/1 4:40,28,2.5,27.6
926,2024/1/1 4:40,28,1.25,13.8
927,2024/1/1 4:40,28,7.56,31.02
928,2024/1/1 4:40,28,34.52,
929,2024/1/1 4:40,28,0,
930,2024/1/1 4:40,28,0,
931,2024/1/1 4:40,28,0,
932,2024/1/1 4:40,28,0,
933,2024/1/1 4:40,28,0,
934,2024/1/1 4:40,28,12.5,33.16
935,2024/1/1 4:40,28,6.25,16.58
936,2024/1/1 4:40,28,3.12,8.29
937,2024/1/1 4:40,28,6.56,28.4
938,2024/1/1 4:40,28,15,39.92
939,2024/1/1 4:40,28,7.5,19.96
940,2024/1/1 4:40,28,3.75,9.98
941,2024/1/1 4:40,28,16.88,47.27
942,2024/1/1 4:40,28,14,36.66
943,2024/1/1 4:40,28,7,18.33
944,2024/1/1 4:40,28,3.5,9.16
945,2024/1/1 4:40,28,19.75,49.25
946,2024/1/1 4:40,28,14,39.73
947,2024/1/1 4:40,28,7,19.86
948,2024/1/1 4:40,28,3.5,9.93
949,2024/1/1 4:40,28,1.75,4.97
950,2024/1/1 4:40,28,0.88,2.48
951,2024/1/1 4:40,28,0.44,1.24
952,2024/1/1 4:40,28,36.72,44.2
953,2024/1/1 4:40,28,25.5,49.86
954,2024/1/1 4:40,28,12.75,24.93
955,2024/1/1 4:40,28,6.38,12.46
956,2024/1/1 4:40,28,3.19,6.23
957,2024/1/1 4:40,28,1.59,3.12
958,2024/1/1 4:40,28,0.8,1.56
959,2024/1/1 4:40,28,31.9,45.32
960,2024/1/1 4:40,28,53,37.97
961,2024/1/1 4:40,28,26.5,18.99
962,2024/1/1 4:40,28,13.25,9.49
963,2024/1/1 4:40,28,6.62,4.75
964,2024/1/1 4:40,28,3.31,2.37
965,2024/1/1 4:40,28,1.66,1.19
966,2024/1/1 4:40,28,26.83,25.47
967,2024/1/1 4:40,28,21,35.31
968,2024/1/1 4:40,28,10.5,17.66
969,2024/1/1 4:40,28,5.25,8.83
970,2024/1/1 4:40,28,2.62,4.41
971,2024/1/1 4:40,28,1.31,2.21
972,2024/1/1 4:40,28,0.66,1.1
973,2024/1/1 4:40,28,0.33,0.55
974,2024/1/1 4:40,28,36.66,36.66
975,2024/1/1 4:40,28,3.33,18.6
976,2024/1/1 4:40,28,1.67,9.3
977,2024/1/1 4:40,28,0.83,4.65
978,2024/1/1 4:40,28,0.42,2.32
979,2024/1/1 4:40,28,0.21,1.16
980,2024/1/1 4:40,28,0.1,0.58
981,2024/1/1 4:40,28,9.37,29.91
982,2024/1/1 4:40,28,4.68,14.95
983,2024/1/1 4:40,28,2.34,7.48
984,2024/1/1 4:40,28,1.17,3.74
985,2024/1/1 4:40,28,14.72,58
986,2024/1/1 4:40,28,28,36.21
987,2024/1/1 4:40,28,14,18.1
988,2024/1/1 4:40,28,7,9.05
989,2024/1/1 4:40,28,3.5,4.53
990,2024/1/1 4:40,28,49.75,38.44
991,2024/1/1 4:40,28,46.5,34.15
992,2024/1/1 4:40,28,23.25,17.08
993,2024/1/1 4:40,28,11.62,8.54
994,2024/1/1 4:40,28,5.81,4.27
995,2024/1/1 4:40,28,21.27,17.61
996,2024/1/1 4:40,28,37.33,54.9
997,2024/1/1 4:40,28,18.67,27.45
998,2024/1/1 4:40,28,9.33,13.73
999,2024/1/1 4:40,28,5.44,35.05
1000,2024/1/1 4:40,28,11,30.21
1001,2024/1/1 4:40,28,5.5,15.11
1002,2024/1/1 4:40,28,2.75,7.55
1003,2024/1/1 4:40,28,1.38,3.78
1004,2024/1/1 4:40,28,0.69,1.89
1005,2024/1/1 4:40,28,38.9,56.3
1006,2024/1/1 4:40,28,37,73.68
2,2024/1/1 4:50,29,35,68.86
3,2024/1/1 4:50,29,23,73.83
4,2024/1/1 4:50,29,30,81.6
5,2024/1/1 4:50,29,17,77.24
6,2024/1/1 4:50,29,20,92
7,2024/1/1 4:50,29,29,57.14
8,2024/1/1 4:50,29,25,72.16
9,2024/1/1 4:50,29,19,87.84
10,2024/1/1 4:50,29,18,75
11,2024/1/1 4:50,29,40,67.65
12,2024/1/1 4:50,29,88,71.99
13,2024/1/1 4:50,29,86,62.87
14,2024/1/1 4:50,29,35,66.63
15,2024/1/1 4:50,29,40,74.55
16,2024/1/1 4:50,29,47,68.45
17,2024/1/1 4:50,29,35,74.14
18,2024/1/1 4:50,29,52,68.67
19,2024/1/1 4:50,29,51,76.24
20,2024/1/1 4:50,29,46,73.47
21,2024/1/1 4:50,29,41,70.71
22,2024/1/1 4:50,29,32,79.88
23,2024/1/1 4:50,29,34,77.09
24,2024/1/1 4:50,29,68,66.82
25,2024/1/1 4:50,29,48,87.19
26,2024/1/1 4:50,29,52,86.85
27,2024/1/1 4:50,29,63,90.05
28,2024/1/1 4:50,29,51,98.98
29,2024/1/1 4:50,29,40,84.4
30,2024/1/1 4:50,29,45,76.11
31,2024/1/1 4:50,29,38.5,86.43
32,2024/1/1 4:50,29,32,96.75
33,2024/1/1 4:50,29,37,94.51
34,2024/1/1 4:50,29,26,91.77
35,2024/1/1 4:50,29,17,93.65
36,2024/1/1 4:50,29,24,104.29
37,2024/1/1 4:50,29,29,91
38,2024/1/1 4:50,29,56,54.8
39,2024/1/1 4:50,29,44.5,63.36
40,2024/1/1 4:50,29,33,71.91
41,2024/1/1 4:50,29,31,46.23
42,2024/1/1 4:50,29,42,48.78
43,2024/1/1 4:50,29,53,51.32
44,2024/1/1 4:50,29,45,60.4
45,2024/1/1 4:50,29,43,66.44
46,2024/1/1 4:50,29,35,69.74
47,2024/1/1 4:50,29,39,64.59
48,2024/1/1 4:50,29,45,73.02
49,2024/1/1 4:50,29,41,77.59
50,2024/1/1 4:50,29,84,65.89
51,2024/1/1 4:50,29,65,50.86
52,2024/1/1 4:50,29,53,77.19
53,2024/1/1 4:50,29,29,77.97
54,2024/1/1 4:50,29,58,83.12
55,2024/1/1 4:50,29,42,70.26
56,2024/1/1 4:50,29,35,85.49
57,2024/1/1 4:50,29,35,80.83
58,2024/1/1 4:50,29,48,56.38
59,2024/1/1 4:50,29,41,77.56
60,2024/1/1 4:50,29,22,69.36
61,2024/1/1 4:50,29,4,81.5
62,2024/1/1 4:50,29,3,61.33
63,2024/1/1 4:50,29,51,87.86
64,2024/1/1 4:50,29,48,99.54
65,2024/1/1 4:50,29,57,100.91
66,2024/1/1 4:50,29,47,114.23
67,2024/1/1 4:50,29,57,110.91
68,2024/1/1 4:50,29,66,99.89
69,2024/1/1 4:50,29,25,99
70,2024/1/1 4:50,29,23,92.48
71,2024/1/1 4:50,29,17,86.29
72,2024/1/1 4:50,29,24,73.12
73,2024/1/1 4:50,29,13,84.23
74,2024/1/1 4:50,29,20,91.1
75,2024/1/1 4:50,29,28,82.89
76,2024/1/1 4:50,29,20,93.15
77,2024/1/1 4:50,29,50,101.94
78,2024/1/1 4:50,29,41,87.51
79,2024/1/1 4:50,29,36,94.58
80,2024/1/1 4:50,29,38,100.55
81,2024/1/1 4:50,29,16,76.44
82,2024/1/1 4:50,29,18,73.17
83,2024/1/1 4:50,29,21,89.38
84,2024/1/1 4:50,29,21,82.48
85,2024/1/1 4:50,29,11,76.55
86,2024/1/1 4:50,29,7.5,72.65
87,2024/1/1 4:50,29,4,68.75
88,2024/1/1 4:50,29,31,84.32
89,2024/1/1 4:50,29,31,106.81
90,2024/1/1 4:50,29,48,96.32
91,2024/1/1 4:50,29,65,85.82
92,2024/1/1 4:50,29,54,99.31
93,2024/1/1 4:50,29,65,113.42
94,2024/1/1 4:50,29,64,99.23
95,2024/1/1 4:50,29,64,96.61
96,2024/1/1 4:50,29,62,85.06
97,2024/1/1 4:50,29,58,77.45
98,2024/1/1 4:50,29,86,85.45
99,2024/1/1 4:50,29,25,90.04
100,2024/1/1 4:50,29,11,69.09
101,2024/1/1 4:50,29,9,55.33
102,2024/1/1 4:50,29,22,94.14
103,2024/1/1 4:50,29,26,104.66
104,2024/1/1 4:50,29,30,115.17
105,2024/1/1 4:50,29,30,102.53
106,2024/1/1 4:50,29,70,110.94
107,2024/1/1 4:50,29,72,101.62
108,2024/1/1 4:50,29,65,108.46
109,2024/1/1 4:50,29,62,102.05
110,2024/1/1 4:50,29,66,112.02
111,2024/1/1 4:50,29,27,95.67
112,2024/1/1 4:50,29,20,121.4
113,2024/1/1 4:50,29,12,97
114,2024/1/1 4:50,29,13,104.23
115,2024/1/1 4:50,29,23,82.96
116,2024/1/1 4:50,29,19,86.53
117,2024/1/1 4:50,29,18,114.61
118,2024/1/1 4:50,29,19,88.05
119,2024/1/1 4:50,29,17,99.29
120,2024/1/1 4:50,29,20,116.4
121,2024/1/1 4:50,29,15,99.53
122,2024/1/1 4:50,29,8,88.88
123,2024/1/1 4:50,29,7,132
124,2024/1/1 4:50,29,23,81.09
125,2024/1/1 4:50,29,48,110.62
126,2024/1/1 4:50,29,30,103.57
127,2024/1/1 4:50,29,33,101.64
128,2024/1/1 4:50,29,64,122.02
129,2024/1/1 4:50,29,68,126.75
130,2024/1/1 4:50,29,71,117.42
131,2024/1/1 4:50,29,68,117.35
132,2024/1/1 4:50,29,63,111.37
133,2024/1/1 4:50,29,25,96.6
134,2024/1/1 4:50,29,39,91.28
135,2024/1/1 4:50,29,12,65.08
136,2024/1/1 4:50,29,9,96.22
137,2024/1/1 4:50,29,7,66.43
138,2024/1/1 4:50,29,12,78.42
139,2024/1/1 4:50,29,30,80.03
140,2024/1/1 4:50,29,57,87.6
141,2024/1/1 4:50,29,59,90.31
142,2024/1/1 4:50,29,43,90.07
143,2024/1/1 4:50,29,37,82.32
144,2024/1/1 4:50,29,62,79.24
145,2024/1/1 4:50,29,45,70.31
146,2024/1/1 4:50,29,40,74.3
147,2024/1/1 4:50,29,43,88.79
148,2024/1/1 4:50,29,46,85.96
149,2024/1/1 4:50,29,22,73.05
150,2024/1/1 4:50,29,17,74.82
151,2024/1/1 4:50,29,27,61.56
152,2024/1/1 4:50,29,37,74.76
153,2024/1/1 4:50,29,8,76.25
154,2024/1/1 4:50,29,8,87.5
155,2024/1/1 4:50,29,12,94
156,2024/1/1 4:50,29,21,90.71
157,2024/1/1 4:50,29,4,32.75
158,2024/1/1 4:50,29,12,54.75
159,2024/1/1 4:50,29,27,78.04
160,2024/1/1 4:50,29,28,82.39
161,2024/1/1 4:50,29,28,43.61
162,2024/1/1 4:50,29,20,84.4
163,2024/1/1 4:50,29,20,80.55
164,2024/1/1 4:50,29,38,71.47
165,2024/1/1 4:50,29,35,83.34
166,2024/1/1 4:50,29,37,76.68
167,2024/1/1 4:50,29,4,73.75
168,2024/1/1 4:50,29,48,79.5
169,2024/1/1 4:50,29,39,77.74
170,2024/1/1 4:50,29,59,90.2
171,2024/1/1 4:50,29,62,88.05
172,2024/1/1 4:50,29,45,87.09
173,2024/1/1 4:50,29,50,93.14
174,2024/1/1 4:50,29,54,87.33
175,2024/1/1 4:50,29,37,74.73
176,2024/1/1 4:50,29,10,80.9
177,2024/1/1 4:50,29,15,88.87
178,2024/1/1 4:50,29,23,84.22
179,2024/1/1 4:50,29,31,79.58
180,2024/1/1 4:50,29,19.5,67.91
181,2024/1/1 4:50,29,8,56.25
182,2024/1/1 4:50,29,49,66.02
183,2024/1/1 4:50,29,80,75.11
184,2024/1/1 4:50,29,52,60.67
185,2024/1/1 4:50,29,49,64.55
186,2024/1/1 4:50,29,46,68.42
187,2024/1/1 4:50,29,43,72.3
188,2024/1/1 4:50,29,22,74.05
189,2024/1/1 4:50,29,23,62.22
190,2024/1/1 4:50,29,42,79.05
191,2024/1/1 4:50,29,47,67.02
192,2024/1/1 4:50,29,42,77.72
193,2024/1/1 4:50,29,37,88.43
194,2024/1/1 4:50,29,33,71
195,2024/1/1 4:50,29,36,65
196,2024/1/1 4:50,29,53,87.53
197,2024/1/1 4:50,29,54,95.3
198,2024/1/1 4:50,29,66,88.36
199,2024/1/1 4:50,29,47,88.28
200,2024/1/1 4:50,29,48,86.62
201,2024/1/1 4:50,29,74,85.73
202,2024/1/1 4:50,29,87,62
203,2024/1/1 4:50,29,61,66.93
204,2024/1/1 4:50,29,33,82.55
205,2024/1/1 4:50,29,40,96.62
206,2024/1/1 4:50,29,17,88.12
207,2024/1/1 4:50,29,33,79.24
208,2024/1/1 4:50,29,32,72.38
209,2024/1/1 4:50,29,54,87.93
210,2024/1/1 4:50,29,27,86.89
211,2024/1/1 4:50,29,24,87.58
212,2024/1/1 4:50,29,36,89.22
213,2024/1/1 4:50,29,41,84.46
214,2024/1/1 4:50,29,88,83.14
215,2024/1/1 4:50,29,72,84.99
216,2024/1/1 4:50,29,77,78.7
217,2024/1/1 4:50,29,78,89.73
218,2024/1/1 4:50,29,55,91.56
219,2024/1/1 4:50,29,55,81.82
220,2024/1/1 4:50,29,53,84.55
221,2024/1/1 4:50,29,46,85.17
222,2024/1/1 4:50,29,37,80.46
223,2024/1/1 4:50,29,35,64.11
224,2024/1/1 4:50,29,36,63.5
225,2024/1/1 4:50,29,37,83.54
226,2024/1/1 4:50,29,36,62.03
227,2024/1/1 4:50,29,25,67.64
228,2024/1/1 4:50,29,26,58.92
229,2024/1/1 4:50,29,29,65.48
230,2024/1/1 4:50,29,38,72.18
231,2024/1/1 4:50,29,34,90.76
232,2024/1/1 4:50,29,48,80.1
233,2024/1/1 4:50,29,62,69.44
234,2024/1/1 4:50,29,76,58.78
235,2024/1/1 4:50,29,106,74.7
236,2024/1/1 4:50,29,45,48.27
237,2024/1/1 4:50,29,17,57.76
238,2024/1/1 4:50,29,15,56.07
239,2024/1/1 4:50,29,13.5,56.66
240,2024/1/1 4:50,29,12,57.25
241,2024/1/1 4:50,29,1,21
242,2024/1/1 4:50,29,13,78.08
243,2024/1/1 4:50,29,43,79.3
244,2024/1/1 4:50,29,47,75.91
245,2024/1/1 4:50,29,72,67.81
246,2024/1/1 4:50,29,70,63.1
247,2024/1/1 4:50,29,53,57.58
248,2024/1/1 4:50,29,36,52.06
249,2024/1/1 4:50,29,30,72.97
250,2024/1/1 4:50,29,39,78.9
251,2024/1/1 4:50,29,50,65.04
252,2024/1/1 4:50,29,49,69.96
253,2024/1/1 4:50,29,104,72.67
254,2024/1/1 4:50,29,55,68.09
255,2024/1/1 4:50,29,61,68.15
256,2024/1/1 4:50,29,67,68.21
257,2024/1/1 4:50,29,47,63.06
258,2024/1/1 4:50,29,72,76.53
259,2024/1/1 4:50,29,74,70.91
260,2024/1/1 4:50,29,69,74.22
261,2024/1/1 4:50,29,38,59.16
262,2024/1/1 4:50,29,46,78.72
263,2024/1/1 4:50,29,59,57.34
264,2024/1/1 4:50,29,42,74.48
265,2024/1/1 4:50,29,52,65.88
266,2024/1/1 4:50,29,47,80.13
267,2024/1/1 4:50,29,50,59.04
268,2024/1/1 4:50,29,65,71.95
269,2024/1/1 4:50,29,56,76.79
270,2024/1/1 4:50,29,52,83.02
271,2024/1/1 4:50,29,53,82.04
272,2024/1/1 4:50,29,54,81.07
273,2024/1/1 4:50,29,22,70.5
274,2024/1/1 4:50,29,44,74.18
275,2024/1/1 4:50,29,30,67
276,2024/1/1 4:50,29,45,71.49
277,2024/1/1 4:50,29,44.5,70.32
278,2024/1/1 4:50,29,44,69.16
279,2024/1/1 4:50,29,37.5,68.53
280,2024/1/1 4:50,29,31,67.9
281,2024/1/1 4:50,29,32,66.19
282,2024/1/1 4:50,29,47,63.6
283,2024/1/1 4:50,29,42,66.6
284,2024/1/1 4:50,29,39,68.64
285,2024/1/1 4:50,29,62,66.08
286,2024/1/1 4:50,29,64,69.56
287,2024/1/1 4:50,29,65,70.59
288,2024/1/1 4:50,29,66,71.61
289,2024/1/1 4:50,29,44,66.3
290,2024/1/1 4:50,29,49,76.45
291,2024/1/1 4:50,29,59,72.9
292,2024/1/1 4:50,29,49,69.71
293,2024/1/1 4:50,29,52,81.33
294,2024/1/1 4:50,29,38,78.66
295,2024/1/1 4:50,29,45,72.07
296,2024/1/1 4:50,29,30,63
297,2024/1/1 4:50,29,46,64.74
298,2024/1/1 4:50,29,48,52.42
299,2024/1/1 4:50,29,40,52.92
300,2024/1/1 4:50,29,32,53.41
301,2024/1/1 4:50,29,102,73.3
302,2024/1/1 4:50,29,50,80.66
303,2024/1/1 4:50,29,66,84.82
304,2024/1/1 4:50,29,43.5,65.67
305,2024/1/1 4:50,29,21,46.52
306,2024/1/1 4:50,29,48,76.79
307,2024/1/1 4:50,29,43,99.74
308,2024/1/1 4:50,29,43,88.88
309,2024/1/1 4:50,29,49,112.22
310,2024/1/1 4:50,29,46,100.52
311,2024/1/1 4:50,29,43,105.91
312,2024/1/1 4:50,29,46,116.48
313,2024/1/1 4:50,29,42,110.45
314,2024/1/1 4:50,29,39,107.56
315,2024/1/1 4:50,29,46,107.3
316,2024/1/1 4:50,29,47,102.51
317,2024/1/1 4:50,29,55,86.29
318,2024/1/1 4:50,29,42,100.19
319,2024/1/1 4:50,29,44,105.66
320,2024/1/1 4:50,29,31,103.19
321,2024/1/1 4:50,29,42,112.1
322,2024/1/1 4:50,29,58,99.12
323,2024/1/1 4:50,29,62,105.69
324,2024/1/1 4:50,29,62,104.92
325,2024/1/1 4:50,29,34,90.68
326,2024/1/1 4:50,29,27,113.48
327,2024/1/1 4:50,29,30,104.97
328,2024/1/1 4:50,29,23,102.74
329,2024/1/1 4:50,29,13.5,67.74
330,2024/1/1 4:50,29,4,32.75
331,2024/1/1 4:50,29,29,106.07
332,2024/1/1 4:50,29,49,105
333,2024/1/1 4:50,29,42,104
334,2024/1/1 4:50,29,42,111.5
335,2024/1/1 4:50,29,44,111.3
336,2024/1/1 4:50,29,23,101.48
337,2024/1/1 4:50,29,33,92.12
338,2024/1/1 4:50,29,29,102.24
339,2024/1/1 4:50,29,41,93.29
340,2024/1/1 4:50,29,36,106.17
341,2024/1/1 4:50,29,45,100.64
342,2024/1/1 4:50,29,49,106.61
343,2024/1/1 4:50,29,49,112.96
344,2024/1/1 4:50,29,55,110.93
345,2024/1/1 4:50,29,52,115.08
346,2024/1/1 4:50,29,53,115.3
347,2024/1/1 4:50,29,32,116.47
348,2024/1/1 4:50,29,46,114.46
349,2024/1/1 4:50,29,46,97.67
350,2024/1/1 4:50,29,51,98.59
351,2024/1/1 4:50,29,19,83.95
352,2024/1/1 4:50,29,18,70.72
353,2024/1/1 4:50,29,10,74.5
354,2024/1/1 4:50,29,14,68.93
355,2024/1/1 4:50,29,3,85
356,2024/1/1 4:50,29,14,69.21
357,2024/1/1 4:50,29,14,75.93
358,2024/1/1 4:50,29,13,78.08
359,2024/1/1 4:50,29,15,67
360,2024/1/1 4:50,29,17,84.47
361,2024/1/1 4:50,29,21,87.29
362,2024/1/1 4:50,29,18,100.17
363,2024/1/1 4:50,29,29.5,85.73
364,2024/1/1 4:50,29,41,71.29
365,2024/1/1 4:50,29,35.33,78.71
366,2024/1/1 4:50,29,29.67,86.12
367,2024/1/1 4:50,29,24,93.54
368,2024/1/1 4:50,29,69,91.17
369,2024/1/1 4:50,29,59.5,91.72
370,2024/1/1 4:50,29,50,92.28
371,2024/1/1 4:50,29,56,76.68
372,2024/1/1 4:50,29,46,86.39
373,2024/1/1 4:50,29,67,105.75
374,2024/1/1 4:50,29,42,109.29
375,2024/1/1 4:50,29,49,96.14
376,2024/1/1 4:50,29,39,97.36
377,2024/1/1 4:50,29,58,104.9
378,2024/1/1 4:50,29,57,98.86
379,2024/1/1 4:50,29,49,89.65
380,2024/1/1 4:50,29,29,82.62
381,2024/1/1 4:50,29,20,88.65
382,2024/1/1 4:50,29,22,83.18
383,2024/1/1 4:50,29,5,93.8
384,2024/1/1 4:50,29,13,26.77
385,2024/1/1 4:50,29,5,72.2
386,2024/1/1 4:50,29,11,73.18
387,2024/1/1 4:50,29,11,61.18
388,2024/1/1 4:50,29,46,76.17
389,2024/1/1 4:50,29,45,94.36
390,2024/1/1 4:50,29,45,103.87
391,2024/1/1 4:50,29,39,77.46
392,2024/1/1 4:50,29,38,98.89
393,2024/1/1 4:50,29,39,119.05
394,2024/1/1 4:50,29,44,102.68
395,2024/1/1 4:50,29,72,
396,2024/1/1 4:50,29,36,
397,2024/1/1 4:50,29,0,
398,2024/1/1 4:50,29,0,
399,2024/1/1 4:50,29,0,
400,2024/1/1 4:50,29,1,69
401,2024/1/1 4:50,29,3,78
402,2024/1/1 4:50,29,3,103.33
403,2024/1/1 4:50,29,3,108.33
404,2024/1/1 4:50,29,1,
405,2024/1/1 4:50,29,0,
406,2024/1/1 4:50,29,0,
407,2024/1/1 4:50,29,0,
408,2024/1/1 4:50,29,3,97.33
409,2024/1/1 4:50,29,2,79.5
410,2024/1/1 4:50,29,2,
411,2024/1/1 4:50,29,0,
412,2024/1/1 4:50,29,0,
413,2024/1/1 4:50,29,0,
414,2024/1/1 4:50,29,0,
415,2024/1/1 4:50,29,14,
416,2024/1/1 4:50,29,7,
417,2024/1/1 4:50,29,0,
418,2024/1/1 4:50,29,0,
419,2024/1/1 4:50,29,0,
420,2024/1/1 4:50,29,1,114
421,2024/1/1 4:50,29,1,108
422,2024/1/1 4:50,29,1,77
423,2024/1/1 4:50,29,2,
424,2024/1/1 4:50,29,0,
425,2024/1/1 4:50,29,0,
426,2024/1/1 4:50,29,0,
427,2024/1/1 4:50,29,0,
428,2024/1/1 4:50,29,1,103
429,2024/1/1 4:50,29,1,103
430,2024/1/1 4:50,29,1,
431,2024/1/1 4:50,29,0,
432,2024/1/1 4:50,29,0,
433,2024/1/1 4:50,29,0,
434,2024/1/1 4:50,29,24.33,
435,2024/1/1 4:50,29,48.67,
436,2024/1/1 4:50,29,73,83.89
437,2024/1/1 4:50,29,24,70.75
438,2024/1/1 4:50,29,22,84.09
439,2024/1/1 4:50,29,23.5,83.5
440,2024/1/1 4:50,29,25,82.92
441,2024/1/1 4:50,29,24,67.58
442,2024/1/1 4:50,29,42,69.93
443,2024/1/1 4:50,29,44.67,70.26
444,2024/1/1 4:50,29,47.33,70.59
445,2024/1/1 4:50,29,50,70.92
446,2024/1/1 4:50,29,56,62.96
447,2024/1/1 4:50,29,47,76.49
448,2024/1/1 4:50,29,55,80.13
449,2024/1/1 4:50,29,15,90.47
450,2024/1/1 4:50,29,17,75.06
451,2024/1/1 4:50,29,37,70.57
452,2024/1/1 4:50,29,35,85.66
453,2024/1/1 4:50,29,39,81.46
454,2024/1/1 4:50,29,52,76.08
455,2024/1/1 4:50,29,18,67.56
456,2024/1/1 4:50,29,35,74.17
457,2024/1/1 4:50,29,34,89.82
458,2024/1/1 4:50,29,27,75.56
459,2024/1/1 4:50,29,24,93.83
460,2024/1/1 4:50,29,21,92.24
461,2024/1/1 4:50,29,19,102.63
462,2024/1/1 4:50,29,18,102.46
463,2024/1/1 4:50,29,17,102.29
464,2024/1/1 4:50,29,6,88.5
465,2024/1/1 4:50,29,9,103.67
466,2024/1/1 4:50,29,40.5,93.8
467,2024/1/1 4:50,29,72,83.92
468,2024/1/1 4:50,29,70,83.2
469,2024/1/1 4:50,29,82,72.73
470,2024/1/1 4:50,29,77.5,80.26
471,2024/1/1 4:50,29,73,87.78
472,2024/1/1 4:50,29,26,82.58
473,2024/1/1 4:50,29,20,84.5
474,2024/1/1 4:50,29,21,84.05
475,2024/1/1 4:50,29,32,73.12
476,2024/1/1 4:50,29,37,80.57
477,2024/1/1 4:50,29,29,93.17
478,2024/1/1 4:50,29,42,67.62
479,2024/1/1 4:50,29,46,89.72
480,2024/1/1 4:50,29,42,78.24
481,2024/1/1 4:50,29,49,74.24
482,2024/1/1 4:50,29,37,82.65
483,2024/1/1 4:50,29,37,74.49
484,2024/1/1 4:50,29,38,67.32
485,2024/1/1 4:50,29,1067,7.3
486,2024/1/1 4:50,29,69,94.07
487,2024/1/1 4:50,29,65,80.95
488,2024/1/1 4:50,29,46,72.65
489,2024/1/1 4:50,29,48.5,80.76
490,2024/1/1 4:50,29,51,88.88
491,2024/1/1 4:50,29,65,87.23
492,2024/1/1 4:50,29,51,91.47
493,2024/1/1 4:50,29,58,81.93
494,2024/1/1 4:50,29,55,100.05
495,2024/1/1 4:50,29,56,88.38
496,2024/1/1 4:50,29,51,82.18
497,2024/1/1 4:50,29,48,96.06
498,2024/1/1 4:50,29,49,110.71
499,2024/1/1 4:50,29,47,88.17
500,2024/1/1 4:50,29,49.5,95.58
501,2024/1/1 4:50,29,52,102.98
502,2024/1/1 4:50,29,53,82.19
503,2024/1/1 4:50,29,45,85.27
504,2024/1/1 4:50,29,39,67.72
505,2024/1/1 4:50,29,46,79.63
506,2024/1/1 4:50,29,45,79.67
507,2024/1/1 4:50,29,53,75.52
508,2024/1/1 4:50,29,61,71.36
509,2024/1/1 4:50,29,69,67.2
510,2024/1/1 4:50,29,77,63.05
511,2024/1/1 4:50,29,72,74.51
512,2024/1/1 4:50,29,57,69.82
513,2024/1/1 4:50,29,75,75.85
514,2024/1/1 4:50,29,70,83.21
515,2024/1/1 4:50,29,60,76.85
516,2024/1/1 4:50,29,60,89.88
517,2024/1/1 4:50,29,70,90.39
518,2024/1/1 4:50,29,80,90.9
519,2024/1/1 4:50,29,69.5,89.55
520,2024/1/1 4:50,29,59,88.2
521,2024/1/1 4:50,29,53,98.47
522,2024/1/1 4:50,29,57,86.49
523,2024/1/1 4:50,29,59.5,90.07
524,2024/1/1 4:50,29,62,93.65
525,2024/1/1 4:50,29,52,82.6
526,2024/1/1 4:50,29,44,68
527,2024/1/1 4:50,29,22,76.86
528,2024/1/1 4:50,29,30,79.19
529,2024/1/1 4:50,29,38,81.52
530,2024/1/1 4:50,29,46,83.85
531,2024/1/1 4:50,29,48,91.73
532,2024/1/1 4:50,29,53,88.74
533,2024/1/1 4:50,29,58,85.76
534,2024/1/1 4:50,29,51,71.39
535,2024/1/1 4:50,29,37,95.62
536,2024/1/1 4:50,29,31,99.77
537,2024/1/1 4:50,29,38,87.11
538,2024/1/1 4:50,29,52,83.02
539,2024/1/1 4:50,29,56,83.14
540,2024/1/1 4:50,29,52,85.26
541,2024/1/1 4:50,29,48,87.38
542,2024/1/1 4:50,29,44,89.5
543,2024/1/1 4:50,29,40,91.62
544,2024/1/1 4:50,29,32.5,95.47
545,2024/1/1 4:50,29,25,99.32
546,2024/1/1 4:50,29,41.5,85.5
547,2024/1/1 4:50,29,58,71.67
548,2024/1/1 4:50,29,60,90.18
549,2024/1/1 4:50,29,71,89.37
550,2024/1/1 4:50,29,74,87.93
551,2024/1/1 4:50,29,83,64.46
552,2024/1/1 4:50,29,50,74.22
553,2024/1/1 4:50,29,30,75.53
554,2024/1/1 4:50,29,35,71.63
555,2024/1/1 4:50,29,38,76.76
556,2024/1/1 4:50,29,56,77.98
557,2024/1/1 4:50,29,46,75.46
558,2024/1/1 4:50,29,34,73.53
559,2024/1/1 4:50,29,29,86.93
560,2024/1/1 4:50,29,52,87.96
561,2024/1/1 4:50,29,52.5,91.45
562,2024/1/1 4:50,29,53,94.94
563,2024/1/1 4:50,29,51,86.65
564,2024/1/1 4:50,29,50.5,84.93
565,2024/1/1 4:50,29,50,83.2
566,2024/1/1 4:50,29,48,78.42
567,2024/1/1 4:50,29,46.5,80.83
568,2024/1/1 4:50,29,45,83.24
569,2024/1/1 4:50,29,52,80.04
570,2024/1/1 4:50,29,48.33,78.9
571,2024/1/1 4:50,29,44.67,77.77
572,2024/1/1 4:50,29,41,76.63
573,2024/1/1 4:50,29,44,74.3
574,2024/1/1 4:50,29,49,75.92
575,2024/1/1 4:50,29,54,77.54
576,2024/1/1 4:50,29,38,89.37
577,2024/1/1 4:50,29,52,76.33
578,2024/1/1 4:50,29,46.5,80.76
579,2024/1/1 4:50,29,41,85.2
580,2024/1/1 4:50,29,41.33,85.55
581,2024/1/1 4:50,29,41.67,85.91
582,2024/1/1 4:50,29,42,86.26
583,2024/1/1 4:50,29,57,81.48
584,2024/1/1 4:50,29,72,76.71
585,2024/1/1 4:50,29,72,60.61
586,2024/1/1 4:50,29,91,90.89
587,2024/1/1 4:50,29,70.5,86.06
588,2024/1/1 4:50,29,50,81.22
589,2024/1/1 4:50,29,51,84.57
590,2024/1/1 4:50,29,58.5,78.85
591,2024/1/1 4:50,29,66,73.14
592,2024/1/1 4:50,29,55.5,85.58
593,2024/1/1 4:50,29,45,98.02
594,2024/1/1 4:50,29,42,94.37
595,2024/1/1 4:50,29,39,90.72
596,2024/1/1 4:50,29,41,81.15
597,2024/1/1 4:50,29,38,82.58
598,2024/1/1 4:50,29,35,84
599,2024/1/1 4:50,29,24,76.58
600,2024/1/1 4:50,29,28,102.46
601,2024/1/1 4:50,29,26,88.38
602,2024/1/1 4:50,29,40,92.5
603,2024/1/1 4:50,29,41,68.59
604,2024/1/1 4:50,29,37,97.19
605,2024/1/1 4:50,29,40.5,101.26
606,2024/1/1 4:50,29,44,105.34
607,2024/1/1 4:50,29,44,93.64
608,2024/1/1 4:50,29,43,77.42
609,2024/1/1 4:50,29,39,95.36
610,2024/1/1 4:50,29,45,98.82
611,2024/1/1 4:50,29,46,83.76
612,2024/1/1 4:50,29,46.5,94.86
613,2024/1/1 4:50,29,47,105.96
614,2024/1/1 4:50,29,43,99.95
615,2024/1/1 4:50,29,41,94.93
616,2024/1/1 4:50,29,41,86.02
617,2024/1/1 4:50,29,44,85.7
618,2024/1/1 4:50,29,26,86.81
619,2024/1/1 4:50,29,43,85.12
620,2024/1/1 4:50,29,60,83.42
621,2024/1/1 4:50,29,63,81.03
622,2024/1/1 4:50,29,66,78.64
623,2024/1/1 4:50,29,71,83.95
624,2024/1/1 4:50,29,76,89.26
625,2024/1/1 4:50,29,27,47.96
626,2024/1/1 4:50,29,33,67.39
627,2024/1/1 4:50,29,22,51.28
628,2024/1/1 4:50,29,11,35.18
629,2024/1/1 4:50,29,9,60.11
630,2024/1/1 4:50,29,10,55.8
631,2024/1/1 4:50,29,29,81.97
632,2024/1/1 4:50,29,15,35.47
633,2024/1/1 4:50,29,15,36.53
634,2024/1/1 4:50,29,19,59
635,2024/1/1 4:50,29,34,60.06
636,2024/1/1 4:50,29,10,62.5
637,2024/1/1 4:50,29,14,60.78
638,2024/1/1 4:50,29,18,59.06
639,2024/1/1 4:50,29,31,55.45
640,2024/1/1 4:50,29,31,62
641,2024/1/1 4:50,29,26,75.35
642,2024/1/1 4:50,29,18,52.39
643,2024/1/1 4:50,29,18,56.5
644,2024/1/1 4:50,29,15,61.6
645,2024/1/1 4:50,29,22,65.27
646,2024/1/1 4:50,29,17,79.18
647,2024/1/1 4:50,29,13,76.37
648,2024/1/1 4:50,29,9,73.56
649,2024/1/1 4:50,29,9,84.78
650,2024/1/1 4:50,29,20,63.7
651,2024/1/1 4:50,29,15,72.07
652,2024/1/1 4:50,29,13,53.31
653,2024/1/1 4:50,29,16.5,53.3
654,2024/1/1 4:50,29,20,53.3
655,2024/1/1 4:50,29,59,41.81
656,2024/1/1 4:50,29,64.25,47.77
657,2024/1/1 4:50,29,69.5,53.72
658,2024/1/1 4:50,29,74.75,59.68
659,2024/1/1 4:50,29,80,65.64
660,2024/1/1 4:50,29,40.5,70.82
661,2024/1/1 4:50,29,1,76
662,2024/1/1 4:50,29,26,57.35
663,2024/1/1 4:50,29,10,81.1
664,2024/1/1 4:50,29,21,72.34
665,2024/1/1 4:50,29,32,63.59
666,2024/1/1 4:50,29,40.5,65.94
667,2024/1/1 4:50,29,49,68.29
668,2024/1/1 4:50,29,30,54.07
669,2024/1/1 4:50,29,31,62.94
670,2024/1/1 4:50,29,38.5,65.72
671,2024/1/1 4:50,29,46,68.5
672,2024/1/1 4:50,29,35,70.63
673,2024/1/1 4:50,29,50,81.66
674,2024/1/1 4:50,29,29,67.21
675,2024/1/1 4:50,29,46,63.91
676,2024/1/1 4:50,29,19,67.95
677,2024/1/1 4:50,29,16.33,68.09
678,2024/1/1 4:50,29,13.67,68.22
679,2024/1/1 4:50,29,11,68.36
680,2024/1/1 4:50,29,9,77
681,2024/1/1 4:50,29,8,73.12
682,2024/1/1 4:50,29,7,83.14
683,2024/1/1 4:50,29,4,89
684,2024/1/1 4:50,29,6.5,89.06
685,2024/1/1 4:50,29,9,89.11
686,2024/1/1 4:50,29,9,80.44
687,2024/1/1 4:50,29,8.5,79.1
688,2024/1/1 4:50,29,8,77.75
689,2024/1/1 4:50,29,37,79.27
690,2024/1/1 4:50,29,39,73.69
691,2024/1/1 4:50,29,33,67.3
692,2024/1/1 4:50,29,34,87.35
693,2024/1/1 4:50,29,20,72.8
694,2024/1/1 4:50,29,17,67.82
695,2024/1/1 4:50,29,11,44.45
696,2024/1/1 4:50,29,25,79.32
697,2024/1/1 4:50,29,10,73.8
698,2024/1/1 4:50,29,13,69.34
699,2024/1/1 4:50,29,16,64.88
700,2024/1/1 4:50,29,14.5,68.94
701,2024/1/1 4:50,29,13,
702,2024/1/1 4:50,29,6.5,
703,2024/1/1 4:50,29,0,
704,2024/1/1 4:50,29,3,74.33
705,2024/1/1 4:50,29,1,119
706,2024/1/1 4:50,29,27,80.78
707,2024/1/1 4:50,29,35,93.71
708,2024/1/1 4:50,29,26,91.08
709,2024/1/1 4:50,29,22,91.24
710,2024/1/1 4:50,29,18,91.41
711,2024/1/1 4:50,29,14,91.57
712,2024/1/1 4:50,29,15,50.73
713,2024/1/1 4:50,29,16,49.3
714,2024/1/1 4:50,29,17,47.88
715,2024/1/1 4:50,29,14,91.86
716,2024/1/1 4:50,29,6,58
717,2024/1/1 4:50,29,1,40
718,2024/1/1 4:50,29,4,47.25
719,2024/1/1 4:50,29,17,51.71
720,2024/1/1 4:50,29,15,49
721,2024/1/1 4:50,29,7,52.86
722,2024/1/1 4:50,29,7.33,57.99
723,2024/1/1 4:50,29,7.67,63.12
724,2024/1/1 4:50,29,8,68.25
725,2024/1/1 4:50,29,7,67.57
726,2024/1/1 4:50,29,12,94
727,2024/1/1 4:50,29,12,93
728,2024/1/1 4:50,29,9,82.67
729,2024/1/1 4:50,29,8,76.88
730,2024/1/1 4:50,29,7.5,63.22
731,2024/1/1 4:50,29,7,49.57
732,2024/1/1 4:50,29,13,93.54
733,2024/1/1 4:50,29,14,69.71
734,2024/1/1 4:50,29,20,57.05
735,2024/1/1 4:50,29,12,86.92
736,2024/1/1 4:50,29,16,90.94
737,2024/1/1 4:50,29,16,73.12
738,2024/1/1 4:50,29,17,47.24
739,2024/1/1 4:50,29,7,53.57
740,2024/1/1 4:50,29,10,72.5
741,2024/1/1 4:50,29,5.5,71.25
742,2024/1/1 4:50,29,1,70
743,2024/1/1 4:50,29,1.11,70.22
744,2024/1/1 4:50,29,1.22,70.44
745,2024/1/1 4:50,29,1.33,70.67
746,2024/1/1 4:50,29,1.44,70.89
747,2024/1/1 4:50,29,1.56,71.11
748,2024/1/1 4:50,29,1.67,71.33
749,2024/1/1 4:50,29,1.78,71.56
750,2024/1/1 4:50,29,1.89,71.78
751,2024/1/1 4:50,29,2,72
752,2024/1/1 4:50,29,2.18,71.39
753,2024/1/1 4:50,29,2.35,70.78
754,2024/1/1 4:50,29,2.53,70.16
755,2024/1/1 4:50,29,2.71,69.55
756,2024/1/1 4:50,29,2.88,68.94
757,2024/1/1 4:50,29,3.06,68.33
758,2024/1/1 4:50,29,3.24,67.72
759,2024/1/1 4:50,29,3.41,67.11
760,2024/1/1 4:50,29,3.59,66.49
761,2024/1/1 4:50,29,3.76,65.88
762,2024/1/1 4:50,29,3.94,65.27
763,2024/1/1 4:50,29,4.12,64.66
764,2024/1/1 4:50,29,4.29,64.05
765,2024/1/1 4:50,29,4.47,63.44
766,2024/1/1 4:50,29,4.65,62.82
767,2024/1/1 4:50,29,4.82,62.21
768,2024/1/1 4:50,29,5,61.6
769,2024/1/1 4:50,29,7,82
770,2024/1/1 4:50,29,39,39.08
771,2024/1/1 4:50,29,24.5,43.84
772,2024/1/1 4:50,29,10,48.6
773,2024/1/1 4:50,29,12,65.83
774,2024/1/1 4:50,29,9.5,71.2
775,2024/1/1 4:50,29,7,76.57
776,2024/1/1 4:50,29,20,64.75
777,2024/1/1 4:50,29,20,80
778,2024/1/1 4:50,29,14,69.21
779,2024/1/1 4:50,29,21,46.57
780,2024/1/1 4:50,29,5,57.4
781,2024/1/1 4:50,29,2,71
782,2024/1/1 4:50,29,3,70.33
783,2024/1/1 4:50,29,6,59.5
784,2024/1/1 4:50,29,1,82
785,2024/1/1 4:50,29,4,61
786,2024/1/1 4:50,29,14,71.14
787,2024/1/1 4:50,29,14,97.86
788,2024/1/1 4:50,29,12,92.25
789,2024/1/1 4:50,29,15,57.73
790,2024/1/1 4:50,29,16,90
791,2024/1/1 4:50,29,14,56
792,2024/1/1 4:50,29,25.5,49.3
793,2024/1/1 4:50,29,12.75,24.65
794,2024/1/1 4:50,29,5.25,32.99
795,2024/1/1 4:50,29,2.62,16.5
796,2024/1/1 4:50,29,1.31,8.25
797,2024/1/1 4:50,29,0.66,4.12
798,2024/1/1 4:50,29,0.33,2.06
799,2024/1/1 4:50,29,0.16,1.03
800,2024/1/1 4:50,29,0.08,0.52
801,2024/1/1 4:50,29,0.04,0.26
802,2024/1/1 4:50,29,0.02,0.13
803,2024/1/1 4:50,29,0.01,0.06
804,2024/1/1 4:50,29,0,0.02
805,2024/1/1 4:50,29,0,0.01
806,2024/1/1 4:50,29,3,24.25
807,2024/1/1 4:50,29,6,48.5
808,2024/1/1 4:50,29,0,0.01
809,2024/1/1 4:50,29,2.18,5.04
810,2024/1/1 4:50,29,4.36,10.06
811,2024/1/1 4:50,29,6.55,15.09
812,2024/1/1 4:50,29,8.73,20.12
813,2024/1/1 4:50,29,10.91,25.15
814,2024/1/1 4:50,29,13.09,30.17
815,2024/1/1 4:50,29,15.27,35.2
816,2024/1/1 4:50,29,17.45,40.23
817,2024/1/1 4:50,29,19.64,45.26
818,2024/1/1 4:50,29,21.82,50.28
819,2024/1/1 4:50,29,24,55.31
820,2024/1/1 4:50,29,25,56.02
821,2024/1/1 4:50,29,26,56.74
822,2024/1/1 4:50,29,27,57.45
823,2024/1/1 4:50,29,28,58.16
824,2024/1/1 4:50,29,29,58.87
825,2024/1/1 4:50,29,30,59.58
826,2024/1/1 4:50,29,31,60.3
827,2024/1/1 4:50,29,32,61.01
828,2024/1/1 4:50,29,33,56.01
829,2024/1/1 4:50,29,16.5,28
830,2024/1/1 4:50,29,8.25,14
831,2024/1/1 4:50,29,4.12,7
832,2024/1/1 4:50,29,2.06,3.5
833,2024/1/1 4:50,29,1.03,1.75
834,2024/1/1 4:50,29,0.52,0.88
835,2024/1/1 4:50,29,0.26,0.44
836,2024/1/1 4:50,29,0.13,0.22
837,2024/1/1 4:50,29,0.03,0.05
838,2024/1/1 4:50,29,0.02,0.03
839,2024/1/1 4:50,29,0.01,0.01
840,2024/1/1 4:50,29,2.19,3.5
841,2024/1/1 4:50,29,4.37,6.99
842,2024/1/1 4:50,29,6.55,10.48
843,2024/1/1 4:50,29,8.73,13.97
844,2024/1/1 4:50,29,10.91,17.46
845,2024/1/1 4:50,29,13.1,20.95
846,2024/1/1 4:50,29,15.28,24.44
847,2024/1/1 4:50,29,17.46,27.93
848,2024/1/1 4:50,29,19.64,31.42
849,2024/1/1 4:50,29,21.82,34.91
850,2024/1/1 4:50,29,24,38.4
851,2024/1/1 4:50,29,10,60.7
852,2024/1/1 4:50,29,5,30.35
853,2024/1/1 4:50,29,2.5,15.18
854,2024/1/1 4:50,29,1.25,7.59
855,2024/1/1 4:50,29,0.62,3.79
856,2024/1/1 4:50,29,0.31,1.9
857,2024/1/1 4:50,29,0.16,0.95
858,2024/1/1 4:50,29,0.08,0.47
859,2024/1/1 4:50,29,0.04,0.24
860,2024/1/1 4:50,29,0.02,0.12
861,2024/1/1 4:50,29,0.01,0.06
862,2024/1/1 4:50,29,0.02,0.06
863,2024/1/1 4:50,29,0.02,0.03
864,2024/1/1 4:50,29,11.5,40.54
865,2024/1/1 4:50,29,5.75,20.27
866,2024/1/1 4:50,29,2.88,10.14
867,2024/1/1 4:50,29,0.96,3.38
868,2024/1/1 4:50,29,0.48,1.69
869,2024/1/1 4:50,29,0.48,1.69
870,2024/1/1 4:50,29,16.67,59.57
871,2024/1/1 4:50,29,8.33,29.79
872,2024/1/1 4:50,29,4.17,14.89
873,2024/1/1 4:50,29,2.08,7.45
874,2024/1/1 4:50,29,1.04,3.72
875,2024/1/1 4:50,29,0.52,1.86
876,2024/1/1 4:50,29,0.26,0.93
877,2024/1/1 4:50,29,0.13,0.47
878,2024/1/1 4:50,29,0.07,0.23
879,2024/1/1 4:50,29,11.53,41.6
880,2024/1/1 4:50,29,25.5,84.7
881,2024/1/1 4:50,29,13.5,37.78
882,2024/1/1 4:50,29,6.75,18.89
883,2024/1/1 4:50,29,3.38,9.44
884,2024/1/1 4:50,29,1.69,4.72
885,2024/1/1 4:50,29,0.84,2.36
886,2024/1/1 4:50,29,11.92,41.73
887,2024/1/1 4:50,29,7.5,33.5
888,2024/1/1 4:50,29,3.75,16.75
889,2024/1/1 4:50,29,1.88,8.38
890,2024/1/1 4:50,29,0.94,4.19
891,2024/1/1 4:50,29,8.97,44.33
892,2024/1/1 4:50,29,14.5,46.58
893,2024/1/1 4:50,29,7.25,23.29
894,2024/1/1 4:50,29,3.62,11.65
895,2024/1/1 4:50,29,1.81,5.82
896,2024/1/1 4:50,29,15.41,44.22
897,2024/1/1 4:50,29,34,33.41
898,2024/1/1 4:50,29,17,16.7
899,2024/1/1 4:50,29,8.5,8.35
900,2024/1/1 4:50,29,28.25,47.77
901,2024/1/1 4:50,29,27.5,40.06
902,2024/1/1 4:50,29,13.75,20.03
903,2024/1/1 4:50,29,6.88,10.02
904,2024/1/1 4:50,29,31.44,32.41
905,2024/1/1 4:50,29,16,39.35
906,2024/1/1 4:50,29,8,19.67
907,2024/1/1 4:50,29,4,9.84
908,2024/1/1 4:50,29,2,4.92
909,2024/1/1 4:50,29,1,2.46
910,2024/1/1 4:50,29,0.5,1.23
911,2024/1/1 4:50,29,0.25,0.61
912,2024/1/1 4:50,29,14.12,41.75
913,2024/1/1 4:50,29,5,30.16
914,2024/1/1 4:50,29,2.5,15.08
915,2024/1/1 4:50,29,1.25,7.54
916,2024/1/1 4:50,29,0.62,3.77
917,2024/1/1 4:50,29,0.31,1.88
918,2024/1/1 4:50,29,0.16,0.94
919,2024/1/1 4:50,29,0.08,0.47
920,2024/1/1 4:50,29,5.54,38.51
921,2024/1/1 4:50,29,15,32.67
922,2024/1/1 4:50,29,10,40.14
923,2024/1/1 4:50,29,5,20.07
924,2024/1/1 4:50,29,5,38.73
925,2024/1/1 4:50,29,3,29.75
926,2024/1/1 4:50,29,1.5,14.88
927,2024/1/1 4:50,29,6.38,31.24
928,2024/1/1 4:50,29,43.79,64.19
929,2024/1/1 4:50,29,1.5,35.16
930,2024/1/1 4:50,29,0.75,17.58
931,2024/1/1 4:50,29,0.38,8.79
932,2024/1/1 4:50,29,0.19,4.4
933,2024/1/1 4:50,29,0.09,2.2
934,2024/1/1 4:50,29,14.5,33.6
935,2024/1/1 4:50,29,7.25,16.8
936,2024/1/1 4:50,29,3.62,8.4
937,2024/1/1 4:50,29,3.81,34.7
938,2024/1/1 4:50,29,12.5,36.08
939,2024/1/1 4:50,29,6.25,18.04
940,2024/1/1 4:50,29,3.12,9.02
941,2024/1/1 4:50,29,11.06,48.43
942,2024/1/1 4:50,29,14.5,38.98
943,2024/1/1 4:50,29,7.25,19.49
944,2024/1/1 4:50,29,3.62,9.75
945,2024/1/1 4:50,29,30.81,46.43
946,2024/1/1 4:50,29,15,40.02
947,2024/1/1 4:50,29,7.5,20.01
948,2024/1/1 4:50,29,3.75,10
949,2024/1/1 4:50,29,1.88,5
950,2024/1/1 4:50,29,0.94,2.5
951,2024/1/1 4:50,29,0.47,1.25
952,2024/1/1 4:50,29,28.73,44.43
953,2024/1/1 4:50,29,25,46.57
954,2024/1/1 4:50,29,12.5,23.28
955,2024/1/1 4:50,29,6.25,11.64
956,2024/1/1 4:50,29,3.12,5.82
957,2024/1/1 4:50,29,1.56,2.91
958,2024/1/1 4:50,29,0.78,1.46
959,2024/1/1 4:50,29,27.39,44.39
960,2024/1/1 4:50,29,53,37.35
961,2024/1/1 4:50,29,26.5,18.67
962,2024/1/1 4:50,29,13.25,9.34
963,2024/1/1 4:50,29,6.62,4.67
964,2024/1/1 4:50,29,3.31,2.33
965,2024/1/1 4:50,29,1.66,1.17
966,2024/1/1 4:50,29,23.33,24.72
967,2024/1/1 4:50,29,24.5,33.01
968,2024/1/1 4:50,29,12.25,16.5
969,2024/1/1 4:50,29,6.12,8.25
970,2024/1/1 4:50,29,3.06,4.13
971,2024/1/1 4:50,29,1.53,2.06
972,2024/1/1 4:50,29,0.77,1.03
973,2024/1/1 4:50,29,0.38,0.52
974,2024/1/1 4:50,29,40.19,37.81
975,2024/1/1 4:50,29,3,18.44
976,2024/1/1 4:50,29,1.5,9.22
977,2024/1/1 4:50,29,0.75,4.61
978,2024/1/1 4:50,29,0.38,2.31
979,2024/1/1 4:50,29,0.19,1.15
980,2024/1/1 4:50,29,0.09,0.58
981,2024/1/1 4:50,29,13.03,30.62
982,2024/1/1 4:50,29,6.52,15.31
983,2024/1/1 4:50,29,3.26,7.65
984,2024/1/1 4:50,29,1.63,3.83
985,2024/1/1 4:50,29,15.54,57.58
986,2024/1/1 4:50,29,20,33.82
987,2024/1/1 4:50,29,10,16.91
988,2024/1/1 4:50,29,5,8.46
989,2024/1/1 4:50,29,2.5,4.23
990,2024/1/1 4:50,29,45.25,38.11
991,2024/1/1 4:50,29,42,32.94
992,2024/1/1 4:50,29,21,16.47
993,2024/1/1 4:50,29,10.5,8.24
994,2024/1/1 4:50,29,5.25,4.12
995,2024/1/1 4:50,29,23.42,18.33
996,2024/1/1 4:50,29,36.67,52.91
997,2024/1/1 4:50,29,18.33,26.46
998,2024/1/1 4:50,29,9.17,13.23
999,2024/1/1 4:50,29,4.39,31.58
1000,2024/1/1 4:50,29,8.33,30.01
1001,2024/1/1 4:50,29,4.17,15.01
1002,2024/1/1 4:50,29,2.08,7.5
1003,2024/1/1 4:50,29,1.04,3.75
1004,2024/1/1 4:50,29,0.52,1.88
1005,2024/1/1 4:50,29,33.17,55.46
1006,2024/1/1 4:50,29,47,75.91
